2026-09-03T19:57:33.212+0700 [DEBUG] [org.gradle.launcher.daemon.bootstrap.DaemonMain] Assuming the daemon was started with following jvm opts: [--add-opens=java.base/java.util=ALL-UNNAMED, --add-opens=java.base/java.lang=ALL-UNNAMED, --add-opens=java.base/java.lang.invoke=ALL-UNNAMED, --add-opens=java.prefs/java.util.prefs=ALL-UNNAMED, --add-exports=jdk.compiler/com.sun.tools.javac.api=ALL-UNNAMED, --add-exports=jdk.compiler/com.sun.tools.javac.util=ALL-UNNAMED, --add-opens=java.base/java.nio.charset=ALL-UNNAMED, --add-opens=java.base/java.net=ALL-UNNAMED, --add-opens=java.base/java.util.concurrent.atomic=ALL-UNNAMED, -Xmx2048m, -Dfile.encoding=UTF-8, -Duser.country=ID, -Duser.language=en, -Duser.variant]
2026-09-03T19:57:33.679+0700 [DEBUG] [org.gradle.internal.nativeintegration.services.NativeServices] Native-platform posix files integration is not available. Continuing with fallback.
2026-09-03T19:57:33.751+0700 [INFO] [org.gradle.launcher.daemon.server.Daemon] start() called on daemon - DefaultDaemonContext[uid=3ef6a606-8328-4109-a205-d5ba9010b1f9,javaHome=C:\Users\AsusA416jp\.jdks\jbr-21.0.11,javaVersion=21,daemonRegistryDir=D:\AbsensiSeleksi\daemon,pid=9240,idleTimeout=10800000,priority=NORMAL,applyInstrumentationAgent=true,nativeServicesMode=ENABLED,daemonOpts=--add-opens=java.base/java.util=ALL-UNNAMED,--add-opens=java.base/java.lang=ALL-UNNAMED,--add-opens=java.base/java.lang.invoke=ALL-UNNAMED,--add-opens=java.prefs/java.util.prefs=ALL-UNNAMED,--add-exports=jdk.compiler/com.sun.tools.javac.api=ALL-UNNAMED,--add-exports=jdk.compiler/com.sun.tools.javac.util=ALL-UNNAMED,--add-opens=java.base/java.nio.charset=ALL-UNNAMED,--add-opens=java.base/java.net=ALL-UNNAMED,--add-opens=java.base/java.util.concurrent.atomic=ALL-UNNAMED,-Xmx2048m,-Dfile.encoding=UTF-8,-Duser.country=ID,-Duser.language=en,-Duser.variant]
2026-09-03T19:57:33.885+0700 [DEBUG] [org.gradle.internal.remote.internal.inet.InetAddresses] Adding IP addresses for network interface WAN Miniport (IP)-WFP Native MAC Layer LightWeight Filter-0000
2026-09-03T19:57:33.886+0700 [DEBUG] [org.gradle.internal.remote.internal.inet.InetAddresses] Is this a loopback interface? false
2026-09-03T19:57:33.887+0700 [DEBUG] [org.gradle.internal.remote.internal.inet.InetAddresses] Adding IP addresses for network interface WAN Miniport (IP)-QoS Packet Scheduler-0000
2026-09-03T19:57:33.888+0700 [DEBUG] [org.gradle.internal.remote.internal.inet.InetAddresses] Is this a loopback interface? false
2026-09-03T19:57:33.889+0700 [DEBUG] [org.gradle.internal.remote.internal.inet.InetAddresses] Adding IP addresses for network interface WAN Miniport (IPv6)-WFP Native MAC Layer LightWeight Filter-0000
2026-09-03T19:57:33.890+0700 [DEBUG] [org.gradle.internal.remote.internal.inet.InetAddresses] Is this a loopback interface? false
2026-09-03T19:57:33.891+0700 [DEBUG] [org.gradle.internal.remote.internal.inet.InetAddresses] Adding IP addresses for network interface WAN Miniport (IPv6)-QoS Packet Scheduler-0000
2026-09-03T19:57:33.892+0700 [DEBUG] [org.gradle.internal.remote.internal.inet.InetAddresses] Is this a loopback interface? false
2026-09-03T19:57:33.893+0700 [DEBUG] [org.gradle.internal.remote.internal.inet.InetAddresses] Adding IP addresses for network interface WAN Miniport (Network Monitor)-WFP Native MAC Layer LightWeight Filter-0000
2026-09-03T19:57:33.894+0700 [DEBUG] [org.gradle.internal.remote.internal.inet.InetAddresses] Is this a loopback interface? false
2026-09-03T19:57:33.895+0700 [DEBUG] [org.gradle.internal.remote.internal.inet.InetAddresses] Adding IP addresses for network interface WAN Miniport (Network Monitor)-QoS Packet Scheduler-0000
2026-09-03T19:57:33.896+0700 [DEBUG] [org.gradle.internal.remote.internal.inet.InetAddresses] Is this a loopback interface? false
2026-09-03T19:57:33.896+0700 [DEBUG] [org.gradle.internal.remote.internal.inet.InetAddresses] Adding IP addresses for network interface Microsoft Kernel Debug Network Adapter
2026-09-03T19:57:33.898+0700 [DEBUG] [org.gradle.internal.remote.internal.inet.InetAddresses] Is this a loopback interface? false
2026-09-03T19:57:33.914+0700 [DEBUG] [org.gradle.internal.remote.internal.inet.InetAddresses] Adding IP addresses for network interface WAN Miniport (Network Monitor)
2026-09-03T19:57:33.916+0700 [DEBUG] [org.gradle.internal.remote.internal.inet.InetAddresses] Is this a loopback interface? false
2026-09-03T19:57:33.917+0700 [DEBUG] [org.gradle.internal.remote.internal.inet.InetAddresses] Adding IP addresses for network interface WAN Miniport (IP)
2026-09-03T19:57:33.918+0700 [DEBUG] [org.gradle.internal.remote.internal.inet.InetAddresses] Is this a loopback interface? false
2026-09-03T19:57:33.918+0700 [DEBUG] [org.gradle.internal.remote.internal.inet.InetAddresses] Adding IP addresses for network interface WAN Miniport (IPv6)
2026-09-03T19:57:33.919+0700 [DEBUG] [org.gradle.internal.remote.internal.inet.InetAddresses] Is this a loopback interface? false
2026-09-03T19:57:33.920+0700 [DEBUG] [org.gradle.internal.remote.internal.inet.InetAddresses] Adding IP addresses for network interface WAN Miniport (PPPOE)
2026-09-03T19:57:33.921+0700 [DEBUG] [org.gradle.internal.remote.internal.inet.InetAddresses] Is this a loopback interface? false
2026-09-03T19:57:33.922+0700 [DEBUG] [org.gradle.internal.remote.internal.inet.InetAddresses] Adding IP addresses for network interface RAS Async Adapter
2026-09-03T19:57:33.923+0700 [DEBUG] [org.gradle.internal.remote.internal.inet.InetAddresses] Is this a loopback interface? false
2026-09-03T19:57:33.924+0700 [DEBUG] [org.gradle.internal.remote.internal.inet.InetAddresses] Adding IP addresses for network interface Software Loopback Interface 1
2026-09-03T19:57:33.925+0700 [DEBUG] [org.gradle.internal.remote.internal.inet.InetAddresses] Is this a loopback interface? true
2026-09-03T19:57:33.926+0700 [DEBUG] [org.gradle.internal.remote.internal.inet.InetAddresses] Adding loopback address /0:0:0:0:0:0:0:1
2026-09-03T19:57:33.927+0700 [DEBUG] [org.gradle.internal.remote.internal.inet.InetAddresses] Adding loopback address /127.0.0.1
2026-09-03T19:57:33.928+0700 [DEBUG] [org.gradle.internal.remote.internal.inet.InetAddresses] Adding IP addresses for network interface Tenda Wireless USB Adapter-WFP Native MAC Layer LightWeight Filter-0000
2026-09-03T19:57:33.929+0700 [DEBUG] [org.gradle.internal.remote.internal.inet.InetAddresses] Is this a loopback interface? false
2026-09-03T19:57:33.930+0700 [DEBUG] [org.gradle.internal.remote.internal.inet.InetAddresses] Adding IP addresses for network interface Tenda Wireless USB Adapter-Virtual WiFi Filter Driver-0000
2026-09-03T19:57:33.931+0700 [DEBUG] [org.gradle.internal.remote.internal.inet.InetAddresses] Is this a loopback interface? false
2026-09-03T19:57:33.932+0700 [DEBUG] [org.gradle.internal.remote.internal.inet.InetAddresses] Adding IP addresses for network interface Tenda Wireless USB Adapter-Native WiFi Filter Driver-0000
2026-09-03T19:57:33.933+0700 [DEBUG] [org.gradle.internal.remote.internal.inet.InetAddresses] Is this a loopback interface? false
2026-09-03T19:57:33.933+0700 [DEBUG] [org.gradle.internal.remote.internal.inet.InetAddresses] Adding IP addresses for network interface Tenda Wireless USB Adapter-QoS Packet Scheduler-0000
2026-09-03T19:57:33.934+0700 [DEBUG] [org.gradle.internal.remote.internal.inet.InetAddresses] Is this a loopback interface? false
2026-09-03T19:57:33.935+0700 [DEBUG] [org.gradle.internal.remote.internal.inet.InetAddresses] Adding IP addresses for network interface Tenda Wireless USB Adapter-WFP 802.3 MAC Layer LightWeight Filter-0000
2026-09-03T19:57:33.936+0700 [DEBUG] [org.gradle.internal.remote.internal.inet.InetAddresses] Is this a loopback interface? false
2026-09-03T19:57:33.937+0700 [DEBUG] [org.gradle.internal.remote.internal.inet.InetAddresses] Adding IP addresses for network interface Microsoft Hosted Network Virtual Adapter-WFP Native MAC Layer LightWeight Filter-0000
2026-09-03T19:57:33.938+0700 [DEBUG] [org.gradle.internal.remote.internal.inet.InetAddresses] Is this a loopback interface? false
2026-09-03T19:57:33.940+0700 [DEBUG] [org.gradle.internal.remote.internal.inet.InetAddresses] Adding IP addresses for network interface Microsoft Hosted Network Virtual Adapter-Native WiFi Filter Driver-0000
2026-09-03T19:57:33.941+0700 [DEBUG] [org.gradle.internal.remote.internal.inet.InetAddresses] Is this a loopback interface? false
2026-09-03T19:57:33.942+0700 [DEBUG] [org.gradle.internal.remote.internal.inet.InetAddresses] Adding IP addresses for network interface Microsoft Hosted Network Virtual Adapter-QoS Packet Scheduler-0000
2026-09-03T19:57:33.943+0700 [DEBUG] [org.gradle.internal.remote.internal.inet.InetAddresses] Is this a loopback interface? false
2026-09-03T19:57:33.943+0700 [DEBUG] [org.gradle.internal.remote.internal.inet.InetAddresses] Adding IP addresses for network interface Microsoft Hosted Network Virtual Adapter-WFP 802.3 MAC Layer LightWeight Filter-0000
2026-09-03T19:57:33.944+0700 [DEBUG] [org.gradle.internal.remote.internal.inet.InetAddresses] Is this a loopback interface? false
2026-09-03T19:57:33.945+0700 [DEBUG] [org.gradle.internal.remote.internal.inet.InetAddresses] Adding IP addresses for network interface Microsoft Wi-Fi Direct Virtual Adapter #2-WFP Native MAC Layer LightWeight Filter-0000
2026-09-03T19:57:33.947+0700 [DEBUG] [org.gradle.internal.remote.internal.inet.InetAddresses] Is this a loopback interface? false
2026-09-03T19:57:33.947+0700 [DEBUG] [org.gradle.internal.remote.internal.inet.InetAddresses] Adding IP addresses for network interface Microsoft Wi-Fi Direct Virtual Adapter #2-Native WiFi Filter Driver-0000
2026-09-03T19:57:33.948+0700 [DEBUG] [org.gradle.internal.remote.internal.inet.InetAddresses] Is this a loopback interface? false
2026-09-03T19:57:33.949+0700 [DEBUG] [org.gradle.internal.remote.internal.inet.InetAddresses] Adding IP addresses for network interface Microsoft Wi-Fi Direct Virtual Adapter #2-QoS Packet Scheduler-0000
2026-09-03T19:57:33.950+0700 [DEBUG] [org.gradle.internal.remote.internal.inet.InetAddresses] Is this a loopback interface? false
2026-09-03T19:57:33.951+0700 [DEBUG] [org.gradle.internal.remote.internal.inet.InetAddresses] Adding IP addresses for network interface Microsoft Wi-Fi Direct Virtual Adapter #2-WFP 802.3 MAC Layer LightWeight Filter-0000
2026-09-03T19:57:33.952+0700 [DEBUG] [org.gradle.internal.remote.internal.inet.InetAddresses] Is this a loopback interface? false
2026-09-03T19:57:33.953+0700 [DEBUG] [org.gradle.internal.remote.internal.inet.InetAddresses] Adding IP addresses for network interface Microsoft Wi-Fi Direct Virtual Adapter #3-WFP Native MAC Layer LightWeight Filter-0000
2026-09-03T19:57:33.954+0700 [DEBUG] [org.gradle.internal.remote.internal.inet.InetAddresses] Is this a loopback interface? false
2026-09-03T19:57:33.954+0700 [DEBUG] [org.gradle.internal.remote.internal.inet.InetAddresses] Adding IP addresses for network interface Microsoft Wi-Fi Direct Virtual Adapter #3-Native WiFi Filter Driver-0000
2026-09-03T19:57:33.955+0700 [DEBUG] [org.gradle.internal.remote.internal.inet.InetAddresses] Is this a loopback interface? false
2026-09-03T19:57:33.956+0700 [DEBUG] [org.gradle.internal.remote.internal.inet.InetAddresses] Adding IP addresses for network interface Microsoft Wi-Fi Direct Virtual Adapter #3-QoS Packet Scheduler-0000
2026-09-03T19:57:33.957+0700 [DEBUG] [org.gradle.internal.remote.internal.inet.InetAddresses] Is this a loopback interface? false
2026-09-03T19:57:33.959+0700 [DEBUG] [org.gradle.internal.remote.internal.inet.InetAddresses] Adding IP addresses for network interface Microsoft Wi-Fi Direct Virtual Adapter #3-WFP 802.3 MAC Layer LightWeight Filter-0000
2026-09-03T19:57:33.960+0700 [DEBUG] [org.gradle.internal.remote.internal.inet.InetAddresses] Is this a loopback interface? false
2026-09-03T19:57:33.961+0700 [DEBUG] [org.gradle.internal.remote.internal.inet.InetAddresses] Adding IP addresses for network interface Microsoft Wi-Fi Direct Virtual Adapter #2
2026-09-03T19:57:33.962+0700 [DEBUG] [org.gradle.internal.remote.internal.inet.InetAddresses] Is this a loopback interface? false
2026-09-03T19:57:33.963+0700 [DEBUG] [org.gradle.internal.remote.internal.inet.InetAddresses] Adding remote address /fe80:0:0:0:d7d0:aa2b:9033:d504%wireless_32770
2026-09-03T19:57:33.964+0700 [DEBUG] [org.gradle.internal.remote.internal.inet.InetAddresses] Adding IP addresses for network interface Microsoft Wi-Fi Direct Virtual Adapter #3
2026-09-03T19:57:33.965+0700 [DEBUG] [org.gradle.internal.remote.internal.inet.InetAddresses] Is this a loopback interface? false
2026-09-03T19:57:33.966+0700 [DEBUG] [org.gradle.internal.remote.internal.inet.InetAddresses] Adding remote address /fe80:0:0:0:e236:a51a:c2de:5183%wireless_32771
2026-09-03T19:57:33.967+0700 [DEBUG] [org.gradle.internal.remote.internal.inet.InetAddresses] Adding IP addresses for network interface Microsoft Hosted Network Virtual Adapter
2026-09-03T19:57:33.968+0700 [DEBUG] [org.gradle.internal.remote.internal.inet.InetAddresses] Is this a loopback interface? false
2026-09-03T19:57:33.969+0700 [DEBUG] [org.gradle.internal.remote.internal.inet.InetAddresses] Adding remote address /fe80:0:0:0:aa9f:dc74:d8ff:f42%wireless_32772
2026-09-03T19:57:33.970+0700 [DEBUG] [org.gradle.internal.remote.internal.inet.InetAddresses] Adding IP addresses for network interface Tenda Wireless USB Adapter
2026-09-03T19:57:33.971+0700 [DEBUG] [org.gradle.internal.remote.internal.inet.InetAddresses] Is this a loopback interface? false
2026-09-03T19:57:33.971+0700 [DEBUG] [org.gradle.internal.remote.internal.inet.InetAddresses] Adding remote address /fe80:0:0:0:d13f:5c7f:d9cc:332f%wireless_32774
2026-09-03T19:57:33.972+0700 [DEBUG] [org.gradle.internal.remote.internal.inet.InetAddresses] Adding remote address /192.168.1.19
2026-09-03T19:57:33.972+0700 [DEBUG] [org.gradle.internal.remote.internal.inet.InetAddresses] Adding IP addresses for network interface Microsoft Teredo Tunneling Adapter
2026-09-03T19:57:33.973+0700 [DEBUG] [org.gradle.internal.remote.internal.inet.InetAddresses] Is this a loopback interface? false
2026-09-03T19:57:33.974+0700 [DEBUG] [org.gradle.internal.remote.internal.inet.InetAddresses] Adding IP addresses for network interface Microsoft IP-HTTPS Platform Adapter
2026-09-03T19:57:33.974+0700 [DEBUG] [org.gradle.internal.remote.internal.inet.InetAddresses] Is this a loopback interface? false
2026-09-03T19:57:33.975+0700 [DEBUG] [org.gradle.internal.remote.internal.inet.InetAddresses] Adding IP addresses for network interface Microsoft 6to4 Adapter
2026-09-03T19:57:33.976+0700 [DEBUG] [org.gradle.internal.remote.internal.inet.InetAddresses] Is this a loopback interface? false
2026-09-03T19:57:33.976+0700 [DEBUG] [org.gradle.internal.remote.internal.inet.InetAddresses] Adding IP addresses for network interface WAN Miniport (IKEv2)
2026-09-03T19:57:33.977+0700 [DEBUG] [org.gradle.internal.remote.internal.inet.InetAddresses] Is this a loopback interface? false
2026-09-03T19:57:33.977+0700 [DEBUG] [org.gradle.internal.remote.internal.inet.InetAddresses] Adding IP addresses for network interface WAN Miniport (L2TP)
2026-09-03T19:57:33.978+0700 [DEBUG] [org.gradle.internal.remote.internal.inet.InetAddresses] Is this a loopback interface? false
2026-09-03T19:57:33.979+0700 [DEBUG] [org.gradle.internal.remote.internal.inet.InetAddresses] Adding IP addresses for network interface WAN Miniport (PPTP)
2026-09-03T19:57:33.980+0700 [DEBUG] [org.gradle.internal.remote.internal.inet.InetAddresses] Is this a loopback interface? false
2026-09-03T19:57:33.981+0700 [DEBUG] [org.gradle.internal.remote.internal.inet.InetAddresses] Adding IP addresses for network interface WAN Miniport (SSTP)
2026-09-03T19:57:33.981+0700 [DEBUG] [org.gradle.internal.remote.internal.inet.InetAddresses] Is this a loopback interface? false
2026-09-03T19:57:33.989+0700 [DEBUG] [org.gradle.internal.remote.internal.inet.TcpIncomingConnector] Listening on [5fe4e37b-42a4-41ce-bdfd-25c530d6108e port:51110, addresses:[localhost/127.0.0.1]].
2026-09-03T19:57:34.034+0700 [DEBUG] [org.gradle.launcher.daemon.server.Daemon] Daemon starting at: Thu Sep 03 19:57:33 WIB 2026, with address: [5fe4e37b-42a4-41ce-bdfd-25c530d6108e port:51110, addresses:[localhost/127.0.0.1]]
2026-09-03T19:57:34.036+0700 [INFO] [org.gradle.launcher.daemon.server.DaemonRegistryUpdater] Advertising the daemon address to the clients: [5fe4e37b-42a4-41ce-bdfd-25c530d6108e port:51110, addresses:[localhost/127.0.0.1]]
2026-09-03T19:57:34.036+0700 [DEBUG] [org.gradle.launcher.daemon.server.DaemonRegistryUpdater] Advertised daemon context: DefaultDaemonContext[uid=3ef6a606-8328-4109-a205-d5ba9010b1f9,javaHome=C:\Users\AsusA416jp\.jdks\jbr-21.0.11,javaVersion=21,daemonRegistryDir=D:\AbsensiSeleksi\daemon,pid=9240,idleTimeout=10800000,priority=NORMAL,applyInstrumentationAgent=true,nativeServicesMode=ENABLED,daemonOpts=--add-opens=java.base/java.util=ALL-UNNAMED,--add-opens=java.base/java.lang=ALL-UNNAMED,--add-opens=java.base/java.lang.invoke=ALL-UNNAMED,--add-opens=java.prefs/java.util.prefs=ALL-UNNAMED,--add-exports=jdk.compiler/com.sun.tools.javac.api=ALL-UNNAMED,--add-exports=jdk.compiler/com.sun.tools.javac.util=ALL-UNNAMED,--add-opens=java.base/java.nio.charset=ALL-UNNAMED,--add-opens=java.base/java.net=ALL-UNNAMED,--add-opens=java.base/java.util.concurrent.atomic=ALL-UNNAMED,-Xmx2048m,-Dfile.encoding=UTF-8,-Duser.country=ID,-Duser.language=en,-Duser.variant]
2026-09-03T19:57:34.039+0700 [DEBUG] [org.gradle.launcher.daemon.registry.PersistentDaemonRegistry] Storing daemon address: [5fe4e37b-42a4-41ce-bdfd-25c530d6108e port:51110, addresses:[localhost/127.0.0.1]], context: DefaultDaemonContext[uid=3ef6a606-8328-4109-a205-d5ba9010b1f9,javaHome=C:\Users\AsusA416jp\.jdks\jbr-21.0.11,javaVersion=21,daemonRegistryDir=D:\AbsensiSeleksi\daemon,pid=9240,idleTimeout=10800000,priority=NORMAL,applyInstrumentationAgent=true,nativeServicesMode=ENABLED,daemonOpts=--add-opens=java.base/java.util=ALL-UNNAMED,--add-opens=java.base/java.lang=ALL-UNNAMED,--add-opens=java.base/java.lang.invoke=ALL-UNNAMED,--add-opens=java.prefs/java.util.prefs=ALL-UNNAMED,--add-exports=jdk.compiler/com.sun.tools.javac.api=ALL-UNNAMED,--add-exports=jdk.compiler/com.sun.tools.javac.util=ALL-UNNAMED,--add-opens=java.base/java.nio.charset=ALL-UNNAMED,--add-opens=java.base/java.net=ALL-UNNAMED,--add-opens=java.base/java.util.concurrent.atomic=ALL-UNNAMED,-Xmx2048m,-Dfile.encoding=UTF-8,-Duser.country=ID,-Duser.language=en,-Duser.variant]
2026-09-03T19:57:34.078+0700 [DEBUG] [org.gradle.cache.internal.DefaultFileLockManager] Waiting to acquire exclusive lock on daemon addresses registry.
2026-09-03T19:57:34.091+0700 [DEBUG] [org.gradle.cache.internal.DefaultFileLockManager] Lock acquired on daemon addresses registry.
2026-09-03T19:57:34.114+0700 [DEBUG] [org.gradle.cache.internal.DefaultFileLockManager] Releasing lock on daemon addresses registry.
2026-09-03T19:57:34.115+0700 [LIFECYCLE] [org.gradle.launcher.daemon.server.Daemon] Daemon server started.
2026-09-03T19:57:34.119+0700 [DEBUG] [org.gradle.launcher.daemon.bootstrap.DaemonStartupCommunication] Completed writing the daemon greeting. Closing streams...
2026-09-03T19:57:34.139+0700 [DEBUG] [org.gradle.internal.remote.internal.inet.TcpIncomingConnector] Accepted connection from /127.0.0.1:51111 to /127.0.0.1:51110.
2026-09-03T19:57:34.165+0700 [DEBUG] [org.gradle.launcher.daemon.server.Daemon] stopOnExpiration() called on daemon
2026-09-03T19:57:34.168+0700 [DEBUG] [org.gradle.launcher.daemon.server.Daemon] awaitExpiration() called on daemon
2026-09-03T19:57:34.170+0700 [DEBUG] [org.gradle.launcher.daemon.server.DaemonStateCoordinator] daemon is running. Sleeping until state changes.
2026-09-03T19:57:34.427+0700 [DEBUG] [org.gradle.launcher.daemon.server.SynchronizedDispatchConnection] thread 35: received class org.gradle.launcher.daemon.protocol.Build
2026-09-03T19:57:34.428+0700 [DEBUG] [org.gradle.launcher.daemon.server.DefaultDaemonConnection] thread 35: Received non-IO message from client: Build{id=c85a36a0-357c-4959-b546-752bec2cd320, currentDir=D:\AbsensiSeleksi}
2026-09-03T19:57:34.429+0700 [INFO] [org.gradle.launcher.daemon.server.DefaultIncomingConnectionHandler] Received command: Build{id=c85a36a0-357c-4959-b546-752bec2cd320, currentDir=D:\AbsensiSeleksi}.
2026-09-03T19:57:34.429+0700 [DEBUG] [org.gradle.launcher.daemon.server.DefaultIncomingConnectionHandler] Starting executing command: Build{id=c85a36a0-357c-4959-b546-752bec2cd320, currentDir=D:\AbsensiSeleksi} with connection: socket connection from /127.0.0.1:51110 to /127.0.0.1:51111.
2026-09-03T19:57:34.439+0700 [DEBUG] [org.gradle.launcher.daemon.server.DaemonStateCoordinator] Command execution: started DaemonCommandExecution[command = Build{id=c85a36a0-357c-4959-b546-752bec2cd320, currentDir=D:\AbsensiSeleksi}, connection = DefaultDaemonConnection: socket connection from /127.0.0.1:51110 to /127.0.0.1:51111] after 0.009616666666666666 minutes of idle
2026-09-03T19:57:34.440+0700 [INFO] [org.gradle.launcher.daemon.server.DaemonRegistryUpdater] Marking the daemon as busy, address: [5fe4e37b-42a4-41ce-bdfd-25c530d6108e port:51110, addresses:[localhost/127.0.0.1]]
2026-09-03T19:57:34.440+0700 [DEBUG] [org.gradle.launcher.daemon.registry.PersistentDaemonRegistry] Marking busy by address: [5fe4e37b-42a4-41ce-bdfd-25c530d6108e port:51110, addresses:[localhost/127.0.0.1]]
2026-09-03T19:57:34.444+0700 [DEBUG] [org.gradle.cache.internal.DefaultFileLockManager] Waiting to acquire exclusive lock on daemon addresses registry.
2026-09-03T19:57:34.446+0700 [DEBUG] [org.gradle.cache.internal.DefaultFileLockManager] Lock acquired on daemon addresses registry.
2026-09-03T19:57:34.450+0700 [DEBUG] [org.gradle.cache.internal.DefaultFileLockManager] Releasing lock on daemon addresses registry.
2026-09-03T19:57:34.451+0700 [DEBUG] [org.gradle.launcher.daemon.server.DaemonStateCoordinator] resetting idle timer
2026-09-03T19:57:34.452+0700 [DEBUG] [org.gradle.launcher.daemon.server.DaemonStateCoordinator] daemon is running. Sleeping until state changes.
2026-09-03T19:57:34.453+0700 [INFO] [org.gradle.launcher.daemon.server.exec.StartBuildOrRespondWithBusy] Daemon is about to start building Build{id=c85a36a0-357c-4959-b546-752bec2cd320, currentDir=D:\AbsensiSeleksi}. Dispatching build started information...
2026-09-03T19:57:34.454+0700 [DEBUG] [org.gradle.launcher.daemon.server.SynchronizedDispatchConnection] thread 37: dispatching org.gradle.launcher.daemon.protocol.BuildStarted@66e6a7d0
2026-09-03T19:57:34.458+0700 [DEBUG] [org.gradle.launcher.daemon.server.exec.EstablishBuildEnvironment] Configuring env variables: [USERDOMAIN_ROAMINGPROFILE, LOCALAPPDATA, ChocolateyLastPathUpdate, PROCESSOR_LEVEL, IJ_RESTARTER_LOG, USERDOMAIN, EFC_2376_1592913036, LOGONSERVER, SESSIONNAME, ALLUSERSPROFILE, PROCESSOR_ARCHITECTURE, PSModulePath, SystemDrive, asl.log, OneDrive, APPDATA, USERNAME, ChocolateyInstall, ProgramFiles(x86), CommonProgramFiles, Path, PATHEXT, DriverData, OS, OneDriveConsumer, COMPUTERNAME, EFC_2376_4126798990, EFC_2376_2946480783, PROCESSOR_REVISION, CommonProgramW6432, ComSpec, ProgramData, ProgramW6432, TEMP, HOMEPATH, SystemRoot, PROCESSOR_IDENTIFIER, HOMEDRIVE, USERPROFILE, TMP, CommonProgramFiles(x86), ProgramFiles, PUBLIC, windir, NUMBER_OF_PROCESSORS, =::]
2026-09-03T19:57:34.471+0700 [DEBUG] [org.gradle.launcher.daemon.server.exec.LogToClient] About to start relaying all logs to the client via the connection.
2026-09-03T19:57:34.472+0700 [INFO] [org.gradle.launcher.daemon.server.exec.LogToClient] The client will now receive all logging from the daemon (pid: 9240). The daemon log file: D:\AbsensiSeleksi\daemon\8.9\daemon-9240.out.log
2026-09-03T19:57:34.477+0700 [INFO] [org.gradle.launcher.daemon.server.exec.LogAndCheckHealth] Starting build in new daemon [memory: 2 GiB]
2026-09-03T19:57:34.485+0700 [DEBUG] [org.gradle.launcher.daemon.server.exec.ExecuteBuild] The daemon has started executing the build.
2026-09-03T19:57:34.486+0700 [DEBUG] [org.gradle.launcher.daemon.server.exec.ExecuteBuild] Executing build with daemon context: DefaultDaemonContext[uid=3ef6a606-8328-4109-a205-d5ba9010b1f9,javaHome=C:\Users\AsusA416jp\.jdks\jbr-21.0.11,javaVersion=21,daemonRegistryDir=D:\AbsensiSeleksi\daemon,pid=9240,idleTimeout=10800000,priority=NORMAL,applyInstrumentationAgent=true,nativeServicesMode=ENABLED,daemonOpts=--add-opens=java.base/java.util=ALL-UNNAMED,--add-opens=java.base/java.lang=ALL-UNNAMED,--add-opens=java.base/java.lang.invoke=ALL-UNNAMED,--add-opens=java.prefs/java.util.prefs=ALL-UNNAMED,--add-exports=jdk.compiler/com.sun.tools.javac.api=ALL-UNNAMED,--add-exports=jdk.compiler/com.sun.tools.javac.util=ALL-UNNAMED,--add-opens=java.base/java.nio.charset=ALL-UNNAMED,--add-opens=java.base/java.net=ALL-UNNAMED,--add-opens=java.base/java.util.concurrent.atomic=ALL-UNNAMED,-Xmx2048m,-Dfile.encoding=UTF-8,-Duser.country=ID,-Duser.language=en,-Duser.variant]

BUILD SUCCESSFUL in 3m 41s
2026-09-03T20:00:58.760+0700 [DEBUG] [org.gradle.launcher.daemon.server.exec.ExecuteBuild] The daemon has finished executing the build.
2026-09-03T20:00:58.782+0700 [DEBUG] [org.gradle.launcher.daemon.server.DaemonStateCoordinator] daemon is running. Sleeping until state changes.
2026-09-03T20:00:58.786+0700 [DEBUG] [org.gradle.launcher.daemon.server.DaemonStateCoordinator] Command execution: finished waiting for DaemonCommandExecution[command = Build{id=c85a36a0-357c-4959-b546-752bec2cd320, currentDir=D:\AbsensiSeleksi}, connection = DefaultDaemonConnection: socket connection from /127.0.0.1:51110 to /127.0.0.1:51111]. Result org.gradle.launcher.daemon.server.DaemonStateCoordinator@6bd05269 with state Busy
2026-09-03T20:00:58.789+0700 [DEBUG] [org.gradle.launcher.daemon.server.DaemonStateCoordinator] Command execution: completed DaemonCommandExecution[command = Build{id=c85a36a0-357c-4959-b546-752bec2cd320, currentDir=D:\AbsensiSeleksi}, connection = DefaultDaemonConnection: socket connection from /127.0.0.1:51110 to /127.0.0.1:51111]
2026-09-03T20:00:58.790+0700 [DEBUG] [org.gradle.launcher.daemon.server.DaemonStateCoordinator] resetting idle timer
2026-09-03T20:00:58.791+0700 [INFO] [org.gradle.launcher.daemon.server.DaemonRegistryUpdater] Marking the daemon as idle, address: [5fe4e37b-42a4-41ce-bdfd-25c530d6108e port:51110, addresses:[localhost/127.0.0.1]]
2026-09-03T20:00:58.792+0700 [DEBUG] [org.gradle.launcher.daemon.registry.PersistentDaemonRegistry] Marking busy by address: [5fe4e37b-42a4-41ce-bdfd-25c530d6108e port:51110, addresses:[localhost/127.0.0.1]]
2026-09-03T20:00:58.794+0700 [DEBUG] [org.gradle.cache.internal.DefaultFileLockManager] Waiting to acquire exclusive lock on daemon addresses registry.
2026-09-03T20:00:58.796+0700 [DEBUG] [org.gradle.cache.internal.DefaultFileLockManager] Lock acquired on daemon addresses registry.
2026-09-03T20:00:58.800+0700 [DEBUG] [org.gradle.cache.internal.DefaultFileLockManager] Releasing lock on daemon addresses registry.
2026-09-03T20:00:58.802+0700 [DEBUG] [org.gradle.launcher.daemon.server.exec.ReturnResult] Daemon is dispatching the build result: Success[value=org.gradle.launcher.exec.BuildActionResult@172cf5d3]
2026-09-03T20:00:58.803+0700 [DEBUG] [org.gradle.launcher.daemon.server.DaemonStateCoordinator] daemon is running. Sleeping until state changes.
2026-09-03T20:00:58.803+0700 [DEBUG] [org.gradle.launcher.daemon.server.SynchronizedDispatchConnection] thread 34: dispatching Success[value=org.gradle.launcher.exec.BuildActionResult@172cf5d3]
2026-09-03T20:00:58.818+0700 [DEBUG] [org.gradle.launcher.daemon.server.DefaultIncomingConnectionHandler] Finishing executing command: Build{id=c85a36a0-357c-4959-b546-752bec2cd320, currentDir=D:\AbsensiSeleksi}
2026-09-03T20:00:58.819+0700 [DEBUG] [org.gradle.launcher.daemon.server.exec.CleanUpVirtualFileSystemAfterBuild] Cleaning virtual file system after build finished
2026-09-03T20:00:59.430+0700 [DEBUG] [org.gradle.launcher.daemon.server.SynchronizedDispatchConnection] thread 35: received class org.gradle.launcher.daemon.protocol.CloseInput
2026-09-03T20:00:59.431+0700 [DEBUG] [org.gradle.launcher.daemon.server.DefaultDaemonConnection] thread 35: Received IO message from client: org.gradle.launcher.daemon.protocol.CloseInput@5077e30e
2026-09-03T20:00:59.432+0700 [DEBUG] [org.gradle.launcher.daemon.server.SynchronizedDispatchConnection] thread 35: received class org.gradle.launcher.daemon.protocol.Finished
2026-09-03T20:00:59.432+0700 [DEBUG] [org.gradle.launcher.daemon.server.DefaultDaemonConnection] thread 35: Received non-IO message from client: org.gradle.launcher.daemon.protocol.Finished@6278f31b
2026-09-03T20:00:59.434+0700 [DEBUG] [org.gradle.launcher.daemon.server.DefaultIncomingConnectionHandler] Received finished message: org.gradle.launcher.daemon.protocol.Finished@6278f31b
2026-09-03T20:00:59.435+0700 [DEBUG] [org.gradle.launcher.daemon.server.SynchronizedDispatchConnection] thread 34: stopping connection
2026-09-03T20:00:59.452+0700 [DEBUG] [org.gradle.internal.remote.internal.inet.SocketConnection] Discarding EOFException: java.io.EOFException
2026-09-03T20:00:59.452+0700 [DEBUG] [org.gradle.launcher.daemon.server.SynchronizedDispatchConnection] thread 35: received null
2026-09-03T20:00:59.453+0700 [DEBUG] [org.gradle.launcher.daemon.server.DefaultDaemonConnection] thread 35: Received end-of-input from client.
2026-09-03T20:00:59.456+0700 [DEBUG] [org.gradle.launcher.daemon.server.SynchronizedDispatchConnection] thread 34: stopping connection
2026-09-03T20:01:02.933+0700 [DEBUG] [org.gradle.process.internal.health.memory.DefaultMemoryManager] 638754816 physical memory requested, 356519936 free
2026-09-03T20:01:02.934+0700 [DEBUG] [org.gradle.workers.internal.WorkerDaemonExpiration] Will attempt to release 609 of memory
2026-09-03T20:01:02.934+0700 [DEBUG] [org.gradle.process.internal.health.memory.DefaultMemoryManager] 638754816 physical memory requested, 0 released, 356519936 free
2026-09-03T20:01:04.185+0700 [DEBUG] [org.gradle.cache.internal.DefaultFileLockManager] Waiting to acquire shared lock on daemon addresses registry.
2026-09-03T20:01:04.187+0700 [DEBUG] [org.gradle.cache.internal.DefaultFileLockManager] Lock acquired on daemon addresses registry.
2026-09-03T20:01:04.188+0700 [DEBUG] [org.gradle.cache.internal.DefaultFileLockManager] Releasing lock on daemon addresses registry.
2026-09-03T20:01:04.202+0700 [DEBUG] [org.gradle.cache.internal.DefaultFileLockManager] Waiting to acquire shared lock on daemon addresses registry.
2026-09-03T20:01:04.203+0700 [DEBUG] [org.gradle.cache.internal.DefaultFileLockManager] Lock acquired on daemon addresses registry.
2026-09-03T20:01:04.204+0700 [DEBUG] [org.gradle.cache.internal.DefaultFileLockManager] Releasing lock on daemon addresses registry.
2026-09-03T20:01:07.923+0700 [DEBUG] [org.gradle.process.internal.health.memory.DefaultMemoryManager] 638754816 physical memory requested, 313884672 free
2026-09-03T20:01:07.924+0700 [DEBUG] [org.gradle.workers.internal.WorkerDaemonExpiration] Will attempt to release 609 of memory
2026-09-03T20:01:07.925+0700 [DEBUG] [org.gradle.process.internal.health.memory.DefaultMemoryManager] 638754816 physical memory requested, 0 released, 313884672 free
2026-09-03T20:01:12.926+0700 [DEBUG] [org.gradle.process.internal.health.memory.DefaultMemoryManager] 638754816 physical memory requested, 310960128 free
2026-09-03T20:01:12.927+0700 [DEBUG] [org.gradle.workers.internal.WorkerDaemonExpiration] Will attempt to release 609 of memory
2026-09-03T20:01:12.927+0700 [DEBUG] [org.gradle.process.internal.health.memory.DefaultMemoryManager] 638754816 physical memory requested, 0 released, 310960128 free
2026-09-03T20:01:14.178+0700 [DEBUG] [org.gradle.cache.internal.DefaultFileLockManager] Waiting to acquire shared lock on daemon addresses registry.
2026-09-03T20:01:14.179+0700 [DEBUG] [org.gradle.cache.internal.DefaultFileLockManager] Lock acquired on daemon addresses registry.
2026-09-03T20:01:14.180+0700 [DEBUG] [org.gradle.cache.internal.DefaultFileLockManager] Releasing lock on daemon addresses registry.
2026-09-03T20:01:14.183+0700 [DEBUG] [org.gradle.cache.internal.DefaultFileLockManager] Waiting to acquire shared lock on daemon addresses registry.
2026-09-03T20:01:14.183+0700 [DEBUG] [org.gradle.cache.internal.DefaultFileLockManager] Lock acquired on daemon addresses registry.
2026-09-03T20:01:14.184+0700 [DEBUG] [org.gradle.cache.internal.DefaultFileLockManager] Releasing lock on daemon addresses registry.
2026-09-03T20:01:14.185+0700 [DEBUG] [org.gradle.cache.internal.DefaultFileLockManager] Waiting to acquire shared lock on daemon addresses registry.
2026-09-03T20:01:14.186+0700 [DEBUG] [org.gradle.cache.internal.DefaultFileLockManager] Lock acquired on daemon addresses registry.
2026-09-03T20:01:14.187+0700 [DEBUG] [org.gradle.cache.internal.DefaultFileLockManager] Releasing lock on daemon addresses registry.
2026-09-03T20:01:17.920+0700 [DEBUG] [org.gradle.process.internal.health.memory.DefaultMemoryManager] 638754816 physical memory requested, 294678528 free
2026-09-03T20:01:17.921+0700 [DEBUG] [org.gradle.workers.internal.WorkerDaemonExpiration] Will attempt to release 609 of memory
2026-09-03T20:01:17.921+0700 [DEBUG] [org.gradle.process.internal.health.memory.DefaultMemoryManager] 638754816 physical memory requested, 0 released, 294678528 free
2026-09-03T20:01:22.917+0700 [DEBUG] [org.gradle.process.internal.health.memory.DefaultMemoryManager] 638754816 physical memory requested, 273387520 free
2026-09-03T20:01:22.918+0700 [DEBUG] [org.gradle.workers.internal.WorkerDaemonExpiration] Will attempt to release 609 of memory
2026-09-03T20:01:22.918+0700 [DEBUG] [org.gradle.process.internal.health.memory.DefaultMemoryManager] 638754816 physical memory requested, 0 released, 273387520 free
2026-09-03T20:01:24.200+0700 [DEBUG] [org.gradle.cache.internal.DefaultFileLockManager] Waiting to acquire shared lock on daemon addresses registry.
2026-09-03T20:01:24.200+0700 [DEBUG] [org.gradle.cache.internal.DefaultFileLockManager] Lock acquired on daemon addresses registry.
2026-09-03T20:01:24.201+0700 [DEBUG] [org.gradle.cache.internal.DefaultFileLockManager] Releasing lock on daemon addresses registry.
2026-09-03T20:01:24.209+0700 [DEBUG] [org.gradle.cache.internal.DefaultFileLockManager] Waiting to acquire shared lock on daemon addresses registry.
2026-09-03T20:01:24.257+0700 [DEBUG] [org.gradle.cache.internal.DefaultFileLockManager] Lock acquired on daemon addresses registry.
2026-09-03T20:01:24.258+0700 [DEBUG] [org.gradle.cache.internal.DefaultFileLockManager] Releasing lock on daemon addresses registry.
2026-09-03T20:01:24.275+0700 [DEBUG] [org.gradle.cache.internal.DefaultFileLockManager] Waiting to acquire shared lock on daemon addresses registry.
2026-09-03T20:01:24.277+0700 [DEBUG] [org.gradle.cache.internal.DefaultFileLockManager] Lock acquired on daemon addresses registry.
2026-09-03T20:01:24.278+0700 [DEBUG] [org.gradle.cache.internal.DefaultFileLockManager] Releasing lock on daemon addresses registry.
2026-09-03T20:01:27.932+0700 [DEBUG] [org.gradle.process.internal.health.memory.DefaultMemoryManager] 638754816 physical memory requested, 270635008 free
2026-09-03T20:01:27.933+0700 [DEBUG] [org.gradle.workers.internal.WorkerDaemonExpiration] Will attempt to release 609 of memory
2026-09-03T20:01:27.933+0700 [DEBUG] [org.gradle.process.internal.health.memory.DefaultMemoryManager] 638754816 physical memory requested, 0 released, 270635008 free
2026-09-03T20:01:32.927+0700 [DEBUG] [org.gradle.process.internal.health.memory.DefaultMemoryManager] 638754816 physical memory requested, 261046272 free
2026-09-03T20:01:32.928+0700 [DEBUG] [org.gradle.workers.internal.WorkerDaemonExpiration] Will attempt to release 609 of memory
2026-09-03T20:01:32.928+0700 [DEBUG] [org.gradle.process.internal.health.memory.DefaultMemoryManager] 638754816 physical memory requested, 0 released, 261046272 free
2026-09-03T20:01:34.200+0700 [DEBUG] [org.gradle.cache.internal.DefaultFileLockManager] Waiting to acquire shared lock on daemon addresses registry.
2026-09-03T20:01:34.201+0700 [DEBUG] [org.gradle.cache.internal.DefaultFileLockManager] Lock acquired on daemon addresses registry.
2026-09-03T20:01:34.229+0700 [DEBUG] [org.gradle.cache.internal.DefaultFileLockManager] Releasing lock on daemon addresses registry.
2026-09-03T20:01:34.262+0700 [DEBUG] [org.gradle.cache.internal.DefaultFileLockManager] Waiting to acquire shared lock on daemon addresses registry.
2026-09-03T20:01:34.322+0700 [DEBUG] [org.gradle.cache.internal.DefaultFileLockManager] Lock acquired on daemon addresses registry.
2026-09-03T20:01:34.323+0700 [DEBUG] [org.gradle.cache.internal.DefaultFileLockManager] Releasing lock on daemon addresses registry.
2026-09-03T20:01:34.333+0700 [DEBUG] [org.gradle.cache.internal.DefaultFileLockManager] Waiting to acquire shared lock on daemon addresses registry.
2026-09-03T20:01:34.334+0700 [DEBUG] [org.gradle.cache.internal.DefaultFileLockManager] Lock acquired on daemon addresses registry.
2026-09-03T20:01:34.386+0700 [DEBUG] [org.gradle.cache.internal.DefaultFileLockManager] Releasing lock on daemon addresses registry.
2026-09-03T20:01:37.927+0700 [DEBUG] [org.gradle.process.internal.health.memory.DefaultMemoryManager] 638754816 physical memory requested, 246943744 free
2026-09-03T20:01:37.928+0700 [DEBUG] [org.gradle.workers.internal.WorkerDaemonExpiration] Will attempt to release 609 of memory
2026-09-03T20:01:37.928+0700 [DEBUG] [org.gradle.process.internal.health.memory.DefaultMemoryManager] 638754816 physical memory requested, 0 released, 246943744 free
2026-09-03T20:01:42.932+0700 [DEBUG] [org.gradle.process.internal.health.memory.DefaultMemoryManager] 638754816 physical memory requested, 232071168 free
2026-09-03T20:01:42.933+0700 [DEBUG] [org.gradle.workers.internal.WorkerDaemonExpiration] Will attempt to release 609 of memory
2026-09-03T20:01:42.934+0700 [DEBUG] [org.gradle.process.internal.health.memory.DefaultMemoryManager] 638754816 physical memory requested, 0 released, 232071168 free
2026-09-03T20:01:44.173+0700 [DEBUG] [org.gradle.cache.internal.DefaultFileLockManager] Waiting to acquire shared lock on daemon addresses registry.
2026-09-03T20:01:44.174+0700 [DEBUG] [org.gradle.cache.internal.DefaultFileLockManager] Lock acquired on daemon addresses registry.
2026-09-03T20:01:44.175+0700 [DEBUG] [org.gradle.cache.internal.DefaultFileLockManager] Releasing lock on daemon addresses registry.
2026-09-03T20:01:44.180+0700 [DEBUG] [org.gradle.cache.internal.DefaultFileLockManager] Waiting to acquire shared lock on daemon addresses registry.
2026-09-03T20:01:44.180+0700 [DEBUG] [org.gradle.cache.internal.DefaultFileLockManager] Lock acquired on daemon addresses registry.
2026-09-03T20:01:44.182+0700 [DEBUG] [org.gradle.cache.internal.DefaultFileLockManager] Releasing lock on daemon addresses registry.
2026-09-03T20:01:44.185+0700 [DEBUG] [org.gradle.cache.internal.DefaultFileLockManager] Waiting to acquire shared lock on daemon addresses registry.
2026-09-03T20:01:44.186+0700 [DEBUG] [org.gradle.cache.internal.DefaultFileLockManager] Lock acquired on daemon addresses registry.
2026-09-03T20:01:44.187+0700 [DEBUG] [org.gradle.cache.internal.DefaultFileLockManager] Releasing lock on daemon addresses registry.
2026-09-03T20:01:47.921+0700 [DEBUG] [org.gradle.process.internal.health.memory.DefaultMemoryManager] 638754816 physical memory requested, 216780800 free
2026-09-03T20:01:47.922+0700 [DEBUG] [org.gradle.workers.internal.WorkerDaemonExpiration] Will attempt to release 609 of memory
2026-09-03T20:01:47.922+0700 [DEBUG] [org.gradle.process.internal.health.memory.DefaultMemoryManager] 638754816 physical memory requested, 0 released, 216780800 free
2026-09-03T20:01:52.942+0700 [DEBUG] [org.gradle.process.internal.health.memory.DefaultMemoryManager] 638754816 physical memory requested, 231227392 free
2026-09-03T20:01:52.942+0700 [DEBUG] [org.gradle.workers.internal.WorkerDaemonExpiration] Will attempt to release 609 of memory
2026-09-03T20:01:52.943+0700 [DEBUG] [org.gradle.process.internal.health.memory.DefaultMemoryManager] 638754816 physical memory requested, 0 released, 231227392 free
2026-09-03T20:01:54.201+0700 [DEBUG] [org.gradle.cache.internal.DefaultFileLockManager] Waiting to acquire shared lock on daemon addresses registry.
2026-09-03T20:01:54.202+0700 [DEBUG] [org.gradle.cache.internal.DefaultFileLockManager] Lock acquired on daemon addresses registry.
2026-09-03T20:01:54.204+0700 [DEBUG] [org.gradle.cache.internal.DefaultFileLockManager] Releasing lock on daemon addresses registry.
2026-09-03T20:01:54.217+0700 [DEBUG] [org.gradle.cache.internal.DefaultFileLockManager] Waiting to acquire shared lock on daemon addresses registry.
2026-09-03T20:01:54.218+0700 [DEBUG] [org.gradle.cache.internal.DefaultFileLockManager] Lock acquired on daemon addresses registry.
2026-09-03T20:01:54.219+0700 [DEBUG] [org.gradle.cache.internal.DefaultFileLockManager] Releasing lock on daemon addresses registry.
2026-09-03T20:01:54.245+0700 [DEBUG] [org.gradle.cache.internal.DefaultFileLockManager] Waiting to acquire shared lock on daemon addresses registry.
2026-09-03T20:01:54.245+0700 [DEBUG] [org.gradle.cache.internal.DefaultFileLockManager] Lock acquired on daemon addresses registry.
2026-09-03T20:01:54.246+0700 [DEBUG] [org.gradle.cache.internal.DefaultFileLockManager] Releasing lock on daemon addresses registry.
2026-09-03T20:01:57.916+0700 [DEBUG] [org.gradle.process.internal.health.memory.DefaultMemoryManager] 638754816 physical memory requested, 227115008 free
2026-09-03T20:01:57.916+0700 [DEBUG] [org.gradle.workers.internal.WorkerDaemonExpiration] Will attempt to release 609 of memory
2026-09-03T20:01:57.916+0700 [DEBUG] [org.gradle.process.internal.health.memory.DefaultMemoryManager] 638754816 physical memory requested, 0 released, 227115008 free
2026-09-03T20:02:02.923+0700 [DEBUG] [org.gradle.process.internal.health.memory.DefaultMemoryManager] 638754816 physical memory requested, 208031744 free
2026-09-03T20:02:02.924+0700 [DEBUG] [org.gradle.workers.internal.WorkerDaemonExpiration] Will attempt to release 609 of memory
2026-09-03T20:02:02.924+0700 [DEBUG] [org.gradle.process.internal.health.memory.DefaultMemoryManager] 638754816 physical memory requested, 0 released, 208031744 free
2026-09-03T20:02:04.179+0700 [DEBUG] [org.gradle.cache.internal.DefaultFileLockManager] Waiting to acquire shared lock on daemon addresses registry.
2026-09-03T20:02:04.180+0700 [DEBUG] [org.gradle.cache.internal.DefaultFileLockManager] Lock acquired on daemon addresses registry.
2026-09-03T20:02:04.182+0700 [DEBUG] [org.gradle.cache.internal.DefaultFileLockManager] Releasing lock on daemon addresses registry.
2026-09-03T20:02:04.186+0700 [DEBUG] [org.gradle.cache.internal.DefaultFileLockManager] Waiting to acquire shared lock on daemon addresses registry.
2026-09-03T20:02:04.187+0700 [DEBUG] [org.gradle.cache.internal.DefaultFileLockManager] Lock acquired on daemon addresses registry.
2026-09-03T20:02:04.188+0700 [DEBUG] [org.gradle.cache.internal.DefaultFileLockManager] Releasing lock on daemon addresses registry.
2026-09-03T20:02:04.192+0700 [DEBUG] [org.gradle.cache.internal.DefaultFileLockManager] Waiting to acquire shared lock on daemon addresses registry.
2026-09-03T20:02:04.192+0700 [DEBUG] [org.gradle.cache.internal.DefaultFileLockManager] Lock acquired on daemon addresses registry.
2026-09-03T20:02:04.193+0700 [DEBUG] [org.gradle.cache.internal.DefaultFileLockManager] Releasing lock on daemon addresses registry.
2026-09-03T20:02:07.947+0700 [DEBUG] [org.gradle.process.internal.health.memory.DefaultMemoryManager] 638754816 physical memory requested, 224518144 free
2026-09-03T20:02:07.948+0700 [DEBUG] [org.gradle.workers.internal.WorkerDaemonExpiration] Will attempt to release 609 of memory
2026-09-03T20:02:07.948+0700 [DEBUG] [org.gradle.process.internal.health.memory.DefaultMemoryManager] 638754816 physical memory requested, 0 released, 224518144 free
2026-09-03T20:02:12.936+0700 [DEBUG] [org.gradle.process.internal.health.memory.DefaultMemoryManager] 638754816 physical memory requested, 239611904 free
2026-09-03T20:02:12.937+0700 [DEBUG] [org.gradle.workers.internal.WorkerDaemonExpiration] Will attempt to release 609 of memory
2026-09-03T20:02:12.938+0700 [DEBUG] [org.gradle.process.internal.health.memory.DefaultMemoryManager] 638754816 physical memory requested, 0 released, 239611904 free
2026-09-03T20:02:14.198+0700 [DEBUG] [org.gradle.cache.internal.DefaultFileLockManager] Waiting to acquire shared lock on daemon addresses registry.
2026-09-03T20:02:14.201+0700 [DEBUG] [org.gradle.cache.internal.DefaultFileLockManager] Lock acquired on daemon addresses registry.
2026-09-03T20:02:14.216+0700 [DEBUG] [org.gradle.cache.internal.DefaultFileLockManager] Releasing lock on daemon addresses registry.
2026-09-03T20:02:14.220+0700 [DEBUG] [org.gradle.cache.internal.DefaultFileLockManager] Waiting to acquire shared lock on daemon addresses registry.
2026-09-03T20:02:14.221+0700 [DEBUG] [org.gradle.cache.internal.DefaultFileLockManager] Lock acquired on daemon addresses registry.
2026-09-03T20:02:14.222+0700 [DEBUG] [org.gradle.cache.internal.DefaultFileLockManager] Releasing lock on daemon addresses registry.
2026-09-03T20:02:14.225+0700 [DEBUG] [org.gradle.cache.internal.DefaultFileLockManager] Waiting to acquire shared lock on daemon addresses registry.
2026-09-03T20:02:14.226+0700 [DEBUG] [org.gradle.cache.internal.DefaultFileLockManager] Lock acquired on daemon addresses registry.
2026-09-03T20:02:14.227+0700 [DEBUG] [org.gradle.cache.internal.DefaultFileLockManager] Releasing lock on daemon addresses registry.
2026-09-03T20:02:17.916+0700 [DEBUG] [org.gradle.process.internal.health.memory.DefaultMemoryManager] 638754816 physical memory requested, 216678400 free
2026-09-03T20:02:17.917+0700 [DEBUG] [org.gradle.workers.internal.WorkerDaemonExpiration] Will attempt to release 609 of memory
2026-09-03T20:02:17.917+0700 [DEBUG] [org.gradle.process.internal.health.memory.DefaultMemoryManager] 638754816 physical memory requested, 0 released, 216678400 free
2026-09-03T20:02:22.924+0700 [DEBUG] [org.gradle.process.internal.health.memory.DefaultMemoryManager] 638754816 physical memory requested, 213078016 free
2026-09-03T20:02:22.924+0700 [DEBUG] [org.gradle.workers.internal.WorkerDaemonExpiration] Will attempt to release 609 of memory
2026-09-03T20:02:22.924+0700 [DEBUG] [org.gradle.process.internal.health.memory.DefaultMemoryManager] 638754816 physical memory requested, 0 released, 213078016 free
2026-09-03T20:02:24.206+0700 [DEBUG] [org.gradle.cache.internal.DefaultFileLockManager] Waiting to acquire shared lock on daemon addresses registry.
2026-09-03T20:02:24.217+0700 [DEBUG] [org.gradle.cache.internal.DefaultFileLockManager] Lock acquired on daemon addresses registry.
2026-09-03T20:02:24.218+0700 [DEBUG] [org.gradle.cache.internal.DefaultFileLockManager] Releasing lock on daemon addresses registry.
2026-09-03T20:02:24.250+0700 [DEBUG] [org.gradle.cache.internal.DefaultFileLockManager] Waiting to acquire shared lock on daemon addresses registry.
2026-09-03T20:02:24.253+0700 [DEBUG] [org.gradle.cache.internal.DefaultFileLockManager] Lock acquired on daemon addresses registry.
2026-09-03T20:02:24.280+0700 [DEBUG] [org.gradle.cache.internal.DefaultFileLockManager] Releasing lock on daemon addresses registry.
2026-09-03T20:02:24.283+0700 [DEBUG] [org.gradle.cache.internal.DefaultFileLockManager] Waiting to acquire shared lock on daemon addresses registry.
2026-09-03T20:02:24.284+0700 [DEBUG] [org.gradle.cache.internal.DefaultFileLockManager] Lock acquired on daemon addresses registry.
2026-09-03T20:02:24.318+0700 [DEBUG] [org.gradle.cache.internal.DefaultFileLockManager] Releasing lock on daemon addresses registry.
2026-09-03T20:02:27.931+0700 [DEBUG] [org.gradle.process.internal.health.memory.DefaultMemoryManager] 638754816 physical memory requested, 226967552 free
2026-09-03T20:02:27.931+0700 [DEBUG] [org.gradle.workers.internal.WorkerDaemonExpiration] Will attempt to release 609 of memory
2026-09-03T20:02:27.932+0700 [DEBUG] [org.gradle.process.internal.health.memory.DefaultMemoryManager] 638754816 physical memory requested, 0 released, 226967552 free
2026-09-03T20:02:32.928+0700 [DEBUG] [org.gradle.process.internal.health.memory.DefaultMemoryManager] 638754816 physical memory requested, 233717760 free
2026-09-03T20:02:32.928+0700 [DEBUG] [org.gradle.workers.internal.WorkerDaemonExpiration] Will attempt to release 609 of memory
2026-09-03T20:02:32.929+0700 [DEBUG] [org.gradle.process.internal.health.memory.DefaultMemoryManager] 638754816 physical memory requested, 0 released, 233717760 free
2026-09-03T20:02:34.170+0700 [DEBUG] [org.gradle.cache.internal.DefaultFileLockManager] Waiting to acquire shared lock on daemon addresses registry.
2026-09-03T20:02:34.170+0700 [DEBUG] [org.gradle.cache.internal.DefaultFileLockManager] Lock acquired on daemon addresses registry.
2026-09-03T20:02:34.171+0700 [DEBUG] [org.gradle.cache.internal.DefaultFileLockManager] Releasing lock on daemon addresses registry.
2026-09-03T20:02:34.174+0700 [DEBUG] [org.gradle.cache.internal.DefaultFileLockManager] Waiting to acquire shared lock on daemon addresses registry.
2026-09-03T20:02:34.175+0700 [DEBUG] [org.gradle.cache.internal.DefaultFileLockManager] Lock acquired on daemon addresses registry.
2026-09-03T20:02:34.176+0700 [DEBUG] [org.gradle.cache.internal.DefaultFileLockManager] Releasing lock on daemon addresses registry.
2026-09-03T20:02:34.178+0700 [DEBUG] [org.gradle.cache.internal.DefaultFileLockManager] Waiting to acquire shared lock on daemon addresses registry.
2026-09-03T20:02:34.179+0700 [DEBUG] [org.gradle.cache.internal.DefaultFileLockManager] Lock acquired on daemon addresses registry.
2026-09-03T20:02:34.179+0700 [DEBUG] [org.gradle.cache.internal.DefaultFileLockManager] Releasing lock on daemon addresses registry.
2026-09-03T20:02:37.945+0700 [DEBUG] [org.gradle.process.internal.health.memory.DefaultMemoryManager] 638754816 physical memory requested, 219963392 free
2026-09-03T20:02:37.945+0700 [DEBUG] [org.gradle.workers.internal.WorkerDaemonExpiration] Will attempt to release 609 of memory
2026-09-03T20:02:37.946+0700 [DEBUG] [org.gradle.process.internal.health.memory.DefaultMemoryManager] 638754816 physical memory requested, 0 released, 219963392 free
2026-09-03T20:02:42.932+0700 [DEBUG] [org.gradle.process.internal.health.memory.DefaultMemoryManager] 638754816 physical memory requested, 412450816 free
2026-09-03T20:02:42.937+0700 [DEBUG] [org.gradle.workers.internal.WorkerDaemonExpiration] Will attempt to release 609 of memory
2026-09-03T20:02:42.948+0700 [DEBUG] [org.gradle.process.internal.health.memory.DefaultMemoryManager] 638754816 physical memory requested, 0 released, 412450816 free
2026-09-03T20:02:44.198+0700 [DEBUG] [org.gradle.cache.internal.DefaultFileLockManager] Waiting to acquire shared lock on daemon addresses registry.
2026-09-03T20:02:44.199+0700 [DEBUG] [org.gradle.cache.internal.DefaultFileLockManager] Lock acquired on daemon addresses registry.
2026-09-03T20:02:44.212+0700 [DEBUG] [org.gradle.cache.internal.DefaultFileLockManager] Releasing lock on daemon addresses registry.
2026-09-03T20:02:44.247+0700 [DEBUG] [org.gradle.cache.internal.DefaultFileLockManager] Waiting to acquire shared lock on daemon addresses registry.
2026-09-03T20:02:44.257+0700 [DEBUG] [org.gradle.cache.internal.DefaultFileLockManager] Lock acquired on daemon addresses registry.
2026-09-03T20:02:44.260+0700 [DEBUG] [org.gradle.cache.internal.DefaultFileLockManager] Releasing lock on daemon addresses registry.
2026-09-03T20:02:44.286+0700 [DEBUG] [org.gradle.cache.internal.DefaultFileLockManager] Waiting to acquire shared lock on daemon addresses registry.
2026-09-03T20:02:44.287+0700 [DEBUG] [org.gradle.cache.internal.DefaultFileLockManager] Lock acquired on daemon addresses registry.
2026-09-03T20:02:44.291+0700 [DEBUG] [org.gradle.cache.internal.DefaultFileLockManager] Releasing lock on daemon addresses registry.
2026-09-03T20:02:47.928+0700 [DEBUG] [org.gradle.process.internal.health.memory.DefaultMemoryManager] 638754816 physical memory requested, 432541696 free
2026-09-03T20:02:47.940+0700 [DEBUG] [org.gradle.workers.internal.WorkerDaemonExpiration] Will attempt to release 609 of memory
2026-09-03T20:02:47.942+0700 [DEBUG] [org.gradle.process.internal.health.memory.DefaultMemoryManager] 638754816 physical memory requested, 0 released, 432541696 free
2026-09-03T20:02:52.925+0700 [DEBUG] [org.gradle.process.internal.health.memory.DefaultMemoryManager] 638754816 physical memory requested, 510869504 free
2026-09-03T20:02:52.927+0700 [DEBUG] [org.gradle.workers.internal.WorkerDaemonExpiration] Will attempt to release 609 of memory
2026-09-03T20:02:52.931+0700 [DEBUG] [org.gradle.process.internal.health.memory.DefaultMemoryManager] 638754816 physical memory requested, 0 released, 510869504 free
2026-09-03T20:02:54.213+0700 [DEBUG] [org.gradle.cache.internal.DefaultFileLockManager] Waiting to acquire shared lock on daemon addresses registry.
2026-09-03T20:02:54.231+0700 [DEBUG] [org.gradle.cache.internal.DefaultFileLockManager] Lock acquired on daemon addresses registry.
2026-09-03T20:02:54.239+0700 [DEBUG] [org.gradle.cache.internal.DefaultFileLockManager] Releasing lock on daemon addresses registry.
2026-09-03T20:02:54.337+0700 [DEBUG] [org.gradle.cache.internal.DefaultFileLockManager] Waiting to acquire shared lock on daemon addresses registry.
2026-09-03T20:02:54.340+0700 [DEBUG] [org.gradle.cache.internal.DefaultFileLockManager] Lock acquired on daemon addresses registry.
2026-09-03T20:02:54.344+0700 [DEBUG] [org.gradle.cache.internal.DefaultFileLockManager] Releasing lock on daemon addresses registry.
2026-09-03T20:02:54.371+0700 [DEBUG] [org.gradle.cache.internal.DefaultFileLockManager] Waiting to acquire shared lock on daemon addresses registry.
2026-09-03T20:02:54.375+0700 [DEBUG] [org.gradle.cache.internal.DefaultFileLockManager] Lock acquired on daemon addresses registry.
2026-09-03T20:02:54.406+0700 [DEBUG] [org.gradle.cache.internal.DefaultFileLockManager] Releasing lock on daemon addresses registry.
2026-09-03T20:03:04.183+0700 [DEBUG] [org.gradle.cache.internal.DefaultFileLockManager] Waiting to acquire shared lock on daemon addresses registry.
2026-09-03T20:03:04.200+0700 [DEBUG] [org.gradle.cache.internal.DefaultFileLockManager] Lock acquired on daemon addresses registry.
2026-09-03T20:03:04.202+0700 [DEBUG] [org.gradle.cache.internal.DefaultFileLockManager] Releasing lock on daemon addresses registry.
2026-09-03T20:03:04.207+0700 [DEBUG] [org.gradle.cache.internal.DefaultFileLockManager] Waiting to acquire shared lock on daemon addresses registry.
2026-09-03T20:03:04.208+0700 [DEBUG] [org.gradle.cache.internal.DefaultFileLockManager] Lock acquired on daemon addresses registry.
2026-09-03T20:03:04.209+0700 [DEBUG] [org.gradle.cache.internal.DefaultFileLockManager] Releasing lock on daemon addresses registry.
2026-09-03T20:03:04.214+0700 [DEBUG] [org.gradle.cache.internal.DefaultFileLockManager] Waiting to acquire shared lock on daemon addresses registry.
2026-09-03T20:03:04.222+0700 [DEBUG] [org.gradle.cache.internal.DefaultFileLockManager] Lock acquired on daemon addresses registry.
2026-09-03T20:03:04.223+0700 [DEBUG] [org.gradle.cache.internal.DefaultFileLockManager] Releasing lock on daemon addresses registry.
2026-09-03T20:03:14.178+0700 [DEBUG] [org.gradle.cache.internal.DefaultFileLockManager] Waiting to acquire shared lock on daemon addresses registry.
2026-09-03T20:03:14.180+0700 [DEBUG] [org.gradle.cache.internal.DefaultFileLockManager] Lock acquired on daemon addresses registry.
2026-09-03T20:03:14.181+0700 [DEBUG] [org.gradle.cache.internal.DefaultFileLockManager] Releasing lock on daemon addresses registry.
2026-09-03T20:03:14.186+0700 [DEBUG] [org.gradle.cache.internal.DefaultFileLockManager] Waiting to acquire shared lock on daemon addresses registry.
2026-09-03T20:03:14.187+0700 [DEBUG] [org.gradle.cache.internal.DefaultFileLockManager] Lock acquired on daemon addresses registry.
2026-09-03T20:03:14.188+0700 [DEBUG] [org.gradle.cache.internal.DefaultFileLockManager] Releasing lock on daemon addresses registry.
2026-09-03T20:03:14.192+0700 [DEBUG] [org.gradle.cache.internal.DefaultFileLockManager] Waiting to acquire shared lock on daemon addresses registry.
2026-09-03T20:03:14.192+0700 [DEBUG] [org.gradle.cache.internal.DefaultFileLockManager] Lock acquired on daemon addresses registry.
2026-09-03T20:03:14.194+0700 [DEBUG] [org.gradle.cache.internal.DefaultFileLockManager] Releasing lock on daemon addresses registry.
2026-09-03T20:03:24.184+0700 [DEBUG] [org.gradle.cache.internal.DefaultFileLockManager] Waiting to acquire shared lock on daemon addresses registry.
2026-09-03T20:03:24.185+0700 [DEBUG] [org.gradle.cache.internal.DefaultFileLockManager] Lock acquired on daemon addresses registry.
2026-09-03T20:03:24.186+0700 [DEBUG] [org.gradle.cache.internal.DefaultFileLockManager] Releasing lock on daemon addresses registry.
2026-09-03T20:03:24.190+0700 [DEBUG] [org.gradle.cache.internal.DefaultFileLockManager] Waiting to acquire shared lock on daemon addresses registry.
2026-09-03T20:03:24.191+0700 [DEBUG] [org.gradle.cache.internal.DefaultFileLockManager] Lock acquired on daemon addresses registry.
2026-09-03T20:03:24.192+0700 [DEBUG] [org.gradle.cache.internal.DefaultFileLockManager] Releasing lock on daemon addresses registry.
2026-09-03T20:03:24.194+0700 [DEBUG] [org.gradle.cache.internal.DefaultFileLockManager] Waiting to acquire shared lock on daemon addresses registry.
2026-09-03T20:03:24.195+0700 [DEBUG] [org.gradle.cache.internal.DefaultFileLockManager] Lock acquired on daemon addresses registry.
2026-09-03T20:03:24.195+0700 [DEBUG] [org.gradle.cache.internal.DefaultFileLockManager] Releasing lock on daemon addresses registry.
2026-09-03T20:03:32.945+0700 [DEBUG] [org.gradle.process.internal.health.memory.DefaultMemoryManager] 638754816 physical memory requested, 541229056 free
2026-09-03T20:03:32.949+0700 [DEBUG] [org.gradle.workers.internal.WorkerDaemonExpiration] Will attempt to release 609 of memory
2026-09-03T20:03:32.951+0700 [DEBUG] [org.gradle.process.internal.health.memory.DefaultMemoryManager] 638754816 physical memory requested, 0 released, 541229056 free
2026-09-03T20:03:34.182+0700 [DEBUG] [org.gradle.cache.internal.DefaultFileLockManager] Waiting to acquire shared lock on daemon addresses registry.
2026-09-03T20:03:34.182+0700 [DEBUG] [org.gradle.cache.internal.DefaultFileLockManager] Lock acquired on daemon addresses registry.
2026-09-03T20:03:34.184+0700 [DEBUG] [org.gradle.cache.internal.DefaultFileLockManager] Releasing lock on daemon addresses registry.
2026-09-03T20:03:34.192+0700 [DEBUG] [org.gradle.cache.internal.DefaultFileLockManager] Waiting to acquire shared lock on daemon addresses registry.
2026-09-03T20:03:34.193+0700 [DEBUG] [org.gradle.cache.internal.DefaultFileLockManager] Lock acquired on daemon addresses registry.
2026-09-03T20:03:34.195+0700 [DEBUG] [org.gradle.cache.internal.DefaultFileLockManager] Releasing lock on daemon addresses registry.
2026-09-03T20:03:34.202+0700 [DEBUG] [org.gradle.cache.internal.DefaultFileLockManager] Waiting to acquire shared lock on daemon addresses registry.
2026-09-03T20:03:34.204+0700 [DEBUG] [org.gradle.cache.internal.DefaultFileLockManager] Lock acquired on daemon addresses registry.
2026-09-03T20:03:34.207+0700 [DEBUG] [org.gradle.cache.internal.DefaultFileLockManager] Releasing lock on daemon addresses registry.
2026-09-03T20:03:37.941+0700 [DEBUG] [org.gradle.process.internal.health.memory.DefaultMemoryManager] 638754816 physical memory requested, 552005632 free
2026-09-03T20:03:37.941+0700 [DEBUG] [org.gradle.workers.internal.WorkerDaemonExpiration] Will attempt to release 609 of memory
2026-09-03T20:03:37.942+0700 [DEBUG] [org.gradle.process.internal.health.memory.DefaultMemoryManager] 638754816 physical memory requested, 0 released, 552005632 free
2026-09-03T20:03:42.930+0700 [DEBUG] [org.gradle.process.internal.health.memory.DefaultMemoryManager] 638754816 physical memory requested, 529440768 free
2026-09-03T20:03:42.930+0700 [DEBUG] [org.gradle.workers.internal.WorkerDaemonExpiration] Will attempt to release 609 of memory
2026-09-03T20:03:42.931+0700 [DEBUG] [org.gradle.process.internal.health.memory.DefaultMemoryManager] 638754816 physical memory requested, 0 released, 529440768 free
2026-09-03T20:03:44.178+0700 [DEBUG] [org.gradle.cache.internal.DefaultFileLockManager] Waiting to acquire shared lock on daemon addresses registry.
2026-09-03T20:03:44.179+0700 [DEBUG] [org.gradle.cache.internal.DefaultFileLockManager] Lock acquired on daemon addresses registry.
2026-09-03T20:03:44.180+0700 [DEBUG] [org.gradle.cache.internal.DefaultFileLockManager] Releasing lock on daemon addresses registry.
2026-09-03T20:03:44.185+0700 [DEBUG] [org.gradle.cache.internal.DefaultFileLockManager] Waiting to acquire shared lock on daemon addresses registry.
2026-09-03T20:03:44.186+0700 [DEBUG] [org.gradle.cache.internal.DefaultFileLockManager] Lock acquired on daemon addresses registry.
2026-09-03T20:03:44.190+0700 [DEBUG] [org.gradle.cache.internal.DefaultFileLockManager] Releasing lock on daemon addresses registry.
2026-09-03T20:03:44.197+0700 [DEBUG] [org.gradle.cache.internal.DefaultFileLockManager] Waiting to acquire shared lock on daemon addresses registry.
2026-09-03T20:03:44.198+0700 [DEBUG] [org.gradle.cache.internal.DefaultFileLockManager] Lock acquired on daemon addresses registry.
2026-09-03T20:03:44.199+0700 [DEBUG] [org.gradle.cache.internal.DefaultFileLockManager] Releasing lock on daemon addresses registry.
2026-09-03T20:03:48.080+0700 [DEBUG] [org.gradle.process.internal.health.memory.DefaultMemoryManager] 638754816 physical memory requested, 492380160 free
2026-09-03T20:03:48.080+0700 [DEBUG] [org.gradle.workers.internal.WorkerDaemonExpiration] Will attempt to release 609 of memory
2026-09-03T20:03:48.080+0700 [DEBUG] [org.gradle.process.internal.health.memory.DefaultMemoryManager] 638754816 physical memory requested, 0 released, 492380160 free
2026-09-03T20:03:52.924+0700 [DEBUG] [org.gradle.process.internal.health.memory.DefaultMemoryManager] 638754816 physical memory requested, 448483328 free
2026-09-03T20:03:52.926+0700 [DEBUG] [org.gradle.workers.internal.WorkerDaemonExpiration] Will attempt to release 609 of memory
2026-09-03T20:03:52.927+0700 [DEBUG] [org.gradle.process.internal.health.memory.DefaultMemoryManager] 638754816 physical memory requested, 0 released, 448483328 free
2026-09-03T20:03:54.208+0700 [DEBUG] [org.gradle.cache.internal.DefaultFileLockManager] Waiting to acquire shared lock on daemon addresses registry.
2026-09-03T20:03:54.208+0700 [DEBUG] [org.gradle.cache.internal.DefaultFileLockManager] Lock acquired on daemon addresses registry.
2026-09-03T20:03:54.211+0700 [DEBUG] [org.gradle.cache.internal.DefaultFileLockManager] Releasing lock on daemon addresses registry.
2026-09-03T20:03:54.216+0700 [DEBUG] [org.gradle.cache.internal.DefaultFileLockManager] Waiting to acquire shared lock on daemon addresses registry.
2026-09-03T20:03:54.216+0700 [DEBUG] [org.gradle.cache.internal.DefaultFileLockManager] Lock acquired on daemon addresses registry.
2026-09-03T20:03:54.219+0700 [DEBUG] [org.gradle.cache.internal.DefaultFileLockManager] Releasing lock on daemon addresses registry.
2026-09-03T20:03:54.223+0700 [DEBUG] [org.gradle.cache.internal.DefaultFileLockManager] Waiting to acquire shared lock on daemon addresses registry.
2026-09-03T20:03:54.226+0700 [DEBUG] [org.gradle.cache.internal.DefaultFileLockManager] Lock acquired on daemon addresses registry.
2026-09-03T20:03:54.228+0700 [DEBUG] [org.gradle.cache.internal.DefaultFileLockManager] Releasing lock on daemon addresses registry.
2026-09-03T20:03:57.927+0700 [DEBUG] [org.gradle.process.internal.health.memory.DefaultMemoryManager] 638754816 physical memory requested, 402001920 free
2026-09-03T20:03:57.927+0700 [DEBUG] [org.gradle.workers.internal.WorkerDaemonExpiration] Will attempt to release 609 of memory
2026-09-03T20:03:57.928+0700 [DEBUG] [org.gradle.process.internal.health.memory.DefaultMemoryManager] 638754816 physical memory requested, 0 released, 402001920 free
2026-09-03T20:04:02.918+0700 [DEBUG] [org.gradle.process.internal.health.memory.DefaultMemoryManager] 638754816 physical memory requested, 392962048 free
2026-09-03T20:04:02.918+0700 [DEBUG] [org.gradle.workers.internal.WorkerDaemonExpiration] Will attempt to release 609 of memory
2026-09-03T20:04:02.919+0700 [DEBUG] [org.gradle.process.internal.health.memory.DefaultMemoryManager] 638754816 physical memory requested, 0 released, 392962048 free
2026-09-03T20:04:04.169+0700 [DEBUG] [org.gradle.cache.internal.DefaultFileLockManager] Waiting to acquire shared lock on daemon addresses registry.
2026-09-03T20:04:04.170+0700 [DEBUG] [org.gradle.cache.internal.DefaultFileLockManager] Lock acquired on daemon addresses registry.
2026-09-03T20:04:04.171+0700 [DEBUG] [org.gradle.cache.internal.DefaultFileLockManager] Releasing lock on daemon addresses registry.
2026-09-03T20:04:04.176+0700 [DEBUG] [org.gradle.cache.internal.DefaultFileLockManager] Waiting to acquire shared lock on daemon addresses registry.
2026-09-03T20:04:04.177+0700 [DEBUG] [org.gradle.cache.internal.DefaultFileLockManager] Lock acquired on daemon addresses registry.
2026-09-03T20:04:04.178+0700 [DEBUG] [org.gradle.cache.internal.DefaultFileLockManager] Releasing lock on daemon addresses registry.
2026-09-03T20:04:04.182+0700 [DEBUG] [org.gradle.cache.internal.DefaultFileLockManager] Waiting to acquire shared lock on daemon addresses registry.
2026-09-03T20:04:04.183+0700 [DEBUG] [org.gradle.cache.internal.DefaultFileLockManager] Lock acquired on daemon addresses registry.
2026-09-03T20:04:04.186+0700 [DEBUG] [org.gradle.cache.internal.DefaultFileLockManager] Releasing lock on daemon addresses registry.
2026-09-03T20:04:07.922+0700 [DEBUG] [org.gradle.process.internal.health.memory.DefaultMemoryManager] 638754816 physical memory requested, 377614336 free
2026-09-03T20:04:07.922+0700 [DEBUG] [org.gradle.workers.internal.WorkerDaemonExpiration] Will attempt to release 609 of memory
2026-09-03T20:04:07.922+0700 [DEBUG] [org.gradle.process.internal.health.memory.DefaultMemoryManager] 638754816 physical memory requested, 0 released, 377614336 free
2026-09-03T20:04:12.930+0700 [DEBUG] [org.gradle.process.internal.health.memory.DefaultMemoryManager] 638754816 physical memory requested, 423890944 free
2026-09-03T20:04:12.930+0700 [DEBUG] [org.gradle.workers.internal.WorkerDaemonExpiration] Will attempt to release 609 of memory
2026-09-03T20:04:12.932+0700 [DEBUG] [org.gradle.process.internal.health.memory.DefaultMemoryManager] 638754816 physical memory requested, 0 released, 423890944 free
2026-09-03T20:04:14.183+0700 [DEBUG] [org.gradle.cache.internal.DefaultFileLockManager] Waiting to acquire shared lock on daemon addresses registry.
2026-09-03T20:04:14.184+0700 [DEBUG] [org.gradle.cache.internal.DefaultFileLockManager] Lock acquired on daemon addresses registry.
2026-09-03T20:04:14.185+0700 [DEBUG] [org.gradle.cache.internal.DefaultFileLockManager] Releasing lock on daemon addresses registry.
2026-09-03T20:04:14.189+0700 [DEBUG] [org.gradle.cache.internal.DefaultFileLockManager] Waiting to acquire shared lock on daemon addresses registry.
2026-09-03T20:04:14.189+0700 [DEBUG] [org.gradle.cache.internal.DefaultFileLockManager] Lock acquired on daemon addresses registry.
2026-09-03T20:04:14.190+0700 [DEBUG] [org.gradle.cache.internal.DefaultFileLockManager] Releasing lock on daemon addresses registry.
2026-09-03T20:04:14.193+0700 [DEBUG] [org.gradle.cache.internal.DefaultFileLockManager] Waiting to acquire shared lock on daemon addresses registry.
2026-09-03T20:04:14.193+0700 [DEBUG] [org.gradle.cache.internal.DefaultFileLockManager] Lock acquired on daemon addresses registry.
2026-09-03T20:04:14.194+0700 [DEBUG] [org.gradle.cache.internal.DefaultFileLockManager] Releasing lock on daemon addresses registry.
2026-09-03T20:04:17.918+0700 [DEBUG] [org.gradle.process.internal.health.memory.DefaultMemoryManager] 638754816 physical memory requested, 387051520 free
2026-09-03T20:04:17.918+0700 [DEBUG] [org.gradle.workers.internal.WorkerDaemonExpiration] Will attempt to release 609 of memory
2026-09-03T20:04:17.919+0700 [DEBUG] [org.gradle.process.internal.health.memory.DefaultMemoryManager] 638754816 physical memory requested, 0 released, 387051520 free
2026-09-03T20:04:22.918+0700 [DEBUG] [org.gradle.process.internal.health.memory.DefaultMemoryManager] 638754816 physical memory requested, 289288192 free
2026-09-03T20:04:22.918+0700 [DEBUG] [org.gradle.workers.internal.WorkerDaemonExpiration] Will attempt to release 609 of memory
2026-09-03T20:04:22.919+0700 [DEBUG] [org.gradle.process.internal.health.memory.DefaultMemoryManager] 638754816 physical memory requested, 0 released, 289288192 free
2026-09-03T20:04:24.463+0700 [DEBUG] [org.gradle.cache.internal.DefaultFileLockManager] Waiting to acquire shared lock on daemon addresses registry.
2026-09-03T20:04:24.464+0700 [DEBUG] [org.gradle.cache.internal.DefaultFileLockManager] Lock acquired on daemon addresses registry.
2026-09-03T20:04:24.497+0700 [DEBUG] [org.gradle.cache.internal.DefaultFileLockManager] Releasing lock on daemon addresses registry.
2026-09-03T20:04:24.501+0700 [DEBUG] [org.gradle.cache.internal.DefaultFileLockManager] Waiting to acquire shared lock on daemon addresses registry.
2026-09-03T20:04:24.503+0700 [DEBUG] [org.gradle.cache.internal.DefaultFileLockManager] Lock acquired on daemon addresses registry.
2026-09-03T20:04:24.504+0700 [DEBUG] [org.gradle.cache.internal.DefaultFileLockManager] Releasing lock on daemon addresses registry.
2026-09-03T20:04:24.509+0700 [DEBUG] [org.gradle.cache.internal.DefaultFileLockManager] Waiting to acquire shared lock on daemon addresses registry.
2026-09-03T20:04:24.510+0700 [DEBUG] [org.gradle.cache.internal.DefaultFileLockManager] Lock acquired on daemon addresses registry.
2026-09-03T20:04:24.510+0700 [DEBUG] [org.gradle.cache.internal.DefaultFileLockManager] Releasing lock on daemon addresses registry.
2026-09-03T20:04:27.922+0700 [DEBUG] [org.gradle.process.internal.health.memory.DefaultMemoryManager] 638754816 physical memory requested, 387842048 free
2026-09-03T20:04:27.923+0700 [DEBUG] [org.gradle.workers.internal.WorkerDaemonExpiration] Will attempt to release 609 of memory
2026-09-03T20:04:27.923+0700 [DEBUG] [org.gradle.process.internal.health.memory.DefaultMemoryManager] 638754816 physical memory requested, 0 released, 387842048 free
2026-09-03T20:04:32.918+0700 [DEBUG] [org.gradle.process.internal.health.memory.DefaultMemoryManager] 638754816 physical memory requested, 461230080 free
2026-09-03T20:04:32.941+0700 [DEBUG] [org.gradle.workers.internal.WorkerDaemonExpiration] Will attempt to release 609 of memory
2026-09-03T20:04:32.942+0700 [DEBUG] [org.gradle.process.internal.health.memory.DefaultMemoryManager] 638754816 physical memory requested, 0 released, 461230080 free
2026-09-03T20:04:34.173+0700 [DEBUG] [org.gradle.cache.internal.DefaultFileLockManager] Waiting to acquire shared lock on daemon addresses registry.
2026-09-03T20:04:34.173+0700 [DEBUG] [org.gradle.cache.internal.DefaultFileLockManager] Lock acquired on daemon addresses registry.
2026-09-03T20:04:34.199+0700 [DEBUG] [org.gradle.cache.internal.DefaultFileLockManager] Releasing lock on daemon addresses registry.
2026-09-03T20:04:34.204+0700 [DEBUG] [org.gradle.cache.internal.DefaultFileLockManager] Waiting to acquire shared lock on daemon addresses registry.
2026-09-03T20:04:34.204+0700 [DEBUG] [org.gradle.cache.internal.DefaultFileLockManager] Lock acquired on daemon addresses registry.
2026-09-03T20:04:34.205+0700 [DEBUG] [org.gradle.cache.internal.DefaultFileLockManager] Releasing lock on daemon addresses registry.
2026-09-03T20:04:34.209+0700 [DEBUG] [org.gradle.cache.internal.DefaultFileLockManager] Waiting to acquire shared lock on daemon addresses registry.
2026-09-03T20:04:34.209+0700 [DEBUG] [org.gradle.cache.internal.DefaultFileLockManager] Lock acquired on daemon addresses registry.
2026-09-03T20:04:34.210+0700 [DEBUG] [org.gradle.cache.internal.DefaultFileLockManager] Releasing lock on daemon addresses registry.
2026-09-03T20:04:37.917+0700 [DEBUG] [org.gradle.process.internal.health.memory.DefaultMemoryManager] 638754816 physical memory requested, 430313472 free
2026-09-03T20:04:37.917+0700 [DEBUG] [org.gradle.workers.internal.WorkerDaemonExpiration] Will attempt to release 609 of memory
2026-09-03T20:04:37.918+0700 [DEBUG] [org.gradle.process.internal.health.memory.DefaultMemoryManager] 638754816 physical memory requested, 0 released, 430313472 free
2026-09-03T20:04:42.929+0700 [DEBUG] [org.gradle.process.internal.health.memory.DefaultMemoryManager] 638754816 physical memory requested, 339288064 free
2026-09-03T20:04:42.929+0700 [DEBUG] [org.gradle.workers.internal.WorkerDaemonExpiration] Will attempt to release 609 of memory
2026-09-03T20:04:42.929+0700 [DEBUG] [org.gradle.process.internal.health.memory.DefaultMemoryManager] 638754816 physical memory requested, 0 released, 339288064 free
2026-09-03T20:04:44.176+0700 [DEBUG] [org.gradle.cache.internal.DefaultFileLockManager] Waiting to acquire shared lock on daemon addresses registry.
2026-09-03T20:04:44.178+0700 [DEBUG] [org.gradle.cache.internal.DefaultFileLockManager] Lock acquired on daemon addresses registry.
2026-09-03T20:04:44.178+0700 [DEBUG] [org.gradle.cache.internal.DefaultFileLockManager] Releasing lock on daemon addresses registry.
2026-09-03T20:04:44.183+0700 [DEBUG] [org.gradle.cache.internal.DefaultFileLockManager] Waiting to acquire shared lock on daemon addresses registry.
2026-09-03T20:04:44.183+0700 [DEBUG] [org.gradle.cache.internal.DefaultFileLockManager] Lock acquired on daemon addresses registry.
2026-09-03T20:04:44.186+0700 [DEBUG] [org.gradle.cache.internal.DefaultFileLockManager] Releasing lock on daemon addresses registry.
2026-09-03T20:04:44.189+0700 [DEBUG] [org.gradle.cache.internal.DefaultFileLockManager] Waiting to acquire shared lock on daemon addresses registry.
2026-09-03T20:04:44.190+0700 [DEBUG] [org.gradle.cache.internal.DefaultFileLockManager] Lock acquired on daemon addresses registry.
2026-09-03T20:04:44.190+0700 [DEBUG] [org.gradle.cache.internal.DefaultFileLockManager] Releasing lock on daemon addresses registry.
2026-09-03T20:04:47.959+0700 [DEBUG] [org.gradle.process.internal.health.memory.DefaultMemoryManager] 638754816 physical memory requested, 275890176 free
2026-09-03T20:04:47.959+0700 [DEBUG] [org.gradle.workers.internal.WorkerDaemonExpiration] Will attempt to release 609 of memory
2026-09-03T20:04:47.959+0700 [DEBUG] [org.gradle.process.internal.health.memory.DefaultMemoryManager] 638754816 physical memory requested, 0 released, 275890176 free
2026-09-03T20:04:52.929+0700 [DEBUG] [org.gradle.process.internal.health.memory.DefaultMemoryManager] 638754816 physical memory requested, 315363328 free
2026-09-03T20:04:52.929+0700 [DEBUG] [org.gradle.workers.internal.WorkerDaemonExpiration] Will attempt to release 609 of memory
2026-09-03T20:04:52.930+0700 [DEBUG] [org.gradle.process.internal.health.memory.DefaultMemoryManager] 638754816 physical memory requested, 0 released, 315363328 free
2026-09-03T20:04:54.211+0700 [DEBUG] [org.gradle.cache.internal.DefaultFileLockManager] Waiting to acquire shared lock on daemon addresses registry.
2026-09-03T20:04:54.212+0700 [DEBUG] [org.gradle.cache.internal.DefaultFileLockManager] Lock acquired on daemon addresses registry.
2026-09-03T20:04:54.213+0700 [DEBUG] [org.gradle.cache.internal.DefaultFileLockManager] Releasing lock on daemon addresses registry.
2026-09-03T20:04:54.262+0700 [DEBUG] [org.gradle.cache.internal.DefaultFileLockManager] Waiting to acquire shared lock on daemon addresses registry.
2026-09-03T20:04:54.263+0700 [DEBUG] [org.gradle.cache.internal.DefaultFileLockManager] Lock acquired on daemon addresses registry.
2026-09-03T20:04:54.267+0700 [DEBUG] [org.gradle.cache.internal.DefaultFileLockManager] Releasing lock on daemon addresses registry.
2026-09-03T20:04:54.270+0700 [DEBUG] [org.gradle.cache.internal.DefaultFileLockManager] Waiting to acquire shared lock on daemon addresses registry.
2026-09-03T20:04:54.272+0700 [DEBUG] [org.gradle.cache.internal.DefaultFileLockManager] Lock acquired on daemon addresses registry.
2026-09-03T20:04:54.274+0700 [DEBUG] [org.gradle.cache.internal.DefaultFileLockManager] Releasing lock on daemon addresses registry.
2026-09-03T20:04:57.929+0700 [DEBUG] [org.gradle.process.internal.health.memory.DefaultMemoryManager] 638754816 physical memory requested, 412852224 free
2026-09-03T20:04:57.930+0700 [DEBUG] [org.gradle.workers.internal.WorkerDaemonExpiration] Will attempt to release 609 of memory
2026-09-03T20:04:57.930+0700 [DEBUG] [org.gradle.process.internal.health.memory.DefaultMemoryManager] 638754816 physical memory requested, 0 released, 412852224 free
2026-09-03T20:05:02.966+0700 [DEBUG] [org.gradle.process.internal.health.memory.DefaultMemoryManager] 638754816 physical memory requested, 441626624 free
2026-09-03T20:05:02.971+0700 [DEBUG] [org.gradle.workers.internal.WorkerDaemonExpiration] Will attempt to release 609 of memory
2026-09-03T20:05:02.972+0700 [DEBUG] [org.gradle.process.internal.health.memory.DefaultMemoryManager] 638754816 physical memory requested, 0 released, 441626624 free
2026-09-03T20:05:04.181+0700 [DEBUG] [org.gradle.cache.internal.DefaultFileLockManager] Waiting to acquire shared lock on daemon addresses registry.
2026-09-03T20:05:04.182+0700 [DEBUG] [org.gradle.cache.internal.DefaultFileLockManager] Lock acquired on daemon addresses registry.
2026-09-03T20:05:04.214+0700 [DEBUG] [org.gradle.cache.internal.DefaultFileLockManager] Releasing lock on daemon addresses registry.
2026-09-03T20:05:04.220+0700 [DEBUG] [org.gradle.cache.internal.DefaultFileLockManager] Waiting to acquire shared lock on daemon addresses registry.
2026-09-03T20:05:04.220+0700 [DEBUG] [org.gradle.cache.internal.DefaultFileLockManager] Lock acquired on daemon addresses registry.
2026-09-03T20:05:04.222+0700 [DEBUG] [org.gradle.cache.internal.DefaultFileLockManager] Releasing lock on daemon addresses registry.
2026-09-03T20:05:04.225+0700 [DEBUG] [org.gradle.cache.internal.DefaultFileLockManager] Waiting to acquire shared lock on daemon addresses registry.
2026-09-03T20:05:04.225+0700 [DEBUG] [org.gradle.cache.internal.DefaultFileLockManager] Lock acquired on daemon addresses registry.
2026-09-03T20:05:04.226+0700 [DEBUG] [org.gradle.cache.internal.DefaultFileLockManager] Releasing lock on daemon addresses registry.
2026-09-03T20:05:07.919+0700 [DEBUG] [org.gradle.process.internal.health.memory.DefaultMemoryManager] 638754816 physical memory requested, 398737408 free
2026-09-03T20:05:07.919+0700 [DEBUG] [org.gradle.workers.internal.WorkerDaemonExpiration] Will attempt to release 609 of memory
2026-09-03T20:05:07.919+0700 [DEBUG] [org.gradle.process.internal.health.memory.DefaultMemoryManager] 638754816 physical memory requested, 0 released, 398737408 free
2026-09-03T20:05:12.927+0700 [DEBUG] [org.gradle.process.internal.health.memory.DefaultMemoryManager] 638754816 physical memory requested, 393445376 free
2026-09-03T20:05:12.927+0700 [DEBUG] [org.gradle.workers.internal.WorkerDaemonExpiration] Will attempt to release 609 of memory
2026-09-03T20:05:12.928+0700 [DEBUG] [org.gradle.process.internal.health.memory.DefaultMemoryManager] 638754816 physical memory requested, 0 released, 393445376 free
2026-09-03T20:05:14.184+0700 [DEBUG] [org.gradle.cache.internal.DefaultFileLockManager] Waiting to acquire shared lock on daemon addresses registry.
2026-09-03T20:05:14.184+0700 [DEBUG] [org.gradle.cache.internal.DefaultFileLockManager] Lock acquired on daemon addresses registry.
2026-09-03T20:05:14.187+0700 [DEBUG] [org.gradle.cache.internal.DefaultFileLockManager] Releasing lock on daemon addresses registry.
2026-09-03T20:05:14.190+0700 [DEBUG] [org.gradle.cache.internal.DefaultFileLockManager] Waiting to acquire shared lock on daemon addresses registry.
2026-09-03T20:05:14.190+0700 [DEBUG] [org.gradle.cache.internal.DefaultFileLockManager] Lock acquired on daemon addresses registry.
2026-09-03T20:05:14.190+0700 [DEBUG] [org.gradle.cache.internal.DefaultFileLockManager] Releasing lock on daemon addresses registry.
2026-09-03T20:05:14.191+0700 [DEBUG] [org.gradle.cache.internal.DefaultFileLockManager] Waiting to acquire shared lock on daemon addresses registry.
2026-09-03T20:05:14.192+0700 [DEBUG] [org.gradle.cache.internal.DefaultFileLockManager] Lock acquired on daemon addresses registry.
2026-09-03T20:05:14.192+0700 [DEBUG] [org.gradle.cache.internal.DefaultFileLockManager] Releasing lock on daemon addresses registry.
2026-09-03T20:05:17.923+0700 [DEBUG] [org.gradle.process.internal.health.memory.DefaultMemoryManager] 638754816 physical memory requested, 398045184 free
2026-09-03T20:05:17.924+0700 [DEBUG] [org.gradle.workers.internal.WorkerDaemonExpiration] Will attempt to release 609 of memory
2026-09-03T20:05:17.924+0700 [DEBUG] [org.gradle.process.internal.health.memory.DefaultMemoryManager] 638754816 physical memory requested, 0 released, 398045184 free
2026-09-03T20:05:22.921+0700 [DEBUG] [org.gradle.process.internal.health.memory.DefaultMemoryManager] 638754816 physical memory requested, 402219008 free
2026-09-03T20:05:22.921+0700 [DEBUG] [org.gradle.workers.internal.WorkerDaemonExpiration] Will attempt to release 609 of memory
2026-09-03T20:05:22.922+0700 [DEBUG] [org.gradle.process.internal.health.memory.DefaultMemoryManager] 638754816 physical memory requested, 0 released, 402219008 free
2026-09-03T20:05:24.194+0700 [DEBUG] [org.gradle.cache.internal.DefaultFileLockManager] Waiting to acquire shared lock on daemon addresses registry.
2026-09-03T20:05:24.194+0700 [DEBUG] [org.gradle.cache.internal.DefaultFileLockManager] Lock acquired on daemon addresses registry.
2026-09-03T20:05:24.195+0700 [DEBUG] [org.gradle.cache.internal.DefaultFileLockManager] Releasing lock on daemon addresses registry.
2026-09-03T20:05:24.198+0700 [DEBUG] [org.gradle.cache.internal.DefaultFileLockManager] Waiting to acquire shared lock on daemon addresses registry.
2026-09-03T20:05:24.199+0700 [DEBUG] [org.gradle.cache.internal.DefaultFileLockManager] Lock acquired on daemon addresses registry.
2026-09-03T20:05:24.199+0700 [DEBUG] [org.gradle.cache.internal.DefaultFileLockManager] Releasing lock on daemon addresses registry.
2026-09-03T20:05:24.201+0700 [DEBUG] [org.gradle.cache.internal.DefaultFileLockManager] Waiting to acquire shared lock on daemon addresses registry.
2026-09-03T20:05:24.202+0700 [DEBUG] [org.gradle.cache.internal.DefaultFileLockManager] Lock acquired on daemon addresses registry.
2026-09-03T20:05:24.203+0700 [DEBUG] [org.gradle.cache.internal.DefaultFileLockManager] Releasing lock on daemon addresses registry.
2026-09-03T20:05:27.916+0700 [DEBUG] [org.gradle.process.internal.health.memory.DefaultMemoryManager] 638754816 physical memory requested, 402923520 free
2026-09-03T20:05:27.916+0700 [DEBUG] [org.gradle.workers.internal.WorkerDaemonExpiration] Will attempt to release 609 of memory
2026-09-03T20:05:27.917+0700 [DEBUG] [org.gradle.process.internal.health.memory.DefaultMemoryManager] 638754816 physical memory requested, 0 released, 402923520 free
2026-09-03T20:05:32.917+0700 [DEBUG] [org.gradle.process.internal.health.memory.DefaultMemoryManager] 638754816 physical memory requested, 405299200 free
2026-09-03T20:05:32.918+0700 [DEBUG] [org.gradle.workers.internal.WorkerDaemonExpiration] Will attempt to release 609 of memory
2026-09-03T20:05:32.918+0700 [DEBUG] [org.gradle.process.internal.health.memory.DefaultMemoryManager] 638754816 physical memory requested, 0 released, 405299200 free
2026-09-03T20:05:34.168+0700 [DEBUG] [org.gradle.cache.internal.DefaultFileLockManager] Waiting to acquire shared lock on daemon addresses registry.
2026-09-03T20:05:34.168+0700 [DEBUG] [org.gradle.cache.internal.DefaultFileLockManager] Lock acquired on daemon addresses registry.
2026-09-03T20:05:34.168+0700 [DEBUG] [org.gradle.cache.internal.DefaultFileLockManager] Releasing lock on daemon addresses registry.
2026-09-03T20:05:34.170+0700 [DEBUG] [org.gradle.cache.internal.DefaultFileLockManager] Waiting to acquire shared lock on daemon addresses registry.
2026-09-03T20:05:34.170+0700 [DEBUG] [org.gradle.cache.internal.DefaultFileLockManager] Lock acquired on daemon addresses registry.
2026-09-03T20:05:34.171+0700 [DEBUG] [org.gradle.cache.internal.DefaultFileLockManager] Releasing lock on daemon addresses registry.
2026-09-03T20:05:34.173+0700 [DEBUG] [org.gradle.cache.internal.DefaultFileLockManager] Waiting to acquire shared lock on daemon addresses registry.
2026-09-03T20:05:34.173+0700 [DEBUG] [org.gradle.cache.internal.DefaultFileLockManager] Lock acquired on daemon addresses registry.
2026-09-03T20:05:34.174+0700 [DEBUG] [org.gradle.cache.internal.DefaultFileLockManager] Releasing lock on daemon addresses registry.
2026-09-03T20:05:37.938+0700 [DEBUG] [org.gradle.process.internal.health.memory.DefaultMemoryManager] 638754816 physical memory requested, 404381696 free
2026-09-03T20:05:37.938+0700 [DEBUG] [org.gradle.workers.internal.WorkerDaemonExpiration] Will attempt to release 609 of memory
2026-09-03T20:05:37.938+0700 [DEBUG] [org.gradle.process.internal.health.memory.DefaultMemoryManager] 638754816 physical memory requested, 0 released, 404381696 free
2026-09-03T20:05:42.923+0700 [DEBUG] [org.gradle.process.internal.health.memory.DefaultMemoryManager] 638754816 physical memory requested, 404602880 free
2026-09-03T20:05:42.924+0700 [DEBUG] [org.gradle.workers.internal.WorkerDaemonExpiration] Will attempt to release 609 of memory
2026-09-03T20:05:42.924+0700 [DEBUG] [org.gradle.process.internal.health.memory.DefaultMemoryManager] 638754816 physical memory requested, 0 released, 404602880 free
2026-09-03T20:05:44.178+0700 [DEBUG] [org.gradle.cache.internal.DefaultFileLockManager] Waiting to acquire shared lock on daemon addresses registry.
2026-09-03T20:05:44.179+0700 [DEBUG] [org.gradle.cache.internal.DefaultFileLockManager] Lock acquired on daemon addresses registry.
2026-09-03T20:05:44.190+0700 [DEBUG] [org.gradle.cache.internal.DefaultFileLockManager] Releasing lock on daemon addresses registry.
2026-09-03T20:05:44.192+0700 [DEBUG] [org.gradle.cache.internal.DefaultFileLockManager] Waiting to acquire shared lock on daemon addresses registry.
2026-09-03T20:05:44.192+0700 [DEBUG] [org.gradle.cache.internal.DefaultFileLockManager] Lock acquired on daemon addresses registry.
2026-09-03T20:05:44.193+0700 [DEBUG] [org.gradle.cache.internal.DefaultFileLockManager] Releasing lock on daemon addresses registry.
2026-09-03T20:05:44.194+0700 [DEBUG] [org.gradle.cache.internal.DefaultFileLockManager] Waiting to acquire shared lock on daemon addresses registry.
2026-09-03T20:05:44.194+0700 [DEBUG] [org.gradle.cache.internal.DefaultFileLockManager] Lock acquired on daemon addresses registry.
2026-09-03T20:05:44.195+0700 [DEBUG] [org.gradle.cache.internal.DefaultFileLockManager] Releasing lock on daemon addresses registry.
2026-09-03T20:05:47.924+0700 [DEBUG] [org.gradle.process.internal.health.memory.DefaultMemoryManager] 638754816 physical memory requested, 365449216 free
2026-09-03T20:05:47.929+0700 [DEBUG] [org.gradle.workers.internal.WorkerDaemonExpiration] Will attempt to release 609 of memory
2026-09-03T20:05:47.930+0700 [DEBUG] [org.gradle.process.internal.health.memory.DefaultMemoryManager] 638754816 physical memory requested, 0 released, 365449216 free
2026-09-03T20:05:52.929+0700 [DEBUG] [org.gradle.process.internal.health.memory.DefaultMemoryManager] 638754816 physical memory requested, 289083392 free
2026-09-03T20:05:52.929+0700 [DEBUG] [org.gradle.workers.internal.WorkerDaemonExpiration] Will attempt to release 609 of memory
2026-09-03T20:05:52.929+0700 [DEBUG] [org.gradle.process.internal.health.memory.DefaultMemoryManager] 638754816 physical memory requested, 0 released, 289083392 free
2026-09-03T20:05:54.183+0700 [DEBUG] [org.gradle.cache.internal.DefaultFileLockManager] Waiting to acquire shared lock on daemon addresses registry.
2026-09-03T20:05:54.183+0700 [DEBUG] [org.gradle.cache.internal.DefaultFileLockManager] Lock acquired on daemon addresses registry.
2026-09-03T20:05:54.184+0700 [DEBUG] [org.gradle.cache.internal.DefaultFileLockManager] Releasing lock on daemon addresses registry.
2026-09-03T20:05:54.185+0700 [DEBUG] [org.gradle.cache.internal.DefaultFileLockManager] Waiting to acquire shared lock on daemon addresses registry.
2026-09-03T20:05:54.186+0700 [DEBUG] [org.gradle.cache.internal.DefaultFileLockManager] Lock acquired on daemon addresses registry.
2026-09-03T20:05:54.186+0700 [DEBUG] [org.gradle.cache.internal.DefaultFileLockManager] Releasing lock on daemon addresses registry.
2026-09-03T20:05:54.188+0700 [DEBUG] [org.gradle.cache.internal.DefaultFileLockManager] Waiting to acquire shared lock on daemon addresses registry.
2026-09-03T20:05:54.188+0700 [DEBUG] [org.gradle.cache.internal.DefaultFileLockManager] Lock acquired on daemon addresses registry.
2026-09-03T20:05:54.188+0700 [DEBUG] [org.gradle.cache.internal.DefaultFileLockManager] Releasing lock on daemon addresses registry.
2026-09-03T20:05:57.919+0700 [DEBUG] [org.gradle.process.internal.health.memory.DefaultMemoryManager] 638754816 physical memory requested, 264925184 free
2026-09-03T20:05:57.920+0700 [DEBUG] [org.gradle.workers.internal.WorkerDaemonExpiration] Will attempt to release 609 of memory
2026-09-03T20:05:57.920+0700 [DEBUG] [org.gradle.process.internal.health.memory.DefaultMemoryManager] 638754816 physical memory requested, 0 released, 264925184 free
2026-09-03T20:06:02.918+0700 [DEBUG] [org.gradle.process.internal.health.memory.DefaultMemoryManager] 638754816 physical memory requested, 378863616 free
2026-09-03T20:06:02.919+0700 [DEBUG] [org.gradle.workers.internal.WorkerDaemonExpiration] Will attempt to release 609 of memory
2026-09-03T20:06:02.919+0700 [DEBUG] [org.gradle.process.internal.health.memory.DefaultMemoryManager] 638754816 physical memory requested, 0 released, 378863616 free
2026-09-03T20:06:04.177+0700 [DEBUG] [org.gradle.cache.internal.DefaultFileLockManager] Waiting to acquire shared lock on daemon addresses registry.
2026-09-03T20:06:04.177+0700 [DEBUG] [org.gradle.cache.internal.DefaultFileLockManager] Lock acquired on daemon addresses registry.
2026-09-03T20:06:04.178+0700 [DEBUG] [org.gradle.cache.internal.DefaultFileLockManager] Releasing lock on daemon addresses registry.
2026-09-03T20:06:04.181+0700 [DEBUG] [org.gradle.cache.internal.DefaultFileLockManager] Waiting to acquire shared lock on daemon addresses registry.
2026-09-03T20:06:04.181+0700 [DEBUG] [org.gradle.cache.internal.DefaultFileLockManager] Lock acquired on daemon addresses registry.
2026-09-03T20:06:04.182+0700 [DEBUG] [org.gradle.cache.internal.DefaultFileLockManager] Releasing lock on daemon addresses registry.
2026-09-03T20:06:04.183+0700 [DEBUG] [org.gradle.cache.internal.DefaultFileLockManager] Waiting to acquire shared lock on daemon addresses registry.
2026-09-03T20:06:04.184+0700 [DEBUG] [org.gradle.cache.internal.DefaultFileLockManager] Lock acquired on daemon addresses registry.
2026-09-03T20:06:04.184+0700 [DEBUG] [org.gradle.cache.internal.DefaultFileLockManager] Releasing lock on daemon addresses registry.
2026-09-03T20:06:07.924+0700 [DEBUG] [org.gradle.process.internal.health.memory.DefaultMemoryManager] 638754816 physical memory requested, 509726720 free
2026-09-03T20:06:07.925+0700 [DEBUG] [org.gradle.workers.internal.WorkerDaemonExpiration] Will attempt to release 609 of memory
2026-09-03T20:06:07.925+0700 [DEBUG] [org.gradle.process.internal.health.memory.DefaultMemoryManager] 638754816 physical memory requested, 0 released, 509726720 free
2026-09-03T20:06:12.921+0700 [DEBUG] [org.gradle.process.internal.health.memory.DefaultMemoryManager] 638754816 physical memory requested, 411283456 free
2026-09-03T20:06:12.921+0700 [DEBUG] [org.gradle.workers.internal.WorkerDaemonExpiration] Will attempt to release 609 of memory
2026-09-03T20:06:12.921+0700 [DEBUG] [org.gradle.process.internal.health.memory.DefaultMemoryManager] 638754816 physical memory requested, 0 released, 411283456 free
2026-09-03T20:06:14.178+0700 [DEBUG] [org.gradle.cache.internal.DefaultFileLockManager] Waiting to acquire shared lock on daemon addresses registry.
2026-09-03T20:06:14.178+0700 [DEBUG] [org.gradle.cache.internal.DefaultFileLockManager] Lock acquired on daemon addresses registry.
2026-09-03T20:06:14.180+0700 [DEBUG] [org.gradle.cache.internal.DefaultFileLockManager] Releasing lock on daemon addresses registry.
2026-09-03T20:06:14.185+0700 [DEBUG] [org.gradle.cache.internal.DefaultFileLockManager] Waiting to acquire shared lock on daemon addresses registry.
2026-09-03T20:06:14.186+0700 [DEBUG] [org.gradle.cache.internal.DefaultFileLockManager] Lock acquired on daemon addresses registry.
2026-09-03T20:06:14.186+0700 [DEBUG] [org.gradle.cache.internal.DefaultFileLockManager] Releasing lock on daemon addresses registry.
2026-09-03T20:06:14.188+0700 [DEBUG] [org.gradle.cache.internal.DefaultFileLockManager] Waiting to acquire shared lock on daemon addresses registry.
2026-09-03T20:06:14.188+0700 [DEBUG] [org.gradle.cache.internal.DefaultFileLockManager] Lock acquired on daemon addresses registry.
2026-09-03T20:06:14.189+0700 [DEBUG] [org.gradle.cache.internal.DefaultFileLockManager] Releasing lock on daemon addresses registry.
2026-09-03T20:06:17.918+0700 [DEBUG] [org.gradle.process.internal.health.memory.DefaultMemoryManager] 638754816 physical memory requested, 373145600 free
2026-09-03T20:06:17.918+0700 [DEBUG] [org.gradle.workers.internal.WorkerDaemonExpiration] Will attempt to release 609 of memory
2026-09-03T20:06:17.918+0700 [DEBUG] [org.gradle.process.internal.health.memory.DefaultMemoryManager] 638754816 physical memory requested, 0 released, 373145600 free
2026-09-03T20:06:22.929+0700 [DEBUG] [org.gradle.process.internal.health.memory.DefaultMemoryManager] 638754816 physical memory requested, 348790784 free
2026-09-03T20:06:22.929+0700 [DEBUG] [org.gradle.workers.internal.WorkerDaemonExpiration] Will attempt to release 609 of memory
2026-09-03T20:06:22.929+0700 [DEBUG] [org.gradle.process.internal.health.memory.DefaultMemoryManager] 638754816 physical memory requested, 0 released, 348790784 free
2026-09-03T20:06:24.184+0700 [DEBUG] [org.gradle.cache.internal.DefaultFileLockManager] Waiting to acquire shared lock on daemon addresses registry.
2026-09-03T20:06:24.184+0700 [DEBUG] [org.gradle.cache.internal.DefaultFileLockManager] Lock acquired on daemon addresses registry.
2026-09-03T20:06:24.185+0700 [DEBUG] [org.gradle.cache.internal.DefaultFileLockManager] Releasing lock on daemon addresses registry.
2026-09-03T20:06:24.190+0700 [DEBUG] [org.gradle.cache.internal.DefaultFileLockManager] Waiting to acquire shared lock on daemon addresses registry.
2026-09-03T20:06:24.190+0700 [DEBUG] [org.gradle.cache.internal.DefaultFileLockManager] Lock acquired on daemon addresses registry.
2026-09-03T20:06:24.191+0700 [DEBUG] [org.gradle.cache.internal.DefaultFileLockManager] Releasing lock on daemon addresses registry.
2026-09-03T20:06:24.193+0700 [DEBUG] [org.gradle.cache.internal.DefaultFileLockManager] Waiting to acquire shared lock on daemon addresses registry.
2026-09-03T20:06:24.193+0700 [DEBUG] [org.gradle.cache.internal.DefaultFileLockManager] Lock acquired on daemon addresses registry.
2026-09-03T20:06:24.194+0700 [DEBUG] [org.gradle.cache.internal.DefaultFileLockManager] Releasing lock on daemon addresses registry.
2026-09-03T20:06:27.922+0700 [DEBUG] [org.gradle.process.internal.health.memory.DefaultMemoryManager] 638754816 physical memory requested, 323993600 free
2026-09-03T20:06:27.922+0700 [DEBUG] [org.gradle.workers.internal.WorkerDaemonExpiration] Will attempt to release 609 of memory
2026-09-03T20:06:27.922+0700 [DEBUG] [org.gradle.process.internal.health.memory.DefaultMemoryManager] 638754816 physical memory requested, 0 released, 323993600 free
2026-09-03T20:06:32.926+0700 [DEBUG] [org.gradle.process.internal.health.memory.DefaultMemoryManager] 638754816 physical memory requested, 328564736 free
2026-09-03T20:06:32.926+0700 [DEBUG] [org.gradle.workers.internal.WorkerDaemonExpiration] Will attempt to release 609 of memory
2026-09-03T20:06:32.926+0700 [DEBUG] [org.gradle.process.internal.health.memory.DefaultMemoryManager] 638754816 physical memory requested, 0 released, 328564736 free
2026-09-03T20:06:34.175+0700 [DEBUG] [org.gradle.cache.internal.DefaultFileLockManager] Waiting to acquire shared lock on daemon addresses registry.
2026-09-03T20:06:34.175+0700 [DEBUG] [org.gradle.cache.internal.DefaultFileLockManager] Lock acquired on daemon addresses registry.
2026-09-03T20:06:34.188+0700 [DEBUG] [org.gradle.cache.internal.DefaultFileLockManager] Releasing lock on daemon addresses registry.
2026-09-03T20:06:34.190+0700 [DEBUG] [org.gradle.cache.internal.DefaultFileLockManager] Waiting to acquire shared lock on daemon addresses registry.
2026-09-03T20:06:34.190+0700 [DEBUG] [org.gradle.cache.internal.DefaultFileLockManager] Lock acquired on daemon addresses registry.
2026-09-03T20:06:34.191+0700 [DEBUG] [org.gradle.cache.internal.DefaultFileLockManager] Releasing lock on daemon addresses registry.
2026-09-03T20:06:34.193+0700 [DEBUG] [org.gradle.cache.internal.DefaultFileLockManager] Waiting to acquire shared lock on daemon addresses registry.
2026-09-03T20:06:34.193+0700 [DEBUG] [org.gradle.cache.internal.DefaultFileLockManager] Lock acquired on daemon addresses registry.
2026-09-03T20:06:34.193+0700 [DEBUG] [org.gradle.cache.internal.DefaultFileLockManager] Releasing lock on daemon addresses registry.
2026-09-03T20:06:37.924+0700 [DEBUG] [org.gradle.process.internal.health.memory.DefaultMemoryManager] 638754816 physical memory requested, 324943872 free
2026-09-03T20:06:37.924+0700 [DEBUG] [org.gradle.workers.internal.WorkerDaemonExpiration] Will attempt to release 609 of memory
2026-09-03T20:06:37.924+0700 [DEBUG] [org.gradle.process.internal.health.memory.DefaultMemoryManager] 638754816 physical memory requested, 0 released, 324943872 free
2026-09-03T20:06:42.916+0700 [DEBUG] [org.gradle.process.internal.health.memory.DefaultMemoryManager] 638754816 physical memory requested, 314572800 free
2026-09-03T20:06:42.916+0700 [DEBUG] [org.gradle.workers.internal.WorkerDaemonExpiration] Will attempt to release 609 of memory
2026-09-03T20:06:42.917+0700 [DEBUG] [org.gradle.process.internal.health.memory.DefaultMemoryManager] 638754816 physical memory requested, 0 released, 314572800 free
2026-09-03T20:06:44.183+0700 [DEBUG] [org.gradle.cache.internal.DefaultFileLockManager] Waiting to acquire shared lock on daemon addresses registry.
2026-09-03T20:06:44.184+0700 [DEBUG] [org.gradle.cache.internal.DefaultFileLockManager] Lock acquired on daemon addresses registry.
2026-09-03T20:06:44.197+0700 [DEBUG] [org.gradle.cache.internal.DefaultFileLockManager] Releasing lock on daemon addresses registry.
2026-09-03T20:06:44.199+0700 [DEBUG] [org.gradle.cache.internal.DefaultFileLockManager] Waiting to acquire shared lock on daemon addresses registry.
2026-09-03T20:06:44.199+0700 [DEBUG] [org.gradle.cache.internal.DefaultFileLockManager] Lock acquired on daemon addresses registry.
2026-09-03T20:06:44.200+0700 [DEBUG] [org.gradle.cache.internal.DefaultFileLockManager] Releasing lock on daemon addresses registry.
2026-09-03T20:06:44.201+0700 [DEBUG] [org.gradle.cache.internal.DefaultFileLockManager] Waiting to acquire shared lock on daemon addresses registry.
2026-09-03T20:06:44.201+0700 [DEBUG] [org.gradle.cache.internal.DefaultFileLockManager] Lock acquired on daemon addresses registry.
2026-09-03T20:06:44.202+0700 [DEBUG] [org.gradle.cache.internal.DefaultFileLockManager] Releasing lock on daemon addresses registry.
2026-09-03T20:06:47.923+0700 [DEBUG] [org.gradle.process.internal.health.memory.DefaultMemoryManager] 638754816 physical memory requested, 309141504 free
2026-09-03T20:06:47.923+0700 [DEBUG] [org.gradle.workers.internal.WorkerDaemonExpiration] Will attempt to release 609 of memory
2026-09-03T20:06:47.923+0700 [DEBUG] [org.gradle.process.internal.health.memory.DefaultMemoryManager] 638754816 physical memory requested, 0 released, 309141504 free
2026-09-03T20:06:52.924+0700 [DEBUG] [org.gradle.process.internal.health.memory.DefaultMemoryManager] 638754816 physical memory requested, 327331840 free
2026-09-03T20:06:52.924+0700 [DEBUG] [org.gradle.workers.internal.WorkerDaemonExpiration] Will attempt to release 609 of memory
2026-09-03T20:06:52.924+0700 [DEBUG] [org.gradle.process.internal.health.memory.DefaultMemoryManager] 638754816 physical memory requested, 0 released, 327331840 free
2026-09-03T20:06:54.172+0700 [DEBUG] [org.gradle.cache.internal.DefaultFileLockManager] Waiting to acquire shared lock on daemon addresses registry.
2026-09-03T20:06:54.172+0700 [DEBUG] [org.gradle.cache.internal.DefaultFileLockManager] Lock acquired on daemon addresses registry.
2026-09-03T20:06:54.186+0700 [DEBUG] [org.gradle.cache.internal.DefaultFileLockManager] Releasing lock on daemon addresses registry.
2026-09-03T20:06:54.188+0700 [DEBUG] [org.gradle.cache.internal.DefaultFileLockManager] Waiting to acquire shared lock on daemon addresses registry.
2026-09-03T20:06:54.188+0700 [DEBUG] [org.gradle.cache.internal.DefaultFileLockManager] Lock acquired on daemon addresses registry.
2026-09-03T20:06:54.188+0700 [DEBUG] [org.gradle.cache.internal.DefaultFileLockManager] Releasing lock on daemon addresses registry.
2026-09-03T20:06:54.189+0700 [DEBUG] [org.gradle.cache.internal.DefaultFileLockManager] Waiting to acquire shared lock on daemon addresses registry.
2026-09-03T20:06:54.190+0700 [DEBUG] [org.gradle.cache.internal.DefaultFileLockManager] Lock acquired on daemon addresses registry.
2026-09-03T20:06:54.191+0700 [DEBUG] [org.gradle.cache.internal.DefaultFileLockManager] Releasing lock on daemon addresses registry.
2026-09-03T20:06:57.922+0700 [DEBUG] [org.gradle.process.internal.health.memory.DefaultMemoryManager] 638754816 physical memory requested, 331816960 free
2026-09-03T20:06:57.922+0700 [DEBUG] [org.gradle.workers.internal.WorkerDaemonExpiration] Will attempt to release 609 of memory
2026-09-03T20:06:57.922+0700 [DEBUG] [org.gradle.process.internal.health.memory.DefaultMemoryManager] 638754816 physical memory requested, 0 released, 331816960 free
2026-09-03T20:07:02.920+0700 [DEBUG] [org.gradle.process.internal.health.memory.DefaultMemoryManager] 638754816 physical memory requested, 331509760 free
2026-09-03T20:07:02.920+0700 [DEBUG] [org.gradle.workers.internal.WorkerDaemonExpiration] Will attempt to release 609 of memory
2026-09-03T20:07:02.920+0700 [DEBUG] [org.gradle.process.internal.health.memory.DefaultMemoryManager] 638754816 physical memory requested, 0 released, 331509760 free
2026-09-03T20:07:04.183+0700 [DEBUG] [org.gradle.cache.internal.DefaultFileLockManager] Waiting to acquire shared lock on daemon addresses registry.
2026-09-03T20:07:04.184+0700 [DEBUG] [org.gradle.cache.internal.DefaultFileLockManager] Lock acquired on daemon addresses registry.
2026-09-03T20:07:04.196+0700 [DEBUG] [org.gradle.cache.internal.DefaultFileLockManager] Releasing lock on daemon addresses registry.
2026-09-03T20:07:04.198+0700 [DEBUG] [org.gradle.cache.internal.DefaultFileLockManager] Waiting to acquire shared lock on daemon addresses registry.
2026-09-03T20:07:04.198+0700 [DEBUG] [org.gradle.cache.internal.DefaultFileLockManager] Lock acquired on daemon addresses registry.
2026-09-03T20:07:04.199+0700 [DEBUG] [org.gradle.cache.internal.DefaultFileLockManager] Releasing lock on daemon addresses registry.
2026-09-03T20:07:04.201+0700 [DEBUG] [org.gradle.cache.internal.DefaultFileLockManager] Waiting to acquire shared lock on daemon addresses registry.
2026-09-03T20:07:04.201+0700 [DEBUG] [org.gradle.cache.internal.DefaultFileLockManager] Lock acquired on daemon addresses registry.
2026-09-03T20:07:04.201+0700 [DEBUG] [org.gradle.cache.internal.DefaultFileLockManager] Releasing lock on daemon addresses registry.
2026-09-03T20:07:07.925+0700 [DEBUG] [org.gradle.process.internal.health.memory.DefaultMemoryManager] 638754816 physical memory requested, 325677056 free
2026-09-03T20:07:07.926+0700 [DEBUG] [org.gradle.workers.internal.WorkerDaemonExpiration] Will attempt to release 609 of memory
2026-09-03T20:07:07.926+0700 [DEBUG] [org.gradle.process.internal.health.memory.DefaultMemoryManager] 638754816 physical memory requested, 0 released, 325677056 free
2026-09-03T20:07:12.925+0700 [DEBUG] [org.gradle.process.internal.health.memory.DefaultMemoryManager] 638754816 physical memory requested, 313700352 free
2026-09-03T20:07:12.925+0700 [DEBUG] [org.gradle.workers.internal.WorkerDaemonExpiration] Will attempt to release 609 of memory
2026-09-03T20:07:12.926+0700 [DEBUG] [org.gradle.process.internal.health.memory.DefaultMemoryManager] 638754816 physical memory requested, 0 released, 313700352 free
2026-09-03T20:07:14.182+0700 [DEBUG] [org.gradle.cache.internal.DefaultFileLockManager] Waiting to acquire shared lock on daemon addresses registry.
2026-09-03T20:07:14.182+0700 [DEBUG] [org.gradle.cache.internal.DefaultFileLockManager] Lock acquired on daemon addresses registry.
2026-09-03T20:07:14.183+0700 [DEBUG] [org.gradle.cache.internal.DefaultFileLockManager] Releasing lock on daemon addresses registry.
2026-09-03T20:07:14.185+0700 [DEBUG] [org.gradle.cache.internal.DefaultFileLockManager] Waiting to acquire shared lock on daemon addresses registry.
2026-09-03T20:07:14.186+0700 [DEBUG] [org.gradle.cache.internal.DefaultFileLockManager] Lock acquired on daemon addresses registry.
2026-09-03T20:07:14.186+0700 [DEBUG] [org.gradle.cache.internal.DefaultFileLockManager] Releasing lock on daemon addresses registry.
2026-09-03T20:07:14.187+0700 [DEBUG] [org.gradle.cache.internal.DefaultFileLockManager] Waiting to acquire shared lock on daemon addresses registry.
2026-09-03T20:07:14.188+0700 [DEBUG] [org.gradle.cache.internal.DefaultFileLockManager] Lock acquired on daemon addresses registry.
2026-09-03T20:07:14.188+0700 [DEBUG] [org.gradle.cache.internal.DefaultFileLockManager] Releasing lock on daemon addresses registry.
2026-09-03T20:07:17.920+0700 [DEBUG] [org.gradle.process.internal.health.memory.DefaultMemoryManager] 638754816 physical memory requested, 311341056 free
2026-09-03T20:07:17.920+0700 [DEBUG] [org.gradle.workers.internal.WorkerDaemonExpiration] Will attempt to release 609 of memory
2026-09-03T20:07:17.920+0700 [DEBUG] [org.gradle.process.internal.health.memory.DefaultMemoryManager] 638754816 physical memory requested, 0 released, 311341056 free
2026-09-03T20:07:22.920+0700 [DEBUG] [org.gradle.process.internal.health.memory.DefaultMemoryManager] 638754816 physical memory requested, 312496128 free
2026-09-03T20:07:22.920+0700 [DEBUG] [org.gradle.workers.internal.WorkerDaemonExpiration] Will attempt to release 609 of memory
2026-09-03T20:07:22.920+0700 [DEBUG] [org.gradle.process.internal.health.memory.DefaultMemoryManager] 638754816 physical memory requested, 0 released, 312496128 free
2026-09-03T20:07:24.182+0700 [DEBUG] [org.gradle.cache.internal.DefaultFileLockManager] Waiting to acquire shared lock on daemon addresses registry.
2026-09-03T20:07:24.183+0700 [DEBUG] [org.gradle.cache.internal.DefaultFileLockManager] Lock acquired on daemon addresses registry.
2026-09-03T20:07:24.183+0700 [DEBUG] [org.gradle.cache.internal.DefaultFileLockManager] Releasing lock on daemon addresses registry.
2026-09-03T20:07:24.186+0700 [DEBUG] [org.gradle.cache.internal.DefaultFileLockManager] Waiting to acquire shared lock on daemon addresses registry.
2026-09-03T20:07:24.186+0700 [DEBUG] [org.gradle.cache.internal.DefaultFileLockManager] Lock acquired on daemon addresses registry.
2026-09-03T20:07:24.187+0700 [DEBUG] [org.gradle.cache.internal.DefaultFileLockManager] Releasing lock on daemon addresses registry.
2026-09-03T20:07:24.189+0700 [DEBUG] [org.gradle.cache.internal.DefaultFileLockManager] Waiting to acquire shared lock on daemon addresses registry.
2026-09-03T20:07:24.190+0700 [DEBUG] [org.gradle.cache.internal.DefaultFileLockManager] Lock acquired on daemon addresses registry.
2026-09-03T20:07:24.190+0700 [DEBUG] [org.gradle.cache.internal.DefaultFileLockManager] Releasing lock on daemon addresses registry.
2026-09-03T20:07:27.918+0700 [DEBUG] [org.gradle.process.internal.health.memory.DefaultMemoryManager] 638754816 physical memory requested, 306733056 free
2026-09-03T20:07:27.919+0700 [DEBUG] [org.gradle.workers.internal.WorkerDaemonExpiration] Will attempt to release 609 of memory
2026-09-03T20:07:27.919+0700 [DEBUG] [org.gradle.process.internal.health.memory.DefaultMemoryManager] 638754816 physical memory requested, 0 released, 306733056 free
2026-09-03T20:07:32.923+0700 [DEBUG] [org.gradle.process.internal.health.memory.DefaultMemoryManager] 638754816 physical memory requested, 307597312 free
2026-09-03T20:07:32.923+0700 [DEBUG] [org.gradle.workers.internal.WorkerDaemonExpiration] Will attempt to release 609 of memory
2026-09-03T20:07:32.923+0700 [DEBUG] [org.gradle.process.internal.health.memory.DefaultMemoryManager] 638754816 physical memory requested, 0 released, 307597312 free
2026-09-03T20:07:34.178+0700 [DEBUG] [org.gradle.cache.internal.DefaultFileLockManager] Waiting to acquire shared lock on daemon addresses registry.
2026-09-03T20:07:34.178+0700 [DEBUG] [org.gradle.cache.internal.DefaultFileLockManager] Lock acquired on daemon addresses registry.
2026-09-03T20:07:34.179+0700 [DEBUG] [org.gradle.cache.internal.DefaultFileLockManager] Releasing lock on daemon addresses registry.
2026-09-03T20:07:34.181+0700 [DEBUG] [org.gradle.cache.internal.DefaultFileLockManager] Waiting to acquire shared lock on daemon addresses registry.
2026-09-03T20:07:34.181+0700 [DEBUG] [org.gradle.cache.internal.DefaultFileLockManager] Lock acquired on daemon addresses registry.
2026-09-03T20:07:34.182+0700 [DEBUG] [org.gradle.cache.internal.DefaultFileLockManager] Releasing lock on daemon addresses registry.
2026-09-03T20:07:34.184+0700 [DEBUG] [org.gradle.cache.internal.DefaultFileLockManager] Waiting to acquire shared lock on daemon addresses registry.
2026-09-03T20:07:34.184+0700 [DEBUG] [org.gradle.cache.internal.DefaultFileLockManager] Lock acquired on daemon addresses registry.
2026-09-03T20:07:34.184+0700 [DEBUG] [org.gradle.cache.internal.DefaultFileLockManager] Releasing lock on daemon addresses registry.
2026-09-03T20:07:37.924+0700 [DEBUG] [org.gradle.process.internal.health.memory.DefaultMemoryManager] 638754816 physical memory requested, 306380800 free
2026-09-03T20:07:37.925+0700 [DEBUG] [org.gradle.workers.internal.WorkerDaemonExpiration] Will attempt to release 609 of memory
2026-09-03T20:07:37.925+0700 [DEBUG] [org.gradle.process.internal.health.memory.DefaultMemoryManager] 638754816 physical memory requested, 0 released, 306380800 free
2026-09-03T20:07:42.919+0700 [DEBUG] [org.gradle.process.internal.health.memory.DefaultMemoryManager] 638754816 physical memory requested, 306896896 free
2026-09-03T20:07:42.919+0700 [DEBUG] [org.gradle.workers.internal.WorkerDaemonExpiration] Will attempt to release 609 of memory
2026-09-03T20:07:42.920+0700 [DEBUG] [org.gradle.process.internal.health.memory.DefaultMemoryManager] 638754816 physical memory requested, 0 released, 306896896 free
2026-09-03T20:07:44.184+0700 [DEBUG] [org.gradle.cache.internal.DefaultFileLockManager] Waiting to acquire shared lock on daemon addresses registry.
2026-09-03T20:07:44.184+0700 [DEBUG] [org.gradle.cache.internal.DefaultFileLockManager] Lock acquired on daemon addresses registry.
2026-09-03T20:07:44.197+0700 [DEBUG] [org.gradle.cache.internal.DefaultFileLockManager] Releasing lock on daemon addresses registry.
2026-09-03T20:07:44.199+0700 [DEBUG] [org.gradle.cache.internal.DefaultFileLockManager] Waiting to acquire shared lock on daemon addresses registry.
2026-09-03T20:07:44.199+0700 [DEBUG] [org.gradle.cache.internal.DefaultFileLockManager] Lock acquired on daemon addresses registry.
2026-09-03T20:07:44.199+0700 [DEBUG] [org.gradle.cache.internal.DefaultFileLockManager] Releasing lock on daemon addresses registry.
2026-09-03T20:07:44.201+0700 [DEBUG] [org.gradle.cache.internal.DefaultFileLockManager] Waiting to acquire shared lock on daemon addresses registry.
2026-09-03T20:07:44.201+0700 [DEBUG] [org.gradle.cache.internal.DefaultFileLockManager] Lock acquired on daemon addresses registry.
2026-09-03T20:07:44.202+0700 [DEBUG] [org.gradle.cache.internal.DefaultFileLockManager] Releasing lock on daemon addresses registry.
2026-09-03T20:07:47.923+0700 [DEBUG] [org.gradle.process.internal.health.memory.DefaultMemoryManager] 638754816 physical memory requested, 307675136 free
2026-09-03T20:07:47.923+0700 [DEBUG] [org.gradle.workers.internal.WorkerDaemonExpiration] Will attempt to release 609 of memory
2026-09-03T20:07:47.924+0700 [DEBUG] [org.gradle.process.internal.health.memory.DefaultMemoryManager] 638754816 physical memory requested, 0 released, 307675136 free
2026-09-03T20:07:52.926+0700 [DEBUG] [org.gradle.process.internal.health.memory.DefaultMemoryManager] 638754816 physical memory requested, 312864768 free
2026-09-03T20:07:52.926+0700 [DEBUG] [org.gradle.workers.internal.WorkerDaemonExpiration] Will attempt to release 609 of memory
2026-09-03T20:07:52.926+0700 [DEBUG] [org.gradle.process.internal.health.memory.DefaultMemoryManager] 638754816 physical memory requested, 0 released, 312864768 free
2026-09-03T20:07:54.174+0700 [DEBUG] [org.gradle.cache.internal.DefaultFileLockManager] Waiting to acquire shared lock on daemon addresses registry.
2026-09-03T20:07:54.174+0700 [DEBUG] [org.gradle.cache.internal.DefaultFileLockManager] Lock acquired on daemon addresses registry.
2026-09-03T20:07:54.174+0700 [DEBUG] [org.gradle.cache.internal.DefaultFileLockManager] Releasing lock on daemon addresses registry.
2026-09-03T20:07:54.190+0700 [DEBUG] [org.gradle.cache.internal.DefaultFileLockManager] Waiting to acquire shared lock on daemon addresses registry.
2026-09-03T20:07:54.191+0700 [DEBUG] [org.gradle.cache.internal.DefaultFileLockManager] Lock acquired on daemon addresses registry.
2026-09-03T20:07:54.191+0700 [DEBUG] [org.gradle.cache.internal.DefaultFileLockManager] Releasing lock on daemon addresses registry.
2026-09-03T20:07:54.192+0700 [DEBUG] [org.gradle.cache.internal.DefaultFileLockManager] Waiting to acquire shared lock on daemon addresses registry.
2026-09-03T20:07:54.192+0700 [DEBUG] [org.gradle.cache.internal.DefaultFileLockManager] Lock acquired on daemon addresses registry.
2026-09-03T20:07:54.193+0700 [DEBUG] [org.gradle.cache.internal.DefaultFileLockManager] Releasing lock on daemon addresses registry.
2026-09-03T20:08:04.172+0700 [DEBUG] [org.gradle.cache.internal.DefaultFileLockManager] Waiting to acquire shared lock on daemon addresses registry.
2026-09-03T20:08:04.173+0700 [DEBUG] [org.gradle.cache.internal.DefaultFileLockManager] Lock acquired on daemon addresses registry.
2026-09-03T20:08:04.173+0700 [DEBUG] [org.gradle.cache.internal.DefaultFileLockManager] Releasing lock on daemon addresses registry.
2026-09-03T20:08:04.177+0700 [DEBUG] [org.gradle.cache.internal.DefaultFileLockManager] Waiting to acquire shared lock on daemon addresses registry.
2026-09-03T20:08:04.178+0700 [DEBUG] [org.gradle.cache.internal.DefaultFileLockManager] Lock acquired on daemon addresses registry.
2026-09-03T20:08:04.178+0700 [DEBUG] [org.gradle.cache.internal.DefaultFileLockManager] Releasing lock on daemon addresses registry.
2026-09-03T20:08:04.180+0700 [DEBUG] [org.gradle.cache.internal.DefaultFileLockManager] Waiting to acquire shared lock on daemon addresses registry.
2026-09-03T20:08:04.181+0700 [DEBUG] [org.gradle.cache.internal.DefaultFileLockManager] Lock acquired on daemon addresses registry.
2026-09-03T20:08:04.182+0700 [DEBUG] [org.gradle.cache.internal.DefaultFileLockManager] Releasing lock on daemon addresses registry.
2026-09-03T20:08:14.178+0700 [DEBUG] [org.gradle.cache.internal.DefaultFileLockManager] Waiting to acquire shared lock on daemon addresses registry.
2026-09-03T20:08:14.178+0700 [DEBUG] [org.gradle.cache.internal.DefaultFileLockManager] Lock acquired on daemon addresses registry.
2026-09-03T20:08:14.178+0700 [DEBUG] [org.gradle.cache.internal.DefaultFileLockManager] Releasing lock on daemon addresses registry.
2026-09-03T20:08:14.194+0700 [DEBUG] [org.gradle.cache.internal.DefaultFileLockManager] Waiting to acquire shared lock on daemon addresses registry.
2026-09-03T20:08:14.194+0700 [DEBUG] [org.gradle.cache.internal.DefaultFileLockManager] Lock acquired on daemon addresses registry.
2026-09-03T20:08:14.195+0700 [DEBUG] [org.gradle.cache.internal.DefaultFileLockManager] Releasing lock on daemon addresses registry.
2026-09-03T20:08:14.196+0700 [DEBUG] [org.gradle.cache.internal.DefaultFileLockManager] Waiting to acquire shared lock on daemon addresses registry.
2026-09-03T20:08:14.196+0700 [DEBUG] [org.gradle.cache.internal.DefaultFileLockManager] Lock acquired on daemon addresses registry.
2026-09-03T20:08:14.196+0700 [DEBUG] [org.gradle.cache.internal.DefaultFileLockManager] Releasing lock on daemon addresses registry.
2026-09-03T20:08:24.170+0700 [DEBUG] [org.gradle.cache.internal.DefaultFileLockManager] Waiting to acquire shared lock on daemon addresses registry.
2026-09-03T20:08:24.171+0700 [DEBUG] [org.gradle.cache.internal.DefaultFileLockManager] Lock acquired on daemon addresses registry.
2026-09-03T20:08:24.171+0700 [DEBUG] [org.gradle.cache.internal.DefaultFileLockManager] Releasing lock on daemon addresses registry.
2026-09-03T20:08:24.175+0700 [DEBUG] [org.gradle.cache.internal.DefaultFileLockManager] Waiting to acquire shared lock on daemon addresses registry.
2026-09-03T20:08:24.176+0700 [DEBUG] [org.gradle.cache.internal.DefaultFileLockManager] Lock acquired on daemon addresses registry.
2026-09-03T20:08:24.176+0700 [DEBUG] [org.gradle.cache.internal.DefaultFileLockManager] Releasing lock on daemon addresses registry.
2026-09-03T20:08:24.177+0700 [DEBUG] [org.gradle.cache.internal.DefaultFileLockManager] Waiting to acquire shared lock on daemon addresses registry.
2026-09-03T20:08:24.177+0700 [DEBUG] [org.gradle.cache.internal.DefaultFileLockManager] Lock acquired on daemon addresses registry.
2026-09-03T20:08:24.178+0700 [DEBUG] [org.gradle.cache.internal.DefaultFileLockManager] Releasing lock on daemon addresses registry.
2026-09-03T20:08:34.174+0700 [DEBUG] [org.gradle.cache.internal.DefaultFileLockManager] Waiting to acquire shared lock on daemon addresses registry.
2026-09-03T20:08:34.174+0700 [DEBUG] [org.gradle.cache.internal.DefaultFileLockManager] Lock acquired on daemon addresses registry.
2026-09-03T20:08:34.174+0700 [DEBUG] [org.gradle.cache.internal.DefaultFileLockManager] Releasing lock on daemon addresses registry.
2026-09-03T20:08:34.189+0700 [DEBUG] [org.gradle.cache.internal.DefaultFileLockManager] Waiting to acquire shared lock on daemon addresses registry.
2026-09-03T20:08:34.189+0700 [DEBUG] [org.gradle.cache.internal.DefaultFileLockManager] Lock acquired on daemon addresses registry.
2026-09-03T20:08:34.190+0700 [DEBUG] [org.gradle.cache.internal.DefaultFileLockManager] Releasing lock on daemon addresses registry.
2026-09-03T20:08:34.191+0700 [DEBUG] [org.gradle.cache.internal.DefaultFileLockManager] Waiting to acquire shared lock on daemon addresses registry.
2026-09-03T20:08:34.191+0700 [DEBUG] [org.gradle.cache.internal.DefaultFileLockManager] Lock acquired on daemon addresses registry.
2026-09-03T20:08:34.192+0700 [DEBUG] [org.gradle.cache.internal.DefaultFileLockManager] Releasing lock on daemon addresses registry.
2026-09-03T20:08:44.189+0700 [DEBUG] [org.gradle.cache.internal.DefaultFileLockManager] Waiting to acquire shared lock on daemon addresses registry.
2026-09-03T20:08:44.189+0700 [DEBUG] [org.gradle.cache.internal.DefaultFileLockManager] Lock acquired on daemon addresses registry.
2026-09-03T20:08:44.190+0700 [DEBUG] [org.gradle.cache.internal.DefaultFileLockManager] Releasing lock on daemon addresses registry.
2026-09-03T20:08:44.192+0700 [DEBUG] [org.gradle.cache.internal.DefaultFileLockManager] Waiting to acquire shared lock on daemon addresses registry.
2026-09-03T20:08:44.192+0700 [DEBUG] [org.gradle.cache.internal.DefaultFileLockManager] Lock acquired on daemon addresses registry.
2026-09-03T20:08:44.193+0700 [DEBUG] [org.gradle.cache.internal.DefaultFileLockManager] Releasing lock on daemon addresses registry.
2026-09-03T20:08:44.195+0700 [DEBUG] [org.gradle.cache.internal.DefaultFileLockManager] Waiting to acquire shared lock on daemon addresses registry.
2026-09-03T20:08:44.207+0700 [DEBUG] [org.gradle.cache.internal.DefaultFileLockManager] Lock acquired on daemon addresses registry.
2026-09-03T20:08:44.209+0700 [DEBUG] [org.gradle.cache.internal.DefaultFileLockManager] Releasing lock on daemon addresses registry.
2026-09-03T20:08:54.172+0700 [DEBUG] [org.gradle.cache.internal.DefaultFileLockManager] Waiting to acquire shared lock on daemon addresses registry.
2026-09-03T20:08:54.173+0700 [DEBUG] [org.gradle.cache.internal.DefaultFileLockManager] Lock acquired on daemon addresses registry.
2026-09-03T20:08:54.224+0700 [DEBUG] [org.gradle.cache.internal.DefaultFileLockManager] Releasing lock on daemon addresses registry.
2026-09-03T20:08:54.247+0700 [DEBUG] [org.gradle.cache.internal.DefaultFileLockManager] Waiting to acquire shared lock on daemon addresses registry.
2026-09-03T20:08:54.247+0700 [DEBUG] [org.gradle.cache.internal.DefaultFileLockManager] Lock acquired on daemon addresses registry.
2026-09-03T20:08:54.248+0700 [DEBUG] [org.gradle.cache.internal.DefaultFileLockManager] Releasing lock on daemon addresses registry.
2026-09-03T20:08:54.249+0700 [DEBUG] [org.gradle.cache.internal.DefaultFileLockManager] Waiting to acquire shared lock on daemon addresses registry.
2026-09-03T20:08:54.249+0700 [DEBUG] [org.gradle.cache.internal.DefaultFileLockManager] Lock acquired on daemon addresses registry.
2026-09-03T20:08:54.250+0700 [DEBUG] [org.gradle.cache.internal.DefaultFileLockManager] Releasing lock on daemon addresses registry.
2026-09-03T20:09:04.174+0700 [DEBUG] [org.gradle.cache.internal.DefaultFileLockManager] Waiting to acquire shared lock on daemon addresses registry.
2026-09-03T20:09:04.174+0700 [DEBUG] [org.gradle.cache.internal.DefaultFileLockManager] Lock acquired on daemon addresses registry.
2026-09-03T20:09:04.175+0700 [DEBUG] [org.gradle.cache.internal.DefaultFileLockManager] Releasing lock on daemon addresses registry.
2026-09-03T20:09:04.178+0700 [DEBUG] [org.gradle.cache.internal.DefaultFileLockManager] Waiting to acquire shared lock on daemon addresses registry.
2026-09-03T20:09:04.178+0700 [DEBUG] [org.gradle.cache.internal.DefaultFileLockManager] Lock acquired on daemon addresses registry.
2026-09-03T20:09:04.179+0700 [DEBUG] [org.gradle.cache.internal.DefaultFileLockManager] Releasing lock on daemon addresses registry.
2026-09-03T20:09:04.181+0700 [DEBUG] [org.gradle.cache.internal.DefaultFileLockManager] Waiting to acquire shared lock on daemon addresses registry.
2026-09-03T20:09:04.181+0700 [DEBUG] [org.gradle.cache.internal.DefaultFileLockManager] Lock acquired on daemon addresses registry.
2026-09-03T20:09:04.182+0700 [DEBUG] [org.gradle.cache.internal.DefaultFileLockManager] Releasing lock on daemon addresses registry.
2026-09-03T20:09:14.177+0700 [DEBUG] [org.gradle.cache.internal.DefaultFileLockManager] Waiting to acquire shared lock on daemon addresses registry.
2026-09-03T20:09:14.177+0700 [DEBUG] [org.gradle.cache.internal.DefaultFileLockManager] Lock acquired on daemon addresses registry.
2026-09-03T20:09:14.178+0700 [DEBUG] [org.gradle.cache.internal.DefaultFileLockManager] Releasing lock on daemon addresses registry.
2026-09-03T20:09:14.180+0700 [DEBUG] [org.gradle.cache.internal.DefaultFileLockManager] Waiting to acquire shared lock on daemon addresses registry.
2026-09-03T20:09:14.180+0700 [DEBUG] [org.gradle.cache.internal.DefaultFileLockManager] Lock acquired on daemon addresses registry.
2026-09-03T20:09:14.180+0700 [DEBUG] [org.gradle.cache.internal.DefaultFileLockManager] Releasing lock on daemon addresses registry.
2026-09-03T20:09:14.182+0700 [DEBUG] [org.gradle.cache.internal.DefaultFileLockManager] Waiting to acquire shared lock on daemon addresses registry.
2026-09-03T20:09:14.182+0700 [DEBUG] [org.gradle.cache.internal.DefaultFileLockManager] Lock acquired on daemon addresses registry.
2026-09-03T20:09:14.182+0700 [DEBUG] [org.gradle.cache.internal.DefaultFileLockManager] Releasing lock on daemon addresses registry.
2026-09-03T20:09:24.177+0700 [DEBUG] [org.gradle.cache.internal.DefaultFileLockManager] Waiting to acquire shared lock on daemon addresses registry.
2026-09-03T20:09:24.177+0700 [DEBUG] [org.gradle.cache.internal.DefaultFileLockManager] Lock acquired on daemon addresses registry.
2026-09-03T20:09:24.179+0700 [DEBUG] [org.gradle.cache.internal.DefaultFileLockManager] Releasing lock on daemon addresses registry.
2026-09-03T20:09:24.183+0700 [DEBUG] [org.gradle.cache.internal.DefaultFileLockManager] Waiting to acquire shared lock on daemon addresses registry.
2026-09-03T20:09:24.184+0700 [DEBUG] [org.gradle.cache.internal.DefaultFileLockManager] Lock acquired on daemon addresses registry.
2026-09-03T20:09:24.185+0700 [DEBUG] [org.gradle.cache.internal.DefaultFileLockManager] Releasing lock on daemon addresses registry.
2026-09-03T20:09:24.195+0700 [DEBUG] [org.gradle.cache.internal.DefaultFileLockManager] Waiting to acquire shared lock on daemon addresses registry.
2026-09-03T20:09:24.197+0700 [DEBUG] [org.gradle.cache.internal.DefaultFileLockManager] Lock acquired on daemon addresses registry.
2026-09-03T20:09:24.198+0700 [DEBUG] [org.gradle.cache.internal.DefaultFileLockManager] Releasing lock on daemon addresses registry.
2026-09-03T20:09:34.181+0700 [DEBUG] [org.gradle.cache.internal.DefaultFileLockManager] Waiting to acquire shared lock on daemon addresses registry.
2026-09-03T20:09:34.181+0700 [DEBUG] [org.gradle.cache.internal.DefaultFileLockManager] Lock acquired on daemon addresses registry.
2026-09-03T20:09:34.182+0700 [DEBUG] [org.gradle.cache.internal.DefaultFileLockManager] Releasing lock on daemon addresses registry.
2026-09-03T20:09:34.207+0700 [DEBUG] [org.gradle.cache.internal.DefaultFileLockManager] Waiting to acquire shared lock on daemon addresses registry.
2026-09-03T20:09:34.207+0700 [DEBUG] [org.gradle.cache.internal.DefaultFileLockManager] Lock acquired on daemon addresses registry.
2026-09-03T20:09:34.207+0700 [DEBUG] [org.gradle.cache.internal.DefaultFileLockManager] Releasing lock on daemon addresses registry.
2026-09-03T20:09:34.208+0700 [DEBUG] [org.gradle.cache.internal.DefaultFileLockManager] Waiting to acquire shared lock on daemon addresses registry.
2026-09-03T20:09:34.208+0700 [DEBUG] [org.gradle.cache.internal.DefaultFileLockManager] Lock acquired on daemon addresses registry.
2026-09-03T20:09:34.209+0700 [DEBUG] [org.gradle.cache.internal.DefaultFileLockManager] Releasing lock on daemon addresses registry.
2026-09-03T20:09:44.178+0700 [DEBUG] [org.gradle.cache.internal.DefaultFileLockManager] Waiting to acquire shared lock on daemon addresses registry.
2026-09-03T20:09:44.179+0700 [DEBUG] [org.gradle.cache.internal.DefaultFileLockManager] Lock acquired on daemon addresses registry.
2026-09-03T20:09:44.179+0700 [DEBUG] [org.gradle.cache.internal.DefaultFileLockManager] Releasing lock on daemon addresses registry.
2026-09-03T20:09:44.182+0700 [DEBUG] [org.gradle.cache.internal.DefaultFileLockManager] Waiting to acquire shared lock on daemon addresses registry.
2026-09-03T20:09:44.182+0700 [DEBUG] [org.gradle.cache.internal.DefaultFileLockManager] Lock acquired on daemon addresses registry.
2026-09-03T20:09:44.183+0700 [DEBUG] [org.gradle.cache.internal.DefaultFileLockManager] Releasing lock on daemon addresses registry.
2026-09-03T20:09:44.185+0700 [DEBUG] [org.gradle.cache.internal.DefaultFileLockManager] Waiting to acquire shared lock on daemon addresses registry.
2026-09-03T20:09:44.185+0700 [DEBUG] [org.gradle.cache.internal.DefaultFileLockManager] Lock acquired on daemon addresses registry.
2026-09-03T20:09:44.186+0700 [DEBUG] [org.gradle.cache.internal.DefaultFileLockManager] Releasing lock on daemon addresses registry.
2026-09-03T20:09:54.169+0700 [DEBUG] [org.gradle.cache.internal.DefaultFileLockManager] Waiting to acquire shared lock on daemon addresses registry.
2026-09-03T20:09:54.169+0700 [DEBUG] [org.gradle.cache.internal.DefaultFileLockManager] Lock acquired on daemon addresses registry.
2026-09-03T20:09:54.170+0700 [DEBUG] [org.gradle.cache.internal.DefaultFileLockManager] Releasing lock on daemon addresses registry.
2026-09-03T20:09:54.184+0700 [DEBUG] [org.gradle.cache.internal.DefaultFileLockManager] Waiting to acquire shared lock on daemon addresses registry.
2026-09-03T20:09:54.185+0700 [DEBUG] [org.gradle.cache.internal.DefaultFileLockManager] Lock acquired on daemon addresses registry.
2026-09-03T20:09:54.186+0700 [DEBUG] [org.gradle.cache.internal.DefaultFileLockManager] Releasing lock on daemon addresses registry.
2026-09-03T20:09:54.187+0700 [DEBUG] [org.gradle.cache.internal.DefaultFileLockManager] Waiting to acquire shared lock on daemon addresses registry.
2026-09-03T20:09:54.187+0700 [DEBUG] [org.gradle.cache.internal.DefaultFileLockManager] Lock acquired on daemon addresses registry.
2026-09-03T20:09:54.188+0700 [DEBUG] [org.gradle.cache.internal.DefaultFileLockManager] Releasing lock on daemon addresses registry.
2026-09-03T20:10:04.173+0700 [DEBUG] [org.gradle.cache.internal.DefaultFileLockManager] Waiting to acquire shared lock on daemon addresses registry.
2026-09-03T20:10:04.173+0700 [DEBUG] [org.gradle.cache.internal.DefaultFileLockManager] Lock acquired on daemon addresses registry.
2026-09-03T20:10:04.174+0700 [DEBUG] [org.gradle.cache.internal.DefaultFileLockManager] Releasing lock on daemon addresses registry.
2026-09-03T20:10:04.176+0700 [DEBUG] [org.gradle.cache.internal.DefaultFileLockManager] Waiting to acquire shared lock on daemon addresses registry.
2026-09-03T20:10:04.176+0700 [DEBUG] [org.gradle.cache.internal.DefaultFileLockManager] Lock acquired on daemon addresses registry.
2026-09-03T20:10:04.177+0700 [DEBUG] [org.gradle.cache.internal.DefaultFileLockManager] Releasing lock on daemon addresses registry.
2026-09-03T20:10:04.179+0700 [DEBUG] [org.gradle.cache.internal.DefaultFileLockManager] Waiting to acquire shared lock on daemon addresses registry.
2026-09-03T20:10:04.179+0700 [DEBUG] [org.gradle.cache.internal.DefaultFileLockManager] Lock acquired on daemon addresses registry.
2026-09-03T20:10:04.180+0700 [DEBUG] [org.gradle.cache.internal.DefaultFileLockManager] Releasing lock on daemon addresses registry.
2026-09-03T20:10:14.173+0700 [DEBUG] [org.gradle.cache.internal.DefaultFileLockManager] Waiting to acquire shared lock on daemon addresses registry.
2026-09-03T20:10:14.173+0700 [DEBUG] [org.gradle.cache.internal.DefaultFileLockManager] Lock acquired on daemon addresses registry.
2026-09-03T20:10:14.173+0700 [DEBUG] [org.gradle.cache.internal.DefaultFileLockManager] Releasing lock on daemon addresses registry.
2026-09-03T20:10:14.175+0700 [DEBUG] [org.gradle.cache.internal.DefaultFileLockManager] Waiting to acquire shared lock on daemon addresses registry.
2026-09-03T20:10:14.176+0700 [DEBUG] [org.gradle.cache.internal.DefaultFileLockManager] Lock acquired on daemon addresses registry.
2026-09-03T20:10:14.176+0700 [DEBUG] [org.gradle.cache.internal.DefaultFileLockManager] Releasing lock on daemon addresses registry.
2026-09-03T20:10:14.177+0700 [DEBUG] [org.gradle.cache.internal.DefaultFileLockManager] Waiting to acquire shared lock on daemon addresses registry.
2026-09-03T20:10:14.178+0700 [DEBUG] [org.gradle.cache.internal.DefaultFileLockManager] Lock acquired on daemon addresses registry.
2026-09-03T20:10:14.178+0700 [DEBUG] [org.gradle.cache.internal.DefaultFileLockManager] Releasing lock on daemon addresses registry.
2026-09-03T20:10:24.172+0700 [DEBUG] [org.gradle.cache.internal.DefaultFileLockManager] Waiting to acquire shared lock on daemon addresses registry.
2026-09-03T20:10:24.172+0700 [DEBUG] [org.gradle.cache.internal.DefaultFileLockManager] Lock acquired on daemon addresses registry.
2026-09-03T20:10:24.173+0700 [DEBUG] [org.gradle.cache.internal.DefaultFileLockManager] Releasing lock on daemon addresses registry.
2026-09-03T20:10:24.175+0700 [DEBUG] [org.gradle.cache.internal.DefaultFileLockManager] Waiting to acquire shared lock on daemon addresses registry.
2026-09-03T20:10:24.176+0700 [DEBUG] [org.gradle.cache.internal.DefaultFileLockManager] Lock acquired on daemon addresses registry.
2026-09-03T20:10:24.176+0700 [DEBUG] [org.gradle.cache.internal.DefaultFileLockManager] Releasing lock on daemon addresses registry.
2026-09-03T20:10:24.178+0700 [DEBUG] [org.gradle.cache.internal.DefaultFileLockManager] Waiting to acquire shared lock on daemon addresses registry.
2026-09-03T20:10:24.178+0700 [DEBUG] [org.gradle.cache.internal.DefaultFileLockManager] Lock acquired on daemon addresses registry.
2026-09-03T20:10:24.179+0700 [DEBUG] [org.gradle.cache.internal.DefaultFileLockManager] Releasing lock on daemon addresses registry.
2026-09-03T20:10:32.920+0700 [DEBUG] [org.gradle.process.internal.health.memory.DefaultMemoryManager] 638754816 physical memory requested, 371146752 free
2026-09-03T20:10:32.962+0700 [DEBUG] [org.gradle.workers.internal.WorkerDaemonExpiration] Will attempt to release 609 of memory
2026-09-03T20:10:32.991+0700 [DEBUG] [org.gradle.process.internal.health.memory.DefaultMemoryManager] 638754816 physical memory requested, 0 released, 371146752 free
2026-09-03T20:10:34.183+0700 [DEBUG] [org.gradle.cache.internal.DefaultFileLockManager] Waiting to acquire shared lock on daemon addresses registry.
2026-09-03T20:10:34.185+0700 [DEBUG] [org.gradle.cache.internal.DefaultFileLockManager] Lock acquired on daemon addresses registry.
2026-09-03T20:10:34.185+0700 [DEBUG] [org.gradle.cache.internal.DefaultFileLockManager] Releasing lock on daemon addresses registry.
2026-09-03T20:10:34.197+0700 [DEBUG] [org.gradle.cache.internal.DefaultFileLockManager] Waiting to acquire shared lock on daemon addresses registry.
2026-09-03T20:10:34.197+0700 [DEBUG] [org.gradle.cache.internal.DefaultFileLockManager] Lock acquired on daemon addresses registry.
2026-09-03T20:10:34.198+0700 [DEBUG] [org.gradle.cache.internal.DefaultFileLockManager] Releasing lock on daemon addresses registry.
2026-09-03T20:10:34.200+0700 [DEBUG] [org.gradle.cache.internal.DefaultFileLockManager] Waiting to acquire shared lock on daemon addresses registry.
2026-09-03T20:10:34.201+0700 [DEBUG] [org.gradle.cache.internal.DefaultFileLockManager] Lock acquired on daemon addresses registry.
2026-09-03T20:10:34.204+0700 [DEBUG] [org.gradle.cache.internal.DefaultFileLockManager] Releasing lock on daemon addresses registry.
2026-09-03T20:10:37.927+0700 [DEBUG] [org.gradle.process.internal.health.memory.DefaultMemoryManager] 638754816 physical memory requested, 557142016 free
2026-09-03T20:10:37.927+0700 [DEBUG] [org.gradle.workers.internal.WorkerDaemonExpiration] Will attempt to release 609 of memory
2026-09-03T20:10:37.927+0700 [DEBUG] [org.gradle.process.internal.health.memory.DefaultMemoryManager] 638754816 physical memory requested, 0 released, 557142016 free
2026-09-03T20:10:44.178+0700 [DEBUG] [org.gradle.cache.internal.DefaultFileLockManager] Waiting to acquire shared lock on daemon addresses registry.
2026-09-03T20:10:44.178+0700 [DEBUG] [org.gradle.cache.internal.DefaultFileLockManager] Lock acquired on daemon addresses registry.
2026-09-03T20:10:44.179+0700 [DEBUG] [org.gradle.cache.internal.DefaultFileLockManager] Releasing lock on daemon addresses registry.
2026-09-03T20:10:44.201+0700 [DEBUG] [org.gradle.cache.internal.DefaultFileLockManager] Waiting to acquire shared lock on daemon addresses registry.
2026-09-03T20:10:44.201+0700 [DEBUG] [org.gradle.cache.internal.DefaultFileLockManager] Lock acquired on daemon addresses registry.
2026-09-03T20:10:44.202+0700 [DEBUG] [org.gradle.cache.internal.DefaultFileLockManager] Releasing lock on daemon addresses registry.
2026-09-03T20:10:44.271+0700 [DEBUG] [org.gradle.cache.internal.DefaultFileLockManager] Waiting to acquire shared lock on daemon addresses registry.
2026-09-03T20:10:44.271+0700 [DEBUG] [org.gradle.cache.internal.DefaultFileLockManager] Lock acquired on daemon addresses registry.
2026-09-03T20:10:44.272+0700 [DEBUG] [org.gradle.cache.internal.DefaultFileLockManager] Releasing lock on daemon addresses registry.
2026-09-03T20:10:52.915+0700 [DEBUG] [org.gradle.process.internal.health.memory.DefaultMemoryManager] 638754816 physical memory requested, 604602368 free
2026-09-03T20:10:52.915+0700 [DEBUG] [org.gradle.workers.internal.WorkerDaemonExpiration] Will attempt to release 609 of memory
2026-09-03T20:10:52.915+0700 [DEBUG] [org.gradle.process.internal.health.memory.DefaultMemoryManager] 638754816 physical memory requested, 0 released, 604602368 free
2026-09-03T20:10:54.174+0700 [DEBUG] [org.gradle.cache.internal.DefaultFileLockManager] Waiting to acquire shared lock on daemon addresses registry.
2026-09-03T20:10:54.174+0700 [DEBUG] [org.gradle.cache.internal.DefaultFileLockManager] Lock acquired on daemon addresses registry.
2026-09-03T20:10:54.176+0700 [DEBUG] [org.gradle.cache.internal.DefaultFileLockManager] Releasing lock on daemon addresses registry.
2026-09-03T20:10:54.183+0700 [DEBUG] [org.gradle.cache.internal.DefaultFileLockManager] Waiting to acquire shared lock on daemon addresses registry.
2026-09-03T20:10:54.188+0700 [DEBUG] [org.gradle.cache.internal.DefaultFileLockManager] Lock acquired on daemon addresses registry.
2026-09-03T20:10:54.193+0700 [DEBUG] [org.gradle.cache.internal.DefaultFileLockManager] Releasing lock on daemon addresses registry.
2026-09-03T20:10:54.201+0700 [DEBUG] [org.gradle.cache.internal.DefaultFileLockManager] Waiting to acquire shared lock on daemon addresses registry.
2026-09-03T20:10:54.210+0700 [DEBUG] [org.gradle.cache.internal.DefaultFileLockManager] Lock acquired on daemon addresses registry.
2026-09-03T20:10:54.211+0700 [DEBUG] [org.gradle.cache.internal.DefaultFileLockManager] Releasing lock on daemon addresses registry.
2026-09-03T20:10:57.914+0700 [DEBUG] [org.gradle.process.internal.health.memory.DefaultMemoryManager] 638754816 physical memory requested, 391749632 free
2026-09-03T20:10:57.914+0700 [DEBUG] [org.gradle.workers.internal.WorkerDaemonExpiration] Will attempt to release 609 of memory
2026-09-03T20:10:57.915+0700 [DEBUG] [org.gradle.process.internal.health.memory.DefaultMemoryManager] 638754816 physical memory requested, 0 released, 391749632 free
2026-09-03T20:11:02.918+0700 [DEBUG] [org.gradle.process.internal.health.memory.DefaultMemoryManager] 638754816 physical memory requested, 546918400 free
2026-09-03T20:11:02.919+0700 [DEBUG] [org.gradle.workers.internal.WorkerDaemonExpiration] Will attempt to release 609 of memory
2026-09-03T20:11:02.919+0700 [DEBUG] [org.gradle.process.internal.health.memory.DefaultMemoryManager] 638754816 physical memory requested, 0 released, 546918400 free
2026-09-03T20:11:04.176+0700 [DEBUG] [org.gradle.cache.internal.DefaultFileLockManager] Waiting to acquire shared lock on daemon addresses registry.
2026-09-03T20:11:04.176+0700 [DEBUG] [org.gradle.cache.internal.DefaultFileLockManager] Lock acquired on daemon addresses registry.
2026-09-03T20:11:04.176+0700 [DEBUG] [org.gradle.cache.internal.DefaultFileLockManager] Releasing lock on daemon addresses registry.
2026-09-03T20:11:04.184+0700 [DEBUG] [org.gradle.cache.internal.DefaultFileLockManager] Waiting to acquire shared lock on daemon addresses registry.
2026-09-03T20:11:04.189+0700 [DEBUG] [org.gradle.cache.internal.DefaultFileLockManager] Lock acquired on daemon addresses registry.
2026-09-03T20:11:04.189+0700 [DEBUG] [org.gradle.cache.internal.DefaultFileLockManager] Releasing lock on daemon addresses registry.
2026-09-03T20:11:04.191+0700 [DEBUG] [org.gradle.cache.internal.DefaultFileLockManager] Waiting to acquire shared lock on daemon addresses registry.
2026-09-03T20:11:04.192+0700 [DEBUG] [org.gradle.cache.internal.DefaultFileLockManager] Lock acquired on daemon addresses registry.
2026-09-03T20:11:04.193+0700 [DEBUG] [org.gradle.cache.internal.DefaultFileLockManager] Releasing lock on daemon addresses registry.
2026-09-03T20:11:07.927+0700 [DEBUG] [org.gradle.process.internal.health.memory.DefaultMemoryManager] 638754816 physical memory requested, 437633024 free
2026-09-03T20:11:07.928+0700 [DEBUG] [org.gradle.workers.internal.WorkerDaemonExpiration] Will attempt to release 609 of memory
2026-09-03T20:11:07.928+0700 [DEBUG] [org.gradle.process.internal.health.memory.DefaultMemoryManager] 638754816 physical memory requested, 0 released, 437633024 free
2026-09-03T20:11:12.918+0700 [DEBUG] [org.gradle.process.internal.health.memory.DefaultMemoryManager] 638754816 physical memory requested, 421552128 free
2026-09-03T20:11:12.919+0700 [DEBUG] [org.gradle.workers.internal.WorkerDaemonExpiration] Will attempt to release 609 of memory
2026-09-03T20:11:12.919+0700 [DEBUG] [org.gradle.process.internal.health.memory.DefaultMemoryManager] 638754816 physical memory requested, 0 released, 421552128 free
2026-09-03T20:11:14.175+0700 [DEBUG] [org.gradle.cache.internal.DefaultFileLockManager] Waiting to acquire shared lock on daemon addresses registry.
2026-09-03T20:11:14.175+0700 [DEBUG] [org.gradle.cache.internal.DefaultFileLockManager] Lock acquired on daemon addresses registry.
2026-09-03T20:11:14.175+0700 [DEBUG] [org.gradle.cache.internal.DefaultFileLockManager] Releasing lock on daemon addresses registry.
2026-09-03T20:11:14.177+0700 [DEBUG] [org.gradle.cache.internal.DefaultFileLockManager] Waiting to acquire shared lock on daemon addresses registry.
2026-09-03T20:11:14.178+0700 [DEBUG] [org.gradle.cache.internal.DefaultFileLockManager] Lock acquired on daemon addresses registry.
2026-09-03T20:11:14.178+0700 [DEBUG] [org.gradle.cache.internal.DefaultFileLockManager] Releasing lock on daemon addresses registry.
2026-09-03T20:11:14.183+0700 [DEBUG] [org.gradle.cache.internal.DefaultFileLockManager] Waiting to acquire shared lock on daemon addresses registry.
2026-09-03T20:11:14.184+0700 [DEBUG] [org.gradle.cache.internal.DefaultFileLockManager] Lock acquired on daemon addresses registry.
2026-09-03T20:11:14.186+0700 [DEBUG] [org.gradle.cache.internal.DefaultFileLockManager] Releasing lock on daemon addresses registry.
2026-09-03T20:11:17.920+0700 [DEBUG] [org.gradle.process.internal.health.memory.DefaultMemoryManager] 638754816 physical memory requested, 395026432 free
2026-09-03T20:11:17.920+0700 [DEBUG] [org.gradle.workers.internal.WorkerDaemonExpiration] Will attempt to release 609 of memory
2026-09-03T20:11:17.920+0700 [DEBUG] [org.gradle.process.internal.health.memory.DefaultMemoryManager] 638754816 physical memory requested, 0 released, 395026432 free
2026-09-03T20:11:22.922+0700 [DEBUG] [org.gradle.process.internal.health.memory.DefaultMemoryManager] 638754816 physical memory requested, 506187776 free
2026-09-03T20:11:22.923+0700 [DEBUG] [org.gradle.workers.internal.WorkerDaemonExpiration] Will attempt to release 609 of memory
2026-09-03T20:11:22.923+0700 [DEBUG] [org.gradle.process.internal.health.memory.DefaultMemoryManager] 638754816 physical memory requested, 0 released, 506187776 free
2026-09-03T20:11:24.176+0700 [DEBUG] [org.gradle.cache.internal.DefaultFileLockManager] Waiting to acquire shared lock on daemon addresses registry.
2026-09-03T20:11:24.176+0700 [DEBUG] [org.gradle.cache.internal.DefaultFileLockManager] Lock acquired on daemon addresses registry.
2026-09-03T20:11:24.176+0700 [DEBUG] [org.gradle.cache.internal.DefaultFileLockManager] Releasing lock on daemon addresses registry.
2026-09-03T20:11:24.180+0700 [DEBUG] [org.gradle.cache.internal.DefaultFileLockManager] Waiting to acquire shared lock on daemon addresses registry.
2026-09-03T20:11:24.180+0700 [DEBUG] [org.gradle.cache.internal.DefaultFileLockManager] Lock acquired on daemon addresses registry.
2026-09-03T20:11:24.181+0700 [DEBUG] [org.gradle.cache.internal.DefaultFileLockManager] Releasing lock on daemon addresses registry.
2026-09-03T20:11:24.183+0700 [DEBUG] [org.gradle.cache.internal.DefaultFileLockManager] Waiting to acquire shared lock on daemon addresses registry.
2026-09-03T20:11:24.183+0700 [DEBUG] [org.gradle.cache.internal.DefaultFileLockManager] Lock acquired on daemon addresses registry.
2026-09-03T20:11:24.184+0700 [DEBUG] [org.gradle.cache.internal.DefaultFileLockManager] Releasing lock on daemon addresses registry.
2026-09-03T20:11:27.919+0700 [DEBUG] [org.gradle.process.internal.health.memory.DefaultMemoryManager] 638754816 physical memory requested, 268144640 free
2026-09-03T20:11:27.920+0700 [DEBUG] [org.gradle.workers.internal.WorkerDaemonExpiration] Will attempt to release 609 of memory
2026-09-03T20:11:27.920+0700 [DEBUG] [org.gradle.process.internal.health.memory.DefaultMemoryManager] 638754816 physical memory requested, 0 released, 268144640 free
2026-09-03T20:11:32.989+0700 [DEBUG] [org.gradle.process.internal.health.memory.DefaultMemoryManager] 638754816 physical memory requested, 530460672 free
2026-09-03T20:11:32.990+0700 [DEBUG] [org.gradle.workers.internal.WorkerDaemonExpiration] Will attempt to release 609 of memory
2026-09-03T20:11:32.990+0700 [DEBUG] [org.gradle.process.internal.health.memory.DefaultMemoryManager] 638754816 physical memory requested, 0 released, 530460672 free
2026-09-03T20:11:34.174+0700 [DEBUG] [org.gradle.cache.internal.DefaultFileLockManager] Waiting to acquire shared lock on daemon addresses registry.
2026-09-03T20:11:34.174+0700 [DEBUG] [org.gradle.cache.internal.DefaultFileLockManager] Lock acquired on daemon addresses registry.
2026-09-03T20:11:34.192+0700 [DEBUG] [org.gradle.cache.internal.DefaultFileLockManager] Releasing lock on daemon addresses registry.
2026-09-03T20:11:34.195+0700 [DEBUG] [org.gradle.cache.internal.DefaultFileLockManager] Waiting to acquire shared lock on daemon addresses registry.
2026-09-03T20:11:34.195+0700 [DEBUG] [org.gradle.cache.internal.DefaultFileLockManager] Lock acquired on daemon addresses registry.
2026-09-03T20:11:34.196+0700 [DEBUG] [org.gradle.cache.internal.DefaultFileLockManager] Releasing lock on daemon addresses registry.
2026-09-03T20:11:34.198+0700 [DEBUG] [org.gradle.cache.internal.DefaultFileLockManager] Waiting to acquire shared lock on daemon addresses registry.
2026-09-03T20:11:34.198+0700 [DEBUG] [org.gradle.cache.internal.DefaultFileLockManager] Lock acquired on daemon addresses registry.
2026-09-03T20:11:34.199+0700 [DEBUG] [org.gradle.cache.internal.DefaultFileLockManager] Releasing lock on daemon addresses registry.
2026-09-03T20:11:44.173+0700 [DEBUG] [org.gradle.cache.internal.DefaultFileLockManager] Waiting to acquire shared lock on daemon addresses registry.
2026-09-03T20:11:44.173+0700 [DEBUG] [org.gradle.cache.internal.DefaultFileLockManager] Lock acquired on daemon addresses registry.
2026-09-03T20:11:44.173+0700 [DEBUG] [org.gradle.cache.internal.DefaultFileLockManager] Releasing lock on daemon addresses registry.
2026-09-03T20:11:44.176+0700 [DEBUG] [org.gradle.cache.internal.DefaultFileLockManager] Waiting to acquire shared lock on daemon addresses registry.
2026-09-03T20:11:44.176+0700 [DEBUG] [org.gradle.cache.internal.DefaultFileLockManager] Lock acquired on daemon addresses registry.
2026-09-03T20:11:44.177+0700 [DEBUG] [org.gradle.cache.internal.DefaultFileLockManager] Releasing lock on daemon addresses registry.
2026-09-03T20:11:44.179+0700 [DEBUG] [org.gradle.cache.internal.DefaultFileLockManager] Waiting to acquire shared lock on daemon addresses registry.
2026-09-03T20:11:44.179+0700 [DEBUG] [org.gradle.cache.internal.DefaultFileLockManager] Lock acquired on daemon addresses registry.
2026-09-03T20:11:44.179+0700 [DEBUG] [org.gradle.cache.internal.DefaultFileLockManager] Releasing lock on daemon addresses registry.
2026-09-03T20:11:54.196+0700 [DEBUG] [org.gradle.cache.internal.DefaultFileLockManager] Waiting to acquire shared lock on daemon addresses registry.
2026-09-03T20:11:54.197+0700 [DEBUG] [org.gradle.cache.internal.DefaultFileLockManager] Lock acquired on daemon addresses registry.
2026-09-03T20:11:54.197+0700 [DEBUG] [org.gradle.cache.internal.DefaultFileLockManager] Releasing lock on daemon addresses registry.
2026-09-03T20:11:54.242+0700 [DEBUG] [org.gradle.cache.internal.DefaultFileLockManager] Waiting to acquire shared lock on daemon addresses registry.
2026-09-03T20:11:54.243+0700 [DEBUG] [org.gradle.cache.internal.DefaultFileLockManager] Lock acquired on daemon addresses registry.
2026-09-03T20:11:54.243+0700 [DEBUG] [org.gradle.cache.internal.DefaultFileLockManager] Releasing lock on daemon addresses registry.
2026-09-03T20:11:54.301+0700 [DEBUG] [org.gradle.cache.internal.DefaultFileLockManager] Waiting to acquire shared lock on daemon addresses registry.
2026-09-03T20:11:54.302+0700 [DEBUG] [org.gradle.cache.internal.DefaultFileLockManager] Lock acquired on daemon addresses registry.
2026-09-03T20:11:54.303+0700 [DEBUG] [org.gradle.cache.internal.DefaultFileLockManager] Releasing lock on daemon addresses registry.
2026-09-03T20:12:04.170+0700 [DEBUG] [org.gradle.cache.internal.DefaultFileLockManager] Waiting to acquire shared lock on daemon addresses registry.
2026-09-03T20:12:04.170+0700 [DEBUG] [org.gradle.cache.internal.DefaultFileLockManager] Lock acquired on daemon addresses registry.
2026-09-03T20:12:04.171+0700 [DEBUG] [org.gradle.cache.internal.DefaultFileLockManager] Releasing lock on daemon addresses registry.
2026-09-03T20:12:04.173+0700 [DEBUG] [org.gradle.cache.internal.DefaultFileLockManager] Waiting to acquire shared lock on daemon addresses registry.
2026-09-03T20:12:04.174+0700 [DEBUG] [org.gradle.cache.internal.DefaultFileLockManager] Lock acquired on daemon addresses registry.
2026-09-03T20:12:04.175+0700 [DEBUG] [org.gradle.cache.internal.DefaultFileLockManager] Releasing lock on daemon addresses registry.
2026-09-03T20:12:04.177+0700 [DEBUG] [org.gradle.cache.internal.DefaultFileLockManager] Waiting to acquire shared lock on daemon addresses registry.
2026-09-03T20:12:04.177+0700 [DEBUG] [org.gradle.cache.internal.DefaultFileLockManager] Lock acquired on daemon addresses registry.
2026-09-03T20:12:04.178+0700 [DEBUG] [org.gradle.cache.internal.DefaultFileLockManager] Releasing lock on daemon addresses registry.
2026-09-03T20:12:14.176+0700 [DEBUG] [org.gradle.cache.internal.DefaultFileLockManager] Waiting to acquire shared lock on daemon addresses registry.
2026-09-03T20:12:14.176+0700 [DEBUG] [org.gradle.cache.internal.DefaultFileLockManager] Lock acquired on daemon addresses registry.
2026-09-03T20:12:14.176+0700 [DEBUG] [org.gradle.cache.internal.DefaultFileLockManager] Releasing lock on daemon addresses registry.
2026-09-03T20:12:14.184+0700 [DEBUG] [org.gradle.cache.internal.DefaultFileLockManager] Waiting to acquire shared lock on daemon addresses registry.
2026-09-03T20:12:14.184+0700 [DEBUG] [org.gradle.cache.internal.DefaultFileLockManager] Lock acquired on daemon addresses registry.
2026-09-03T20:12:14.185+0700 [DEBUG] [org.gradle.cache.internal.DefaultFileLockManager] Releasing lock on daemon addresses registry.
2026-09-03T20:12:14.187+0700 [DEBUG] [org.gradle.cache.internal.DefaultFileLockManager] Waiting to acquire shared lock on daemon addresses registry.
2026-09-03T20:12:14.188+0700 [DEBUG] [org.gradle.cache.internal.DefaultFileLockManager] Lock acquired on daemon addresses registry.
2026-09-03T20:12:14.189+0700 [DEBUG] [org.gradle.cache.internal.DefaultFileLockManager] Releasing lock on daemon addresses registry.
2026-09-03T20:12:24.188+0700 [DEBUG] [org.gradle.cache.internal.DefaultFileLockManager] Waiting to acquire shared lock on daemon addresses registry.
2026-09-03T20:12:24.190+0700 [DEBUG] [org.gradle.cache.internal.DefaultFileLockManager] Lock acquired on daemon addresses registry.
2026-09-03T20:12:24.191+0700 [DEBUG] [org.gradle.cache.internal.DefaultFileLockManager] Releasing lock on daemon addresses registry.
2026-09-03T20:12:24.193+0700 [DEBUG] [org.gradle.cache.internal.DefaultFileLockManager] Waiting to acquire shared lock on daemon addresses registry.
2026-09-03T20:12:24.194+0700 [DEBUG] [org.gradle.cache.internal.DefaultFileLockManager] Lock acquired on daemon addresses registry.
2026-09-03T20:12:24.194+0700 [DEBUG] [org.gradle.cache.internal.DefaultFileLockManager] Releasing lock on daemon addresses registry.
2026-09-03T20:12:24.197+0700 [DEBUG] [org.gradle.cache.internal.DefaultFileLockManager] Waiting to acquire shared lock on daemon addresses registry.
2026-09-03T20:12:24.197+0700 [DEBUG] [org.gradle.cache.internal.DefaultFileLockManager] Lock acquired on daemon addresses registry.
2026-09-03T20:12:24.198+0700 [DEBUG] [org.gradle.cache.internal.DefaultFileLockManager] Releasing lock on daemon addresses registry.
2026-09-03T20:12:34.196+0700 [DEBUG] [org.gradle.cache.internal.DefaultFileLockManager] Waiting to acquire shared lock on daemon addresses registry.
2026-09-03T20:12:34.196+0700 [DEBUG] [org.gradle.cache.internal.DefaultFileLockManager] Lock acquired on daemon addresses registry.
2026-09-03T20:12:34.197+0700 [DEBUG] [org.gradle.cache.internal.DefaultFileLockManager] Releasing lock on daemon addresses registry.
2026-09-03T20:12:34.199+0700 [DEBUG] [org.gradle.cache.internal.DefaultFileLockManager] Waiting to acquire shared lock on daemon addresses registry.
2026-09-03T20:12:34.199+0700 [DEBUG] [org.gradle.cache.internal.DefaultFileLockManager] Lock acquired on daemon addresses registry.
2026-09-03T20:12:34.200+0700 [DEBUG] [org.gradle.cache.internal.DefaultFileLockManager] Releasing lock on daemon addresses registry.
2026-09-03T20:12:34.201+0700 [DEBUG] [org.gradle.cache.internal.DefaultFileLockManager] Waiting to acquire shared lock on daemon addresses registry.
2026-09-03T20:12:34.201+0700 [DEBUG] [org.gradle.cache.internal.DefaultFileLockManager] Lock acquired on daemon addresses registry.
2026-09-03T20:12:34.202+0700 [DEBUG] [org.gradle.cache.internal.DefaultFileLockManager] Releasing lock on daemon addresses registry.
2026-09-03T20:12:44.182+0700 [DEBUG] [org.gradle.cache.internal.DefaultFileLockManager] Waiting to acquire shared lock on daemon addresses registry.
2026-09-03T20:12:44.183+0700 [DEBUG] [org.gradle.cache.internal.DefaultFileLockManager] Lock acquired on daemon addresses registry.
2026-09-03T20:12:44.184+0700 [DEBUG] [org.gradle.cache.internal.DefaultFileLockManager] Releasing lock on daemon addresses registry.
2026-09-03T20:12:44.186+0700 [DEBUG] [org.gradle.cache.internal.DefaultFileLockManager] Waiting to acquire shared lock on daemon addresses registry.
2026-09-03T20:12:44.186+0700 [DEBUG] [org.gradle.cache.internal.DefaultFileLockManager] Lock acquired on daemon addresses registry.
2026-09-03T20:12:44.187+0700 [DEBUG] [org.gradle.cache.internal.DefaultFileLockManager] Releasing lock on daemon addresses registry.
2026-09-03T20:12:44.188+0700 [DEBUG] [org.gradle.cache.internal.DefaultFileLockManager] Waiting to acquire shared lock on daemon addresses registry.
2026-09-03T20:12:44.188+0700 [DEBUG] [org.gradle.cache.internal.DefaultFileLockManager] Lock acquired on daemon addresses registry.
2026-09-03T20:12:44.189+0700 [DEBUG] [org.gradle.cache.internal.DefaultFileLockManager] Releasing lock on daemon addresses registry.
2026-09-03T20:12:54.173+0700 [DEBUG] [org.gradle.cache.internal.DefaultFileLockManager] Waiting to acquire shared lock on daemon addresses registry.
2026-09-03T20:12:54.173+0700 [DEBUG] [org.gradle.cache.internal.DefaultFileLockManager] Lock acquired on daemon addresses registry.
2026-09-03T20:12:54.174+0700 [DEBUG] [org.gradle.cache.internal.DefaultFileLockManager] Releasing lock on daemon addresses registry.
2026-09-03T20:12:54.177+0700 [DEBUG] [org.gradle.cache.internal.DefaultFileLockManager] Waiting to acquire shared lock on daemon addresses registry.
2026-09-03T20:12:54.177+0700 [DEBUG] [org.gradle.cache.internal.DefaultFileLockManager] Lock acquired on daemon addresses registry.
2026-09-03T20:12:54.178+0700 [DEBUG] [org.gradle.cache.internal.DefaultFileLockManager] Releasing lock on daemon addresses registry.
2026-09-03T20:12:54.179+0700 [DEBUG] [org.gradle.cache.internal.DefaultFileLockManager] Waiting to acquire shared lock on daemon addresses registry.
2026-09-03T20:12:54.179+0700 [DEBUG] [org.gradle.cache.internal.DefaultFileLockManager] Lock acquired on daemon addresses registry.
2026-09-03T20:12:54.180+0700 [DEBUG] [org.gradle.cache.internal.DefaultFileLockManager] Releasing lock on daemon addresses registry.
2026-09-03T20:13:04.172+0700 [DEBUG] [org.gradle.cache.internal.DefaultFileLockManager] Waiting to acquire shared lock on daemon addresses registry.
2026-09-03T20:13:04.173+0700 [DEBUG] [org.gradle.cache.internal.DefaultFileLockManager] Lock acquired on daemon addresses registry.
2026-09-03T20:13:04.175+0700 [DEBUG] [org.gradle.cache.internal.DefaultFileLockManager] Releasing lock on daemon addresses registry.
2026-09-03T20:13:04.178+0700 [DEBUG] [org.gradle.cache.internal.DefaultFileLockManager] Waiting to acquire shared lock on daemon addresses registry.
2026-09-03T20:13:04.178+0700 [DEBUG] [org.gradle.cache.internal.DefaultFileLockManager] Lock acquired on daemon addresses registry.
2026-09-03T20:13:04.179+0700 [DEBUG] [org.gradle.cache.internal.DefaultFileLockManager] Releasing lock on daemon addresses registry.
2026-09-03T20:13:04.181+0700 [DEBUG] [org.gradle.cache.internal.DefaultFileLockManager] Waiting to acquire shared lock on daemon addresses registry.
2026-09-03T20:13:04.181+0700 [DEBUG] [org.gradle.cache.internal.DefaultFileLockManager] Lock acquired on daemon addresses registry.
2026-09-03T20:13:04.182+0700 [DEBUG] [org.gradle.cache.internal.DefaultFileLockManager] Releasing lock on daemon addresses registry.
2026-09-03T20:13:14.173+0700 [DEBUG] [org.gradle.cache.internal.DefaultFileLockManager] Waiting to acquire shared lock on daemon addresses registry.
2026-09-03T20:13:14.174+0700 [DEBUG] [org.gradle.cache.internal.DefaultFileLockManager] Lock acquired on daemon addresses registry.
2026-09-03T20:13:14.175+0700 [DEBUG] [org.gradle.cache.internal.DefaultFileLockManager] Releasing lock on daemon addresses registry.
2026-09-03T20:13:14.179+0700 [DEBUG] [org.gradle.cache.internal.DefaultFileLockManager] Waiting to acquire shared lock on daemon addresses registry.
2026-09-03T20:13:14.179+0700 [DEBUG] [org.gradle.cache.internal.DefaultFileLockManager] Lock acquired on daemon addresses registry.
2026-09-03T20:13:14.180+0700 [DEBUG] [org.gradle.cache.internal.DefaultFileLockManager] Releasing lock on daemon addresses registry.
2026-09-03T20:13:14.181+0700 [DEBUG] [org.gradle.cache.internal.DefaultFileLockManager] Waiting to acquire shared lock on daemon addresses registry.
2026-09-03T20:13:14.181+0700 [DEBUG] [org.gradle.cache.internal.DefaultFileLockManager] Lock acquired on daemon addresses registry.
2026-09-03T20:13:14.181+0700 [DEBUG] [org.gradle.cache.internal.DefaultFileLockManager] Releasing lock on daemon addresses registry.
2026-09-03T20:13:22.930+0700 [DEBUG] [org.gradle.process.internal.health.memory.DefaultMemoryManager] 638754816 physical memory requested, 637665280 free
2026-09-03T20:13:22.930+0700 [DEBUG] [org.gradle.workers.internal.WorkerDaemonExpiration] Will attempt to release 609 of memory
2026-09-03T20:13:22.930+0700 [DEBUG] [org.gradle.process.internal.health.memory.DefaultMemoryManager] 638754816 physical memory requested, 0 released, 637665280 free
2026-09-03T20:13:24.195+0700 [DEBUG] [org.gradle.cache.internal.DefaultFileLockManager] Waiting to acquire shared lock on daemon addresses registry.
2026-09-03T20:13:24.196+0700 [DEBUG] [org.gradle.cache.internal.DefaultFileLockManager] Lock acquired on daemon addresses registry.
2026-09-03T20:13:24.197+0700 [DEBUG] [org.gradle.cache.internal.DefaultFileLockManager] Releasing lock on daemon addresses registry.
2026-09-03T20:13:24.201+0700 [DEBUG] [org.gradle.cache.internal.DefaultFileLockManager] Waiting to acquire shared lock on daemon addresses registry.
2026-09-03T20:13:24.201+0700 [DEBUG] [org.gradle.cache.internal.DefaultFileLockManager] Lock acquired on daemon addresses registry.
2026-09-03T20:13:24.202+0700 [DEBUG] [org.gradle.cache.internal.DefaultFileLockManager] Releasing lock on daemon addresses registry.
2026-09-03T20:13:24.204+0700 [DEBUG] [org.gradle.cache.internal.DefaultFileLockManager] Waiting to acquire shared lock on daemon addresses registry.
2026-09-03T20:13:24.204+0700 [DEBUG] [org.gradle.cache.internal.DefaultFileLockManager] Lock acquired on daemon addresses registry.
2026-09-03T20:13:24.205+0700 [DEBUG] [org.gradle.cache.internal.DefaultFileLockManager] Releasing lock on daemon addresses registry.
2026-09-03T20:13:27.916+0700 [DEBUG] [org.gradle.process.internal.health.memory.DefaultMemoryManager] 638754816 physical memory requested, 584531968 free
2026-09-03T20:13:27.916+0700 [DEBUG] [org.gradle.workers.internal.WorkerDaemonExpiration] Will attempt to release 609 of memory
2026-09-03T20:13:27.916+0700 [DEBUG] [org.gradle.process.internal.health.memory.DefaultMemoryManager] 638754816 physical memory requested, 0 released, 584531968 free
2026-09-03T20:13:34.173+0700 [DEBUG] [org.gradle.cache.internal.DefaultFileLockManager] Waiting to acquire shared lock on daemon addresses registry.
2026-09-03T20:13:34.173+0700 [DEBUG] [org.gradle.cache.internal.DefaultFileLockManager] Lock acquired on daemon addresses registry.
2026-09-03T20:13:34.173+0700 [DEBUG] [org.gradle.cache.internal.DefaultFileLockManager] Releasing lock on daemon addresses registry.
2026-09-03T20:13:34.178+0700 [DEBUG] [org.gradle.cache.internal.DefaultFileLockManager] Waiting to acquire shared lock on daemon addresses registry.
2026-09-03T20:13:34.178+0700 [DEBUG] [org.gradle.cache.internal.DefaultFileLockManager] Lock acquired on daemon addresses registry.
2026-09-03T20:13:34.178+0700 [DEBUG] [org.gradle.cache.internal.DefaultFileLockManager] Releasing lock on daemon addresses registry.
2026-09-03T20:13:34.180+0700 [DEBUG] [org.gradle.cache.internal.DefaultFileLockManager] Waiting to acquire shared lock on daemon addresses registry.
2026-09-03T20:13:34.180+0700 [DEBUG] [org.gradle.cache.internal.DefaultFileLockManager] Lock acquired on daemon addresses registry.
2026-09-03T20:13:34.180+0700 [DEBUG] [org.gradle.cache.internal.DefaultFileLockManager] Releasing lock on daemon addresses registry.
2026-09-03T20:13:37.920+0700 [DEBUG] [org.gradle.process.internal.health.memory.DefaultMemoryManager] 638754816 physical memory requested, 625143808 free
2026-09-03T20:13:37.921+0700 [DEBUG] [org.gradle.workers.internal.WorkerDaemonExpiration] Will attempt to release 609 of memory
2026-09-03T20:13:37.921+0700 [DEBUG] [org.gradle.process.internal.health.memory.DefaultMemoryManager] 638754816 physical memory requested, 0 released, 625143808 free
2026-09-03T20:13:39.117+0700 [DEBUG] [org.gradle.internal.remote.internal.inet.TcpIncomingConnector] Accepted connection from /127.0.0.1:61078 to /127.0.0.1:51110.
2026-09-03T20:13:39.284+0700 [DEBUG] [org.gradle.launcher.daemon.server.SynchronizedDispatchConnection] thread 159: received class org.gradle.launcher.daemon.protocol.Build
2026-09-03T20:13:39.287+0700 [DEBUG] [org.gradle.launcher.daemon.server.DefaultDaemonConnection] thread 159: Received non-IO message from client: Build{id=dbc9a00c-9770-4223-af00-2daf76278fb1, currentDir=D:\AbsensiSeleksi}
2026-09-03T20:13:39.289+0700 [INFO] [org.gradle.launcher.daemon.server.DefaultIncomingConnectionHandler] Received command: Build{id=dbc9a00c-9770-4223-af00-2daf76278fb1, currentDir=D:\AbsensiSeleksi}.
2026-09-03T20:13:39.289+0700 [DEBUG] [org.gradle.launcher.daemon.server.DefaultIncomingConnectionHandler] Starting executing command: Build{id=dbc9a00c-9770-4223-af00-2daf76278fb1, currentDir=D:\AbsensiSeleksi} with connection: socket connection from /127.0.0.1:51110 to /127.0.0.1:61078.
2026-09-03T20:13:39.309+0700 [DEBUG] [org.gradle.launcher.daemon.server.DaemonStateCoordinator] Command execution: started DaemonCommandExecution[command = Build{id=dbc9a00c-9770-4223-af00-2daf76278fb1, currentDir=D:\AbsensiSeleksi}, connection = DefaultDaemonConnection: socket connection from /127.0.0.1:51110 to /127.0.0.1:61078] after 12.67525 minutes of idle
2026-09-03T20:13:39.312+0700 [INFO] [org.gradle.launcher.daemon.server.DaemonRegistryUpdater] Marking the daemon as busy, address: [5fe4e37b-42a4-41ce-bdfd-25c530d6108e port:51110, addresses:[localhost/127.0.0.1]]
2026-09-03T20:13:39.312+0700 [DEBUG] [org.gradle.launcher.daemon.registry.PersistentDaemonRegistry] Marking busy by address: [5fe4e37b-42a4-41ce-bdfd-25c530d6108e port:51110, addresses:[localhost/127.0.0.1]]
2026-09-03T20:13:39.314+0700 [DEBUG] [org.gradle.cache.internal.DefaultFileLockManager] Waiting to acquire exclusive lock on daemon addresses registry.
2026-09-03T20:13:39.322+0700 [DEBUG] [org.gradle.cache.internal.DefaultFileLockManager] Lock acquired on daemon addresses registry.
2026-09-03T20:13:39.337+0700 [DEBUG] [org.gradle.cache.internal.DefaultFileLockManager] Releasing lock on daemon addresses registry.
2026-09-03T20:13:39.339+0700 [DEBUG] [org.gradle.launcher.daemon.server.DaemonStateCoordinator] resetting idle timer
2026-09-03T20:13:39.341+0700 [DEBUG] [org.gradle.launcher.daemon.server.DaemonStateCoordinator] daemon is running. Sleeping until state changes.
2026-09-03T20:13:39.342+0700 [INFO] [org.gradle.launcher.daemon.server.exec.StartBuildOrRespondWithBusy] Daemon is about to start building Build{id=dbc9a00c-9770-4223-af00-2daf76278fb1, currentDir=D:\AbsensiSeleksi}. Dispatching build started information...
2026-09-03T20:13:39.342+0700 [DEBUG] [org.gradle.launcher.daemon.server.SynchronizedDispatchConnection] thread 161: dispatching org.gradle.launcher.daemon.protocol.BuildStarted@20933d29
2026-09-03T20:13:39.364+0700 [DEBUG] [org.gradle.launcher.daemon.server.exec.EstablishBuildEnvironment] Configuring env variables: [USERDOMAIN_ROAMINGPROFILE, LOCALAPPDATA, ChocolateyLastPathUpdate, PROCESSOR_LEVEL, IJ_RESTARTER_LOG, USERDOMAIN, EFC_2376_1592913036, LOGONSERVER, SESSIONNAME, ALLUSERSPROFILE, PROCESSOR_ARCHITECTURE, PSModulePath, SystemDrive, asl.log, OneDrive, APPDATA, USERNAME, ChocolateyInstall, ProgramFiles(x86), CommonProgramFiles, Path, PATHEXT, DriverData, OS, OneDriveConsumer, COMPUTERNAME, EFC_2376_4126798990, EFC_2376_2946480783, PROCESSOR_REVISION, CommonProgramW6432, ComSpec, ProgramData, ProgramW6432, TEMP, HOMEPATH, SystemRoot, PROCESSOR_IDENTIFIER, HOMEDRIVE, USERPROFILE, TMP, CommonProgramFiles(x86), ProgramFiles, PUBLIC, windir, NUMBER_OF_PROCESSORS, =::]
2026-09-03T20:13:39.467+0700 [DEBUG] [org.gradle.launcher.daemon.server.exec.LogToClient] About to start relaying all logs to the client via the connection.
2026-09-03T20:13:39.473+0700 [INFO] [org.gradle.launcher.daemon.server.exec.LogToClient] The client will now receive all logging from the daemon (pid: 9240). The daemon log file: D:\AbsensiSeleksi\daemon\8.9\daemon-9240.out.log
2026-09-03T20:13:39.596+0700 [INFO] [org.gradle.launcher.daemon.server.exec.LogAndCheckHealth] Starting 2nd build in daemon [uptime: 16 mins 6.03 secs, performance: 100%, GC rate: 0.00/s, heap usage: 0% of 2 GiB]
2026-09-03T20:13:39.599+0700 [DEBUG] [org.gradle.launcher.daemon.server.exec.ExecuteBuild] The daemon has started executing the build.
2026-09-03T20:13:39.600+0700 [DEBUG] [org.gradle.launcher.daemon.server.exec.ExecuteBuild] Executing build with daemon context: DefaultDaemonContext[uid=3ef6a606-8328-4109-a205-d5ba9010b1f9,javaHome=C:\Users\AsusA416jp\.jdks\jbr-21.0.11,javaVersion=21,daemonRegistryDir=D:\AbsensiSeleksi\daemon,pid=9240,idleTimeout=10800000,priority=NORMAL,applyInstrumentationAgent=true,nativeServicesMode=ENABLED,daemonOpts=--add-opens=java.base/java.util=ALL-UNNAMED,--add-opens=java.base/java.lang=ALL-UNNAMED,--add-opens=java.base/java.lang.invoke=ALL-UNNAMED,--add-opens=java.prefs/java.util.prefs=ALL-UNNAMED,--add-exports=jdk.compiler/com.sun.tools.javac.api=ALL-UNNAMED,--add-exports=jdk.compiler/com.sun.tools.javac.util=ALL-UNNAMED,--add-opens=java.base/java.nio.charset=ALL-UNNAMED,--add-opens=java.base/java.net=ALL-UNNAMED,--add-opens=java.base/java.util.concurrent.atomic=ALL-UNNAMED,-Xmx2048m,-Dfile.encoding=UTF-8,-Duser.country=ID,-Duser.language=en,-Duser.variant]
Reusing configuration cache.
Unable to strip the following libraries, packaging them as they are: libface_detector_v2_jni.so, libimage_processing_util_jni.so.
w: [ksp] D:/AbsensiSeleksi/app/src/main/java/com/absensiseleksi/data/local/AppDatabase.kt:9: Schema export directory was not provided to the annotation processor so Room cannot export the schema. You can either provide `room.schemaLocation` annotation processor argument by applying the Room Gradle plugin (id 'androidx.room') OR set exportSchema to false.
w: file:///D:/AbsensiSeleksi/app/src/main/java/com/absensiseleksi/ui/attendance/AttendanceActivity.kt:64:9 Parameter 'permissions' is never used, could be renamed to _
w: file:///D:/AbsensiSeleksi/app/src/main/java/com/absensiseleksi/ui/attendance/AttendanceActivity.kt:276:13 'onBackPressed(): Unit' is deprecated. This method has been deprecated in favor of using the
      {@link OnBackPressedDispatcher} via {@link #getOnBackPressedDispatcher()}.
      The OnBackPressedDispatcher controls how back button events are dispatched
      to one or more {@link OnBackPressedCallback} objects.
w: file:///D:/AbsensiSeleksi/app/src/main/java/com/absensiseleksi/ui/attendance/AttendanceDetailActivity.kt:111:13 'onBackPressed(): Unit' is deprecated. This method has been deprecated in favor of using the
      {@link OnBackPressedDispatcher} via {@link #getOnBackPressedDispatcher()}.
      The OnBackPressedDispatcher controls how back button events are dispatched
      to one or more {@link OnBackPressedCallback} objects.
w: file:///D:/AbsensiSeleksi/app/src/main/java/com/absensiseleksi/ui/attendance/AttendanceSuccessActivity.kt:49:13 'onBackPressed(): Unit' is deprecated. This method has been deprecated in favor of using the
      {@link OnBackPressedDispatcher} via {@link #getOnBackPressedDispatcher()}.
      The OnBackPressedDispatcher controls how back button events are dispatched
      to one or more {@link OnBackPressedCallback} objects.
w: file:///D:/AbsensiSeleksi/app/src/main/java/com/absensiseleksi/ui/riwayat/RiwayatDetailActivity.kt:56:13 'onBackPressed(): Unit' is deprecated. This method has been deprecated in favor of using the
      {@link OnBackPressedDispatcher} via {@link #getOnBackPressedDispatcher()}.
      The OnBackPressedDispatcher controls how back button events are dispatched
      to one or more {@link OnBackPressedCallback} objects.

BUILD SUCCESSFUL in 2m 35s
43 actionable tasks: 43 executed
Configuration cache entry reused.
2026-09-03T20:16:14.981+0700 [DEBUG] [org.gradle.launcher.daemon.server.exec.ExecuteBuild] The daemon has finished executing the build.
2026-09-03T20:16:14.993+0700 [DEBUG] [org.gradle.launcher.daemon.server.DaemonStateCoordinator] Command execution: finished waiting for DaemonCommandExecution[command = Build{id=dbc9a00c-9770-4223-af00-2daf76278fb1, currentDir=D:\AbsensiSeleksi}, connection = DefaultDaemonConnection: socket connection from /127.0.0.1:51110 to /127.0.0.1:61078]. Result org.gradle.launcher.daemon.server.DaemonStateCoordinator@6bd05269 with state Busy
2026-09-03T20:16:14.994+0700 [DEBUG] [org.gradle.launcher.daemon.server.DaemonStateCoordinator] Command execution: completed DaemonCommandExecution[command = Build{id=dbc9a00c-9770-4223-af00-2daf76278fb1, currentDir=D:\AbsensiSeleksi}, connection = DefaultDaemonConnection: socket connection from /127.0.0.1:51110 to /127.0.0.1:61078]
2026-09-03T20:16:14.994+0700 [DEBUG] [org.gradle.launcher.daemon.server.DaemonStateCoordinator] resetting idle timer
2026-09-03T20:16:14.994+0700 [INFO] [org.gradle.launcher.daemon.server.DaemonRegistryUpdater] Marking the daemon as idle, address: [5fe4e37b-42a4-41ce-bdfd-25c530d6108e port:51110, addresses:[localhost/127.0.0.1]]
2026-09-03T20:16:14.995+0700 [DEBUG] [org.gradle.launcher.daemon.registry.PersistentDaemonRegistry] Marking busy by address: [5fe4e37b-42a4-41ce-bdfd-25c530d6108e port:51110, addresses:[localhost/127.0.0.1]]
2026-09-03T20:16:14.996+0700 [DEBUG] [org.gradle.cache.internal.DefaultFileLockManager] Waiting to acquire exclusive lock on daemon addresses registry.
2026-09-03T20:16:14.996+0700 [DEBUG] [org.gradle.cache.internal.DefaultFileLockManager] Lock acquired on daemon addresses registry.
2026-09-03T20:16:15.005+0700 [DEBUG] [org.gradle.cache.internal.DefaultFileLockManager] Releasing lock on daemon addresses registry.
2026-09-03T20:16:15.006+0700 [DEBUG] [org.gradle.launcher.daemon.server.exec.ReturnResult] Daemon is dispatching the build result: Success[value=org.gradle.launcher.exec.BuildActionResult@1a77b48e]
2026-09-03T20:16:15.006+0700 [DEBUG] [org.gradle.launcher.daemon.server.DaemonStateCoordinator] daemon is running. Sleeping until state changes.
2026-09-03T20:16:15.006+0700 [DEBUG] [org.gradle.launcher.daemon.server.SynchronizedDispatchConnection] thread 158: dispatching Success[value=org.gradle.launcher.exec.BuildActionResult@1a77b48e]
2026-09-03T20:16:15.009+0700 [DEBUG] [org.gradle.launcher.daemon.server.DefaultIncomingConnectionHandler] Finishing executing command: Build{id=dbc9a00c-9770-4223-af00-2daf76278fb1, currentDir=D:\AbsensiSeleksi}
2026-09-03T20:16:15.009+0700 [DEBUG] [org.gradle.launcher.daemon.server.exec.CleanUpVirtualFileSystemAfterBuild] Cleaning virtual file system after build finished
2026-09-03T20:16:15.014+0700 [DEBUG] [org.gradle.launcher.daemon.server.SynchronizedDispatchConnection] thread 159: received class org.gradle.launcher.daemon.protocol.CloseInput
2026-09-03T20:16:15.015+0700 [DEBUG] [org.gradle.launcher.daemon.server.DefaultDaemonConnection] thread 159: Received IO message from client: org.gradle.launcher.daemon.protocol.CloseInput@3b762341
2026-09-03T20:16:15.015+0700 [DEBUG] [org.gradle.launcher.daemon.server.SynchronizedDispatchConnection] thread 159: received class org.gradle.launcher.daemon.protocol.Finished
2026-09-03T20:16:15.015+0700 [DEBUG] [org.gradle.launcher.daemon.server.DefaultDaemonConnection] thread 159: Received non-IO message from client: org.gradle.launcher.daemon.protocol.Finished@35b1da5f
2026-09-03T20:16:15.016+0700 [DEBUG] [org.gradle.launcher.daemon.server.DefaultIncomingConnectionHandler] Received finished message: org.gradle.launcher.daemon.protocol.Finished@35b1da5f
2026-09-03T20:16:15.016+0700 [DEBUG] [org.gradle.launcher.daemon.server.SynchronizedDispatchConnection] thread 158: stopping connection
2026-09-03T20:16:15.016+0700 [DEBUG] [org.gradle.internal.remote.internal.inet.SocketConnection] Discarding EOFException: java.io.EOFException
2026-09-03T20:16:15.017+0700 [DEBUG] [org.gradle.launcher.daemon.server.SynchronizedDispatchConnection] thread 159: received null
2026-09-03T20:16:15.017+0700 [DEBUG] [org.gradle.launcher.daemon.server.DefaultDaemonConnection] thread 159: Received end-of-input from client.
2026-09-03T20:16:15.018+0700 [DEBUG] [org.gradle.launcher.daemon.server.SynchronizedDispatchConnection] thread 158: stopping connection
2026-09-03T20:16:22.916+0700 [DEBUG] [org.gradle.process.internal.health.memory.DefaultMemoryManager] 638754816 physical memory requested, 214044672 free
2026-09-03T20:16:22.917+0700 [DEBUG] [org.gradle.workers.internal.WorkerDaemonExpiration] Will attempt to release 609 of memory
2026-09-03T20:16:22.919+0700 [DEBUG] [org.gradle.process.internal.health.memory.DefaultMemoryManager] 638754816 physical memory requested, 0 released, 214044672 free
2026-09-03T20:16:24.207+0700 [DEBUG] [org.gradle.cache.internal.DefaultFileLockManager] Waiting to acquire shared lock on daemon addresses registry.
2026-09-03T20:16:24.211+0700 [DEBUG] [org.gradle.cache.internal.DefaultFileLockManager] Lock acquired on daemon addresses registry.
2026-09-03T20:16:24.285+0700 [DEBUG] [org.gradle.cache.internal.DefaultFileLockManager] Releasing lock on daemon addresses registry.
2026-09-03T20:16:24.308+0700 [DEBUG] [org.gradle.cache.internal.DefaultFileLockManager] Waiting to acquire shared lock on daemon addresses registry.
2026-09-03T20:16:24.310+0700 [DEBUG] [org.gradle.cache.internal.DefaultFileLockManager] Lock acquired on daemon addresses registry.
2026-09-03T20:16:24.314+0700 [DEBUG] [org.gradle.cache.internal.DefaultFileLockManager] Releasing lock on daemon addresses registry.
2026-09-03T20:16:27.915+0700 [DEBUG] [org.gradle.process.internal.health.memory.DefaultMemoryManager] 638754816 physical memory requested, 347115520 free
2026-09-03T20:16:27.915+0700 [DEBUG] [org.gradle.workers.internal.WorkerDaemonExpiration] Will attempt to release 609 of memory
2026-09-03T20:16:27.916+0700 [DEBUG] [org.gradle.process.internal.health.memory.DefaultMemoryManager] 638754816 physical memory requested, 0 released, 347115520 free
2026-09-03T20:16:32.917+0700 [DEBUG] [org.gradle.process.internal.health.memory.DefaultMemoryManager] 638754816 physical memory requested, 504127488 free
2026-09-03T20:16:32.918+0700 [DEBUG] [org.gradle.workers.internal.WorkerDaemonExpiration] Will attempt to release 609 of memory
2026-09-03T20:16:32.921+0700 [DEBUG] [org.gradle.process.internal.health.memory.DefaultMemoryManager] 638754816 physical memory requested, 0 released, 504127488 free
2026-09-03T20:16:34.171+0700 [DEBUG] [org.gradle.cache.internal.DefaultFileLockManager] Waiting to acquire shared lock on daemon addresses registry.
2026-09-03T20:16:34.172+0700 [DEBUG] [org.gradle.cache.internal.DefaultFileLockManager] Lock acquired on daemon addresses registry.
2026-09-03T20:16:34.308+0700 [DEBUG] [org.gradle.cache.internal.DefaultFileLockManager] Releasing lock on daemon addresses registry.
2026-09-03T20:16:34.313+0700 [DEBUG] [org.gradle.cache.internal.DefaultFileLockManager] Waiting to acquire shared lock on daemon addresses registry.
2026-09-03T20:16:34.314+0700 [DEBUG] [org.gradle.cache.internal.DefaultFileLockManager] Lock acquired on daemon addresses registry.
2026-09-03T20:16:34.314+0700 [DEBUG] [org.gradle.cache.internal.DefaultFileLockManager] Releasing lock on daemon addresses registry.
2026-09-03T20:16:34.316+0700 [DEBUG] [org.gradle.cache.internal.DefaultFileLockManager] Waiting to acquire shared lock on daemon addresses registry.
2026-09-03T20:16:34.317+0700 [DEBUG] [org.gradle.cache.internal.DefaultFileLockManager] Lock acquired on daemon addresses registry.
2026-09-03T20:16:34.318+0700 [DEBUG] [org.gradle.cache.internal.DefaultFileLockManager] Releasing lock on daemon addresses registry.
2026-09-03T20:16:37.916+0700 [DEBUG] [org.gradle.process.internal.health.memory.DefaultMemoryManager] 638754816 physical memory requested, 420593664 free
2026-09-03T20:16:37.916+0700 [DEBUG] [org.gradle.workers.internal.WorkerDaemonExpiration] Will attempt to release 609 of memory
2026-09-03T20:16:37.917+0700 [DEBUG] [org.gradle.process.internal.health.memory.DefaultMemoryManager] 638754816 physical memory requested, 0 released, 420593664 free
2026-09-03T20:16:44.169+0700 [DEBUG] [org.gradle.cache.internal.DefaultFileLockManager] Waiting to acquire shared lock on daemon addresses registry.
2026-09-03T20:16:44.169+0700 [DEBUG] [org.gradle.cache.internal.DefaultFileLockManager] Lock acquired on daemon addresses registry.
2026-09-03T20:16:44.170+0700 [DEBUG] [org.gradle.cache.internal.DefaultFileLockManager] Releasing lock on daemon addresses registry.
2026-09-03T20:16:44.172+0700 [DEBUG] [org.gradle.cache.internal.DefaultFileLockManager] Waiting to acquire shared lock on daemon addresses registry.
2026-09-03T20:16:44.172+0700 [DEBUG] [org.gradle.cache.internal.DefaultFileLockManager] Lock acquired on daemon addresses registry.
2026-09-03T20:16:44.173+0700 [DEBUG] [org.gradle.cache.internal.DefaultFileLockManager] Releasing lock on daemon addresses registry.
2026-09-03T20:16:44.174+0700 [DEBUG] [org.gradle.cache.internal.DefaultFileLockManager] Waiting to acquire shared lock on daemon addresses registry.
2026-09-03T20:16:44.174+0700 [DEBUG] [org.gradle.cache.internal.DefaultFileLockManager] Lock acquired on daemon addresses registry.
2026-09-03T20:16:44.174+0700 [DEBUG] [org.gradle.cache.internal.DefaultFileLockManager] Releasing lock on daemon addresses registry.
2026-09-03T20:16:52.916+0700 [DEBUG] [org.gradle.process.internal.health.memory.DefaultMemoryManager] 638754816 physical memory requested, 488505344 free
2026-09-03T20:16:52.917+0700 [DEBUG] [org.gradle.workers.internal.WorkerDaemonExpiration] Will attempt to release 609 of memory
2026-09-03T20:16:52.918+0700 [DEBUG] [org.gradle.process.internal.health.memory.DefaultMemoryManager] 638754816 physical memory requested, 0 released, 488505344 free
2026-09-03T20:16:54.173+0700 [DEBUG] [org.gradle.cache.internal.DefaultFileLockManager] Waiting to acquire shared lock on daemon addresses registry.
2026-09-03T20:16:54.176+0700 [DEBUG] [org.gradle.cache.internal.DefaultFileLockManager] Lock acquired on daemon addresses registry.
2026-09-03T20:16:54.211+0700 [DEBUG] [org.gradle.cache.internal.DefaultFileLockManager] Releasing lock on daemon addresses registry.
2026-09-03T20:16:54.224+0700 [DEBUG] [org.gradle.cache.internal.DefaultFileLockManager] Waiting to acquire shared lock on daemon addresses registry.
2026-09-03T20:16:54.226+0700 [DEBUG] [org.gradle.cache.internal.DefaultFileLockManager] Lock acquired on daemon addresses registry.
2026-09-03T20:16:54.258+0700 [DEBUG] [org.gradle.cache.internal.DefaultFileLockManager] Releasing lock on daemon addresses registry.
2026-09-03T20:16:54.265+0700 [DEBUG] [org.gradle.cache.internal.DefaultFileLockManager] Waiting to acquire shared lock on daemon addresses registry.
2026-09-03T20:16:54.294+0700 [DEBUG] [org.gradle.cache.internal.DefaultFileLockManager] Lock acquired on daemon addresses registry.
2026-09-03T20:16:54.296+0700 [DEBUG] [org.gradle.cache.internal.DefaultFileLockManager] Releasing lock on daemon addresses registry.
2026-09-03T20:17:04.169+0700 [DEBUG] [org.gradle.cache.internal.DefaultFileLockManager] Waiting to acquire shared lock on daemon addresses registry.
2026-09-03T20:17:04.170+0700 [DEBUG] [org.gradle.cache.internal.DefaultFileLockManager] Lock acquired on daemon addresses registry.
2026-09-03T20:17:04.171+0700 [DEBUG] [org.gradle.cache.internal.DefaultFileLockManager] Releasing lock on daemon addresses registry.
2026-09-03T20:17:04.173+0700 [DEBUG] [org.gradle.cache.internal.DefaultFileLockManager] Waiting to acquire shared lock on daemon addresses registry.
2026-09-03T20:17:04.174+0700 [DEBUG] [org.gradle.cache.internal.DefaultFileLockManager] Lock acquired on daemon addresses registry.
2026-09-03T20:17:04.174+0700 [DEBUG] [org.gradle.cache.internal.DefaultFileLockManager] Releasing lock on daemon addresses registry.
2026-09-03T20:17:04.177+0700 [DEBUG] [org.gradle.cache.internal.DefaultFileLockManager] Waiting to acquire shared lock on daemon addresses registry.
2026-09-03T20:17:04.178+0700 [DEBUG] [org.gradle.cache.internal.DefaultFileLockManager] Lock acquired on daemon addresses registry.
2026-09-03T20:17:04.179+0700 [DEBUG] [org.gradle.cache.internal.DefaultFileLockManager] Releasing lock on daemon addresses registry.
2026-09-03T20:17:14.168+0700 [DEBUG] [org.gradle.cache.internal.DefaultFileLockManager] Waiting to acquire shared lock on daemon addresses registry.
2026-09-03T20:17:14.169+0700 [DEBUG] [org.gradle.cache.internal.DefaultFileLockManager] Lock acquired on daemon addresses registry.
2026-09-03T20:17:14.169+0700 [DEBUG] [org.gradle.cache.internal.DefaultFileLockManager] Releasing lock on daemon addresses registry.
2026-09-03T20:17:14.171+0700 [DEBUG] [org.gradle.cache.internal.DefaultFileLockManager] Waiting to acquire shared lock on daemon addresses registry.
2026-09-03T20:17:14.171+0700 [DEBUG] [org.gradle.cache.internal.DefaultFileLockManager] Lock acquired on daemon addresses registry.
2026-09-03T20:17:14.171+0700 [DEBUG] [org.gradle.cache.internal.DefaultFileLockManager] Releasing lock on daemon addresses registry.
2026-09-03T20:17:14.172+0700 [DEBUG] [org.gradle.cache.internal.DefaultFileLockManager] Waiting to acquire shared lock on daemon addresses registry.
2026-09-03T20:17:14.172+0700 [DEBUG] [org.gradle.cache.internal.DefaultFileLockManager] Lock acquired on daemon addresses registry.
2026-09-03T20:17:14.173+0700 [DEBUG] [org.gradle.cache.internal.DefaultFileLockManager] Releasing lock on daemon addresses registry.
2026-09-03T20:17:24.170+0700 [DEBUG] [org.gradle.cache.internal.DefaultFileLockManager] Waiting to acquire shared lock on daemon addresses registry.
2026-09-03T20:17:24.170+0700 [DEBUG] [org.gradle.cache.internal.DefaultFileLockManager] Lock acquired on daemon addresses registry.
2026-09-03T20:17:24.171+0700 [DEBUG] [org.gradle.cache.internal.DefaultFileLockManager] Releasing lock on daemon addresses registry.
2026-09-03T20:17:24.173+0700 [DEBUG] [org.gradle.cache.internal.DefaultFileLockManager] Waiting to acquire shared lock on daemon addresses registry.
2026-09-03T20:17:24.173+0700 [DEBUG] [org.gradle.cache.internal.DefaultFileLockManager] Lock acquired on daemon addresses registry.
2026-09-03T20:17:24.173+0700 [DEBUG] [org.gradle.cache.internal.DefaultFileLockManager] Releasing lock on daemon addresses registry.
2026-09-03T20:17:24.175+0700 [DEBUG] [org.gradle.cache.internal.DefaultFileLockManager] Waiting to acquire shared lock on daemon addresses registry.
2026-09-03T20:17:24.175+0700 [DEBUG] [org.gradle.cache.internal.DefaultFileLockManager] Lock acquired on daemon addresses registry.
2026-09-03T20:17:24.175+0700 [DEBUG] [org.gradle.cache.internal.DefaultFileLockManager] Releasing lock on daemon addresses registry.
2026-09-03T20:17:34.170+0700 [DEBUG] [org.gradle.cache.internal.DefaultFileLockManager] Waiting to acquire shared lock on daemon addresses registry.
2026-09-03T20:17:34.170+0700 [DEBUG] [org.gradle.cache.internal.DefaultFileLockManager] Lock acquired on daemon addresses registry.
2026-09-03T20:17:34.171+0700 [DEBUG] [org.gradle.cache.internal.DefaultFileLockManager] Releasing lock on daemon addresses registry.
2026-09-03T20:17:34.174+0700 [DEBUG] [org.gradle.cache.internal.DefaultFileLockManager] Waiting to acquire shared lock on daemon addresses registry.
2026-09-03T20:17:34.174+0700 [DEBUG] [org.gradle.cache.internal.DefaultFileLockManager] Lock acquired on daemon addresses registry.
2026-09-03T20:17:34.175+0700 [DEBUG] [org.gradle.cache.internal.DefaultFileLockManager] Releasing lock on daemon addresses registry.
2026-09-03T20:17:34.177+0700 [DEBUG] [org.gradle.cache.internal.DefaultFileLockManager] Waiting to acquire shared lock on daemon addresses registry.
2026-09-03T20:17:34.177+0700 [DEBUG] [org.gradle.cache.internal.DefaultFileLockManager] Lock acquired on daemon addresses registry.
2026-09-03T20:17:34.179+0700 [DEBUG] [org.gradle.cache.internal.DefaultFileLockManager] Releasing lock on daemon addresses registry.
2026-09-03T20:17:44.169+0700 [DEBUG] [org.gradle.cache.internal.DefaultFileLockManager] Waiting to acquire shared lock on daemon addresses registry.
2026-09-03T20:17:44.170+0700 [DEBUG] [org.gradle.cache.internal.DefaultFileLockManager] Lock acquired on daemon addresses registry.
2026-09-03T20:17:44.170+0700 [DEBUG] [org.gradle.cache.internal.DefaultFileLockManager] Releasing lock on daemon addresses registry.
2026-09-03T20:17:44.173+0700 [DEBUG] [org.gradle.cache.internal.DefaultFileLockManager] Waiting to acquire shared lock on daemon addresses registry.
2026-09-03T20:17:44.173+0700 [DEBUG] [org.gradle.cache.internal.DefaultFileLockManager] Lock acquired on daemon addresses registry.
2026-09-03T20:17:44.174+0700 [DEBUG] [org.gradle.cache.internal.DefaultFileLockManager] Releasing lock on daemon addresses registry.
2026-09-03T20:17:44.175+0700 [DEBUG] [org.gradle.cache.internal.DefaultFileLockManager] Waiting to acquire shared lock on daemon addresses registry.
2026-09-03T20:17:44.175+0700 [DEBUG] [org.gradle.cache.internal.DefaultFileLockManager] Lock acquired on daemon addresses registry.
2026-09-03T20:17:44.175+0700 [DEBUG] [org.gradle.cache.internal.DefaultFileLockManager] Releasing lock on daemon addresses registry.
2026-09-03T20:17:54.169+0700 [DEBUG] [org.gradle.cache.internal.DefaultFileLockManager] Waiting to acquire shared lock on daemon addresses registry.
2026-09-03T20:17:54.170+0700 [DEBUG] [org.gradle.cache.internal.DefaultFileLockManager] Lock acquired on daemon addresses registry.
2026-09-03T20:17:54.171+0700 [DEBUG] [org.gradle.cache.internal.DefaultFileLockManager] Releasing lock on daemon addresses registry.
2026-09-03T20:17:54.173+0700 [DEBUG] [org.gradle.cache.internal.DefaultFileLockManager] Waiting to acquire shared lock on daemon addresses registry.
2026-09-03T20:17:54.174+0700 [DEBUG] [org.gradle.cache.internal.DefaultFileLockManager] Lock acquired on daemon addresses registry.
2026-09-03T20:17:54.175+0700 [DEBUG] [org.gradle.cache.internal.DefaultFileLockManager] Releasing lock on daemon addresses registry.
2026-09-03T20:17:54.176+0700 [DEBUG] [org.gradle.cache.internal.DefaultFileLockManager] Waiting to acquire shared lock on daemon addresses registry.
2026-09-03T20:17:54.177+0700 [DEBUG] [org.gradle.cache.internal.DefaultFileLockManager] Lock acquired on daemon addresses registry.
2026-09-03T20:17:54.177+0700 [DEBUG] [org.gradle.cache.internal.DefaultFileLockManager] Releasing lock on daemon addresses registry.
2026-09-03T20:18:04.169+0700 [DEBUG] [org.gradle.cache.internal.DefaultFileLockManager] Waiting to acquire shared lock on daemon addresses registry.
2026-09-03T20:18:04.170+0700 [DEBUG] [org.gradle.cache.internal.DefaultFileLockManager] Lock acquired on daemon addresses registry.
2026-09-03T20:18:04.170+0700 [DEBUG] [org.gradle.cache.internal.DefaultFileLockManager] Releasing lock on daemon addresses registry.
2026-09-03T20:18:04.172+0700 [DEBUG] [org.gradle.cache.internal.DefaultFileLockManager] Waiting to acquire shared lock on daemon addresses registry.
2026-09-03T20:18:04.172+0700 [DEBUG] [org.gradle.cache.internal.DefaultFileLockManager] Lock acquired on daemon addresses registry.
2026-09-03T20:18:04.173+0700 [DEBUG] [org.gradle.cache.internal.DefaultFileLockManager] Releasing lock on daemon addresses registry.
2026-09-03T20:18:04.174+0700 [DEBUG] [org.gradle.cache.internal.DefaultFileLockManager] Waiting to acquire shared lock on daemon addresses registry.
2026-09-03T20:18:04.174+0700 [DEBUG] [org.gradle.cache.internal.DefaultFileLockManager] Lock acquired on daemon addresses registry.
2026-09-03T20:18:04.175+0700 [DEBUG] [org.gradle.cache.internal.DefaultFileLockManager] Releasing lock on daemon addresses registry.
2026-09-03T20:18:14.170+0700 [DEBUG] [org.gradle.cache.internal.DefaultFileLockManager] Waiting to acquire shared lock on daemon addresses registry.
2026-09-03T20:18:14.170+0700 [DEBUG] [org.gradle.cache.internal.DefaultFileLockManager] Lock acquired on daemon addresses registry.
2026-09-03T20:18:14.171+0700 [DEBUG] [org.gradle.cache.internal.DefaultFileLockManager] Releasing lock on daemon addresses registry.
2026-09-03T20:18:14.172+0700 [DEBUG] [org.gradle.cache.internal.DefaultFileLockManager] Waiting to acquire shared lock on daemon addresses registry.
2026-09-03T20:18:14.172+0700 [DEBUG] [org.gradle.cache.internal.DefaultFileLockManager] Lock acquired on daemon addresses registry.
2026-09-03T20:18:14.172+0700 [DEBUG] [org.gradle.cache.internal.DefaultFileLockManager] Releasing lock on daemon addresses registry.
2026-09-03T20:18:14.174+0700 [DEBUG] [org.gradle.cache.internal.DefaultFileLockManager] Waiting to acquire shared lock on daemon addresses registry.
2026-09-03T20:18:14.174+0700 [DEBUG] [org.gradle.cache.internal.DefaultFileLockManager] Lock acquired on daemon addresses registry.
2026-09-03T20:18:14.174+0700 [DEBUG] [org.gradle.cache.internal.DefaultFileLockManager] Releasing lock on daemon addresses registry.
2026-09-03T20:18:24.169+0700 [DEBUG] [org.gradle.cache.internal.DefaultFileLockManager] Waiting to acquire shared lock on daemon addresses registry.
2026-09-03T20:18:24.169+0700 [DEBUG] [org.gradle.cache.internal.DefaultFileLockManager] Lock acquired on daemon addresses registry.
2026-09-03T20:18:24.170+0700 [DEBUG] [org.gradle.cache.internal.DefaultFileLockManager] Releasing lock on daemon addresses registry.
2026-09-03T20:18:24.172+0700 [DEBUG] [org.gradle.cache.internal.DefaultFileLockManager] Waiting to acquire shared lock on daemon addresses registry.
2026-09-03T20:18:24.172+0700 [DEBUG] [org.gradle.cache.internal.DefaultFileLockManager] Lock acquired on daemon addresses registry.
2026-09-03T20:18:24.172+0700 [DEBUG] [org.gradle.cache.internal.DefaultFileLockManager] Releasing lock on daemon addresses registry.
2026-09-03T20:18:24.174+0700 [DEBUG] [org.gradle.cache.internal.DefaultFileLockManager] Waiting to acquire shared lock on daemon addresses registry.
2026-09-03T20:18:24.174+0700 [DEBUG] [org.gradle.cache.internal.DefaultFileLockManager] Lock acquired on daemon addresses registry.
2026-09-03T20:18:24.174+0700 [DEBUG] [org.gradle.cache.internal.DefaultFileLockManager] Releasing lock on daemon addresses registry.
2026-09-03T20:18:34.174+0700 [DEBUG] [org.gradle.cache.internal.DefaultFileLockManager] Waiting to acquire shared lock on daemon addresses registry.
2026-09-03T20:18:34.174+0700 [DEBUG] [org.gradle.cache.internal.DefaultFileLockManager] Lock acquired on daemon addresses registry.
2026-09-03T20:18:34.176+0700 [DEBUG] [org.gradle.cache.internal.DefaultFileLockManager] Releasing lock on daemon addresses registry.
2026-09-03T20:18:34.178+0700 [DEBUG] [org.gradle.cache.internal.DefaultFileLockManager] Waiting to acquire shared lock on daemon addresses registry.
2026-09-03T20:18:34.179+0700 [DEBUG] [org.gradle.cache.internal.DefaultFileLockManager] Lock acquired on daemon addresses registry.
2026-09-03T20:18:34.179+0700 [DEBUG] [org.gradle.cache.internal.DefaultFileLockManager] Releasing lock on daemon addresses registry.
2026-09-03T20:18:34.182+0700 [DEBUG] [org.gradle.cache.internal.DefaultFileLockManager] Waiting to acquire shared lock on daemon addresses registry.
2026-09-03T20:18:34.182+0700 [DEBUG] [org.gradle.cache.internal.DefaultFileLockManager] Lock acquired on daemon addresses registry.
2026-09-03T20:18:34.183+0700 [DEBUG] [org.gradle.cache.internal.DefaultFileLockManager] Releasing lock on daemon addresses registry.
2026-09-03T20:18:44.204+0700 [DEBUG] [org.gradle.cache.internal.DefaultFileLockManager] Waiting to acquire shared lock on daemon addresses registry.
2026-09-03T20:18:44.204+0700 [DEBUG] [org.gradle.cache.internal.DefaultFileLockManager] Lock acquired on daemon addresses registry.
2026-09-03T20:18:44.234+0700 [DEBUG] [org.gradle.cache.internal.DefaultFileLockManager] Releasing lock on daemon addresses registry.
2026-09-03T20:18:44.254+0700 [DEBUG] [org.gradle.cache.internal.DefaultFileLockManager] Waiting to acquire shared lock on daemon addresses registry.
2026-09-03T20:18:44.260+0700 [DEBUG] [org.gradle.cache.internal.DefaultFileLockManager] Lock acquired on daemon addresses registry.
2026-09-03T20:18:44.261+0700 [DEBUG] [org.gradle.cache.internal.DefaultFileLockManager] Releasing lock on daemon addresses registry.
2026-09-03T20:18:44.262+0700 [DEBUG] [org.gradle.cache.internal.DefaultFileLockManager] Waiting to acquire shared lock on daemon addresses registry.
2026-09-03T20:18:44.263+0700 [DEBUG] [org.gradle.cache.internal.DefaultFileLockManager] Lock acquired on daemon addresses registry.
2026-09-03T20:18:44.263+0700 [DEBUG] [org.gradle.cache.internal.DefaultFileLockManager] Releasing lock on daemon addresses registry.
2026-09-03T20:18:54.183+0700 [DEBUG] [org.gradle.cache.internal.DefaultFileLockManager] Waiting to acquire shared lock on daemon addresses registry.
2026-09-03T20:18:54.183+0700 [DEBUG] [org.gradle.cache.internal.DefaultFileLockManager] Lock acquired on daemon addresses registry.
2026-09-03T20:18:54.183+0700 [DEBUG] [org.gradle.cache.internal.DefaultFileLockManager] Releasing lock on daemon addresses registry.
2026-09-03T20:18:54.185+0700 [DEBUG] [org.gradle.cache.internal.DefaultFileLockManager] Waiting to acquire shared lock on daemon addresses registry.
2026-09-03T20:18:54.186+0700 [DEBUG] [org.gradle.cache.internal.DefaultFileLockManager] Lock acquired on daemon addresses registry.
2026-09-03T20:18:54.186+0700 [DEBUG] [org.gradle.cache.internal.DefaultFileLockManager] Releasing lock on daemon addresses registry.
2026-09-03T20:18:54.188+0700 [DEBUG] [org.gradle.cache.internal.DefaultFileLockManager] Waiting to acquire shared lock on daemon addresses registry.
2026-09-03T20:18:54.188+0700 [DEBUG] [org.gradle.cache.internal.DefaultFileLockManager] Lock acquired on daemon addresses registry.
2026-09-03T20:18:54.188+0700 [DEBUG] [org.gradle.cache.internal.DefaultFileLockManager] Releasing lock on daemon addresses registry.
2026-09-03T20:19:04.171+0700 [DEBUG] [org.gradle.cache.internal.DefaultFileLockManager] Waiting to acquire shared lock on daemon addresses registry.
2026-09-03T20:19:04.171+0700 [DEBUG] [org.gradle.cache.internal.DefaultFileLockManager] Lock acquired on daemon addresses registry.
2026-09-03T20:19:04.172+0700 [DEBUG] [org.gradle.cache.internal.DefaultFileLockManager] Releasing lock on daemon addresses registry.
2026-09-03T20:19:04.175+0700 [DEBUG] [org.gradle.cache.internal.DefaultFileLockManager] Waiting to acquire shared lock on daemon addresses registry.
2026-09-03T20:19:04.175+0700 [DEBUG] [org.gradle.cache.internal.DefaultFileLockManager] Lock acquired on daemon addresses registry.
2026-09-03T20:19:04.176+0700 [DEBUG] [org.gradle.cache.internal.DefaultFileLockManager] Releasing lock on daemon addresses registry.
2026-09-03T20:19:04.177+0700 [DEBUG] [org.gradle.cache.internal.DefaultFileLockManager] Waiting to acquire shared lock on daemon addresses registry.
2026-09-03T20:19:04.177+0700 [DEBUG] [org.gradle.cache.internal.DefaultFileLockManager] Lock acquired on daemon addresses registry.
2026-09-03T20:19:04.178+0700 [DEBUG] [org.gradle.cache.internal.DefaultFileLockManager] Releasing lock on daemon addresses registry.
2026-09-03T20:19:12.915+0700 [DEBUG] [org.gradle.process.internal.health.memory.DefaultMemoryManager] 638754816 physical memory requested, 609218560 free
2026-09-03T20:19:12.916+0700 [DEBUG] [org.gradle.workers.internal.WorkerDaemonExpiration] Will attempt to release 609 of memory
2026-09-03T20:19:12.928+0700 [DEBUG] [org.gradle.process.internal.health.memory.DefaultMemoryManager] 638754816 physical memory requested, 0 released, 609218560 free
2026-09-03T20:19:14.175+0700 [DEBUG] [org.gradle.cache.internal.DefaultFileLockManager] Waiting to acquire shared lock on daemon addresses registry.
2026-09-03T20:19:14.176+0700 [DEBUG] [org.gradle.cache.internal.DefaultFileLockManager] Lock acquired on daemon addresses registry.
2026-09-03T20:19:14.176+0700 [DEBUG] [org.gradle.cache.internal.DefaultFileLockManager] Releasing lock on daemon addresses registry.
2026-09-03T20:19:14.180+0700 [DEBUG] [org.gradle.cache.internal.DefaultFileLockManager] Waiting to acquire shared lock on daemon addresses registry.
2026-09-03T20:19:14.180+0700 [DEBUG] [org.gradle.cache.internal.DefaultFileLockManager] Lock acquired on daemon addresses registry.
2026-09-03T20:19:14.181+0700 [DEBUG] [org.gradle.cache.internal.DefaultFileLockManager] Releasing lock on daemon addresses registry.
2026-09-03T20:19:14.185+0700 [DEBUG] [org.gradle.cache.internal.DefaultFileLockManager] Waiting to acquire shared lock on daemon addresses registry.
2026-09-03T20:19:14.185+0700 [DEBUG] [org.gradle.cache.internal.DefaultFileLockManager] Lock acquired on daemon addresses registry.
2026-09-03T20:19:14.186+0700 [DEBUG] [org.gradle.cache.internal.DefaultFileLockManager] Releasing lock on daemon addresses registry.
2026-09-03T20:19:17.914+0700 [DEBUG] [org.gradle.process.internal.health.memory.DefaultMemoryManager] 638754816 physical memory requested, 416665600 free
2026-09-03T20:19:17.914+0700 [DEBUG] [org.gradle.workers.internal.WorkerDaemonExpiration] Will attempt to release 609 of memory
2026-09-03T20:19:17.916+0700 [DEBUG] [org.gradle.process.internal.health.memory.DefaultMemoryManager] 638754816 physical memory requested, 0 released, 416665600 free
2026-09-03T20:19:22.915+0700 [DEBUG] [org.gradle.process.internal.health.memory.DefaultMemoryManager] 638754816 physical memory requested, 500502528 free
2026-09-03T20:19:22.917+0700 [DEBUG] [org.gradle.workers.internal.WorkerDaemonExpiration] Will attempt to release 609 of memory
2026-09-03T20:19:22.918+0700 [DEBUG] [org.gradle.process.internal.health.memory.DefaultMemoryManager] 638754816 physical memory requested, 0 released, 500502528 free
2026-09-03T20:19:24.169+0700 [DEBUG] [org.gradle.cache.internal.DefaultFileLockManager] Waiting to acquire shared lock on daemon addresses registry.
2026-09-03T20:19:24.169+0700 [DEBUG] [org.gradle.cache.internal.DefaultFileLockManager] Lock acquired on daemon addresses registry.
2026-09-03T20:19:24.170+0700 [DEBUG] [org.gradle.cache.internal.DefaultFileLockManager] Releasing lock on daemon addresses registry.
2026-09-03T20:19:24.713+0700 [DEBUG] [org.gradle.cache.internal.DefaultFileLockManager] Waiting to acquire shared lock on daemon addresses registry.
2026-09-03T20:19:24.713+0700 [DEBUG] [org.gradle.cache.internal.DefaultFileLockManager] Lock acquired on daemon addresses registry.
2026-09-03T20:19:24.713+0700 [DEBUG] [org.gradle.cache.internal.DefaultFileLockManager] Releasing lock on daemon addresses registry.
2026-09-03T20:19:24.715+0700 [DEBUG] [org.gradle.cache.internal.DefaultFileLockManager] Waiting to acquire shared lock on daemon addresses registry.
2026-09-03T20:19:24.715+0700 [DEBUG] [org.gradle.cache.internal.DefaultFileLockManager] Lock acquired on daemon addresses registry.
2026-09-03T20:19:24.730+0700 [DEBUG] [org.gradle.cache.internal.DefaultFileLockManager] Releasing lock on daemon addresses registry.
2026-09-03T20:19:27.915+0700 [DEBUG] [org.gradle.process.internal.health.memory.DefaultMemoryManager] 638754816 physical memory requested, 324628480 free
2026-09-03T20:19:27.916+0700 [DEBUG] [org.gradle.workers.internal.WorkerDaemonExpiration] Will attempt to release 609 of memory
2026-09-03T20:19:27.917+0700 [DEBUG] [org.gradle.process.internal.health.memory.DefaultMemoryManager] 638754816 physical memory requested, 0 released, 324628480 free
2026-09-03T20:19:32.914+0700 [DEBUG] [org.gradle.process.internal.health.memory.DefaultMemoryManager] 638754816 physical memory requested, 512659456 free
2026-09-03T20:19:32.914+0700 [DEBUG] [org.gradle.workers.internal.WorkerDaemonExpiration] Will attempt to release 609 of memory
2026-09-03T20:19:32.915+0700 [DEBUG] [org.gradle.process.internal.health.memory.DefaultMemoryManager] 638754816 physical memory requested, 0 released, 512659456 free
2026-09-03T20:19:34.194+0700 [DEBUG] [org.gradle.cache.internal.DefaultFileLockManager] Waiting to acquire shared lock on daemon addresses registry.
2026-09-03T20:19:34.195+0700 [DEBUG] [org.gradle.cache.internal.DefaultFileLockManager] Lock acquired on daemon addresses registry.
2026-09-03T20:19:34.195+0700 [DEBUG] [org.gradle.cache.internal.DefaultFileLockManager] Releasing lock on daemon addresses registry.
2026-09-03T20:19:34.199+0700 [DEBUG] [org.gradle.cache.internal.DefaultFileLockManager] Waiting to acquire shared lock on daemon addresses registry.
2026-09-03T20:19:34.200+0700 [DEBUG] [org.gradle.cache.internal.DefaultFileLockManager] Lock acquired on daemon addresses registry.
2026-09-03T20:19:34.200+0700 [DEBUG] [org.gradle.cache.internal.DefaultFileLockManager] Releasing lock on daemon addresses registry.
2026-09-03T20:19:34.203+0700 [DEBUG] [org.gradle.cache.internal.DefaultFileLockManager] Waiting to acquire shared lock on daemon addresses registry.
2026-09-03T20:19:34.204+0700 [DEBUG] [org.gradle.cache.internal.DefaultFileLockManager] Lock acquired on daemon addresses registry.
2026-09-03T20:19:34.204+0700 [DEBUG] [org.gradle.cache.internal.DefaultFileLockManager] Releasing lock on daemon addresses registry.
2026-09-03T20:19:37.917+0700 [DEBUG] [org.gradle.process.internal.health.memory.DefaultMemoryManager] 638754816 physical memory requested, 506900480 free
2026-09-03T20:19:37.918+0700 [DEBUG] [org.gradle.workers.internal.WorkerDaemonExpiration] Will attempt to release 609 of memory
2026-09-03T20:19:37.918+0700 [DEBUG] [org.gradle.process.internal.health.memory.DefaultMemoryManager] 638754816 physical memory requested, 0 released, 506900480 free
2026-09-03T20:19:42.923+0700 [DEBUG] [org.gradle.process.internal.health.memory.DefaultMemoryManager] 638754816 physical memory requested, 554680320 free
2026-09-03T20:19:42.924+0700 [DEBUG] [org.gradle.workers.internal.WorkerDaemonExpiration] Will attempt to release 609 of memory
2026-09-03T20:19:42.924+0700 [DEBUG] [org.gradle.process.internal.health.memory.DefaultMemoryManager] 638754816 physical memory requested, 0 released, 554680320 free
2026-09-03T20:19:44.185+0700 [DEBUG] [org.gradle.cache.internal.DefaultFileLockManager] Waiting to acquire shared lock on daemon addresses registry.
2026-09-03T20:19:44.185+0700 [DEBUG] [org.gradle.cache.internal.DefaultFileLockManager] Lock acquired on daemon addresses registry.
2026-09-03T20:19:44.186+0700 [DEBUG] [org.gradle.cache.internal.DefaultFileLockManager] Releasing lock on daemon addresses registry.
2026-09-03T20:19:44.189+0700 [DEBUG] [org.gradle.cache.internal.DefaultFileLockManager] Waiting to acquire shared lock on daemon addresses registry.
2026-09-03T20:19:44.189+0700 [DEBUG] [org.gradle.cache.internal.DefaultFileLockManager] Lock acquired on daemon addresses registry.
2026-09-03T20:19:44.190+0700 [DEBUG] [org.gradle.cache.internal.DefaultFileLockManager] Releasing lock on daemon addresses registry.
2026-09-03T20:19:44.192+0700 [DEBUG] [org.gradle.cache.internal.DefaultFileLockManager] Waiting to acquire shared lock on daemon addresses registry.
2026-09-03T20:19:44.193+0700 [DEBUG] [org.gradle.cache.internal.DefaultFileLockManager] Lock acquired on daemon addresses registry.
2026-09-03T20:19:44.194+0700 [DEBUG] [org.gradle.cache.internal.DefaultFileLockManager] Releasing lock on daemon addresses registry.
2026-09-03T20:19:47.922+0700 [DEBUG] [org.gradle.process.internal.health.memory.DefaultMemoryManager] 638754816 physical memory requested, 438935552 free
2026-09-03T20:19:47.922+0700 [DEBUG] [org.gradle.workers.internal.WorkerDaemonExpiration] Will attempt to release 609 of memory
2026-09-03T20:19:47.922+0700 [DEBUG] [org.gradle.process.internal.health.memory.DefaultMemoryManager] 638754816 physical memory requested, 0 released, 438935552 free
2026-09-03T20:19:52.919+0700 [DEBUG] [org.gradle.process.internal.health.memory.DefaultMemoryManager] 638754816 physical memory requested, 267796480 free
2026-09-03T20:19:52.919+0700 [DEBUG] [org.gradle.workers.internal.WorkerDaemonExpiration] Will attempt to release 609 of memory
2026-09-03T20:19:52.920+0700 [DEBUG] [org.gradle.process.internal.health.memory.DefaultMemoryManager] 638754816 physical memory requested, 0 released, 267796480 free
2026-09-03T20:19:54.181+0700 [DEBUG] [org.gradle.cache.internal.DefaultFileLockManager] Waiting to acquire shared lock on daemon addresses registry.
2026-09-03T20:19:54.181+0700 [DEBUG] [org.gradle.cache.internal.DefaultFileLockManager] Lock acquired on daemon addresses registry.
2026-09-03T20:19:54.182+0700 [DEBUG] [org.gradle.cache.internal.DefaultFileLockManager] Releasing lock on daemon addresses registry.
2026-09-03T20:19:54.185+0700 [DEBUG] [org.gradle.cache.internal.DefaultFileLockManager] Waiting to acquire shared lock on daemon addresses registry.
2026-09-03T20:19:54.185+0700 [DEBUG] [org.gradle.cache.internal.DefaultFileLockManager] Lock acquired on daemon addresses registry.
2026-09-03T20:19:54.186+0700 [DEBUG] [org.gradle.cache.internal.DefaultFileLockManager] Releasing lock on daemon addresses registry.
2026-09-03T20:19:54.188+0700 [DEBUG] [org.gradle.cache.internal.DefaultFileLockManager] Waiting to acquire shared lock on daemon addresses registry.
2026-09-03T20:19:54.188+0700 [DEBUG] [org.gradle.cache.internal.DefaultFileLockManager] Lock acquired on daemon addresses registry.
2026-09-03T20:19:54.189+0700 [DEBUG] [org.gradle.cache.internal.DefaultFileLockManager] Releasing lock on daemon addresses registry.
2026-09-03T20:19:57.929+0700 [DEBUG] [org.gradle.process.internal.health.memory.DefaultMemoryManager] 638754816 physical memory requested, 487501824 free
2026-09-03T20:19:57.930+0700 [DEBUG] [org.gradle.workers.internal.WorkerDaemonExpiration] Will attempt to release 609 of memory
2026-09-03T20:19:57.930+0700 [DEBUG] [org.gradle.process.internal.health.memory.DefaultMemoryManager] 638754816 physical memory requested, 0 released, 487501824 free
2026-09-03T20:20:02.920+0700 [DEBUG] [org.gradle.process.internal.health.memory.DefaultMemoryManager] 638754816 physical memory requested, 451485696 free
2026-09-03T20:20:02.920+0700 [DEBUG] [org.gradle.workers.internal.WorkerDaemonExpiration] Will attempt to release 609 of memory
2026-09-03T20:20:02.920+0700 [DEBUG] [org.gradle.process.internal.health.memory.DefaultMemoryManager] 638754816 physical memory requested, 0 released, 451485696 free
2026-09-03T20:20:04.171+0700 [DEBUG] [org.gradle.cache.internal.DefaultFileLockManager] Waiting to acquire shared lock on daemon addresses registry.
2026-09-03T20:20:04.171+0700 [DEBUG] [org.gradle.cache.internal.DefaultFileLockManager] Lock acquired on daemon addresses registry.
2026-09-03T20:20:04.172+0700 [DEBUG] [org.gradle.cache.internal.DefaultFileLockManager] Releasing lock on daemon addresses registry.
2026-09-03T20:20:04.174+0700 [DEBUG] [org.gradle.cache.internal.DefaultFileLockManager] Waiting to acquire shared lock on daemon addresses registry.
2026-09-03T20:20:04.175+0700 [DEBUG] [org.gradle.cache.internal.DefaultFileLockManager] Lock acquired on daemon addresses registry.
2026-09-03T20:20:04.175+0700 [DEBUG] [org.gradle.cache.internal.DefaultFileLockManager] Releasing lock on daemon addresses registry.
2026-09-03T20:20:04.177+0700 [DEBUG] [org.gradle.cache.internal.DefaultFileLockManager] Waiting to acquire shared lock on daemon addresses registry.
2026-09-03T20:20:04.177+0700 [DEBUG] [org.gradle.cache.internal.DefaultFileLockManager] Lock acquired on daemon addresses registry.
2026-09-03T20:20:04.178+0700 [DEBUG] [org.gradle.cache.internal.DefaultFileLockManager] Releasing lock on daemon addresses registry.
2026-09-03T20:20:07.920+0700 [DEBUG] [org.gradle.process.internal.health.memory.DefaultMemoryManager] 638754816 physical memory requested, 421642240 free
2026-09-03T20:20:07.920+0700 [DEBUG] [org.gradle.workers.internal.WorkerDaemonExpiration] Will attempt to release 609 of memory
2026-09-03T20:20:07.920+0700 [DEBUG] [org.gradle.process.internal.health.memory.DefaultMemoryManager] 638754816 physical memory requested, 0 released, 421642240 free
2026-09-03T20:20:12.920+0700 [DEBUG] [org.gradle.process.internal.health.memory.DefaultMemoryManager] 638754816 physical memory requested, 380456960 free
2026-09-03T20:20:12.921+0700 [DEBUG] [org.gradle.workers.internal.WorkerDaemonExpiration] Will attempt to release 609 of memory
2026-09-03T20:20:12.922+0700 [DEBUG] [org.gradle.process.internal.health.memory.DefaultMemoryManager] 638754816 physical memory requested, 0 released, 380456960 free
2026-09-03T20:20:13.063+0700 [DEBUG] [sun.rmi.transport.tcp] RMI TCP Connection(6)-127.0.0.1: accepted socket from [127.0.0.1:53018]
2026-09-03T20:20:13.172+0700 [DEBUG] [sun.rmi.transport.tcp] RMI TCP Connection(6)-127.0.0.1: (port 61098) op = 80
2026-09-03T20:20:13.221+0700 [DEBUG] [sun.rmi.loader] RMI TCP Connection(6)-127.0.0.1: name = "[Ljava.rmi.server.ObjID;", codebase = "", defaultLoader = jdk.internal.loader.ClassLoaders$PlatformClassLoader@2a87d96
2026-09-03T20:20:13.234+0700 [DEBUG] [sun.rmi.loader] RMI TCP Connection(6)-127.0.0.1: name = "java.rmi.dgc.Lease", codebase = "", defaultLoader = jdk.internal.loader.ClassLoaders$PlatformClassLoader@2a87d96
2026-09-03T20:20:13.238+0700 [DEBUG] [sun.rmi.loader] RMI TCP Connection(6)-127.0.0.1: name = "java.rmi.dgc.VMID", codebase = "", defaultLoader = jdk.internal.loader.ClassLoaders$PlatformClassLoader@2a87d96
2026-09-03T20:20:13.239+0700 [DEBUG] [sun.rmi.loader] RMI TCP Connection(6)-127.0.0.1: name = "[B", codebase = "", defaultLoader = jdk.internal.loader.ClassLoaders$PlatformClassLoader@2a87d96
2026-09-03T20:20:13.244+0700 [DEBUG] [sun.rmi.loader] RMI TCP Connection(6)-127.0.0.1: name = "java.rmi.server.UID", codebase = "", defaultLoader = jdk.internal.loader.ClassLoaders$PlatformClassLoader@2a87d96
2026-09-03T20:20:14.173+0700 [DEBUG] [org.gradle.cache.internal.DefaultFileLockManager] Waiting to acquire shared lock on daemon addresses registry.
2026-09-03T20:20:14.173+0700 [DEBUG] [org.gradle.cache.internal.DefaultFileLockManager] Lock acquired on daemon addresses registry.
2026-09-03T20:20:14.174+0700 [DEBUG] [org.gradle.cache.internal.DefaultFileLockManager] Releasing lock on daemon addresses registry.
2026-09-03T20:20:14.176+0700 [DEBUG] [org.gradle.cache.internal.DefaultFileLockManager] Waiting to acquire shared lock on daemon addresses registry.
2026-09-03T20:20:14.176+0700 [DEBUG] [org.gradle.cache.internal.DefaultFileLockManager] Lock acquired on daemon addresses registry.
2026-09-03T20:20:14.176+0700 [DEBUG] [org.gradle.cache.internal.DefaultFileLockManager] Releasing lock on daemon addresses registry.
2026-09-03T20:20:14.178+0700 [DEBUG] [org.gradle.cache.internal.DefaultFileLockManager] Waiting to acquire shared lock on daemon addresses registry.
2026-09-03T20:20:14.178+0700 [DEBUG] [org.gradle.cache.internal.DefaultFileLockManager] Lock acquired on daemon addresses registry.
2026-09-03T20:20:14.178+0700 [DEBUG] [org.gradle.cache.internal.DefaultFileLockManager] Releasing lock on daemon addresses registry.
2026-09-03T20:20:17.919+0700 [DEBUG] [org.gradle.process.internal.health.memory.DefaultMemoryManager] 638754816 physical memory requested, 378175488 free
2026-09-03T20:20:17.920+0700 [DEBUG] [org.gradle.workers.internal.WorkerDaemonExpiration] Will attempt to release 609 of memory
2026-09-03T20:20:17.920+0700 [DEBUG] [org.gradle.process.internal.health.memory.DefaultMemoryManager] 638754816 physical memory requested, 0 released, 378175488 free
2026-09-03T20:20:22.928+0700 [DEBUG] [org.gradle.process.internal.health.memory.DefaultMemoryManager] 638754816 physical memory requested, 318799872 free
2026-09-03T20:20:22.928+0700 [DEBUG] [org.gradle.workers.internal.WorkerDaemonExpiration] Will attempt to release 609 of memory
2026-09-03T20:20:22.929+0700 [DEBUG] [org.gradle.process.internal.health.memory.DefaultMemoryManager] 638754816 physical memory requested, 0 released, 318799872 free
2026-09-03T20:20:24.182+0700 [DEBUG] [org.gradle.cache.internal.DefaultFileLockManager] Waiting to acquire shared lock on daemon addresses registry.
2026-09-03T20:20:24.183+0700 [DEBUG] [org.gradle.cache.internal.DefaultFileLockManager] Lock acquired on daemon addresses registry.
2026-09-03T20:20:24.184+0700 [DEBUG] [org.gradle.cache.internal.DefaultFileLockManager] Releasing lock on daemon addresses registry.
2026-09-03T20:20:24.189+0700 [DEBUG] [org.gradle.cache.internal.DefaultFileLockManager] Waiting to acquire shared lock on daemon addresses registry.
2026-09-03T20:20:24.189+0700 [DEBUG] [org.gradle.cache.internal.DefaultFileLockManager] Lock acquired on daemon addresses registry.
2026-09-03T20:20:24.191+0700 [DEBUG] [org.gradle.cache.internal.DefaultFileLockManager] Releasing lock on daemon addresses registry.
2026-09-03T20:20:24.194+0700 [DEBUG] [org.gradle.cache.internal.DefaultFileLockManager] Waiting to acquire shared lock on daemon addresses registry.
2026-09-03T20:20:24.194+0700 [DEBUG] [org.gradle.cache.internal.DefaultFileLockManager] Lock acquired on daemon addresses registry.
2026-09-03T20:20:24.195+0700 [DEBUG] [org.gradle.cache.internal.DefaultFileLockManager] Releasing lock on daemon addresses registry.
2026-09-03T20:20:27.915+0700 [DEBUG] [org.gradle.process.internal.health.memory.DefaultMemoryManager] 638754816 physical memory requested, 341233664 free
2026-09-03T20:20:27.915+0700 [DEBUG] [org.gradle.workers.internal.WorkerDaemonExpiration] Will attempt to release 609 of memory
2026-09-03T20:20:27.915+0700 [DEBUG] [org.gradle.process.internal.health.memory.DefaultMemoryManager] 638754816 physical memory requested, 0 released, 341233664 free
2026-09-03T20:20:28.314+0700 [DEBUG] [sun.rmi.transport.tcp] RMI TCP Connection(6)-127.0.0.1: (port 61098) connection closed
2026-09-03T20:20:28.324+0700 [DEBUG] [sun.rmi.transport.tcp] RMI TCP Connection(6)-127.0.0.1: close connection, socket: Socket[addr=/127.0.0.1,port=53018,localport=61098]
2026-09-03T20:20:28.329+0700 [DEBUG] [sun.rmi.transport.tcp] RMI TCP Connection(6)-127.0.0.1: socket close: Socket[addr=/127.0.0.1,port=53018,localport=61098]
2026-09-03T20:20:32.918+0700 [DEBUG] [org.gradle.process.internal.health.memory.DefaultMemoryManager] 638754816 physical memory requested, 557420544 free
2026-09-03T20:20:32.918+0700 [DEBUG] [org.gradle.workers.internal.WorkerDaemonExpiration] Will attempt to release 609 of memory
2026-09-03T20:20:32.918+0700 [DEBUG] [org.gradle.process.internal.health.memory.DefaultMemoryManager] 638754816 physical memory requested, 0 released, 557420544 free
2026-09-03T20:20:34.173+0700 [DEBUG] [org.gradle.cache.internal.DefaultFileLockManager] Waiting to acquire shared lock on daemon addresses registry.
2026-09-03T20:20:34.173+0700 [DEBUG] [org.gradle.cache.internal.DefaultFileLockManager] Lock acquired on daemon addresses registry.
2026-09-03T20:20:34.174+0700 [DEBUG] [org.gradle.cache.internal.DefaultFileLockManager] Releasing lock on daemon addresses registry.
2026-09-03T20:20:34.176+0700 [DEBUG] [org.gradle.cache.internal.DefaultFileLockManager] Waiting to acquire shared lock on daemon addresses registry.
2026-09-03T20:20:34.177+0700 [DEBUG] [org.gradle.cache.internal.DefaultFileLockManager] Lock acquired on daemon addresses registry.
2026-09-03T20:20:34.178+0700 [DEBUG] [org.gradle.cache.internal.DefaultFileLockManager] Releasing lock on daemon addresses registry.
2026-09-03T20:20:34.180+0700 [DEBUG] [org.gradle.cache.internal.DefaultFileLockManager] Waiting to acquire shared lock on daemon addresses registry.
2026-09-03T20:20:34.180+0700 [DEBUG] [org.gradle.cache.internal.DefaultFileLockManager] Lock acquired on daemon addresses registry.
2026-09-03T20:20:34.180+0700 [DEBUG] [org.gradle.cache.internal.DefaultFileLockManager] Releasing lock on daemon addresses registry.
2026-09-03T20:20:37.996+0700 [DEBUG] [org.gradle.process.internal.health.memory.DefaultMemoryManager] 638754816 physical memory requested, 167186432 free
2026-09-03T20:20:38.001+0700 [DEBUG] [org.gradle.workers.internal.WorkerDaemonExpiration] Will attempt to release 609 of memory
2026-09-03T20:20:38.004+0700 [DEBUG] [org.gradle.process.internal.health.memory.DefaultMemoryManager] 638754816 physical memory requested, 0 released, 167186432 free
2026-09-03T20:20:42.923+0700 [DEBUG] [org.gradle.process.internal.health.memory.DefaultMemoryManager] 638754816 physical memory requested, 30855168 free
2026-09-03T20:20:42.925+0700 [DEBUG] [org.gradle.workers.internal.WorkerDaemonExpiration] Will attempt to release 609 of memory
2026-09-03T20:20:42.925+0700 [DEBUG] [org.gradle.process.internal.health.memory.DefaultMemoryManager] 638754816 physical memory requested, 0 released, 30855168 free
2026-09-03T20:20:44.231+0700 [DEBUG] [org.gradle.cache.internal.DefaultFileLockManager] Waiting to acquire shared lock on daemon addresses registry.
2026-09-03T20:20:44.232+0700 [DEBUG] [org.gradle.cache.internal.DefaultFileLockManager] Lock acquired on daemon addresses registry.
2026-09-03T20:20:44.249+0700 [DEBUG] [org.gradle.cache.internal.DefaultFileLockManager] Releasing lock on daemon addresses registry.
2026-09-03T20:20:44.279+0700 [DEBUG] [org.gradle.cache.internal.DefaultFileLockManager] Waiting to acquire shared lock on daemon addresses registry.
2026-09-03T20:20:44.281+0700 [DEBUG] [org.gradle.cache.internal.DefaultFileLockManager] Lock acquired on daemon addresses registry.
2026-09-03T20:20:44.307+0700 [DEBUG] [org.gradle.cache.internal.DefaultFileLockManager] Releasing lock on daemon addresses registry.
2026-09-03T20:20:44.323+0700 [DEBUG] [org.gradle.cache.internal.DefaultFileLockManager] Waiting to acquire shared lock on daemon addresses registry.
2026-09-03T20:20:44.325+0700 [DEBUG] [org.gradle.cache.internal.DefaultFileLockManager] Lock acquired on daemon addresses registry.
2026-09-03T20:20:44.367+0700 [DEBUG] [org.gradle.cache.internal.DefaultFileLockManager] Releasing lock on daemon addresses registry.
2026-09-03T20:20:54.173+0700 [DEBUG] [org.gradle.cache.internal.DefaultFileLockManager] Waiting to acquire shared lock on daemon addresses registry.
2026-09-03T20:20:54.173+0700 [DEBUG] [org.gradle.cache.internal.DefaultFileLockManager] Lock acquired on daemon addresses registry.
2026-09-03T20:20:54.174+0700 [DEBUG] [org.gradle.cache.internal.DefaultFileLockManager] Releasing lock on daemon addresses registry.
2026-09-03T20:20:54.178+0700 [DEBUG] [org.gradle.cache.internal.DefaultFileLockManager] Waiting to acquire shared lock on daemon addresses registry.
2026-09-03T20:20:54.178+0700 [DEBUG] [org.gradle.cache.internal.DefaultFileLockManager] Lock acquired on daemon addresses registry.
2026-09-03T20:20:54.179+0700 [DEBUG] [org.gradle.cache.internal.DefaultFileLockManager] Releasing lock on daemon addresses registry.
2026-09-03T20:20:54.181+0700 [DEBUG] [org.gradle.cache.internal.DefaultFileLockManager] Waiting to acquire shared lock on daemon addresses registry.
2026-09-03T20:20:54.182+0700 [DEBUG] [org.gradle.cache.internal.DefaultFileLockManager] Lock acquired on daemon addresses registry.
2026-09-03T20:20:54.183+0700 [DEBUG] [org.gradle.cache.internal.DefaultFileLockManager] Releasing lock on daemon addresses registry.
2026-09-03T20:21:04.171+0700 [DEBUG] [org.gradle.cache.internal.DefaultFileLockManager] Waiting to acquire shared lock on daemon addresses registry.
2026-09-03T20:21:04.171+0700 [DEBUG] [org.gradle.cache.internal.DefaultFileLockManager] Lock acquired on daemon addresses registry.
2026-09-03T20:21:04.172+0700 [DEBUG] [org.gradle.cache.internal.DefaultFileLockManager] Releasing lock on daemon addresses registry.
2026-09-03T20:21:04.174+0700 [DEBUG] [org.gradle.cache.internal.DefaultFileLockManager] Waiting to acquire shared lock on daemon addresses registry.
2026-09-03T20:21:04.174+0700 [DEBUG] [org.gradle.cache.internal.DefaultFileLockManager] Lock acquired on daemon addresses registry.
2026-09-03T20:21:04.175+0700 [DEBUG] [org.gradle.cache.internal.DefaultFileLockManager] Releasing lock on daemon addresses registry.
2026-09-03T20:21:04.177+0700 [DEBUG] [org.gradle.cache.internal.DefaultFileLockManager] Waiting to acquire shared lock on daemon addresses registry.
2026-09-03T20:21:04.177+0700 [DEBUG] [org.gradle.cache.internal.DefaultFileLockManager] Lock acquired on daemon addresses registry.
2026-09-03T20:21:04.178+0700 [DEBUG] [org.gradle.cache.internal.DefaultFileLockManager] Releasing lock on daemon addresses registry.
2026-09-03T20:21:14.172+0700 [DEBUG] [org.gradle.cache.internal.DefaultFileLockManager] Waiting to acquire shared lock on daemon addresses registry.
2026-09-03T20:21:14.173+0700 [DEBUG] [org.gradle.cache.internal.DefaultFileLockManager] Lock acquired on daemon addresses registry.
2026-09-03T20:21:14.174+0700 [DEBUG] [org.gradle.cache.internal.DefaultFileLockManager] Releasing lock on daemon addresses registry.
2026-09-03T20:21:14.179+0700 [DEBUG] [org.gradle.cache.internal.DefaultFileLockManager] Waiting to acquire shared lock on daemon addresses registry.
2026-09-03T20:21:14.179+0700 [DEBUG] [org.gradle.cache.internal.DefaultFileLockManager] Lock acquired on daemon addresses registry.
2026-09-03T20:21:14.180+0700 [DEBUG] [org.gradle.cache.internal.DefaultFileLockManager] Releasing lock on daemon addresses registry.
2026-09-03T20:21:14.183+0700 [DEBUG] [org.gradle.cache.internal.DefaultFileLockManager] Waiting to acquire shared lock on daemon addresses registry.
2026-09-03T20:21:14.183+0700 [DEBUG] [org.gradle.cache.internal.DefaultFileLockManager] Lock acquired on daemon addresses registry.
2026-09-03T20:21:14.184+0700 [DEBUG] [org.gradle.cache.internal.DefaultFileLockManager] Releasing lock on daemon addresses registry.
2026-09-03T20:21:17.915+0700 [DEBUG] [org.gradle.process.internal.health.memory.DefaultMemoryManager] 638754816 physical memory requested, 592912384 free
2026-09-03T20:21:17.916+0700 [DEBUG] [org.gradle.workers.internal.WorkerDaemonExpiration] Will attempt to release 609 of memory
2026-09-03T20:21:17.916+0700 [DEBUG] [org.gradle.process.internal.health.memory.DefaultMemoryManager] 638754816 physical memory requested, 0 released, 592912384 free
2026-09-03T20:21:22.913+0700 [DEBUG] [org.gradle.process.internal.health.memory.DefaultMemoryManager] 638754816 physical memory requested, 249888768 free
2026-09-03T20:21:22.914+0700 [DEBUG] [org.gradle.workers.internal.WorkerDaemonExpiration] Will attempt to release 609 of memory
2026-09-03T20:21:22.914+0700 [DEBUG] [org.gradle.process.internal.health.memory.DefaultMemoryManager] 638754816 physical memory requested, 0 released, 249888768 free
2026-09-03T20:21:24.171+0700 [DEBUG] [org.gradle.cache.internal.DefaultFileLockManager] Waiting to acquire shared lock on daemon addresses registry.
2026-09-03T20:21:24.171+0700 [DEBUG] [org.gradle.cache.internal.DefaultFileLockManager] Lock acquired on daemon addresses registry.
2026-09-03T20:21:24.197+0700 [DEBUG] [org.gradle.cache.internal.DefaultFileLockManager] Releasing lock on daemon addresses registry.
2026-09-03T20:21:24.200+0700 [DEBUG] [org.gradle.cache.internal.DefaultFileLockManager] Waiting to acquire shared lock on daemon addresses registry.
2026-09-03T20:21:24.201+0700 [DEBUG] [org.gradle.cache.internal.DefaultFileLockManager] Lock acquired on daemon addresses registry.
2026-09-03T20:21:24.201+0700 [DEBUG] [org.gradle.cache.internal.DefaultFileLockManager] Releasing lock on daemon addresses registry.
2026-09-03T20:21:24.204+0700 [DEBUG] [org.gradle.cache.internal.DefaultFileLockManager] Waiting to acquire shared lock on daemon addresses registry.
2026-09-03T20:21:24.204+0700 [DEBUG] [org.gradle.cache.internal.DefaultFileLockManager] Lock acquired on daemon addresses registry.
2026-09-03T20:21:24.204+0700 [DEBUG] [org.gradle.cache.internal.DefaultFileLockManager] Releasing lock on daemon addresses registry.
2026-09-03T20:21:27.915+0700 [DEBUG] [org.gradle.process.internal.health.memory.DefaultMemoryManager] 638754816 physical memory requested, 469307392 free
2026-09-03T20:21:27.918+0700 [DEBUG] [org.gradle.workers.internal.WorkerDaemonExpiration] Will attempt to release 609 of memory
2026-09-03T20:21:27.919+0700 [DEBUG] [org.gradle.process.internal.health.memory.DefaultMemoryManager] 638754816 physical memory requested, 0 released, 469307392 free
2026-09-03T20:21:32.915+0700 [DEBUG] [org.gradle.process.internal.health.memory.DefaultMemoryManager] 638754816 physical memory requested, 371003392 free
2026-09-03T20:21:32.915+0700 [DEBUG] [org.gradle.workers.internal.WorkerDaemonExpiration] Will attempt to release 609 of memory
2026-09-03T20:21:32.915+0700 [DEBUG] [org.gradle.process.internal.health.memory.DefaultMemoryManager] 638754816 physical memory requested, 0 released, 371003392 free
2026-09-03T20:21:34.169+0700 [DEBUG] [org.gradle.cache.internal.DefaultFileLockManager] Waiting to acquire shared lock on daemon addresses registry.
2026-09-03T20:21:34.170+0700 [DEBUG] [org.gradle.cache.internal.DefaultFileLockManager] Lock acquired on daemon addresses registry.
2026-09-03T20:21:34.170+0700 [DEBUG] [org.gradle.cache.internal.DefaultFileLockManager] Releasing lock on daemon addresses registry.
2026-09-03T20:21:34.172+0700 [DEBUG] [org.gradle.cache.internal.DefaultFileLockManager] Waiting to acquire shared lock on daemon addresses registry.
2026-09-03T20:21:34.172+0700 [DEBUG] [org.gradle.cache.internal.DefaultFileLockManager] Lock acquired on daemon addresses registry.
2026-09-03T20:21:34.172+0700 [DEBUG] [org.gradle.cache.internal.DefaultFileLockManager] Releasing lock on daemon addresses registry.
2026-09-03T20:21:34.173+0700 [DEBUG] [org.gradle.cache.internal.DefaultFileLockManager] Waiting to acquire shared lock on daemon addresses registry.
2026-09-03T20:21:34.173+0700 [DEBUG] [org.gradle.cache.internal.DefaultFileLockManager] Lock acquired on daemon addresses registry.
2026-09-03T20:21:34.174+0700 [DEBUG] [org.gradle.cache.internal.DefaultFileLockManager] Releasing lock on daemon addresses registry.
2026-09-03T20:21:37.914+0700 [DEBUG] [org.gradle.process.internal.health.memory.DefaultMemoryManager] 638754816 physical memory requested, 340594688 free
2026-09-03T20:21:37.914+0700 [DEBUG] [org.gradle.workers.internal.WorkerDaemonExpiration] Will attempt to release 609 of memory
2026-09-03T20:21:37.915+0700 [DEBUG] [org.gradle.process.internal.health.memory.DefaultMemoryManager] 638754816 physical memory requested, 0 released, 340594688 free
2026-09-03T20:21:42.915+0700 [DEBUG] [org.gradle.process.internal.health.memory.DefaultMemoryManager] 638754816 physical memory requested, 361140224 free
2026-09-03T20:21:42.915+0700 [DEBUG] [org.gradle.workers.internal.WorkerDaemonExpiration] Will attempt to release 609 of memory
2026-09-03T20:21:42.915+0700 [DEBUG] [org.gradle.process.internal.health.memory.DefaultMemoryManager] 638754816 physical memory requested, 0 released, 361140224 free
2026-09-03T20:21:44.170+0700 [DEBUG] [org.gradle.cache.internal.DefaultFileLockManager] Waiting to acquire shared lock on daemon addresses registry.
2026-09-03T20:21:44.170+0700 [DEBUG] [org.gradle.cache.internal.DefaultFileLockManager] Lock acquired on daemon addresses registry.
2026-09-03T20:21:44.170+0700 [DEBUG] [org.gradle.cache.internal.DefaultFileLockManager] Releasing lock on daemon addresses registry.
2026-09-03T20:21:44.172+0700 [DEBUG] [org.gradle.cache.internal.DefaultFileLockManager] Waiting to acquire shared lock on daemon addresses registry.
2026-09-03T20:21:44.173+0700 [DEBUG] [org.gradle.cache.internal.DefaultFileLockManager] Lock acquired on daemon addresses registry.
2026-09-03T20:21:44.173+0700 [DEBUG] [org.gradle.cache.internal.DefaultFileLockManager] Releasing lock on daemon addresses registry.
2026-09-03T20:21:44.174+0700 [DEBUG] [org.gradle.cache.internal.DefaultFileLockManager] Waiting to acquire shared lock on daemon addresses registry.
2026-09-03T20:21:44.174+0700 [DEBUG] [org.gradle.cache.internal.DefaultFileLockManager] Lock acquired on daemon addresses registry.
2026-09-03T20:21:44.175+0700 [DEBUG] [org.gradle.cache.internal.DefaultFileLockManager] Releasing lock on daemon addresses registry.
2026-09-03T20:21:47.915+0700 [DEBUG] [org.gradle.process.internal.health.memory.DefaultMemoryManager] 638754816 physical memory requested, 347803648 free
2026-09-03T20:21:47.915+0700 [DEBUG] [org.gradle.workers.internal.WorkerDaemonExpiration] Will attempt to release 609 of memory
2026-09-03T20:21:47.915+0700 [DEBUG] [org.gradle.process.internal.health.memory.DefaultMemoryManager] 638754816 physical memory requested, 0 released, 347803648 free
2026-09-03T20:21:52.916+0700 [DEBUG] [org.gradle.process.internal.health.memory.DefaultMemoryManager] 638754816 physical memory requested, 323407872 free
2026-09-03T20:21:52.916+0700 [DEBUG] [org.gradle.workers.internal.WorkerDaemonExpiration] Will attempt to release 609 of memory
2026-09-03T20:21:52.916+0700 [DEBUG] [org.gradle.process.internal.health.memory.DefaultMemoryManager] 638754816 physical memory requested, 0 released, 323407872 free
2026-09-03T20:21:54.171+0700 [DEBUG] [org.gradle.cache.internal.DefaultFileLockManager] Waiting to acquire shared lock on daemon addresses registry.
2026-09-03T20:21:54.171+0700 [DEBUG] [org.gradle.cache.internal.DefaultFileLockManager] Lock acquired on daemon addresses registry.
2026-09-03T20:21:54.172+0700 [DEBUG] [org.gradle.cache.internal.DefaultFileLockManager] Releasing lock on daemon addresses registry.
2026-09-03T20:21:54.176+0700 [DEBUG] [org.gradle.cache.internal.DefaultFileLockManager] Waiting to acquire shared lock on daemon addresses registry.
2026-09-03T20:21:54.176+0700 [DEBUG] [org.gradle.cache.internal.DefaultFileLockManager] Lock acquired on daemon addresses registry.
2026-09-03T20:21:54.176+0700 [DEBUG] [org.gradle.cache.internal.DefaultFileLockManager] Releasing lock on daemon addresses registry.
2026-09-03T20:21:54.178+0700 [DEBUG] [org.gradle.cache.internal.DefaultFileLockManager] Waiting to acquire shared lock on daemon addresses registry.
2026-09-03T20:21:54.178+0700 [DEBUG] [org.gradle.cache.internal.DefaultFileLockManager] Lock acquired on daemon addresses registry.
2026-09-03T20:21:54.178+0700 [DEBUG] [org.gradle.cache.internal.DefaultFileLockManager] Releasing lock on daemon addresses registry.
2026-09-03T20:21:57.914+0700 [DEBUG] [org.gradle.process.internal.health.memory.DefaultMemoryManager] 638754816 physical memory requested, 544657408 free
2026-09-03T20:21:57.915+0700 [DEBUG] [org.gradle.workers.internal.WorkerDaemonExpiration] Will attempt to release 609 of memory
2026-09-03T20:21:57.915+0700 [DEBUG] [org.gradle.process.internal.health.memory.DefaultMemoryManager] 638754816 physical memory requested, 0 released, 544657408 free
2026-09-03T20:22:02.914+0700 [DEBUG] [org.gradle.process.internal.health.memory.DefaultMemoryManager] 638754816 physical memory requested, 564248576 free
2026-09-03T20:22:02.915+0700 [DEBUG] [org.gradle.workers.internal.WorkerDaemonExpiration] Will attempt to release 609 of memory
2026-09-03T20:22:02.915+0700 [DEBUG] [org.gradle.process.internal.health.memory.DefaultMemoryManager] 638754816 physical memory requested, 0 released, 564248576 free
2026-09-03T20:22:04.170+0700 [DEBUG] [org.gradle.cache.internal.DefaultFileLockManager] Waiting to acquire shared lock on daemon addresses registry.
2026-09-03T20:22:04.170+0700 [DEBUG] [org.gradle.cache.internal.DefaultFileLockManager] Lock acquired on daemon addresses registry.
2026-09-03T20:22:04.170+0700 [DEBUG] [org.gradle.cache.internal.DefaultFileLockManager] Releasing lock on daemon addresses registry.
2026-09-03T20:22:04.173+0700 [DEBUG] [org.gradle.cache.internal.DefaultFileLockManager] Waiting to acquire shared lock on daemon addresses registry.
2026-09-03T20:22:04.173+0700 [DEBUG] [org.gradle.cache.internal.DefaultFileLockManager] Lock acquired on daemon addresses registry.
2026-09-03T20:22:04.174+0700 [DEBUG] [org.gradle.cache.internal.DefaultFileLockManager] Releasing lock on daemon addresses registry.
2026-09-03T20:22:04.176+0700 [DEBUG] [org.gradle.cache.internal.DefaultFileLockManager] Waiting to acquire shared lock on daemon addresses registry.
2026-09-03T20:22:04.176+0700 [DEBUG] [org.gradle.cache.internal.DefaultFileLockManager] Lock acquired on daemon addresses registry.
2026-09-03T20:22:04.177+0700 [DEBUG] [org.gradle.cache.internal.DefaultFileLockManager] Releasing lock on daemon addresses registry.
2026-09-03T20:22:07.915+0700 [DEBUG] [org.gradle.process.internal.health.memory.DefaultMemoryManager] 638754816 physical memory requested, 504266752 free
2026-09-03T20:22:07.915+0700 [DEBUG] [org.gradle.workers.internal.WorkerDaemonExpiration] Will attempt to release 609 of memory
2026-09-03T20:22:07.915+0700 [DEBUG] [org.gradle.process.internal.health.memory.DefaultMemoryManager] 638754816 physical memory requested, 0 released, 504266752 free
2026-09-03T20:22:12.915+0700 [DEBUG] [org.gradle.process.internal.health.memory.DefaultMemoryManager] 638754816 physical memory requested, 395362304 free
2026-09-03T20:22:12.915+0700 [DEBUG] [org.gradle.workers.internal.WorkerDaemonExpiration] Will attempt to release 609 of memory
2026-09-03T20:22:12.915+0700 [DEBUG] [org.gradle.process.internal.health.memory.DefaultMemoryManager] 638754816 physical memory requested, 0 released, 395362304 free
2026-09-03T20:22:14.170+0700 [DEBUG] [org.gradle.cache.internal.DefaultFileLockManager] Waiting to acquire shared lock on daemon addresses registry.
2026-09-03T20:22:14.171+0700 [DEBUG] [org.gradle.cache.internal.DefaultFileLockManager] Lock acquired on daemon addresses registry.
2026-09-03T20:22:14.171+0700 [DEBUG] [org.gradle.cache.internal.DefaultFileLockManager] Releasing lock on daemon addresses registry.
2026-09-03T20:22:14.173+0700 [DEBUG] [org.gradle.cache.internal.DefaultFileLockManager] Waiting to acquire shared lock on daemon addresses registry.
2026-09-03T20:22:14.174+0700 [DEBUG] [org.gradle.cache.internal.DefaultFileLockManager] Lock acquired on daemon addresses registry.
2026-09-03T20:22:14.174+0700 [DEBUG] [org.gradle.cache.internal.DefaultFileLockManager] Releasing lock on daemon addresses registry.
2026-09-03T20:22:14.175+0700 [DEBUG] [org.gradle.cache.internal.DefaultFileLockManager] Waiting to acquire shared lock on daemon addresses registry.
2026-09-03T20:22:14.175+0700 [DEBUG] [org.gradle.cache.internal.DefaultFileLockManager] Lock acquired on daemon addresses registry.
2026-09-03T20:22:14.176+0700 [DEBUG] [org.gradle.cache.internal.DefaultFileLockManager] Releasing lock on daemon addresses registry.
2026-09-03T20:22:17.915+0700 [DEBUG] [org.gradle.process.internal.health.memory.DefaultMemoryManager] 638754816 physical memory requested, 434130944 free
2026-09-03T20:22:17.915+0700 [DEBUG] [org.gradle.workers.internal.WorkerDaemonExpiration] Will attempt to release 609 of memory
2026-09-03T20:22:17.916+0700 [DEBUG] [org.gradle.process.internal.health.memory.DefaultMemoryManager] 638754816 physical memory requested, 0 released, 434130944 free
2026-09-03T20:22:22.915+0700 [DEBUG] [org.gradle.process.internal.health.memory.DefaultMemoryManager] 638754816 physical memory requested, 348262400 free
2026-09-03T20:22:22.915+0700 [DEBUG] [org.gradle.workers.internal.WorkerDaemonExpiration] Will attempt to release 609 of memory
2026-09-03T20:22:22.915+0700 [DEBUG] [org.gradle.process.internal.health.memory.DefaultMemoryManager] 638754816 physical memory requested, 0 released, 348262400 free
2026-09-03T20:22:24.168+0700 [DEBUG] [org.gradle.cache.internal.DefaultFileLockManager] Waiting to acquire shared lock on daemon addresses registry.
2026-09-03T20:22:24.169+0700 [DEBUG] [org.gradle.cache.internal.DefaultFileLockManager] Lock acquired on daemon addresses registry.
2026-09-03T20:22:24.169+0700 [DEBUG] [org.gradle.cache.internal.DefaultFileLockManager] Releasing lock on daemon addresses registry.
2026-09-03T20:22:24.171+0700 [DEBUG] [org.gradle.cache.internal.DefaultFileLockManager] Waiting to acquire shared lock on daemon addresses registry.
2026-09-03T20:22:24.171+0700 [DEBUG] [org.gradle.cache.internal.DefaultFileLockManager] Lock acquired on daemon addresses registry.
2026-09-03T20:22:24.172+0700 [DEBUG] [org.gradle.cache.internal.DefaultFileLockManager] Releasing lock on daemon addresses registry.
2026-09-03T20:22:24.173+0700 [DEBUG] [org.gradle.cache.internal.DefaultFileLockManager] Waiting to acquire shared lock on daemon addresses registry.
2026-09-03T20:22:24.173+0700 [DEBUG] [org.gradle.cache.internal.DefaultFileLockManager] Lock acquired on daemon addresses registry.
2026-09-03T20:22:24.174+0700 [DEBUG] [org.gradle.cache.internal.DefaultFileLockManager] Releasing lock on daemon addresses registry.
2026-09-03T20:22:27.916+0700 [DEBUG] [org.gradle.process.internal.health.memory.DefaultMemoryManager] 638754816 physical memory requested, 465879040 free
2026-09-03T20:22:27.916+0700 [DEBUG] [org.gradle.workers.internal.WorkerDaemonExpiration] Will attempt to release 609 of memory
2026-09-03T20:22:27.917+0700 [DEBUG] [org.gradle.process.internal.health.memory.DefaultMemoryManager] 638754816 physical memory requested, 0 released, 465879040 free
2026-09-03T20:22:32.929+0700 [DEBUG] [org.gradle.process.internal.health.memory.DefaultMemoryManager] 638754816 physical memory requested, 432517120 free
2026-09-03T20:22:32.970+0700 [DEBUG] [org.gradle.workers.internal.WorkerDaemonExpiration] Will attempt to release 609 of memory
2026-09-03T20:22:32.970+0700 [DEBUG] [org.gradle.process.internal.health.memory.DefaultMemoryManager] 638754816 physical memory requested, 0 released, 432517120 free
2026-09-03T20:22:34.178+0700 [DEBUG] [org.gradle.cache.internal.DefaultFileLockManager] Waiting to acquire shared lock on daemon addresses registry.
2026-09-03T20:22:34.179+0700 [DEBUG] [org.gradle.cache.internal.DefaultFileLockManager] Lock acquired on daemon addresses registry.
2026-09-03T20:22:34.180+0700 [DEBUG] [org.gradle.cache.internal.DefaultFileLockManager] Releasing lock on daemon addresses registry.
2026-09-03T20:22:34.183+0700 [DEBUG] [org.gradle.cache.internal.DefaultFileLockManager] Waiting to acquire shared lock on daemon addresses registry.
2026-09-03T20:22:34.183+0700 [DEBUG] [org.gradle.cache.internal.DefaultFileLockManager] Lock acquired on daemon addresses registry.
2026-09-03T20:22:34.193+0700 [DEBUG] [org.gradle.cache.internal.DefaultFileLockManager] Releasing lock on daemon addresses registry.
2026-09-03T20:22:34.195+0700 [DEBUG] [org.gradle.cache.internal.DefaultFileLockManager] Waiting to acquire shared lock on daemon addresses registry.
2026-09-03T20:22:34.195+0700 [DEBUG] [org.gradle.cache.internal.DefaultFileLockManager] Lock acquired on daemon addresses registry.
2026-09-03T20:22:34.196+0700 [DEBUG] [org.gradle.cache.internal.DefaultFileLockManager] Releasing lock on daemon addresses registry.
2026-09-03T20:22:37.931+0700 [DEBUG] [org.gradle.process.internal.health.memory.DefaultMemoryManager] 638754816 physical memory requested, 500658176 free
2026-09-03T20:22:37.953+0700 [DEBUG] [org.gradle.workers.internal.WorkerDaemonExpiration] Will attempt to release 609 of memory
2026-09-03T20:22:37.953+0700 [DEBUG] [org.gradle.process.internal.health.memory.DefaultMemoryManager] 638754816 physical memory requested, 0 released, 500658176 free
2026-09-03T20:22:44.181+0700 [DEBUG] [org.gradle.cache.internal.DefaultFileLockManager] Waiting to acquire shared lock on daemon addresses registry.
2026-09-03T20:22:44.181+0700 [DEBUG] [org.gradle.cache.internal.DefaultFileLockManager] Lock acquired on daemon addresses registry.
2026-09-03T20:22:44.185+0700 [DEBUG] [org.gradle.cache.internal.DefaultFileLockManager] Releasing lock on daemon addresses registry.
2026-09-03T20:22:44.188+0700 [DEBUG] [org.gradle.cache.internal.DefaultFileLockManager] Waiting to acquire shared lock on daemon addresses registry.
2026-09-03T20:22:44.188+0700 [DEBUG] [org.gradle.cache.internal.DefaultFileLockManager] Lock acquired on daemon addresses registry.
2026-09-03T20:22:44.189+0700 [DEBUG] [org.gradle.cache.internal.DefaultFileLockManager] Releasing lock on daemon addresses registry.
2026-09-03T20:22:44.191+0700 [DEBUG] [org.gradle.cache.internal.DefaultFileLockManager] Waiting to acquire shared lock on daemon addresses registry.
2026-09-03T20:22:44.192+0700 [DEBUG] [org.gradle.cache.internal.DefaultFileLockManager] Lock acquired on daemon addresses registry.
2026-09-03T20:22:44.192+0700 [DEBUG] [org.gradle.cache.internal.DefaultFileLockManager] Releasing lock on daemon addresses registry.
2026-09-03T20:22:47.921+0700 [DEBUG] [org.gradle.process.internal.health.memory.DefaultMemoryManager] 638754816 physical memory requested, 400621568 free
2026-09-03T20:22:47.922+0700 [DEBUG] [org.gradle.workers.internal.WorkerDaemonExpiration] Will attempt to release 609 of memory
2026-09-03T20:22:47.922+0700 [DEBUG] [org.gradle.process.internal.health.memory.DefaultMemoryManager] 638754816 physical memory requested, 0 released, 400621568 free
2026-09-03T20:22:52.924+0700 [DEBUG] [org.gradle.process.internal.health.memory.DefaultMemoryManager] 638754816 physical memory requested, 523202560 free
2026-09-03T20:22:52.924+0700 [DEBUG] [org.gradle.workers.internal.WorkerDaemonExpiration] Will attempt to release 609 of memory
2026-09-03T20:22:52.924+0700 [DEBUG] [org.gradle.process.internal.health.memory.DefaultMemoryManager] 638754816 physical memory requested, 0 released, 523202560 free
2026-09-03T20:22:54.177+0700 [DEBUG] [org.gradle.cache.internal.DefaultFileLockManager] Waiting to acquire shared lock on daemon addresses registry.
2026-09-03T20:22:54.178+0700 [DEBUG] [org.gradle.cache.internal.DefaultFileLockManager] Lock acquired on daemon addresses registry.
2026-09-03T20:22:54.182+0700 [DEBUG] [org.gradle.cache.internal.DefaultFileLockManager] Releasing lock on daemon addresses registry.
2026-09-03T20:22:54.188+0700 [DEBUG] [org.gradle.cache.internal.DefaultFileLockManager] Waiting to acquire shared lock on daemon addresses registry.
2026-09-03T20:22:54.188+0700 [DEBUG] [org.gradle.cache.internal.DefaultFileLockManager] Lock acquired on daemon addresses registry.
2026-09-03T20:22:54.189+0700 [DEBUG] [org.gradle.cache.internal.DefaultFileLockManager] Releasing lock on daemon addresses registry.
2026-09-03T20:22:54.193+0700 [DEBUG] [org.gradle.cache.internal.DefaultFileLockManager] Waiting to acquire shared lock on daemon addresses registry.
2026-09-03T20:22:54.193+0700 [DEBUG] [org.gradle.cache.internal.DefaultFileLockManager] Lock acquired on daemon addresses registry.
2026-09-03T20:22:54.193+0700 [DEBUG] [org.gradle.cache.internal.DefaultFileLockManager] Releasing lock on daemon addresses registry.
2026-09-03T20:23:04.169+0700 [DEBUG] [org.gradle.cache.internal.DefaultFileLockManager] Waiting to acquire shared lock on daemon addresses registry.
2026-09-03T20:23:04.170+0700 [DEBUG] [org.gradle.cache.internal.DefaultFileLockManager] Lock acquired on daemon addresses registry.
2026-09-03T20:23:04.170+0700 [DEBUG] [org.gradle.cache.internal.DefaultFileLockManager] Releasing lock on daemon addresses registry.
2026-09-03T20:23:04.172+0700 [DEBUG] [org.gradle.cache.internal.DefaultFileLockManager] Waiting to acquire shared lock on daemon addresses registry.
2026-09-03T20:23:04.172+0700 [DEBUG] [org.gradle.cache.internal.DefaultFileLockManager] Lock acquired on daemon addresses registry.
2026-09-03T20:23:04.173+0700 [DEBUG] [org.gradle.cache.internal.DefaultFileLockManager] Releasing lock on daemon addresses registry.
2026-09-03T20:23:04.177+0700 [DEBUG] [org.gradle.cache.internal.DefaultFileLockManager] Waiting to acquire shared lock on daemon addresses registry.
2026-09-03T20:23:04.177+0700 [DEBUG] [org.gradle.cache.internal.DefaultFileLockManager] Lock acquired on daemon addresses registry.
2026-09-03T20:23:04.178+0700 [DEBUG] [org.gradle.cache.internal.DefaultFileLockManager] Releasing lock on daemon addresses registry.
2026-09-03T20:23:14.169+0700 [DEBUG] [org.gradle.cache.internal.DefaultFileLockManager] Waiting to acquire shared lock on daemon addresses registry.
2026-09-03T20:23:14.169+0700 [DEBUG] [org.gradle.cache.internal.DefaultFileLockManager] Lock acquired on daemon addresses registry.
2026-09-03T20:23:14.169+0700 [DEBUG] [org.gradle.cache.internal.DefaultFileLockManager] Releasing lock on daemon addresses registry.
2026-09-03T20:23:14.172+0700 [DEBUG] [org.gradle.cache.internal.DefaultFileLockManager] Waiting to acquire shared lock on daemon addresses registry.
2026-09-03T20:23:14.172+0700 [DEBUG] [org.gradle.cache.internal.DefaultFileLockManager] Lock acquired on daemon addresses registry.
2026-09-03T20:23:14.172+0700 [DEBUG] [org.gradle.cache.internal.DefaultFileLockManager] Releasing lock on daemon addresses registry.
2026-09-03T20:23:14.175+0700 [DEBUG] [org.gradle.cache.internal.DefaultFileLockManager] Waiting to acquire shared lock on daemon addresses registry.
2026-09-03T20:23:14.176+0700 [DEBUG] [org.gradle.cache.internal.DefaultFileLockManager] Lock acquired on daemon addresses registry.
2026-09-03T20:23:14.177+0700 [DEBUG] [org.gradle.cache.internal.DefaultFileLockManager] Releasing lock on daemon addresses registry.
2026-09-03T20:23:24.169+0700 [DEBUG] [org.gradle.cache.internal.DefaultFileLockManager] Waiting to acquire shared lock on daemon addresses registry.
2026-09-03T20:23:24.169+0700 [DEBUG] [org.gradle.cache.internal.DefaultFileLockManager] Lock acquired on daemon addresses registry.
2026-09-03T20:23:24.170+0700 [DEBUG] [org.gradle.cache.internal.DefaultFileLockManager] Releasing lock on daemon addresses registry.
2026-09-03T20:23:24.172+0700 [DEBUG] [org.gradle.cache.internal.DefaultFileLockManager] Waiting to acquire shared lock on daemon addresses registry.
2026-09-03T20:23:24.173+0700 [DEBUG] [org.gradle.cache.internal.DefaultFileLockManager] Lock acquired on daemon addresses registry.
2026-09-03T20:23:24.173+0700 [DEBUG] [org.gradle.cache.internal.DefaultFileLockManager] Releasing lock on daemon addresses registry.
2026-09-03T20:23:24.188+0700 [DEBUG] [org.gradle.cache.internal.DefaultFileLockManager] Waiting to acquire shared lock on daemon addresses registry.
2026-09-03T20:23:24.189+0700 [DEBUG] [org.gradle.cache.internal.DefaultFileLockManager] Lock acquired on daemon addresses registry.
2026-09-03T20:23:24.189+0700 [DEBUG] [org.gradle.cache.internal.DefaultFileLockManager] Releasing lock on daemon addresses registry.
2026-09-03T20:23:34.170+0700 [DEBUG] [org.gradle.cache.internal.DefaultFileLockManager] Waiting to acquire shared lock on daemon addresses registry.
2026-09-03T20:23:34.170+0700 [DEBUG] [org.gradle.cache.internal.DefaultFileLockManager] Lock acquired on daemon addresses registry.
2026-09-03T20:23:34.183+0700 [DEBUG] [org.gradle.cache.internal.DefaultFileLockManager] Releasing lock on daemon addresses registry.
2026-09-03T20:23:34.186+0700 [DEBUG] [org.gradle.cache.internal.DefaultFileLockManager] Waiting to acquire shared lock on daemon addresses registry.
2026-09-03T20:23:34.186+0700 [DEBUG] [org.gradle.cache.internal.DefaultFileLockManager] Lock acquired on daemon addresses registry.
2026-09-03T20:23:34.186+0700 [DEBUG] [org.gradle.cache.internal.DefaultFileLockManager] Releasing lock on daemon addresses registry.
2026-09-03T20:23:34.188+0700 [DEBUG] [org.gradle.cache.internal.DefaultFileLockManager] Waiting to acquire shared lock on daemon addresses registry.
2026-09-03T20:23:34.188+0700 [DEBUG] [org.gradle.cache.internal.DefaultFileLockManager] Lock acquired on daemon addresses registry.
2026-09-03T20:23:34.188+0700 [DEBUG] [org.gradle.cache.internal.DefaultFileLockManager] Releasing lock on daemon addresses registry.
2026-09-03T20:23:44.169+0700 [DEBUG] [org.gradle.cache.internal.DefaultFileLockManager] Waiting to acquire shared lock on daemon addresses registry.
2026-09-03T20:23:44.170+0700 [DEBUG] [org.gradle.cache.internal.DefaultFileLockManager] Lock acquired on daemon addresses registry.
2026-09-03T20:23:44.171+0700 [DEBUG] [org.gradle.cache.internal.DefaultFileLockManager] Releasing lock on daemon addresses registry.
2026-09-03T20:23:44.173+0700 [DEBUG] [org.gradle.cache.internal.DefaultFileLockManager] Waiting to acquire shared lock on daemon addresses registry.
2026-09-03T20:23:44.173+0700 [DEBUG] [org.gradle.cache.internal.DefaultFileLockManager] Lock acquired on daemon addresses registry.
2026-09-03T20:23:44.174+0700 [DEBUG] [org.gradle.cache.internal.DefaultFileLockManager] Releasing lock on daemon addresses registry.
2026-09-03T20:23:44.176+0700 [DEBUG] [org.gradle.cache.internal.DefaultFileLockManager] Waiting to acquire shared lock on daemon addresses registry.
2026-09-03T20:23:44.176+0700 [DEBUG] [org.gradle.cache.internal.DefaultFileLockManager] Lock acquired on daemon addresses registry.
2026-09-03T20:23:44.177+0700 [DEBUG] [org.gradle.cache.internal.DefaultFileLockManager] Releasing lock on daemon addresses registry.
2026-09-03T20:23:54.170+0700 [DEBUG] [org.gradle.cache.internal.DefaultFileLockManager] Waiting to acquire shared lock on daemon addresses registry.
2026-09-03T20:23:54.170+0700 [DEBUG] [org.gradle.cache.internal.DefaultFileLockManager] Lock acquired on daemon addresses registry.
2026-09-03T20:23:54.205+0700 [DEBUG] [org.gradle.cache.internal.DefaultFileLockManager] Releasing lock on daemon addresses registry.
2026-09-03T20:23:54.208+0700 [DEBUG] [org.gradle.cache.internal.DefaultFileLockManager] Waiting to acquire shared lock on daemon addresses registry.
2026-09-03T20:23:54.208+0700 [DEBUG] [org.gradle.cache.internal.DefaultFileLockManager] Lock acquired on daemon addresses registry.
2026-09-03T20:23:54.208+0700 [DEBUG] [org.gradle.cache.internal.DefaultFileLockManager] Releasing lock on daemon addresses registry.
2026-09-03T20:23:54.323+0700 [DEBUG] [org.gradle.cache.internal.DefaultFileLockManager] Waiting to acquire shared lock on daemon addresses registry.
2026-09-03T20:23:54.323+0700 [DEBUG] [org.gradle.cache.internal.DefaultFileLockManager] Lock acquired on daemon addresses registry.
2026-09-03T20:23:54.323+0700 [DEBUG] [org.gradle.cache.internal.DefaultFileLockManager] Releasing lock on daemon addresses registry.
2026-09-03T20:24:04.170+0700 [DEBUG] [org.gradle.cache.internal.DefaultFileLockManager] Waiting to acquire shared lock on daemon addresses registry.
2026-09-03T20:24:04.171+0700 [DEBUG] [org.gradle.cache.internal.DefaultFileLockManager] Lock acquired on daemon addresses registry.
2026-09-03T20:24:04.172+0700 [DEBUG] [org.gradle.cache.internal.DefaultFileLockManager] Releasing lock on daemon addresses registry.
2026-09-03T20:24:04.174+0700 [DEBUG] [org.gradle.cache.internal.DefaultFileLockManager] Waiting to acquire shared lock on daemon addresses registry.
2026-09-03T20:24:04.175+0700 [DEBUG] [org.gradle.cache.internal.DefaultFileLockManager] Lock acquired on daemon addresses registry.
2026-09-03T20:24:04.176+0700 [DEBUG] [org.gradle.cache.internal.DefaultFileLockManager] Releasing lock on daemon addresses registry.
2026-09-03T20:24:04.179+0700 [DEBUG] [org.gradle.cache.internal.DefaultFileLockManager] Waiting to acquire shared lock on daemon addresses registry.
2026-09-03T20:24:04.180+0700 [DEBUG] [org.gradle.cache.internal.DefaultFileLockManager] Lock acquired on daemon addresses registry.
2026-09-03T20:24:04.181+0700 [DEBUG] [org.gradle.cache.internal.DefaultFileLockManager] Releasing lock on daemon addresses registry.
2026-09-03T20:24:14.169+0700 [DEBUG] [org.gradle.cache.internal.DefaultFileLockManager] Waiting to acquire shared lock on daemon addresses registry.
2026-09-03T20:24:14.169+0700 [DEBUG] [org.gradle.cache.internal.DefaultFileLockManager] Lock acquired on daemon addresses registry.
2026-09-03T20:24:14.169+0700 [DEBUG] [org.gradle.cache.internal.DefaultFileLockManager] Releasing lock on daemon addresses registry.
2026-09-03T20:24:14.172+0700 [DEBUG] [org.gradle.cache.internal.DefaultFileLockManager] Waiting to acquire shared lock on daemon addresses registry.
2026-09-03T20:24:14.172+0700 [DEBUG] [org.gradle.cache.internal.DefaultFileLockManager] Lock acquired on daemon addresses registry.
2026-09-03T20:24:14.172+0700 [DEBUG] [org.gradle.cache.internal.DefaultFileLockManager] Releasing lock on daemon addresses registry.
2026-09-03T20:24:14.174+0700 [DEBUG] [org.gradle.cache.internal.DefaultFileLockManager] Waiting to acquire shared lock on daemon addresses registry.
2026-09-03T20:24:14.174+0700 [DEBUG] [org.gradle.cache.internal.DefaultFileLockManager] Lock acquired on daemon addresses registry.
2026-09-03T20:24:14.174+0700 [DEBUG] [org.gradle.cache.internal.DefaultFileLockManager] Releasing lock on daemon addresses registry.
2026-09-03T20:24:24.170+0700 [DEBUG] [org.gradle.cache.internal.DefaultFileLockManager] Waiting to acquire shared lock on daemon addresses registry.
2026-09-03T20:24:24.170+0700 [DEBUG] [org.gradle.cache.internal.DefaultFileLockManager] Lock acquired on daemon addresses registry.
2026-09-03T20:24:24.171+0700 [DEBUG] [org.gradle.cache.internal.DefaultFileLockManager] Releasing lock on daemon addresses registry.
2026-09-03T20:24:24.173+0700 [DEBUG] [org.gradle.cache.internal.DefaultFileLockManager] Waiting to acquire shared lock on daemon addresses registry.
2026-09-03T20:24:24.173+0700 [DEBUG] [org.gradle.cache.internal.DefaultFileLockManager] Lock acquired on daemon addresses registry.
2026-09-03T20:24:24.174+0700 [DEBUG] [org.gradle.cache.internal.DefaultFileLockManager] Releasing lock on daemon addresses registry.
2026-09-03T20:24:24.176+0700 [DEBUG] [org.gradle.cache.internal.DefaultFileLockManager] Waiting to acquire shared lock on daemon addresses registry.
2026-09-03T20:24:24.176+0700 [DEBUG] [org.gradle.cache.internal.DefaultFileLockManager] Lock acquired on daemon addresses registry.
2026-09-03T20:24:24.177+0700 [DEBUG] [org.gradle.cache.internal.DefaultFileLockManager] Releasing lock on daemon addresses registry.
2026-09-03T20:24:34.176+0700 [DEBUG] [org.gradle.cache.internal.DefaultFileLockManager] Waiting to acquire shared lock on daemon addresses registry.
2026-09-03T20:24:34.176+0700 [DEBUG] [org.gradle.cache.internal.DefaultFileLockManager] Lock acquired on daemon addresses registry.
2026-09-03T20:24:34.178+0700 [DEBUG] [org.gradle.cache.internal.DefaultFileLockManager] Releasing lock on daemon addresses registry.
2026-09-03T20:24:34.181+0700 [DEBUG] [org.gradle.cache.internal.DefaultFileLockManager] Waiting to acquire shared lock on daemon addresses registry.
2026-09-03T20:24:34.181+0700 [DEBUG] [org.gradle.cache.internal.DefaultFileLockManager] Lock acquired on daemon addresses registry.
2026-09-03T20:24:34.182+0700 [DEBUG] [org.gradle.cache.internal.DefaultFileLockManager] Releasing lock on daemon addresses registry.
2026-09-03T20:24:34.184+0700 [DEBUG] [org.gradle.cache.internal.DefaultFileLockManager] Waiting to acquire shared lock on daemon addresses registry.
2026-09-03T20:24:34.184+0700 [DEBUG] [org.gradle.cache.internal.DefaultFileLockManager] Lock acquired on daemon addresses registry.
2026-09-03T20:24:34.184+0700 [DEBUG] [org.gradle.cache.internal.DefaultFileLockManager] Releasing lock on daemon addresses registry.
2026-09-03T20:24:44.202+0700 [DEBUG] [org.gradle.cache.internal.DefaultFileLockManager] Waiting to acquire shared lock on daemon addresses registry.
2026-09-03T20:24:44.203+0700 [DEBUG] [org.gradle.cache.internal.DefaultFileLockManager] Lock acquired on daemon addresses registry.
2026-09-03T20:24:44.241+0700 [DEBUG] [org.gradle.cache.internal.DefaultFileLockManager] Releasing lock on daemon addresses registry.
2026-09-03T20:24:44.253+0700 [DEBUG] [org.gradle.cache.internal.DefaultFileLockManager] Waiting to acquire shared lock on daemon addresses registry.
2026-09-03T20:24:44.253+0700 [DEBUG] [org.gradle.cache.internal.DefaultFileLockManager] Lock acquired on daemon addresses registry.
2026-09-03T20:24:44.254+0700 [DEBUG] [org.gradle.cache.internal.DefaultFileLockManager] Releasing lock on daemon addresses registry.
2026-09-03T20:24:44.257+0700 [DEBUG] [org.gradle.cache.internal.DefaultFileLockManager] Waiting to acquire shared lock on daemon addresses registry.
2026-09-03T20:24:44.259+0700 [DEBUG] [org.gradle.cache.internal.DefaultFileLockManager] Lock acquired on daemon addresses registry.
2026-09-03T20:24:44.260+0700 [DEBUG] [org.gradle.cache.internal.DefaultFileLockManager] Releasing lock on daemon addresses registry.
2026-09-03T20:24:53.016+0700 [DEBUG] [org.gradle.process.internal.health.memory.DefaultMemoryManager] 638754816 physical memory requested, 621109248 free
2026-09-03T20:24:53.017+0700 [DEBUG] [org.gradle.workers.internal.WorkerDaemonExpiration] Will attempt to release 609 of memory
2026-09-03T20:24:53.174+0700 [DEBUG] [org.gradle.process.internal.health.memory.DefaultMemoryManager] 638754816 physical memory requested, 0 released, 621109248 free
2026-09-03T20:24:54.171+0700 [DEBUG] [org.gradle.cache.internal.DefaultFileLockManager] Waiting to acquire shared lock on daemon addresses registry.
2026-09-03T20:24:54.171+0700 [DEBUG] [org.gradle.cache.internal.DefaultFileLockManager] Lock acquired on daemon addresses registry.
2026-09-03T20:24:54.188+0700 [DEBUG] [org.gradle.cache.internal.DefaultFileLockManager] Releasing lock on daemon addresses registry.
2026-09-03T20:24:54.195+0700 [DEBUG] [org.gradle.cache.internal.DefaultFileLockManager] Waiting to acquire shared lock on daemon addresses registry.
2026-09-03T20:24:54.196+0700 [DEBUG] [org.gradle.cache.internal.DefaultFileLockManager] Lock acquired on daemon addresses registry.
2026-09-03T20:24:54.197+0700 [DEBUG] [org.gradle.cache.internal.DefaultFileLockManager] Releasing lock on daemon addresses registry.
2026-09-03T20:24:54.199+0700 [DEBUG] [org.gradle.cache.internal.DefaultFileLockManager] Waiting to acquire shared lock on daemon addresses registry.
2026-09-03T20:24:54.200+0700 [DEBUG] [org.gradle.cache.internal.DefaultFileLockManager] Lock acquired on daemon addresses registry.
2026-09-03T20:24:54.200+0700 [DEBUG] [org.gradle.cache.internal.DefaultFileLockManager] Releasing lock on daemon addresses registry.
2026-09-03T20:25:01.414+0700 [DEBUG] [org.gradle.internal.watch.vfs.impl.WatchingVirtualFileSystem] Handling VFS change CREATED D:\AbsensiSeleksi\app\src\main\java\com\absensiseleksi\ui\attendance\AttendanceActivity.kt~
2026-09-03T20:25:03.322+0700 [DEBUG] [org.gradle.internal.watch.vfs.impl.WatchingVirtualFileSystem] Handling VFS change MODIFIED D:\AbsensiSeleksi\app\src\main\java\com\absensiseleksi\ui\attendance\AttendanceActivity.kt
2026-09-03T20:25:04.170+0700 [DEBUG] [org.gradle.cache.internal.DefaultFileLockManager] Waiting to acquire shared lock on daemon addresses registry.
2026-09-03T20:25:04.170+0700 [DEBUG] [org.gradle.cache.internal.DefaultFileLockManager] Lock acquired on daemon addresses registry.
2026-09-03T20:25:04.172+0700 [DEBUG] [org.gradle.cache.internal.DefaultFileLockManager] Releasing lock on daemon addresses registry.
2026-09-03T20:25:04.175+0700 [DEBUG] [org.gradle.cache.internal.DefaultFileLockManager] Waiting to acquire shared lock on daemon addresses registry.
2026-09-03T20:25:04.176+0700 [DEBUG] [org.gradle.cache.internal.DefaultFileLockManager] Lock acquired on daemon addresses registry.
2026-09-03T20:25:04.177+0700 [DEBUG] [org.gradle.cache.internal.DefaultFileLockManager] Releasing lock on daemon addresses registry.
2026-09-03T20:25:04.181+0700 [DEBUG] [org.gradle.cache.internal.DefaultFileLockManager] Waiting to acquire shared lock on daemon addresses registry.
2026-09-03T20:25:04.182+0700 [DEBUG] [org.gradle.cache.internal.DefaultFileLockManager] Lock acquired on daemon addresses registry.
2026-09-03T20:25:04.182+0700 [DEBUG] [org.gradle.cache.internal.DefaultFileLockManager] Releasing lock on daemon addresses registry.
2026-09-03T20:25:07.914+0700 [DEBUG] [org.gradle.process.internal.health.memory.DefaultMemoryManager] 638754816 physical memory requested, 568283136 free
2026-09-03T20:25:07.914+0700 [DEBUG] [org.gradle.workers.internal.WorkerDaemonExpiration] Will attempt to release 609 of memory
2026-09-03T20:25:07.914+0700 [DEBUG] [org.gradle.process.internal.health.memory.DefaultMemoryManager] 638754816 physical memory requested, 0 released, 568283136 free
2026-09-03T20:25:12.735+0700 [DEBUG] [sun.rmi.transport.tcp] RMI TCP Connection(7)-127.0.0.1: accepted socket from [127.0.0.1:55780]
2026-09-03T20:25:12.743+0700 [DEBUG] [sun.rmi.transport.tcp] RMI TCP Connection(7)-127.0.0.1: (port 61098) op = 80
2026-09-03T20:25:12.749+0700 [DEBUG] [sun.rmi.loader] RMI TCP Connection(7)-127.0.0.1: name = "[Ljava.rmi.server.ObjID;", codebase = "", defaultLoader = jdk.internal.loader.ClassLoaders$PlatformClassLoader@2a87d96
2026-09-03T20:25:12.751+0700 [DEBUG] [sun.rmi.loader] RMI TCP Connection(7)-127.0.0.1: name = "java.rmi.dgc.Lease", codebase = "", defaultLoader = jdk.internal.loader.ClassLoaders$PlatformClassLoader@2a87d96
2026-09-03T20:25:12.755+0700 [DEBUG] [sun.rmi.loader] RMI TCP Connection(7)-127.0.0.1: name = "java.rmi.dgc.VMID", codebase = "", defaultLoader = jdk.internal.loader.ClassLoaders$PlatformClassLoader@2a87d96
2026-09-03T20:25:12.757+0700 [DEBUG] [sun.rmi.loader] RMI TCP Connection(7)-127.0.0.1: name = "[B", codebase = "", defaultLoader = jdk.internal.loader.ClassLoaders$PlatformClassLoader@2a87d96
2026-09-03T20:25:12.759+0700 [DEBUG] [sun.rmi.loader] RMI TCP Connection(7)-127.0.0.1: name = "java.rmi.server.UID", codebase = "", defaultLoader = jdk.internal.loader.ClassLoaders$PlatformClassLoader@2a87d96
2026-09-03T20:25:14.168+0700 [DEBUG] [org.gradle.cache.internal.DefaultFileLockManager] Waiting to acquire shared lock on daemon addresses registry.
2026-09-03T20:25:14.169+0700 [DEBUG] [org.gradle.cache.internal.DefaultFileLockManager] Lock acquired on daemon addresses registry.
2026-09-03T20:25:14.169+0700 [DEBUG] [org.gradle.cache.internal.DefaultFileLockManager] Releasing lock on daemon addresses registry.
2026-09-03T20:25:14.173+0700 [DEBUG] [org.gradle.cache.internal.DefaultFileLockManager] Waiting to acquire shared lock on daemon addresses registry.
2026-09-03T20:25:14.173+0700 [DEBUG] [org.gradle.cache.internal.DefaultFileLockManager] Lock acquired on daemon addresses registry.
2026-09-03T20:25:14.173+0700 [DEBUG] [org.gradle.cache.internal.DefaultFileLockManager] Releasing lock on daemon addresses registry.
2026-09-03T20:25:14.176+0700 [DEBUG] [org.gradle.cache.internal.DefaultFileLockManager] Waiting to acquire shared lock on daemon addresses registry.
2026-09-03T20:25:14.176+0700 [DEBUG] [org.gradle.cache.internal.DefaultFileLockManager] Lock acquired on daemon addresses registry.
2026-09-03T20:25:14.177+0700 [DEBUG] [org.gradle.cache.internal.DefaultFileLockManager] Releasing lock on daemon addresses registry.
2026-09-03T20:25:24.170+0700 [DEBUG] [org.gradle.cache.internal.DefaultFileLockManager] Waiting to acquire shared lock on daemon addresses registry.
2026-09-03T20:25:24.171+0700 [DEBUG] [org.gradle.cache.internal.DefaultFileLockManager] Lock acquired on daemon addresses registry.
2026-09-03T20:25:24.172+0700 [DEBUG] [org.gradle.cache.internal.DefaultFileLockManager] Releasing lock on daemon addresses registry.
2026-09-03T20:25:24.175+0700 [DEBUG] [org.gradle.cache.internal.DefaultFileLockManager] Waiting to acquire shared lock on daemon addresses registry.
2026-09-03T20:25:24.175+0700 [DEBUG] [org.gradle.cache.internal.DefaultFileLockManager] Lock acquired on daemon addresses registry.
2026-09-03T20:25:24.176+0700 [DEBUG] [org.gradle.cache.internal.DefaultFileLockManager] Releasing lock on daemon addresses registry.
2026-09-03T20:25:24.177+0700 [DEBUG] [org.gradle.cache.internal.DefaultFileLockManager] Waiting to acquire shared lock on daemon addresses registry.
2026-09-03T20:25:24.178+0700 [DEBUG] [org.gradle.cache.internal.DefaultFileLockManager] Lock acquired on daemon addresses registry.
2026-09-03T20:25:24.178+0700 [DEBUG] [org.gradle.cache.internal.DefaultFileLockManager] Releasing lock on daemon addresses registry.
2026-09-03T20:25:27.791+0700 [DEBUG] [sun.rmi.transport.tcp] RMI TCP Connection(7)-127.0.0.1: (port 61098) connection closed
2026-09-03T20:25:27.791+0700 [DEBUG] [sun.rmi.transport.tcp] RMI TCP Connection(7)-127.0.0.1: close connection, socket: Socket[addr=/127.0.0.1,port=55780,localport=61098]
2026-09-03T20:25:27.793+0700 [DEBUG] [sun.rmi.transport.tcp] RMI TCP Connection(7)-127.0.0.1: socket close: Socket[addr=/127.0.0.1,port=55780,localport=61098]
2026-09-03T20:25:27.915+0700 [DEBUG] [org.gradle.process.internal.health.memory.DefaultMemoryManager] 638754816 physical memory requested, 637521920 free
2026-09-03T20:25:27.916+0700 [DEBUG] [org.gradle.workers.internal.WorkerDaemonExpiration] Will attempt to release 609 of memory
2026-09-03T20:25:27.916+0700 [DEBUG] [org.gradle.process.internal.health.memory.DefaultMemoryManager] 638754816 physical memory requested, 0 released, 637521920 free
2026-09-03T20:25:32.915+0700 [DEBUG] [org.gradle.process.internal.health.memory.DefaultMemoryManager] 638754816 physical memory requested, 615923712 free
2026-09-03T20:25:32.916+0700 [DEBUG] [org.gradle.workers.internal.WorkerDaemonExpiration] Will attempt to release 609 of memory
2026-09-03T20:25:32.916+0700 [DEBUG] [org.gradle.process.internal.health.memory.DefaultMemoryManager] 638754816 physical memory requested, 0 released, 615923712 free
2026-09-03T20:25:34.170+0700 [DEBUG] [org.gradle.cache.internal.DefaultFileLockManager] Waiting to acquire shared lock on daemon addresses registry.
2026-09-03T20:25:34.170+0700 [DEBUG] [org.gradle.cache.internal.DefaultFileLockManager] Lock acquired on daemon addresses registry.
2026-09-03T20:25:34.170+0700 [DEBUG] [org.gradle.cache.internal.DefaultFileLockManager] Releasing lock on daemon addresses registry.
2026-09-03T20:25:34.174+0700 [DEBUG] [org.gradle.cache.internal.DefaultFileLockManager] Waiting to acquire shared lock on daemon addresses registry.
2026-09-03T20:25:34.175+0700 [DEBUG] [org.gradle.cache.internal.DefaultFileLockManager] Lock acquired on daemon addresses registry.
2026-09-03T20:25:34.175+0700 [DEBUG] [org.gradle.cache.internal.DefaultFileLockManager] Releasing lock on daemon addresses registry.
2026-09-03T20:25:34.177+0700 [DEBUG] [org.gradle.cache.internal.DefaultFileLockManager] Waiting to acquire shared lock on daemon addresses registry.
2026-09-03T20:25:34.177+0700 [DEBUG] [org.gradle.cache.internal.DefaultFileLockManager] Lock acquired on daemon addresses registry.
2026-09-03T20:25:34.178+0700 [DEBUG] [org.gradle.cache.internal.DefaultFileLockManager] Releasing lock on daemon addresses registry.
2026-09-03T20:25:37.915+0700 [DEBUG] [org.gradle.process.internal.health.memory.DefaultMemoryManager] 638754816 physical memory requested, 557637632 free
2026-09-03T20:25:37.915+0700 [DEBUG] [org.gradle.workers.internal.WorkerDaemonExpiration] Will attempt to release 609 of memory
2026-09-03T20:25:37.916+0700 [DEBUG] [org.gradle.process.internal.health.memory.DefaultMemoryManager] 638754816 physical memory requested, 0 released, 557637632 free
2026-09-03T20:25:42.916+0700 [DEBUG] [org.gradle.process.internal.health.memory.DefaultMemoryManager] 638754816 physical memory requested, 498081792 free
2026-09-03T20:25:42.916+0700 [DEBUG] [org.gradle.workers.internal.WorkerDaemonExpiration] Will attempt to release 609 of memory
2026-09-03T20:25:42.916+0700 [DEBUG] [org.gradle.process.internal.health.memory.DefaultMemoryManager] 638754816 physical memory requested, 0 released, 498081792 free
2026-09-03T20:25:44.171+0700 [DEBUG] [org.gradle.cache.internal.DefaultFileLockManager] Waiting to acquire shared lock on daemon addresses registry.
2026-09-03T20:25:44.172+0700 [DEBUG] [org.gradle.cache.internal.DefaultFileLockManager] Lock acquired on daemon addresses registry.
2026-09-03T20:25:44.172+0700 [DEBUG] [org.gradle.cache.internal.DefaultFileLockManager] Releasing lock on daemon addresses registry.
2026-09-03T20:25:44.175+0700 [DEBUG] [org.gradle.cache.internal.DefaultFileLockManager] Waiting to acquire shared lock on daemon addresses registry.
2026-09-03T20:25:44.176+0700 [DEBUG] [org.gradle.cache.internal.DefaultFileLockManager] Lock acquired on daemon addresses registry.
2026-09-03T20:25:44.176+0700 [DEBUG] [org.gradle.cache.internal.DefaultFileLockManager] Releasing lock on daemon addresses registry.
2026-09-03T20:25:44.178+0700 [DEBUG] [org.gradle.cache.internal.DefaultFileLockManager] Waiting to acquire shared lock on daemon addresses registry.
2026-09-03T20:25:44.178+0700 [DEBUG] [org.gradle.cache.internal.DefaultFileLockManager] Lock acquired on daemon addresses registry.
2026-09-03T20:25:44.179+0700 [DEBUG] [org.gradle.cache.internal.DefaultFileLockManager] Releasing lock on daemon addresses registry.
2026-09-03T20:25:47.915+0700 [DEBUG] [org.gradle.process.internal.health.memory.DefaultMemoryManager] 638754816 physical memory requested, 493322240 free
2026-09-03T20:25:47.915+0700 [DEBUG] [org.gradle.workers.internal.WorkerDaemonExpiration] Will attempt to release 609 of memory
2026-09-03T20:25:47.915+0700 [DEBUG] [org.gradle.process.internal.health.memory.DefaultMemoryManager] 638754816 physical memory requested, 0 released, 493322240 free
2026-09-03T20:25:52.914+0700 [DEBUG] [org.gradle.process.internal.health.memory.DefaultMemoryManager] 638754816 physical memory requested, 494870528 free
2026-09-03T20:25:52.915+0700 [DEBUG] [org.gradle.workers.internal.WorkerDaemonExpiration] Will attempt to release 609 of memory
2026-09-03T20:25:52.915+0700 [DEBUG] [org.gradle.process.internal.health.memory.DefaultMemoryManager] 638754816 physical memory requested, 0 released, 494870528 free
2026-09-03T20:25:54.169+0700 [DEBUG] [org.gradle.cache.internal.DefaultFileLockManager] Waiting to acquire shared lock on daemon addresses registry.
2026-09-03T20:25:54.169+0700 [DEBUG] [org.gradle.cache.internal.DefaultFileLockManager] Lock acquired on daemon addresses registry.
2026-09-03T20:25:54.170+0700 [DEBUG] [org.gradle.cache.internal.DefaultFileLockManager] Releasing lock on daemon addresses registry.
2026-09-03T20:25:54.184+0700 [DEBUG] [org.gradle.cache.internal.DefaultFileLockManager] Waiting to acquire shared lock on daemon addresses registry.
2026-09-03T20:25:54.184+0700 [DEBUG] [org.gradle.cache.internal.DefaultFileLockManager] Lock acquired on daemon addresses registry.
2026-09-03T20:25:54.185+0700 [DEBUG] [org.gradle.cache.internal.DefaultFileLockManager] Releasing lock on daemon addresses registry.
2026-09-03T20:25:54.189+0700 [DEBUG] [org.gradle.cache.internal.DefaultFileLockManager] Waiting to acquire shared lock on daemon addresses registry.
2026-09-03T20:25:54.189+0700 [DEBUG] [org.gradle.cache.internal.DefaultFileLockManager] Lock acquired on daemon addresses registry.
2026-09-03T20:25:54.190+0700 [DEBUG] [org.gradle.cache.internal.DefaultFileLockManager] Releasing lock on daemon addresses registry.
2026-09-03T20:25:57.915+0700 [DEBUG] [org.gradle.process.internal.health.memory.DefaultMemoryManager] 638754816 physical memory requested, 491839488 free
2026-09-03T20:25:57.915+0700 [DEBUG] [org.gradle.workers.internal.WorkerDaemonExpiration] Will attempt to release 609 of memory
2026-09-03T20:25:57.915+0700 [DEBUG] [org.gradle.process.internal.health.memory.DefaultMemoryManager] 638754816 physical memory requested, 0 released, 491839488 free
2026-09-03T20:26:02.915+0700 [DEBUG] [org.gradle.process.internal.health.memory.DefaultMemoryManager] 638754816 physical memory requested, 470446080 free
2026-09-03T20:26:02.915+0700 [DEBUG] [org.gradle.workers.internal.WorkerDaemonExpiration] Will attempt to release 609 of memory
2026-09-03T20:26:02.915+0700 [DEBUG] [org.gradle.process.internal.health.memory.DefaultMemoryManager] 638754816 physical memory requested, 0 released, 470446080 free
2026-09-03T20:26:04.170+0700 [DEBUG] [org.gradle.cache.internal.DefaultFileLockManager] Waiting to acquire shared lock on daemon addresses registry.
2026-09-03T20:26:04.170+0700 [DEBUG] [org.gradle.cache.internal.DefaultFileLockManager] Lock acquired on daemon addresses registry.
2026-09-03T20:26:04.171+0700 [DEBUG] [org.gradle.cache.internal.DefaultFileLockManager] Releasing lock on daemon addresses registry.
2026-09-03T20:26:04.175+0700 [DEBUG] [org.gradle.cache.internal.DefaultFileLockManager] Waiting to acquire shared lock on daemon addresses registry.
2026-09-03T20:26:04.176+0700 [DEBUG] [org.gradle.cache.internal.DefaultFileLockManager] Lock acquired on daemon addresses registry.
2026-09-03T20:26:04.176+0700 [DEBUG] [org.gradle.cache.internal.DefaultFileLockManager] Releasing lock on daemon addresses registry.
2026-09-03T20:26:04.178+0700 [DEBUG] [org.gradle.cache.internal.DefaultFileLockManager] Waiting to acquire shared lock on daemon addresses registry.
2026-09-03T20:26:04.178+0700 [DEBUG] [org.gradle.cache.internal.DefaultFileLockManager] Lock acquired on daemon addresses registry.
2026-09-03T20:26:04.178+0700 [DEBUG] [org.gradle.cache.internal.DefaultFileLockManager] Releasing lock on daemon addresses registry.
2026-09-03T20:26:07.914+0700 [DEBUG] [org.gradle.process.internal.health.memory.DefaultMemoryManager] 638754816 physical memory requested, 472846336 free
2026-09-03T20:26:07.915+0700 [DEBUG] [org.gradle.workers.internal.WorkerDaemonExpiration] Will attempt to release 609 of memory
2026-09-03T20:26:07.915+0700 [DEBUG] [org.gradle.process.internal.health.memory.DefaultMemoryManager] 638754816 physical memory requested, 0 released, 472846336 free
2026-09-03T20:26:12.915+0700 [DEBUG] [org.gradle.process.internal.health.memory.DefaultMemoryManager] 638754816 physical memory requested, 475459584 free
2026-09-03T20:26:12.915+0700 [DEBUG] [org.gradle.workers.internal.WorkerDaemonExpiration] Will attempt to release 609 of memory
2026-09-03T20:26:12.915+0700 [DEBUG] [org.gradle.process.internal.health.memory.DefaultMemoryManager] 638754816 physical memory requested, 0 released, 475459584 free
2026-09-03T20:26:14.182+0700 [DEBUG] [org.gradle.cache.internal.DefaultFileLockManager] Waiting to acquire shared lock on daemon addresses registry.
2026-09-03T20:26:14.183+0700 [DEBUG] [org.gradle.cache.internal.DefaultFileLockManager] Lock acquired on daemon addresses registry.
2026-09-03T20:26:14.183+0700 [DEBUG] [org.gradle.cache.internal.DefaultFileLockManager] Releasing lock on daemon addresses registry.
2026-09-03T20:26:14.187+0700 [DEBUG] [org.gradle.cache.internal.DefaultFileLockManager] Waiting to acquire shared lock on daemon addresses registry.
2026-09-03T20:26:14.188+0700 [DEBUG] [org.gradle.cache.internal.DefaultFileLockManager] Lock acquired on daemon addresses registry.
2026-09-03T20:26:14.188+0700 [DEBUG] [org.gradle.cache.internal.DefaultFileLockManager] Releasing lock on daemon addresses registry.
2026-09-03T20:26:14.190+0700 [DEBUG] [org.gradle.cache.internal.DefaultFileLockManager] Waiting to acquire shared lock on daemon addresses registry.
2026-09-03T20:26:14.191+0700 [DEBUG] [org.gradle.cache.internal.DefaultFileLockManager] Lock acquired on daemon addresses registry.
2026-09-03T20:26:14.191+0700 [DEBUG] [org.gradle.cache.internal.DefaultFileLockManager] Releasing lock on daemon addresses registry.
2026-09-03T20:26:17.914+0700 [DEBUG] [org.gradle.process.internal.health.memory.DefaultMemoryManager] 638754816 physical memory requested, 467738624 free
2026-09-03T20:26:17.915+0700 [DEBUG] [org.gradle.workers.internal.WorkerDaemonExpiration] Will attempt to release 609 of memory
2026-09-03T20:26:17.915+0700 [DEBUG] [org.gradle.process.internal.health.memory.DefaultMemoryManager] 638754816 physical memory requested, 0 released, 467738624 free
2026-09-03T20:26:22.914+0700 [DEBUG] [org.gradle.process.internal.health.memory.DefaultMemoryManager] 638754816 physical memory requested, 473092096 free
2026-09-03T20:26:22.914+0700 [DEBUG] [org.gradle.workers.internal.WorkerDaemonExpiration] Will attempt to release 609 of memory
2026-09-03T20:26:22.914+0700 [DEBUG] [org.gradle.process.internal.health.memory.DefaultMemoryManager] 638754816 physical memory requested, 0 released, 473092096 free
2026-09-03T20:26:24.170+0700 [DEBUG] [org.gradle.cache.internal.DefaultFileLockManager] Waiting to acquire shared lock on daemon addresses registry.
2026-09-03T20:26:24.170+0700 [DEBUG] [org.gradle.cache.internal.DefaultFileLockManager] Lock acquired on daemon addresses registry.
2026-09-03T20:26:24.171+0700 [DEBUG] [org.gradle.cache.internal.DefaultFileLockManager] Releasing lock on daemon addresses registry.
2026-09-03T20:26:24.173+0700 [DEBUG] [org.gradle.cache.internal.DefaultFileLockManager] Waiting to acquire shared lock on daemon addresses registry.
2026-09-03T20:26:24.173+0700 [DEBUG] [org.gradle.cache.internal.DefaultFileLockManager] Lock acquired on daemon addresses registry.
2026-09-03T20:26:24.186+0700 [DEBUG] [org.gradle.cache.internal.DefaultFileLockManager] Releasing lock on daemon addresses registry.
2026-09-03T20:26:24.188+0700 [DEBUG] [org.gradle.cache.internal.DefaultFileLockManager] Waiting to acquire shared lock on daemon addresses registry.
2026-09-03T20:26:24.188+0700 [DEBUG] [org.gradle.cache.internal.DefaultFileLockManager] Lock acquired on daemon addresses registry.
2026-09-03T20:26:24.188+0700 [DEBUG] [org.gradle.cache.internal.DefaultFileLockManager] Releasing lock on daemon addresses registry.
2026-09-03T20:26:27.915+0700 [DEBUG] [org.gradle.process.internal.health.memory.DefaultMemoryManager] 638754816 physical memory requested, 466817024 free
2026-09-03T20:26:27.915+0700 [DEBUG] [org.gradle.workers.internal.WorkerDaemonExpiration] Will attempt to release 609 of memory
2026-09-03T20:26:27.915+0700 [DEBUG] [org.gradle.process.internal.health.memory.DefaultMemoryManager] 638754816 physical memory requested, 0 released, 466817024 free
2026-09-03T20:26:32.916+0700 [DEBUG] [org.gradle.process.internal.health.memory.DefaultMemoryManager] 638754816 physical memory requested, 470503424 free
2026-09-03T20:26:32.916+0700 [DEBUG] [org.gradle.workers.internal.WorkerDaemonExpiration] Will attempt to release 609 of memory
2026-09-03T20:26:32.916+0700 [DEBUG] [org.gradle.process.internal.health.memory.DefaultMemoryManager] 638754816 physical memory requested, 0 released, 470503424 free
2026-09-03T20:26:34.171+0700 [DEBUG] [org.gradle.cache.internal.DefaultFileLockManager] Waiting to acquire shared lock on daemon addresses registry.
2026-09-03T20:26:34.171+0700 [DEBUG] [org.gradle.cache.internal.DefaultFileLockManager] Lock acquired on daemon addresses registry.
2026-09-03T20:26:34.172+0700 [DEBUG] [org.gradle.cache.internal.DefaultFileLockManager] Releasing lock on daemon addresses registry.
2026-09-03T20:26:34.175+0700 [DEBUG] [org.gradle.cache.internal.DefaultFileLockManager] Waiting to acquire shared lock on daemon addresses registry.
2026-09-03T20:26:34.176+0700 [DEBUG] [org.gradle.cache.internal.DefaultFileLockManager] Lock acquired on daemon addresses registry.
2026-09-03T20:26:34.177+0700 [DEBUG] [org.gradle.cache.internal.DefaultFileLockManager] Releasing lock on daemon addresses registry.
2026-09-03T20:26:34.181+0700 [DEBUG] [org.gradle.cache.internal.DefaultFileLockManager] Waiting to acquire shared lock on daemon addresses registry.
2026-09-03T20:26:34.184+0700 [DEBUG] [org.gradle.cache.internal.DefaultFileLockManager] Lock acquired on daemon addresses registry.
2026-09-03T20:26:34.185+0700 [DEBUG] [org.gradle.cache.internal.DefaultFileLockManager] Releasing lock on daemon addresses registry.
2026-09-03T20:26:37.913+0700 [DEBUG] [org.gradle.process.internal.health.memory.DefaultMemoryManager] 638754816 physical memory requested, 458317824 free
2026-09-03T20:26:37.913+0700 [DEBUG] [org.gradle.workers.internal.WorkerDaemonExpiration] Will attempt to release 609 of memory
2026-09-03T20:26:37.914+0700 [DEBUG] [org.gradle.process.internal.health.memory.DefaultMemoryManager] 638754816 physical memory requested, 0 released, 458317824 free
2026-09-03T20:26:40.862+0700 [DEBUG] [org.gradle.internal.remote.internal.inet.TcpIncomingConnector] Accepted connection from /127.0.0.1:54689 to /127.0.0.1:51110.
2026-09-03T20:26:40.989+0700 [DEBUG] [org.gradle.launcher.daemon.server.SynchronizedDispatchConnection] thread 317: received class org.gradle.launcher.daemon.protocol.Build
2026-09-03T20:26:40.991+0700 [DEBUG] [org.gradle.launcher.daemon.server.DefaultDaemonConnection] thread 317: Received non-IO message from client: Build{id=9b7d0000-d5a8-48df-98b3-6f67e873b342, currentDir=D:\AbsensiSeleksi}
2026-09-03T20:26:40.992+0700 [INFO] [org.gradle.launcher.daemon.server.DefaultIncomingConnectionHandler] Received command: Build{id=9b7d0000-d5a8-48df-98b3-6f67e873b342, currentDir=D:\AbsensiSeleksi}.
2026-09-03T20:26:40.993+0700 [DEBUG] [org.gradle.launcher.daemon.server.DefaultIncomingConnectionHandler] Starting executing command: Build{id=9b7d0000-d5a8-48df-98b3-6f67e873b342, currentDir=D:\AbsensiSeleksi} with connection: socket connection from /127.0.0.1:51110 to /127.0.0.1:54689.
2026-09-03T20:26:41.008+0700 [DEBUG] [org.gradle.launcher.daemon.server.DaemonStateCoordinator] Command execution: started DaemonCommandExecution[command = Build{id=9b7d0000-d5a8-48df-98b3-6f67e873b342, currentDir=D:\AbsensiSeleksi}, connection = DefaultDaemonConnection: socket connection from /127.0.0.1:51110 to /127.0.0.1:54689] after 10.433449999999999 minutes of idle
2026-09-03T20:26:41.011+0700 [INFO] [org.gradle.launcher.daemon.server.DaemonRegistryUpdater] Marking the daemon as busy, address: [5fe4e37b-42a4-41ce-bdfd-25c530d6108e port:51110, addresses:[localhost/127.0.0.1]]
2026-09-03T20:26:41.011+0700 [DEBUG] [org.gradle.launcher.daemon.registry.PersistentDaemonRegistry] Marking busy by address: [5fe4e37b-42a4-41ce-bdfd-25c530d6108e port:51110, addresses:[localhost/127.0.0.1]]
2026-09-03T20:26:41.020+0700 [DEBUG] [org.gradle.cache.internal.DefaultFileLockManager] Waiting to acquire exclusive lock on daemon addresses registry.
2026-09-03T20:26:41.030+0700 [DEBUG] [org.gradle.cache.internal.DefaultFileLockManager] Lock acquired on daemon addresses registry.
2026-09-03T20:26:41.056+0700 [DEBUG] [org.gradle.cache.internal.DefaultFileLockManager] Releasing lock on daemon addresses registry.
2026-09-03T20:26:41.058+0700 [DEBUG] [org.gradle.launcher.daemon.server.DaemonStateCoordinator] resetting idle timer
2026-09-03T20:26:41.061+0700 [DEBUG] [org.gradle.launcher.daemon.server.DaemonStateCoordinator] daemon is running. Sleeping until state changes.
2026-09-03T20:26:41.064+0700 [INFO] [org.gradle.launcher.daemon.server.exec.StartBuildOrRespondWithBusy] Daemon is about to start building Build{id=9b7d0000-d5a8-48df-98b3-6f67e873b342, currentDir=D:\AbsensiSeleksi}. Dispatching build started information...
2026-09-03T20:26:41.066+0700 [DEBUG] [org.gradle.launcher.daemon.server.SynchronizedDispatchConnection] thread 319: dispatching org.gradle.launcher.daemon.protocol.BuildStarted@7896e841
2026-09-03T20:26:41.090+0700 [DEBUG] [org.gradle.launcher.daemon.server.exec.EstablishBuildEnvironment] Configuring env variables: [USERDOMAIN_ROAMINGPROFILE, LOCALAPPDATA, ChocolateyLastPathUpdate, PROCESSOR_LEVEL, IJ_RESTARTER_LOG, USERDOMAIN, EFC_2376_1592913036, LOGONSERVER, SESSIONNAME, ALLUSERSPROFILE, PROCESSOR_ARCHITECTURE, PSModulePath, SystemDrive, asl.log, OneDrive, APPDATA, USERNAME, ChocolateyInstall, ProgramFiles(x86), CommonProgramFiles, Path, ANDROID_STUDIO_AGENT, PATHEXT, DriverData, OS, OneDriveConsumer, COMPUTERNAME, EFC_2376_4126798990, EFC_2376_2946480783, PROCESSOR_REVISION, CommonProgramW6432, ComSpec, ProgramData, ProgramW6432, TEMP, HOMEPATH, SystemRoot, PROCESSOR_IDENTIFIER, HOMEDRIVE, USERPROFILE, TMP, CommonProgramFiles(x86), ProgramFiles, PUBLIC, windir, NUMBER_OF_PROCESSORS, =::]
2026-09-03T20:26:41.127+0700 [DEBUG] [org.gradle.launcher.daemon.server.exec.LogToClient] About to start relaying all logs to the client via the connection.
2026-09-03T20:26:41.130+0700 [INFO] [org.gradle.launcher.daemon.server.exec.LogToClient] The client will now receive all logging from the daemon (pid: 9240). The daemon log file: D:\AbsensiSeleksi\daemon\8.9\daemon-9240.out.log
2026-09-03T20:26:41.163+0700 [INFO] [org.gradle.launcher.daemon.server.exec.LogAndCheckHealth] Starting 3rd build in daemon [uptime: 29 mins 7.677 secs, performance: 99%, GC rate: 0.00/s, heap usage: 0% of 2 GiB]
2026-09-03T20:26:41.166+0700 [DEBUG] [org.gradle.launcher.daemon.server.exec.ExecuteBuild] The daemon has started executing the build.
2026-09-03T20:26:41.168+0700 [DEBUG] [org.gradle.launcher.daemon.server.exec.ExecuteBuild] Executing build with daemon context: DefaultDaemonContext[uid=3ef6a606-8328-4109-a205-d5ba9010b1f9,javaHome=C:\Users\AsusA416jp\.jdks\jbr-21.0.11,javaVersion=21,daemonRegistryDir=D:\AbsensiSeleksi\daemon,pid=9240,idleTimeout=10800000,priority=NORMAL,applyInstrumentationAgent=true,nativeServicesMode=ENABLED,daemonOpts=--add-opens=java.base/java.util=ALL-UNNAMED,--add-opens=java.base/java.lang=ALL-UNNAMED,--add-opens=java.base/java.lang.invoke=ALL-UNNAMED,--add-opens=java.prefs/java.util.prefs=ALL-UNNAMED,--add-exports=jdk.compiler/com.sun.tools.javac.api=ALL-UNNAMED,--add-exports=jdk.compiler/com.sun.tools.javac.util=ALL-UNNAMED,--add-opens=java.base/java.nio.charset=ALL-UNNAMED,--add-opens=java.base/java.net=ALL-UNNAMED,--add-opens=java.base/java.util.concurrent.atomic=ALL-UNNAMED,-Xmx2048m,-Dfile.encoding=UTF-8,-Duser.country=ID,-Duser.language=en,-Duser.variant]
Reusing configuration cache.
Unable to strip the following libraries, packaging them as they are: libface_detector_v2_jni.so, libimage_processing_util_jni.so.
w: [ksp] D:/AbsensiSeleksi/app/src/main/java/com/absensiseleksi/data/local/AppDatabase.kt:9: Schema export directory was not provided to the annotation processor so Room cannot export the schema. You can either provide `room.schemaLocation` annotation processor argument by applying the Room Gradle plugin (id 'androidx.room') OR set exportSchema to false.
w: file:///D:/AbsensiSeleksi/app/src/main/java/com/absensiseleksi/ui/attendance/AttendanceActivity.kt:38:27 'PreferenceManager' is deprecated. Deprecated in Java
w: file:///D:/AbsensiSeleksi/app/src/main/java/com/absensiseleksi/ui/attendance/AttendanceActivity.kt:66:9 Parameter 'permissions' is never used, could be renamed to _
w: file:///D:/AbsensiSeleksi/app/src/main/java/com/absensiseleksi/ui/attendance/AttendanceActivity.kt:71:48 'PreferenceManager' is deprecated. Deprecated in Java
w: file:///D:/AbsensiSeleksi/app/src/main/java/com/absensiseleksi/ui/attendance/AttendanceActivity.kt:71:66 'getDefaultSharedPreferences(Context!): SharedPreferences!' is deprecated. Deprecated in Java
w: file:///D:/AbsensiSeleksi/app/src/main/java/com/absensiseleksi/ui/attendance/AttendanceActivity.kt:279:13 'onBackPressed(): Unit' is deprecated. This method has been deprecated in favor of using the
      {@link OnBackPressedDispatcher} via {@link #getOnBackPressedDispatcher()}.
      The OnBackPressedDispatcher controls how back button events are dispatched
      to one or more {@link OnBackPressedCallback} objects.
w: file:///D:/AbsensiSeleksi/app/src/main/java/com/absensiseleksi/ui/attendance/AttendanceActivity.kt:38:27 'PreferenceManager' is deprecated. Deprecated in Java
w: file:///D:/AbsensiSeleksi/app/src/main/java/com/absensiseleksi/ui/attendance/AttendanceActivity.kt:66:9 Parameter 'permissions' is never used, could be renamed to _
w: file:///D:/AbsensiSeleksi/app/src/main/java/com/absensiseleksi/ui/attendance/AttendanceActivity.kt:71:48 'PreferenceManager' is deprecated. Deprecated in Java
w: file:///D:/AbsensiSeleksi/app/src/main/java/com/absensiseleksi/ui/attendance/AttendanceActivity.kt:71:66 'getDefaultSharedPreferences(Context!): SharedPreferences!' is deprecated. Deprecated in Java
w: file:///D:/AbsensiSeleksi/app/src/main/java/com/absensiseleksi/ui/attendance/AttendanceActivity.kt:279:13 'onBackPressed(): Unit' is deprecated. This method has been deprecated in favor of using the
      {@link OnBackPressedDispatcher} via {@link #getOnBackPressedDispatcher()}.
      The OnBackPressedDispatcher controls how back button events are dispatched
      to one or more {@link OnBackPressedCallback} objects.
w: file:///D:/AbsensiSeleksi/app/src/main/java/com/absensiseleksi/ui/attendance/AttendanceDetailActivity.kt:111:13 'onBackPressed(): Unit' is deprecated. This method has been deprecated in favor of using the
      {@link OnBackPressedDispatcher} via {@link #getOnBackPressedDispatcher()}.
      The OnBackPressedDispatcher controls how back button events are dispatched
      to one or more {@link OnBackPressedCallback} objects.
w: file:///D:/AbsensiSeleksi/app/src/main/java/com/absensiseleksi/ui/attendance/AttendanceSuccessActivity.kt:49:13 'onBackPressed(): Unit' is deprecated. This method has been deprecated in favor of using the
      {@link OnBackPressedDispatcher} via {@link #getOnBackPressedDispatcher()}.
      The OnBackPressedDispatcher controls how back button events are dispatched
      to one or more {@link OnBackPressedCallback} objects.
w: file:///D:/AbsensiSeleksi/app/src/main/java/com/absensiseleksi/ui/riwayat/RiwayatDetailActivity.kt:56:13 'onBackPressed(): Unit' is deprecated. This method has been deprecated in favor of using the
      {@link OnBackPressedDispatcher} via {@link #getOnBackPressedDispatcher()}.
      The OnBackPressedDispatcher controls how back button events are dispatched
      to one or more {@link OnBackPressedCallback} objects.

BUILD SUCCESSFUL in 2m 15s
85 actionable tasks: 58 executed, 27 up-to-date
Configuration cache entry reused.
2026-09-03T20:28:56.327+0700 [DEBUG] [org.gradle.launcher.daemon.server.exec.ExecuteBuild] The daemon has finished executing the build.
2026-09-03T20:28:56.351+0700 [DEBUG] [org.gradle.launcher.daemon.server.DaemonStateCoordinator] Command execution: finished waiting for DaemonCommandExecution[command = Build{id=9b7d0000-d5a8-48df-98b3-6f67e873b342, currentDir=D:\AbsensiSeleksi}, connection = DefaultDaemonConnection: socket connection from /127.0.0.1:51110 to /127.0.0.1:54689]. Result org.gradle.launcher.daemon.server.DaemonStateCoordinator@6bd05269 with state Busy
2026-09-03T20:28:56.352+0700 [DEBUG] [org.gradle.launcher.daemon.server.DaemonStateCoordinator] Command execution: completed DaemonCommandExecution[command = Build{id=9b7d0000-d5a8-48df-98b3-6f67e873b342, currentDir=D:\AbsensiSeleksi}, connection = DefaultDaemonConnection: socket connection from /127.0.0.1:51110 to /127.0.0.1:54689]
2026-09-03T20:28:56.352+0700 [DEBUG] [org.gradle.launcher.daemon.server.DaemonStateCoordinator] resetting idle timer
2026-09-03T20:28:56.352+0700 [INFO] [org.gradle.launcher.daemon.server.DaemonRegistryUpdater] Marking the daemon as idle, address: [5fe4e37b-42a4-41ce-bdfd-25c530d6108e port:51110, addresses:[localhost/127.0.0.1]]
2026-09-03T20:28:56.353+0700 [DEBUG] [org.gradle.launcher.daemon.registry.PersistentDaemonRegistry] Marking busy by address: [5fe4e37b-42a4-41ce-bdfd-25c530d6108e port:51110, addresses:[localhost/127.0.0.1]]
2026-09-03T20:28:56.355+0700 [DEBUG] [org.gradle.cache.internal.DefaultFileLockManager] Waiting to acquire exclusive lock on daemon addresses registry.
2026-09-03T20:28:56.356+0700 [DEBUG] [org.gradle.cache.internal.DefaultFileLockManager] Lock acquired on daemon addresses registry.
2026-09-03T20:28:56.358+0700 [DEBUG] [org.gradle.cache.internal.DefaultFileLockManager] Releasing lock on daemon addresses registry.
2026-09-03T20:28:56.358+0700 [DEBUG] [org.gradle.launcher.daemon.server.DaemonStateCoordinator] daemon is running. Sleeping until state changes.
2026-09-03T20:28:56.358+0700 [DEBUG] [org.gradle.launcher.daemon.server.exec.ReturnResult] Daemon is dispatching the build result: Success[value=org.gradle.launcher.exec.BuildActionResult@56164bde]
2026-09-03T20:28:56.359+0700 [DEBUG] [org.gradle.launcher.daemon.server.SynchronizedDispatchConnection] thread 316: dispatching Success[value=org.gradle.launcher.exec.BuildActionResult@56164bde]
2026-09-03T20:28:56.361+0700 [DEBUG] [org.gradle.launcher.daemon.server.exec.CleanUpVirtualFileSystemAfterBuild] Cleaning virtual file system after build finished
2026-09-03T20:28:56.361+0700 [DEBUG] [org.gradle.launcher.daemon.server.DefaultIncomingConnectionHandler] Finishing executing command: Build{id=9b7d0000-d5a8-48df-98b3-6f67e873b342, currentDir=D:\AbsensiSeleksi}
2026-09-03T20:28:56.380+0700 [DEBUG] [org.gradle.launcher.daemon.server.SynchronizedDispatchConnection] thread 317: received class org.gradle.launcher.daemon.protocol.CloseInput
2026-09-03T20:28:56.380+0700 [DEBUG] [org.gradle.launcher.daemon.server.DefaultDaemonConnection] thread 317: Received IO message from client: org.gradle.launcher.daemon.protocol.CloseInput@7ec9ebf1
2026-09-03T20:28:56.383+0700 [DEBUG] [org.gradle.launcher.daemon.server.SynchronizedDispatchConnection] thread 317: received class org.gradle.launcher.daemon.protocol.Finished
2026-09-03T20:28:56.383+0700 [DEBUG] [org.gradle.launcher.daemon.server.DefaultDaemonConnection] thread 317: Received non-IO message from client: org.gradle.launcher.daemon.protocol.Finished@700e1a58
2026-09-03T20:28:56.383+0700 [DEBUG] [org.gradle.launcher.daemon.server.DefaultIncomingConnectionHandler] Received finished message: org.gradle.launcher.daemon.protocol.Finished@700e1a58
2026-09-03T20:28:56.383+0700 [DEBUG] [org.gradle.launcher.daemon.server.SynchronizedDispatchConnection] thread 316: stopping connection
2026-09-03T20:28:56.384+0700 [DEBUG] [org.gradle.internal.remote.internal.inet.SocketConnection] Discarding EOFException: java.io.EOFException
2026-09-03T20:28:56.384+0700 [DEBUG] [org.gradle.launcher.daemon.server.SynchronizedDispatchConnection] thread 317: received null
2026-09-03T20:28:56.384+0700 [DEBUG] [org.gradle.launcher.daemon.server.DefaultDaemonConnection] thread 317: Received end-of-input from client.
2026-09-03T20:28:56.385+0700 [DEBUG] [org.gradle.launcher.daemon.server.SynchronizedDispatchConnection] thread 316: stopping connection
2026-09-03T20:28:57.915+0700 [DEBUG] [org.gradle.process.internal.health.memory.DefaultMemoryManager] 638754816 physical memory requested, 566394880 free
2026-09-03T20:28:57.916+0700 [DEBUG] [org.gradle.workers.internal.WorkerDaemonExpiration] Will attempt to release 609 of memory
2026-09-03T20:28:57.916+0700 [DEBUG] [org.gradle.process.internal.health.memory.DefaultMemoryManager] 638754816 physical memory requested, 0 released, 566394880 free
2026-09-03T20:29:02.914+0700 [DEBUG] [org.gradle.process.internal.health.memory.DefaultMemoryManager] 638754816 physical memory requested, 421412864 free
2026-09-03T20:29:02.915+0700 [DEBUG] [org.gradle.workers.internal.WorkerDaemonExpiration] Will attempt to release 609 of memory
2026-09-03T20:29:02.915+0700 [DEBUG] [org.gradle.process.internal.health.memory.DefaultMemoryManager] 638754816 physical memory requested, 0 released, 421412864 free
2026-09-03T20:29:04.173+0700 [DEBUG] [org.gradle.cache.internal.DefaultFileLockManager] Waiting to acquire shared lock on daemon addresses registry.
2026-09-03T20:29:04.173+0700 [DEBUG] [org.gradle.cache.internal.DefaultFileLockManager] Lock acquired on daemon addresses registry.
2026-09-03T20:29:04.174+0700 [DEBUG] [org.gradle.cache.internal.DefaultFileLockManager] Releasing lock on daemon addresses registry.
2026-09-03T20:29:04.182+0700 [DEBUG] [org.gradle.cache.internal.DefaultFileLockManager] Waiting to acquire shared lock on daemon addresses registry.
2026-09-03T20:29:04.183+0700 [DEBUG] [org.gradle.cache.internal.DefaultFileLockManager] Lock acquired on daemon addresses registry.
2026-09-03T20:29:04.184+0700 [DEBUG] [org.gradle.cache.internal.DefaultFileLockManager] Releasing lock on daemon addresses registry.
2026-09-03T20:29:07.914+0700 [DEBUG] [org.gradle.process.internal.health.memory.DefaultMemoryManager] 638754816 physical memory requested, 331124736 free
2026-09-03T20:29:07.914+0700 [DEBUG] [org.gradle.workers.internal.WorkerDaemonExpiration] Will attempt to release 609 of memory
2026-09-03T20:29:07.914+0700 [DEBUG] [org.gradle.process.internal.health.memory.DefaultMemoryManager] 638754816 physical memory requested, 0 released, 331124736 free
2026-09-03T20:29:12.347+0700 [DEBUG] [sun.rmi.transport.tcp] RMI Scheduler(0): close connection, socket: Socket[addr=localhost/127.0.0.1,port=17903,localport=62033]
2026-09-03T20:29:14.171+0700 [DEBUG] [org.gradle.cache.internal.DefaultFileLockManager] Waiting to acquire shared lock on daemon addresses registry.
2026-09-03T20:29:14.171+0700 [DEBUG] [org.gradle.cache.internal.DefaultFileLockManager] Lock acquired on daemon addresses registry.
2026-09-03T20:29:14.172+0700 [DEBUG] [org.gradle.cache.internal.DefaultFileLockManager] Releasing lock on daemon addresses registry.
2026-09-03T20:29:14.175+0700 [DEBUG] [org.gradle.cache.internal.DefaultFileLockManager] Waiting to acquire shared lock on daemon addresses registry.
2026-09-03T20:29:14.175+0700 [DEBUG] [org.gradle.cache.internal.DefaultFileLockManager] Lock acquired on daemon addresses registry.
2026-09-03T20:29:14.175+0700 [DEBUG] [org.gradle.cache.internal.DefaultFileLockManager] Releasing lock on daemon addresses registry.
2026-09-03T20:29:14.177+0700 [DEBUG] [org.gradle.cache.internal.DefaultFileLockManager] Waiting to acquire shared lock on daemon addresses registry.
2026-09-03T20:29:14.178+0700 [DEBUG] [org.gradle.cache.internal.DefaultFileLockManager] Lock acquired on daemon addresses registry.
2026-09-03T20:29:14.178+0700 [DEBUG] [org.gradle.cache.internal.DefaultFileLockManager] Releasing lock on daemon addresses registry.
2026-09-03T20:29:22.916+0700 [DEBUG] [org.gradle.process.internal.health.memory.DefaultMemoryManager] 638754816 physical memory requested, 400498688 free
2026-09-03T20:29:22.917+0700 [DEBUG] [org.gradle.workers.internal.WorkerDaemonExpiration] Will attempt to release 609 of memory
2026-09-03T20:29:22.917+0700 [DEBUG] [org.gradle.process.internal.health.memory.DefaultMemoryManager] 638754816 physical memory requested, 0 released, 400498688 free
2026-09-03T20:29:24.170+0700 [DEBUG] [org.gradle.cache.internal.DefaultFileLockManager] Waiting to acquire shared lock on daemon addresses registry.
2026-09-03T20:29:24.171+0700 [DEBUG] [org.gradle.cache.internal.DefaultFileLockManager] Lock acquired on daemon addresses registry.
2026-09-03T20:29:24.171+0700 [DEBUG] [org.gradle.cache.internal.DefaultFileLockManager] Releasing lock on daemon addresses registry.
2026-09-03T20:29:24.175+0700 [DEBUG] [org.gradle.cache.internal.DefaultFileLockManager] Waiting to acquire shared lock on daemon addresses registry.
2026-09-03T20:29:24.175+0700 [DEBUG] [org.gradle.cache.internal.DefaultFileLockManager] Lock acquired on daemon addresses registry.
2026-09-03T20:29:24.176+0700 [DEBUG] [org.gradle.cache.internal.DefaultFileLockManager] Releasing lock on daemon addresses registry.
2026-09-03T20:29:24.178+0700 [DEBUG] [org.gradle.cache.internal.DefaultFileLockManager] Waiting to acquire shared lock on daemon addresses registry.
2026-09-03T20:29:24.178+0700 [DEBUG] [org.gradle.cache.internal.DefaultFileLockManager] Lock acquired on daemon addresses registry.
2026-09-03T20:29:24.178+0700 [DEBUG] [org.gradle.cache.internal.DefaultFileLockManager] Releasing lock on daemon addresses registry.
2026-09-03T20:29:34.169+0700 [DEBUG] [org.gradle.cache.internal.DefaultFileLockManager] Waiting to acquire shared lock on daemon addresses registry.
2026-09-03T20:29:34.170+0700 [DEBUG] [org.gradle.cache.internal.DefaultFileLockManager] Lock acquired on daemon addresses registry.
2026-09-03T20:29:34.170+0700 [DEBUG] [org.gradle.cache.internal.DefaultFileLockManager] Releasing lock on daemon addresses registry.
2026-09-03T20:29:34.173+0700 [DEBUG] [org.gradle.cache.internal.DefaultFileLockManager] Waiting to acquire shared lock on daemon addresses registry.
2026-09-03T20:29:34.174+0700 [DEBUG] [org.gradle.cache.internal.DefaultFileLockManager] Lock acquired on daemon addresses registry.
2026-09-03T20:29:34.174+0700 [DEBUG] [org.gradle.cache.internal.DefaultFileLockManager] Releasing lock on daemon addresses registry.
2026-09-03T20:29:34.176+0700 [DEBUG] [org.gradle.cache.internal.DefaultFileLockManager] Waiting to acquire shared lock on daemon addresses registry.
2026-09-03T20:29:34.176+0700 [DEBUG] [org.gradle.cache.internal.DefaultFileLockManager] Lock acquired on daemon addresses registry.
2026-09-03T20:29:34.176+0700 [DEBUG] [org.gradle.cache.internal.DefaultFileLockManager] Releasing lock on daemon addresses registry.
2026-09-03T20:29:37.916+0700 [DEBUG] [org.gradle.process.internal.health.memory.DefaultMemoryManager] 638754816 physical memory requested, 597270528 free
2026-09-03T20:29:37.916+0700 [DEBUG] [org.gradle.workers.internal.WorkerDaemonExpiration] Will attempt to release 609 of memory
2026-09-03T20:29:37.916+0700 [DEBUG] [org.gradle.process.internal.health.memory.DefaultMemoryManager] 638754816 physical memory requested, 0 released, 597270528 free
2026-09-03T20:29:42.915+0700 [DEBUG] [org.gradle.process.internal.health.memory.DefaultMemoryManager] 638754816 physical memory requested, 433893376 free
2026-09-03T20:29:42.915+0700 [DEBUG] [org.gradle.workers.internal.WorkerDaemonExpiration] Will attempt to release 609 of memory
2026-09-03T20:29:42.915+0700 [DEBUG] [org.gradle.process.internal.health.memory.DefaultMemoryManager] 638754816 physical memory requested, 0 released, 433893376 free
2026-09-03T20:29:44.170+0700 [DEBUG] [org.gradle.cache.internal.DefaultFileLockManager] Waiting to acquire shared lock on daemon addresses registry.
2026-09-03T20:29:44.171+0700 [DEBUG] [org.gradle.cache.internal.DefaultFileLockManager] Lock acquired on daemon addresses registry.
2026-09-03T20:29:44.172+0700 [DEBUG] [org.gradle.cache.internal.DefaultFileLockManager] Releasing lock on daemon addresses registry.
2026-09-03T20:29:44.173+0700 [DEBUG] [org.gradle.cache.internal.DefaultFileLockManager] Waiting to acquire shared lock on daemon addresses registry.
2026-09-03T20:29:44.173+0700 [DEBUG] [org.gradle.cache.internal.DefaultFileLockManager] Lock acquired on daemon addresses registry.
2026-09-03T20:29:44.173+0700 [DEBUG] [org.gradle.cache.internal.DefaultFileLockManager] Releasing lock on daemon addresses registry.
2026-09-03T20:29:44.174+0700 [DEBUG] [org.gradle.cache.internal.DefaultFileLockManager] Waiting to acquire shared lock on daemon addresses registry.
2026-09-03T20:29:44.174+0700 [DEBUG] [org.gradle.cache.internal.DefaultFileLockManager] Lock acquired on daemon addresses registry.
2026-09-03T20:29:44.174+0700 [DEBUG] [org.gradle.cache.internal.DefaultFileLockManager] Releasing lock on daemon addresses registry.
2026-09-03T20:29:47.915+0700 [DEBUG] [org.gradle.process.internal.health.memory.DefaultMemoryManager] 638754816 physical memory requested, 593850368 free
2026-09-03T20:29:47.915+0700 [DEBUG] [org.gradle.workers.internal.WorkerDaemonExpiration] Will attempt to release 609 of memory
2026-09-03T20:29:47.915+0700 [DEBUG] [org.gradle.process.internal.health.memory.DefaultMemoryManager] 638754816 physical memory requested, 0 released, 593850368 free
2026-09-03T20:29:52.914+0700 [DEBUG] [org.gradle.process.internal.health.memory.DefaultMemoryManager] 638754816 physical memory requested, 600756224 free
2026-09-03T20:29:52.914+0700 [DEBUG] [org.gradle.workers.internal.WorkerDaemonExpiration] Will attempt to release 609 of memory
2026-09-03T20:29:52.915+0700 [DEBUG] [org.gradle.process.internal.health.memory.DefaultMemoryManager] 638754816 physical memory requested, 0 released, 600756224 free
2026-09-03T20:29:54.169+0700 [DEBUG] [org.gradle.cache.internal.DefaultFileLockManager] Waiting to acquire shared lock on daemon addresses registry.
2026-09-03T20:29:54.169+0700 [DEBUG] [org.gradle.cache.internal.DefaultFileLockManager] Lock acquired on daemon addresses registry.
2026-09-03T20:29:54.170+0700 [DEBUG] [org.gradle.cache.internal.DefaultFileLockManager] Releasing lock on daemon addresses registry.
2026-09-03T20:29:54.171+0700 [DEBUG] [org.gradle.cache.internal.DefaultFileLockManager] Waiting to acquire shared lock on daemon addresses registry.
2026-09-03T20:29:54.171+0700 [DEBUG] [org.gradle.cache.internal.DefaultFileLockManager] Lock acquired on daemon addresses registry.
2026-09-03T20:29:54.171+0700 [DEBUG] [org.gradle.cache.internal.DefaultFileLockManager] Releasing lock on daemon addresses registry.
2026-09-03T20:29:54.172+0700 [DEBUG] [org.gradle.cache.internal.DefaultFileLockManager] Waiting to acquire shared lock on daemon addresses registry.
2026-09-03T20:29:54.173+0700 [DEBUG] [org.gradle.cache.internal.DefaultFileLockManager] Lock acquired on daemon addresses registry.
2026-09-03T20:29:54.173+0700 [DEBUG] [org.gradle.cache.internal.DefaultFileLockManager] Releasing lock on daemon addresses registry.
2026-09-03T20:29:55.407+0700 [DEBUG] [org.gradle.internal.remote.internal.inet.TcpIncomingConnector] Accepted connection from /127.0.0.1:62053 to /127.0.0.1:51110.
2026-09-03T20:29:55.427+0700 [DEBUG] [org.gradle.launcher.daemon.server.SynchronizedDispatchConnection] thread 394: received class org.gradle.launcher.daemon.protocol.Build
2026-09-03T20:29:55.427+0700 [DEBUG] [org.gradle.launcher.daemon.server.DefaultDaemonConnection] thread 394: Received non-IO message from client: Build{id=c347c36a-0135-461f-b16e-7d254b176fdf, currentDir=D:\AbsensiSeleksi}
2026-09-03T20:29:55.428+0700 [INFO] [org.gradle.launcher.daemon.server.DefaultIncomingConnectionHandler] Received command: Build{id=c347c36a-0135-461f-b16e-7d254b176fdf, currentDir=D:\AbsensiSeleksi}.
2026-09-03T20:29:55.428+0700 [DEBUG] [org.gradle.launcher.daemon.server.DefaultIncomingConnectionHandler] Starting executing command: Build{id=c347c36a-0135-461f-b16e-7d254b176fdf, currentDir=D:\AbsensiSeleksi} with connection: socket connection from /127.0.0.1:51110 to /127.0.0.1:62053.
2026-09-03T20:29:55.429+0700 [DEBUG] [org.gradle.launcher.daemon.server.DaemonStateCoordinator] Command execution: started DaemonCommandExecution[command = Build{id=c347c36a-0135-461f-b16e-7d254b176fdf, currentDir=D:\AbsensiSeleksi}, connection = DefaultDaemonConnection: socket connection from /127.0.0.1:51110 to /127.0.0.1:62053] after 0.9846166666666666 minutes of idle
2026-09-03T20:29:55.429+0700 [INFO] [org.gradle.launcher.daemon.server.DaemonRegistryUpdater] Marking the daemon as busy, address: [5fe4e37b-42a4-41ce-bdfd-25c530d6108e port:51110, addresses:[localhost/127.0.0.1]]
2026-09-03T20:29:55.429+0700 [DEBUG] [org.gradle.launcher.daemon.registry.PersistentDaemonRegistry] Marking busy by address: [5fe4e37b-42a4-41ce-bdfd-25c530d6108e port:51110, addresses:[localhost/127.0.0.1]]
2026-09-03T20:29:55.432+0700 [DEBUG] [org.gradle.cache.internal.DefaultFileLockManager] Waiting to acquire exclusive lock on daemon addresses registry.
2026-09-03T20:29:55.432+0700 [DEBUG] [org.gradle.cache.internal.DefaultFileLockManager] Lock acquired on daemon addresses registry.
2026-09-03T20:29:55.435+0700 [DEBUG] [org.gradle.cache.internal.DefaultFileLockManager] Releasing lock on daemon addresses registry.
2026-09-03T20:29:55.435+0700 [DEBUG] [org.gradle.launcher.daemon.server.DaemonStateCoordinator] resetting idle timer
2026-09-03T20:29:55.436+0700 [DEBUG] [org.gradle.launcher.daemon.server.DaemonStateCoordinator] daemon is running. Sleeping until state changes.
2026-09-03T20:29:55.436+0700 [INFO] [org.gradle.launcher.daemon.server.exec.StartBuildOrRespondWithBusy] Daemon is about to start building Build{id=c347c36a-0135-461f-b16e-7d254b176fdf, currentDir=D:\AbsensiSeleksi}. Dispatching build started information...
2026-09-03T20:29:55.436+0700 [DEBUG] [org.gradle.launcher.daemon.server.SynchronizedDispatchConnection] thread 319: dispatching org.gradle.launcher.daemon.protocol.BuildStarted@47fe2f99
2026-09-03T20:29:55.438+0700 [DEBUG] [org.gradle.launcher.daemon.server.exec.EstablishBuildEnvironment] Configuring env variables: [USERDOMAIN_ROAMINGPROFILE, LOCALAPPDATA, ChocolateyLastPathUpdate, PROCESSOR_LEVEL, IJ_RESTARTER_LOG, USERDOMAIN, EFC_2376_1592913036, LOGONSERVER, SESSIONNAME, ALLUSERSPROFILE, PROCESSOR_ARCHITECTURE, PSModulePath, SystemDrive, asl.log, OneDrive, APPDATA, USERNAME, ChocolateyInstall, ProgramFiles(x86), CommonProgramFiles, Path, PATHEXT, DriverData, OS, OneDriveConsumer, COMPUTERNAME, EFC_2376_4126798990, EFC_2376_2946480783, PROCESSOR_REVISION, CommonProgramW6432, ComSpec, ProgramData, ProgramW6432, TEMP, HOMEPATH, SystemRoot, PROCESSOR_IDENTIFIER, HOMEDRIVE, USERPROFILE, TMP, CommonProgramFiles(x86), ProgramFiles, PUBLIC, windir, NUMBER_OF_PROCESSORS, =::]
2026-09-03T20:29:55.442+0700 [DEBUG] [org.gradle.launcher.daemon.server.exec.LogToClient] About to start relaying all logs to the client via the connection.
2026-09-03T20:29:55.443+0700 [INFO] [org.gradle.launcher.daemon.server.exec.LogToClient] The client will now receive all logging from the daemon (pid: 9240). The daemon log file: D:\AbsensiSeleksi\daemon\8.9\daemon-9240.out.log
2026-09-03T20:29:55.447+0700 [INFO] [org.gradle.launcher.daemon.server.exec.LogAndCheckHealth] Starting 4th build in daemon [uptime: 32 mins 21.988 secs, performance: 98%, GC rate: 0.00/s, heap usage: 0% of 2 GiB]
2026-09-03T20:29:55.448+0700 [DEBUG] [org.gradle.launcher.daemon.server.exec.ExecuteBuild] The daemon has started executing the build.
2026-09-03T20:29:55.448+0700 [DEBUG] [org.gradle.launcher.daemon.server.exec.ExecuteBuild] Executing build with daemon context: DefaultDaemonContext[uid=3ef6a606-8328-4109-a205-d5ba9010b1f9,javaHome=C:\Users\AsusA416jp\.jdks\jbr-21.0.11,javaVersion=21,daemonRegistryDir=D:\AbsensiSeleksi\daemon,pid=9240,idleTimeout=10800000,priority=NORMAL,applyInstrumentationAgent=true,nativeServicesMode=ENABLED,daemonOpts=--add-opens=java.base/java.util=ALL-UNNAMED,--add-opens=java.base/java.lang=ALL-UNNAMED,--add-opens=java.base/java.lang.invoke=ALL-UNNAMED,--add-opens=java.prefs/java.util.prefs=ALL-UNNAMED,--add-exports=jdk.compiler/com.sun.tools.javac.api=ALL-UNNAMED,--add-exports=jdk.compiler/com.sun.tools.javac.util=ALL-UNNAMED,--add-opens=java.base/java.nio.charset=ALL-UNNAMED,--add-opens=java.base/java.net=ALL-UNNAMED,--add-opens=java.base/java.util.concurrent.atomic=ALL-UNNAMED,-Xmx2048m,-Dfile.encoding=UTF-8,-Duser.country=ID,-Duser.language=en,-Duser.variant]
Reusing configuration cache.

BUILD SUCCESSFUL in 6s
43 actionable tasks: 7 executed, 36 up-to-date
Configuration cache entry reused.
2026-09-03T20:30:01.947+0700 [DEBUG] [org.gradle.launcher.daemon.server.exec.ExecuteBuild] The daemon has finished executing the build.
2026-09-03T20:30:01.950+0700 [DEBUG] [org.gradle.launcher.daemon.server.DaemonStateCoordinator] Command execution: finished waiting for DaemonCommandExecution[command = Build{id=c347c36a-0135-461f-b16e-7d254b176fdf, currentDir=D:\AbsensiSeleksi}, connection = DefaultDaemonConnection: socket connection from /127.0.0.1:51110 to /127.0.0.1:62053]. Result org.gradle.launcher.daemon.server.DaemonStateCoordinator@6bd05269 with state Busy
2026-09-03T20:30:01.950+0700 [DEBUG] [org.gradle.launcher.daemon.server.DaemonStateCoordinator] Command execution: completed DaemonCommandExecution[command = Build{id=c347c36a-0135-461f-b16e-7d254b176fdf, currentDir=D:\AbsensiSeleksi}, connection = DefaultDaemonConnection: socket connection from /127.0.0.1:51110 to /127.0.0.1:62053]
2026-09-03T20:30:01.950+0700 [DEBUG] [org.gradle.launcher.daemon.server.DaemonStateCoordinator] resetting idle timer
2026-09-03T20:30:01.950+0700 [INFO] [org.gradle.launcher.daemon.server.DaemonRegistryUpdater] Marking the daemon as idle, address: [5fe4e37b-42a4-41ce-bdfd-25c530d6108e port:51110, addresses:[localhost/127.0.0.1]]
2026-09-03T20:30:01.950+0700 [DEBUG] [org.gradle.launcher.daemon.registry.PersistentDaemonRegistry] Marking busy by address: [5fe4e37b-42a4-41ce-bdfd-25c530d6108e port:51110, addresses:[localhost/127.0.0.1]]
2026-09-03T20:30:01.951+0700 [DEBUG] [org.gradle.cache.internal.DefaultFileLockManager] Waiting to acquire exclusive lock on daemon addresses registry.
2026-09-03T20:30:01.951+0700 [DEBUG] [org.gradle.cache.internal.DefaultFileLockManager] Lock acquired on daemon addresses registry.
2026-09-03T20:30:01.954+0700 [DEBUG] [org.gradle.cache.internal.DefaultFileLockManager] Releasing lock on daemon addresses registry.
2026-09-03T20:30:01.954+0700 [DEBUG] [org.gradle.launcher.daemon.server.DaemonStateCoordinator] daemon is running. Sleeping until state changes.
2026-09-03T20:30:01.954+0700 [DEBUG] [org.gradle.launcher.daemon.server.exec.ReturnResult] Daemon is dispatching the build result: Success[value=org.gradle.launcher.exec.BuildActionResult@29b5225e]
2026-09-03T20:30:01.955+0700 [DEBUG] [org.gradle.launcher.daemon.server.SynchronizedDispatchConnection] thread 316: dispatching Success[value=org.gradle.launcher.exec.BuildActionResult@29b5225e]
2026-09-03T20:30:01.956+0700 [DEBUG] [org.gradle.launcher.daemon.server.DefaultIncomingConnectionHandler] Finishing executing command: Build{id=c347c36a-0135-461f-b16e-7d254b176fdf, currentDir=D:\AbsensiSeleksi}
2026-09-03T20:30:01.956+0700 [DEBUG] [org.gradle.launcher.daemon.server.exec.CleanUpVirtualFileSystemAfterBuild] Cleaning virtual file system after build finished
2026-09-03T20:30:01.956+0700 [DEBUG] [org.gradle.launcher.daemon.server.SynchronizedDispatchConnection] thread 394: received class org.gradle.launcher.daemon.protocol.CloseInput
2026-09-03T20:30:01.956+0700 [DEBUG] [org.gradle.launcher.daemon.server.DefaultDaemonConnection] thread 394: Received IO message from client: org.gradle.launcher.daemon.protocol.CloseInput@2dc0288
2026-09-03T20:30:01.957+0700 [DEBUG] [org.gradle.launcher.daemon.server.SynchronizedDispatchConnection] thread 394: received class org.gradle.launcher.daemon.protocol.Finished
2026-09-03T20:30:01.957+0700 [DEBUG] [org.gradle.launcher.daemon.server.DefaultDaemonConnection] thread 394: Received non-IO message from client: org.gradle.launcher.daemon.protocol.Finished@c1bfca3
2026-09-03T20:30:01.957+0700 [DEBUG] [org.gradle.launcher.daemon.server.DefaultIncomingConnectionHandler] Received finished message: org.gradle.launcher.daemon.protocol.Finished@c1bfca3
2026-09-03T20:30:01.957+0700 [DEBUG] [org.gradle.launcher.daemon.server.SynchronizedDispatchConnection] thread 316: stopping connection
2026-09-03T20:30:01.957+0700 [DEBUG] [org.gradle.internal.remote.internal.inet.SocketConnection] Discarding EOFException: java.io.EOFException
2026-09-03T20:30:01.957+0700 [DEBUG] [org.gradle.launcher.daemon.server.SynchronizedDispatchConnection] thread 394: received null
2026-09-03T20:30:01.957+0700 [DEBUG] [org.gradle.launcher.daemon.server.DefaultDaemonConnection] thread 394: Received end-of-input from client.
2026-09-03T20:30:01.958+0700 [DEBUG] [org.gradle.launcher.daemon.server.SynchronizedDispatchConnection] thread 316: stopping connection
2026-09-03T20:30:02.915+0700 [DEBUG] [org.gradle.process.internal.health.memory.DefaultMemoryManager] 638754816 physical memory requested, 353460224 free
2026-09-03T20:30:02.916+0700 [DEBUG] [org.gradle.workers.internal.WorkerDaemonExpiration] Will attempt to release 609 of memory
2026-09-03T20:30:02.917+0700 [DEBUG] [org.gradle.process.internal.health.memory.DefaultMemoryManager] 638754816 physical memory requested, 0 released, 353460224 free
2026-09-03T20:30:04.169+0700 [DEBUG] [org.gradle.cache.internal.DefaultFileLockManager] Waiting to acquire shared lock on daemon addresses registry.
2026-09-03T20:30:04.169+0700 [DEBUG] [org.gradle.cache.internal.DefaultFileLockManager] Lock acquired on daemon addresses registry.
2026-09-03T20:30:04.170+0700 [DEBUG] [org.gradle.cache.internal.DefaultFileLockManager] Releasing lock on daemon addresses registry.
2026-09-03T20:30:04.171+0700 [DEBUG] [org.gradle.cache.internal.DefaultFileLockManager] Waiting to acquire shared lock on daemon addresses registry.
2026-09-03T20:30:04.172+0700 [DEBUG] [org.gradle.cache.internal.DefaultFileLockManager] Lock acquired on daemon addresses registry.
2026-09-03T20:30:04.173+0700 [DEBUG] [org.gradle.cache.internal.DefaultFileLockManager] Releasing lock on daemon addresses registry.
2026-09-03T20:30:07.916+0700 [DEBUG] [org.gradle.process.internal.health.memory.DefaultMemoryManager] 638754816 physical memory requested, 401518592 free
2026-09-03T20:30:07.916+0700 [DEBUG] [org.gradle.workers.internal.WorkerDaemonExpiration] Will attempt to release 609 of memory
2026-09-03T20:30:07.916+0700 [DEBUG] [org.gradle.process.internal.health.memory.DefaultMemoryManager] 638754816 physical memory requested, 0 released, 401518592 free
2026-09-03T20:30:14.168+0700 [DEBUG] [org.gradle.cache.internal.DefaultFileLockManager] Waiting to acquire shared lock on daemon addresses registry.
2026-09-03T20:30:14.168+0700 [DEBUG] [org.gradle.cache.internal.DefaultFileLockManager] Lock acquired on daemon addresses registry.
2026-09-03T20:30:14.168+0700 [DEBUG] [org.gradle.cache.internal.DefaultFileLockManager] Releasing lock on daemon addresses registry.
2026-09-03T20:30:14.170+0700 [DEBUG] [org.gradle.cache.internal.DefaultFileLockManager] Waiting to acquire shared lock on daemon addresses registry.
2026-09-03T20:30:14.170+0700 [DEBUG] [org.gradle.cache.internal.DefaultFileLockManager] Lock acquired on daemon addresses registry.
2026-09-03T20:30:14.170+0700 [DEBUG] [org.gradle.cache.internal.DefaultFileLockManager] Releasing lock on daemon addresses registry.
2026-09-03T20:30:14.171+0700 [DEBUG] [org.gradle.cache.internal.DefaultFileLockManager] Waiting to acquire shared lock on daemon addresses registry.
2026-09-03T20:30:14.171+0700 [DEBUG] [org.gradle.cache.internal.DefaultFileLockManager] Lock acquired on daemon addresses registry.
2026-09-03T20:30:14.172+0700 [DEBUG] [org.gradle.cache.internal.DefaultFileLockManager] Releasing lock on daemon addresses registry.
2026-09-03T20:30:17.916+0700 [DEBUG] [org.gradle.process.internal.health.memory.DefaultMemoryManager] 638754816 physical memory requested, 542437376 free
2026-09-03T20:30:17.916+0700 [DEBUG] [org.gradle.workers.internal.WorkerDaemonExpiration] Will attempt to release 609 of memory
2026-09-03T20:30:17.916+0700 [DEBUG] [org.gradle.process.internal.health.memory.DefaultMemoryManager] 638754816 physical memory requested, 0 released, 542437376 free
2026-09-03T20:30:24.169+0700 [DEBUG] [org.gradle.cache.internal.DefaultFileLockManager] Waiting to acquire shared lock on daemon addresses registry.
2026-09-03T20:30:24.170+0700 [DEBUG] [org.gradle.cache.internal.DefaultFileLockManager] Lock acquired on daemon addresses registry.
2026-09-03T20:30:24.170+0700 [DEBUG] [org.gradle.cache.internal.DefaultFileLockManager] Releasing lock on daemon addresses registry.
2026-09-03T20:30:24.171+0700 [DEBUG] [org.gradle.cache.internal.DefaultFileLockManager] Waiting to acquire shared lock on daemon addresses registry.
2026-09-03T20:30:24.171+0700 [DEBUG] [org.gradle.cache.internal.DefaultFileLockManager] Lock acquired on daemon addresses registry.
2026-09-03T20:30:24.172+0700 [DEBUG] [org.gradle.cache.internal.DefaultFileLockManager] Releasing lock on daemon addresses registry.
2026-09-03T20:30:24.173+0700 [DEBUG] [org.gradle.cache.internal.DefaultFileLockManager] Waiting to acquire shared lock on daemon addresses registry.
2026-09-03T20:30:24.173+0700 [DEBUG] [org.gradle.cache.internal.DefaultFileLockManager] Lock acquired on daemon addresses registry.
2026-09-03T20:30:24.173+0700 [DEBUG] [org.gradle.cache.internal.DefaultFileLockManager] Releasing lock on daemon addresses registry.
2026-09-03T20:30:34.170+0700 [DEBUG] [org.gradle.cache.internal.DefaultFileLockManager] Waiting to acquire shared lock on daemon addresses registry.
2026-09-03T20:30:34.170+0700 [DEBUG] [org.gradle.cache.internal.DefaultFileLockManager] Lock acquired on daemon addresses registry.
2026-09-03T20:30:34.170+0700 [DEBUG] [org.gradle.cache.internal.DefaultFileLockManager] Releasing lock on daemon addresses registry.
2026-09-03T20:30:34.172+0700 [DEBUG] [org.gradle.cache.internal.DefaultFileLockManager] Waiting to acquire shared lock on daemon addresses registry.
2026-09-03T20:30:34.172+0700 [DEBUG] [org.gradle.cache.internal.DefaultFileLockManager] Lock acquired on daemon addresses registry.
2026-09-03T20:30:34.172+0700 [DEBUG] [org.gradle.cache.internal.DefaultFileLockManager] Releasing lock on daemon addresses registry.
2026-09-03T20:30:34.173+0700 [DEBUG] [org.gradle.cache.internal.DefaultFileLockManager] Waiting to acquire shared lock on daemon addresses registry.
2026-09-03T20:30:34.173+0700 [DEBUG] [org.gradle.cache.internal.DefaultFileLockManager] Lock acquired on daemon addresses registry.
2026-09-03T20:30:34.173+0700 [DEBUG] [org.gradle.cache.internal.DefaultFileLockManager] Releasing lock on daemon addresses registry.
2026-09-03T20:30:44.168+0700 [DEBUG] [org.gradle.cache.internal.DefaultFileLockManager] Waiting to acquire shared lock on daemon addresses registry.
2026-09-03T20:30:44.168+0700 [DEBUG] [org.gradle.cache.internal.DefaultFileLockManager] Lock acquired on daemon addresses registry.
2026-09-03T20:30:44.168+0700 [DEBUG] [org.gradle.cache.internal.DefaultFileLockManager] Releasing lock on daemon addresses registry.
2026-09-03T20:30:44.170+0700 [DEBUG] [org.gradle.cache.internal.DefaultFileLockManager] Waiting to acquire shared lock on daemon addresses registry.
2026-09-03T20:30:44.170+0700 [DEBUG] [org.gradle.cache.internal.DefaultFileLockManager] Lock acquired on daemon addresses registry.
2026-09-03T20:30:44.170+0700 [DEBUG] [org.gradle.cache.internal.DefaultFileLockManager] Releasing lock on daemon addresses registry.
2026-09-03T20:30:44.171+0700 [DEBUG] [org.gradle.cache.internal.DefaultFileLockManager] Waiting to acquire shared lock on daemon addresses registry.
2026-09-03T20:30:44.172+0700 [DEBUG] [org.gradle.cache.internal.DefaultFileLockManager] Lock acquired on daemon addresses registry.
2026-09-03T20:30:44.172+0700 [DEBUG] [org.gradle.cache.internal.DefaultFileLockManager] Releasing lock on daemon addresses registry.
2026-09-03T20:30:54.170+0700 [DEBUG] [org.gradle.cache.internal.DefaultFileLockManager] Waiting to acquire shared lock on daemon addresses registry.
2026-09-03T20:30:54.170+0700 [DEBUG] [org.gradle.cache.internal.DefaultFileLockManager] Lock acquired on daemon addresses registry.
2026-09-03T20:30:54.170+0700 [DEBUG] [org.gradle.cache.internal.DefaultFileLockManager] Releasing lock on daemon addresses registry.
2026-09-03T20:30:54.172+0700 [DEBUG] [org.gradle.cache.internal.DefaultFileLockManager] Waiting to acquire shared lock on daemon addresses registry.
2026-09-03T20:30:54.172+0700 [DEBUG] [org.gradle.cache.internal.DefaultFileLockManager] Lock acquired on daemon addresses registry.
2026-09-03T20:30:54.172+0700 [DEBUG] [org.gradle.cache.internal.DefaultFileLockManager] Releasing lock on daemon addresses registry.
2026-09-03T20:30:54.173+0700 [DEBUG] [org.gradle.cache.internal.DefaultFileLockManager] Waiting to acquire shared lock on daemon addresses registry.
2026-09-03T20:30:54.174+0700 [DEBUG] [org.gradle.cache.internal.DefaultFileLockManager] Lock acquired on daemon addresses registry.
2026-09-03T20:30:54.174+0700 [DEBUG] [org.gradle.cache.internal.DefaultFileLockManager] Releasing lock on daemon addresses registry.
2026-09-03T20:31:04.170+0700 [DEBUG] [org.gradle.cache.internal.DefaultFileLockManager] Waiting to acquire shared lock on daemon addresses registry.
2026-09-03T20:31:04.170+0700 [DEBUG] [org.gradle.cache.internal.DefaultFileLockManager] Lock acquired on daemon addresses registry.
2026-09-03T20:31:04.170+0700 [DEBUG] [org.gradle.cache.internal.DefaultFileLockManager] Releasing lock on daemon addresses registry.
2026-09-03T20:31:04.172+0700 [DEBUG] [org.gradle.cache.internal.DefaultFileLockManager] Waiting to acquire shared lock on daemon addresses registry.
2026-09-03T20:31:04.172+0700 [DEBUG] [org.gradle.cache.internal.DefaultFileLockManager] Lock acquired on daemon addresses registry.
2026-09-03T20:31:04.173+0700 [DEBUG] [org.gradle.cache.internal.DefaultFileLockManager] Releasing lock on daemon addresses registry.
2026-09-03T20:31:04.174+0700 [DEBUG] [org.gradle.cache.internal.DefaultFileLockManager] Waiting to acquire shared lock on daemon addresses registry.
2026-09-03T20:31:04.174+0700 [DEBUG] [org.gradle.cache.internal.DefaultFileLockManager] Lock acquired on daemon addresses registry.
2026-09-03T20:31:04.175+0700 [DEBUG] [org.gradle.cache.internal.DefaultFileLockManager] Releasing lock on daemon addresses registry.
2026-09-03T20:31:14.169+0700 [DEBUG] [org.gradle.cache.internal.DefaultFileLockManager] Waiting to acquire shared lock on daemon addresses registry.
2026-09-03T20:31:14.170+0700 [DEBUG] [org.gradle.cache.internal.DefaultFileLockManager] Lock acquired on daemon addresses registry.
2026-09-03T20:31:14.170+0700 [DEBUG] [org.gradle.cache.internal.DefaultFileLockManager] Releasing lock on daemon addresses registry.
2026-09-03T20:31:14.172+0700 [DEBUG] [org.gradle.cache.internal.DefaultFileLockManager] Waiting to acquire shared lock on daemon addresses registry.
2026-09-03T20:31:14.172+0700 [DEBUG] [org.gradle.cache.internal.DefaultFileLockManager] Lock acquired on daemon addresses registry.
2026-09-03T20:31:14.172+0700 [DEBUG] [org.gradle.cache.internal.DefaultFileLockManager] Releasing lock on daemon addresses registry.
2026-09-03T20:31:14.173+0700 [DEBUG] [org.gradle.cache.internal.DefaultFileLockManager] Waiting to acquire shared lock on daemon addresses registry.
2026-09-03T20:31:14.173+0700 [DEBUG] [org.gradle.cache.internal.DefaultFileLockManager] Lock acquired on daemon addresses registry.
2026-09-03T20:31:14.173+0700 [DEBUG] [org.gradle.cache.internal.DefaultFileLockManager] Releasing lock on daemon addresses registry.
2026-09-03T20:31:24.169+0700 [DEBUG] [org.gradle.cache.internal.DefaultFileLockManager] Waiting to acquire shared lock on daemon addresses registry.
2026-09-03T20:31:24.169+0700 [DEBUG] [org.gradle.cache.internal.DefaultFileLockManager] Lock acquired on daemon addresses registry.
2026-09-03T20:31:24.169+0700 [DEBUG] [org.gradle.cache.internal.DefaultFileLockManager] Releasing lock on daemon addresses registry.
2026-09-03T20:31:24.170+0700 [DEBUG] [org.gradle.cache.internal.DefaultFileLockManager] Waiting to acquire shared lock on daemon addresses registry.
2026-09-03T20:31:24.171+0700 [DEBUG] [org.gradle.cache.internal.DefaultFileLockManager] Lock acquired on daemon addresses registry.
2026-09-03T20:31:24.171+0700 [DEBUG] [org.gradle.cache.internal.DefaultFileLockManager] Releasing lock on daemon addresses registry.
2026-09-03T20:31:24.171+0700 [DEBUG] [org.gradle.cache.internal.DefaultFileLockManager] Waiting to acquire shared lock on daemon addresses registry.
2026-09-03T20:31:24.172+0700 [DEBUG] [org.gradle.cache.internal.DefaultFileLockManager] Lock acquired on daemon addresses registry.
2026-09-03T20:31:24.172+0700 [DEBUG] [org.gradle.cache.internal.DefaultFileLockManager] Releasing lock on daemon addresses registry.
2026-09-03T20:31:34.169+0700 [DEBUG] [org.gradle.cache.internal.DefaultFileLockManager] Waiting to acquire shared lock on daemon addresses registry.
2026-09-03T20:31:34.169+0700 [DEBUG] [org.gradle.cache.internal.DefaultFileLockManager] Lock acquired on daemon addresses registry.
2026-09-03T20:31:34.169+0700 [DEBUG] [org.gradle.cache.internal.DefaultFileLockManager] Releasing lock on daemon addresses registry.
2026-09-03T20:31:34.171+0700 [DEBUG] [org.gradle.cache.internal.DefaultFileLockManager] Waiting to acquire shared lock on daemon addresses registry.
2026-09-03T20:31:34.171+0700 [DEBUG] [org.gradle.cache.internal.DefaultFileLockManager] Lock acquired on daemon addresses registry.
2026-09-03T20:31:34.171+0700 [DEBUG] [org.gradle.cache.internal.DefaultFileLockManager] Releasing lock on daemon addresses registry.
2026-09-03T20:31:34.172+0700 [DEBUG] [org.gradle.cache.internal.DefaultFileLockManager] Waiting to acquire shared lock on daemon addresses registry.
2026-09-03T20:31:34.172+0700 [DEBUG] [org.gradle.cache.internal.DefaultFileLockManager] Lock acquired on daemon addresses registry.
2026-09-03T20:31:34.173+0700 [DEBUG] [org.gradle.cache.internal.DefaultFileLockManager] Releasing lock on daemon addresses registry.
2026-09-03T20:31:44.170+0700 [DEBUG] [org.gradle.cache.internal.DefaultFileLockManager] Waiting to acquire shared lock on daemon addresses registry.
2026-09-03T20:31:44.170+0700 [DEBUG] [org.gradle.cache.internal.DefaultFileLockManager] Lock acquired on daemon addresses registry.
2026-09-03T20:31:44.170+0700 [DEBUG] [org.gradle.cache.internal.DefaultFileLockManager] Releasing lock on daemon addresses registry.
2026-09-03T20:31:44.171+0700 [DEBUG] [org.gradle.cache.internal.DefaultFileLockManager] Waiting to acquire shared lock on daemon addresses registry.
2026-09-03T20:31:44.172+0700 [DEBUG] [org.gradle.cache.internal.DefaultFileLockManager] Lock acquired on daemon addresses registry.
2026-09-03T20:31:44.172+0700 [DEBUG] [org.gradle.cache.internal.DefaultFileLockManager] Releasing lock on daemon addresses registry.
2026-09-03T20:31:44.173+0700 [DEBUG] [org.gradle.cache.internal.DefaultFileLockManager] Waiting to acquire shared lock on daemon addresses registry.
2026-09-03T20:31:44.173+0700 [DEBUG] [org.gradle.cache.internal.DefaultFileLockManager] Lock acquired on daemon addresses registry.
2026-09-03T20:31:44.173+0700 [DEBUG] [org.gradle.cache.internal.DefaultFileLockManager] Releasing lock on daemon addresses registry.
2026-09-03T20:31:54.169+0700 [DEBUG] [org.gradle.cache.internal.DefaultFileLockManager] Waiting to acquire shared lock on daemon addresses registry.
2026-09-03T20:31:54.170+0700 [DEBUG] [org.gradle.cache.internal.DefaultFileLockManager] Lock acquired on daemon addresses registry.
2026-09-03T20:31:54.170+0700 [DEBUG] [org.gradle.cache.internal.DefaultFileLockManager] Releasing lock on daemon addresses registry.
2026-09-03T20:31:54.172+0700 [DEBUG] [org.gradle.cache.internal.DefaultFileLockManager] Waiting to acquire shared lock on daemon addresses registry.
2026-09-03T20:31:54.172+0700 [DEBUG] [org.gradle.cache.internal.DefaultFileLockManager] Lock acquired on daemon addresses registry.
2026-09-03T20:31:54.172+0700 [DEBUG] [org.gradle.cache.internal.DefaultFileLockManager] Releasing lock on daemon addresses registry.
2026-09-03T20:31:54.173+0700 [DEBUG] [org.gradle.cache.internal.DefaultFileLockManager] Waiting to acquire shared lock on daemon addresses registry.
2026-09-03T20:31:54.173+0700 [DEBUG] [org.gradle.cache.internal.DefaultFileLockManager] Lock acquired on daemon addresses registry.
2026-09-03T20:31:54.174+0700 [DEBUG] [org.gradle.cache.internal.DefaultFileLockManager] Releasing lock on daemon addresses registry.
2026-09-03T20:32:04.169+0700 [DEBUG] [org.gradle.cache.internal.DefaultFileLockManager] Waiting to acquire shared lock on daemon addresses registry.
2026-09-03T20:32:04.169+0700 [DEBUG] [org.gradle.cache.internal.DefaultFileLockManager] Lock acquired on daemon addresses registry.
2026-09-03T20:32:04.169+0700 [DEBUG] [org.gradle.cache.internal.DefaultFileLockManager] Releasing lock on daemon addresses registry.
2026-09-03T20:32:04.171+0700 [DEBUG] [org.gradle.cache.internal.DefaultFileLockManager] Waiting to acquire shared lock on daemon addresses registry.
2026-09-03T20:32:04.171+0700 [DEBUG] [org.gradle.cache.internal.DefaultFileLockManager] Lock acquired on daemon addresses registry.
2026-09-03T20:32:04.171+0700 [DEBUG] [org.gradle.cache.internal.DefaultFileLockManager] Releasing lock on daemon addresses registry.
2026-09-03T20:32:04.172+0700 [DEBUG] [org.gradle.cache.internal.DefaultFileLockManager] Waiting to acquire shared lock on daemon addresses registry.
2026-09-03T20:32:04.172+0700 [DEBUG] [org.gradle.cache.internal.DefaultFileLockManager] Lock acquired on daemon addresses registry.
2026-09-03T20:32:04.172+0700 [DEBUG] [org.gradle.cache.internal.DefaultFileLockManager] Releasing lock on daemon addresses registry.
2026-09-03T20:32:07.916+0700 [DEBUG] [org.gradle.process.internal.health.memory.DefaultMemoryManager] 638754816 physical memory requested, 623734784 free
2026-09-03T20:32:07.916+0700 [DEBUG] [org.gradle.workers.internal.WorkerDaemonExpiration] Will attempt to release 609 of memory
2026-09-03T20:32:07.916+0700 [DEBUG] [org.gradle.process.internal.health.memory.DefaultMemoryManager] 638754816 physical memory requested, 0 released, 623734784 free
2026-09-03T20:32:12.916+0700 [DEBUG] [org.gradle.process.internal.health.memory.DefaultMemoryManager] 638754816 physical memory requested, 198529024 free
2026-09-03T20:32:12.916+0700 [DEBUG] [org.gradle.workers.internal.WorkerDaemonExpiration] Will attempt to release 609 of memory
2026-09-03T20:32:12.917+0700 [DEBUG] [org.gradle.process.internal.health.memory.DefaultMemoryManager] 638754816 physical memory requested, 0 released, 198529024 free
2026-09-03T20:32:14.171+0700 [DEBUG] [org.gradle.cache.internal.DefaultFileLockManager] Waiting to acquire shared lock on daemon addresses registry.
2026-09-03T20:32:14.171+0700 [DEBUG] [org.gradle.cache.internal.DefaultFileLockManager] Lock acquired on daemon addresses registry.
2026-09-03T20:32:14.196+0700 [DEBUG] [org.gradle.cache.internal.DefaultFileLockManager] Releasing lock on daemon addresses registry.
2026-09-03T20:32:14.199+0700 [DEBUG] [org.gradle.cache.internal.DefaultFileLockManager] Waiting to acquire shared lock on daemon addresses registry.
2026-09-03T20:32:14.199+0700 [DEBUG] [org.gradle.cache.internal.DefaultFileLockManager] Lock acquired on daemon addresses registry.
2026-09-03T20:32:14.200+0700 [DEBUG] [org.gradle.cache.internal.DefaultFileLockManager] Releasing lock on daemon addresses registry.
2026-09-03T20:32:14.203+0700 [DEBUG] [org.gradle.cache.internal.DefaultFileLockManager] Waiting to acquire shared lock on daemon addresses registry.
2026-09-03T20:32:14.203+0700 [DEBUG] [org.gradle.cache.internal.DefaultFileLockManager] Lock acquired on daemon addresses registry.
2026-09-03T20:32:14.204+0700 [DEBUG] [org.gradle.cache.internal.DefaultFileLockManager] Releasing lock on daemon addresses registry.
2026-09-03T20:32:17.915+0700 [DEBUG] [org.gradle.process.internal.health.memory.DefaultMemoryManager] 638754816 physical memory requested, 177827840 free
2026-09-03T20:32:17.915+0700 [DEBUG] [org.gradle.workers.internal.WorkerDaemonExpiration] Will attempt to release 609 of memory
2026-09-03T20:32:17.915+0700 [DEBUG] [org.gradle.process.internal.health.memory.DefaultMemoryManager] 638754816 physical memory requested, 0 released, 177827840 free
2026-09-03T20:32:22.914+0700 [DEBUG] [org.gradle.process.internal.health.memory.DefaultMemoryManager] 638754816 physical memory requested, 276819968 free
2026-09-03T20:32:22.915+0700 [DEBUG] [org.gradle.workers.internal.WorkerDaemonExpiration] Will attempt to release 609 of memory
2026-09-03T20:32:22.915+0700 [DEBUG] [org.gradle.process.internal.health.memory.DefaultMemoryManager] 638754816 physical memory requested, 0 released, 276819968 free
2026-09-03T20:32:24.171+0700 [DEBUG] [org.gradle.cache.internal.DefaultFileLockManager] Waiting to acquire shared lock on daemon addresses registry.
2026-09-03T20:32:24.172+0700 [DEBUG] [org.gradle.cache.internal.DefaultFileLockManager] Lock acquired on daemon addresses registry.
2026-09-03T20:32:24.175+0700 [DEBUG] [org.gradle.cache.internal.DefaultFileLockManager] Releasing lock on daemon addresses registry.
2026-09-03T20:32:24.178+0700 [DEBUG] [org.gradle.cache.internal.DefaultFileLockManager] Waiting to acquire shared lock on daemon addresses registry.
2026-09-03T20:32:24.178+0700 [DEBUG] [org.gradle.cache.internal.DefaultFileLockManager] Lock acquired on daemon addresses registry.
2026-09-03T20:32:24.179+0700 [DEBUG] [org.gradle.cache.internal.DefaultFileLockManager] Releasing lock on daemon addresses registry.
2026-09-03T20:32:24.182+0700 [DEBUG] [org.gradle.cache.internal.DefaultFileLockManager] Waiting to acquire shared lock on daemon addresses registry.
2026-09-03T20:32:24.182+0700 [DEBUG] [org.gradle.cache.internal.DefaultFileLockManager] Lock acquired on daemon addresses registry.
2026-09-03T20:32:24.184+0700 [DEBUG] [org.gradle.cache.internal.DefaultFileLockManager] Releasing lock on daemon addresses registry.
2026-09-03T20:32:27.915+0700 [DEBUG] [org.gradle.process.internal.health.memory.DefaultMemoryManager] 638754816 physical memory requested, 503361536 free
2026-09-03T20:32:27.915+0700 [DEBUG] [org.gradle.workers.internal.WorkerDaemonExpiration] Will attempt to release 609 of memory
2026-09-03T20:32:27.915+0700 [DEBUG] [org.gradle.process.internal.health.memory.DefaultMemoryManager] 638754816 physical memory requested, 0 released, 503361536 free
2026-09-03T20:32:34.169+0700 [DEBUG] [org.gradle.cache.internal.DefaultFileLockManager] Waiting to acquire shared lock on daemon addresses registry.
2026-09-03T20:32:34.169+0700 [DEBUG] [org.gradle.cache.internal.DefaultFileLockManager] Lock acquired on daemon addresses registry.
2026-09-03T20:32:34.169+0700 [DEBUG] [org.gradle.cache.internal.DefaultFileLockManager] Releasing lock on daemon addresses registry.
2026-09-03T20:32:34.171+0700 [DEBUG] [org.gradle.cache.internal.DefaultFileLockManager] Waiting to acquire shared lock on daemon addresses registry.
2026-09-03T20:32:34.171+0700 [DEBUG] [org.gradle.cache.internal.DefaultFileLockManager] Lock acquired on daemon addresses registry.
2026-09-03T20:32:34.171+0700 [DEBUG] [org.gradle.cache.internal.DefaultFileLockManager] Releasing lock on daemon addresses registry.
2026-09-03T20:32:34.172+0700 [DEBUG] [org.gradle.cache.internal.DefaultFileLockManager] Waiting to acquire shared lock on daemon addresses registry.
2026-09-03T20:32:34.172+0700 [DEBUG] [org.gradle.cache.internal.DefaultFileLockManager] Lock acquired on daemon addresses registry.
2026-09-03T20:32:34.173+0700 [DEBUG] [org.gradle.cache.internal.DefaultFileLockManager] Releasing lock on daemon addresses registry.
2026-09-03T20:32:44.170+0700 [DEBUG] [org.gradle.cache.internal.DefaultFileLockManager] Waiting to acquire shared lock on daemon addresses registry.
2026-09-03T20:32:44.170+0700 [DEBUG] [org.gradle.cache.internal.DefaultFileLockManager] Lock acquired on daemon addresses registry.
2026-09-03T20:32:44.171+0700 [DEBUG] [org.gradle.cache.internal.DefaultFileLockManager] Releasing lock on daemon addresses registry.
2026-09-03T20:32:44.173+0700 [DEBUG] [org.gradle.cache.internal.DefaultFileLockManager] Waiting to acquire shared lock on daemon addresses registry.
2026-09-03T20:32:44.173+0700 [DEBUG] [org.gradle.cache.internal.DefaultFileLockManager] Lock acquired on daemon addresses registry.
2026-09-03T20:32:44.174+0700 [DEBUG] [org.gradle.cache.internal.DefaultFileLockManager] Releasing lock on daemon addresses registry.
2026-09-03T20:32:44.176+0700 [DEBUG] [org.gradle.cache.internal.DefaultFileLockManager] Waiting to acquire shared lock on daemon addresses registry.
2026-09-03T20:32:44.176+0700 [DEBUG] [org.gradle.cache.internal.DefaultFileLockManager] Lock acquired on daemon addresses registry.
2026-09-03T20:32:44.177+0700 [DEBUG] [org.gradle.cache.internal.DefaultFileLockManager] Releasing lock on daemon addresses registry.
2026-09-03T20:32:54.169+0700 [DEBUG] [org.gradle.cache.internal.DefaultFileLockManager] Waiting to acquire shared lock on daemon addresses registry.
2026-09-03T20:32:54.169+0700 [DEBUG] [org.gradle.cache.internal.DefaultFileLockManager] Lock acquired on daemon addresses registry.
2026-09-03T20:32:54.169+0700 [DEBUG] [org.gradle.cache.internal.DefaultFileLockManager] Releasing lock on daemon addresses registry.
2026-09-03T20:32:54.173+0700 [DEBUG] [org.gradle.cache.internal.DefaultFileLockManager] Waiting to acquire shared lock on daemon addresses registry.
2026-09-03T20:32:54.173+0700 [DEBUG] [org.gradle.cache.internal.DefaultFileLockManager] Lock acquired on daemon addresses registry.
2026-09-03T20:32:54.173+0700 [DEBUG] [org.gradle.cache.internal.DefaultFileLockManager] Releasing lock on daemon addresses registry.
2026-09-03T20:32:54.174+0700 [DEBUG] [org.gradle.cache.internal.DefaultFileLockManager] Waiting to acquire shared lock on daemon addresses registry.
2026-09-03T20:32:54.175+0700 [DEBUG] [org.gradle.cache.internal.DefaultFileLockManager] Lock acquired on daemon addresses registry.
2026-09-03T20:32:54.175+0700 [DEBUG] [org.gradle.cache.internal.DefaultFileLockManager] Releasing lock on daemon addresses registry.
2026-09-03T20:32:55.443+0700 [DEBUG] [sun.rmi.transport.tcp] RMI TCP Connection(18)-127.0.0.1: accepted socket from [127.0.0.1:54872]
2026-09-03T20:32:55.464+0700 [DEBUG] [sun.rmi.transport.tcp] RMI TCP Connection(18)-127.0.0.1: (port 61098) op = 80
2026-09-03T20:32:55.485+0700 [DEBUG] [sun.rmi.loader] RMI TCP Connection(18)-127.0.0.1: name = "[Ljava.rmi.server.ObjID;", codebase = "", defaultLoader = jdk.internal.loader.ClassLoaders$PlatformClassLoader@2a87d96
2026-09-03T20:32:55.488+0700 [DEBUG] [sun.rmi.loader] RMI TCP Connection(18)-127.0.0.1: name = "java.rmi.dgc.Lease", codebase = "", defaultLoader = jdk.internal.loader.ClassLoaders$PlatformClassLoader@2a87d96
2026-09-03T20:32:55.492+0700 [DEBUG] [sun.rmi.loader] RMI TCP Connection(18)-127.0.0.1: name = "java.rmi.dgc.VMID", codebase = "", defaultLoader = jdk.internal.loader.ClassLoaders$PlatformClassLoader@2a87d96
2026-09-03T20:32:55.493+0700 [DEBUG] [sun.rmi.loader] RMI TCP Connection(18)-127.0.0.1: name = "[B", codebase = "", defaultLoader = jdk.internal.loader.ClassLoaders$PlatformClassLoader@2a87d96
2026-09-03T20:32:55.496+0700 [DEBUG] [sun.rmi.loader] RMI TCP Connection(18)-127.0.0.1: name = "java.rmi.server.UID", codebase = "", defaultLoader = jdk.internal.loader.ClassLoaders$PlatformClassLoader@2a87d96
2026-09-03T20:33:03.752+0700 [DEBUG] [sun.rmi.transport.tcp] RMI TCP Connection(19)-127.0.0.1: accepted socket from [127.0.0.1:54873]
2026-09-03T20:33:03.752+0700 [DEBUG] [sun.rmi.transport.tcp] RMI TCP Connection(19)-127.0.0.1: (port 61098) op = 80
2026-09-03T20:33:03.753+0700 [DEBUG] [sun.rmi.loader] RMI TCP Connection(19)-127.0.0.1: name = "[Ljava.rmi.server.ObjID;", codebase = "", defaultLoader = jdk.internal.loader.ClassLoaders$PlatformClassLoader@2a87d96
2026-09-03T20:33:03.754+0700 [DEBUG] [sun.rmi.loader] RMI TCP Connection(19)-127.0.0.1: name = "java.rmi.dgc.Lease", codebase = "", defaultLoader = jdk.internal.loader.ClassLoaders$PlatformClassLoader@2a87d96
2026-09-03T20:33:03.754+0700 [DEBUG] [sun.rmi.loader] RMI TCP Connection(19)-127.0.0.1: name = "java.rmi.dgc.VMID", codebase = "", defaultLoader = jdk.internal.loader.ClassLoaders$PlatformClassLoader@2a87d96
2026-09-03T20:33:03.755+0700 [DEBUG] [sun.rmi.loader] RMI TCP Connection(19)-127.0.0.1: name = "[B", codebase = "", defaultLoader = jdk.internal.loader.ClassLoaders$PlatformClassLoader@2a87d96
2026-09-03T20:33:03.755+0700 [DEBUG] [sun.rmi.loader] RMI TCP Connection(19)-127.0.0.1: name = "java.rmi.server.UID", codebase = "", defaultLoader = jdk.internal.loader.ClassLoaders$PlatformClassLoader@2a87d96
2026-09-03T20:33:04.169+0700 [DEBUG] [org.gradle.cache.internal.DefaultFileLockManager] Waiting to acquire shared lock on daemon addresses registry.
2026-09-03T20:33:04.169+0700 [DEBUG] [org.gradle.cache.internal.DefaultFileLockManager] Lock acquired on daemon addresses registry.
2026-09-03T20:33:04.170+0700 [DEBUG] [org.gradle.cache.internal.DefaultFileLockManager] Releasing lock on daemon addresses registry.
2026-09-03T20:33:04.171+0700 [DEBUG] [org.gradle.cache.internal.DefaultFileLockManager] Waiting to acquire shared lock on daemon addresses registry.
2026-09-03T20:33:04.172+0700 [DEBUG] [org.gradle.cache.internal.DefaultFileLockManager] Lock acquired on daemon addresses registry.
2026-09-03T20:33:04.172+0700 [DEBUG] [org.gradle.cache.internal.DefaultFileLockManager] Releasing lock on daemon addresses registry.
2026-09-03T20:33:04.173+0700 [DEBUG] [org.gradle.cache.internal.DefaultFileLockManager] Waiting to acquire shared lock on daemon addresses registry.
2026-09-03T20:33:04.173+0700 [DEBUG] [org.gradle.cache.internal.DefaultFileLockManager] Lock acquired on daemon addresses registry.
2026-09-03T20:33:04.173+0700 [DEBUG] [org.gradle.cache.internal.DefaultFileLockManager] Releasing lock on daemon addresses registry.
2026-09-03T20:33:07.915+0700 [DEBUG] [org.gradle.process.internal.health.memory.DefaultMemoryManager] 638754816 physical memory requested, 574025728 free
2026-09-03T20:33:07.915+0700 [DEBUG] [org.gradle.workers.internal.WorkerDaemonExpiration] Will attempt to release 609 of memory
2026-09-03T20:33:07.915+0700 [DEBUG] [org.gradle.process.internal.health.memory.DefaultMemoryManager] 638754816 physical memory requested, 0 released, 574025728 free
2026-09-03T20:33:10.709+0700 [DEBUG] [sun.rmi.transport.tcp] RMI TCP Connection(18)-127.0.0.1: (port 61098) connection closed
2026-09-03T20:33:10.934+0700 [DEBUG] [sun.rmi.transport.tcp] RMI TCP Connection(18)-127.0.0.1: close connection, socket: Socket[addr=/127.0.0.1,port=54872,localport=61098]
2026-09-03T20:33:11.232+0700 [DEBUG] [sun.rmi.transport.tcp] RMI TCP Connection(18)-127.0.0.1: socket close: Socket[addr=/127.0.0.1,port=54872,localport=61098]
2026-09-03T20:33:14.169+0700 [DEBUG] [org.gradle.cache.internal.DefaultFileLockManager] Waiting to acquire shared lock on daemon addresses registry.
2026-09-03T20:33:14.169+0700 [DEBUG] [org.gradle.cache.internal.DefaultFileLockManager] Lock acquired on daemon addresses registry.
2026-09-03T20:33:14.170+0700 [DEBUG] [org.gradle.cache.internal.DefaultFileLockManager] Releasing lock on daemon addresses registry.
2026-09-03T20:33:14.171+0700 [DEBUG] [org.gradle.cache.internal.DefaultFileLockManager] Waiting to acquire shared lock on daemon addresses registry.
2026-09-03T20:33:14.172+0700 [DEBUG] [org.gradle.cache.internal.DefaultFileLockManager] Lock acquired on daemon addresses registry.
2026-09-03T20:33:14.172+0700 [DEBUG] [org.gradle.cache.internal.DefaultFileLockManager] Releasing lock on daemon addresses registry.
2026-09-03T20:33:14.173+0700 [DEBUG] [org.gradle.cache.internal.DefaultFileLockManager] Waiting to acquire shared lock on daemon addresses registry.
2026-09-03T20:33:14.174+0700 [DEBUG] [org.gradle.cache.internal.DefaultFileLockManager] Lock acquired on daemon addresses registry.
2026-09-03T20:33:14.174+0700 [DEBUG] [org.gradle.cache.internal.DefaultFileLockManager] Releasing lock on daemon addresses registry.
2026-09-03T20:33:18.761+0700 [DEBUG] [sun.rmi.transport.tcp] RMI TCP Connection(19)-127.0.0.1: (port 61098) connection closed
2026-09-03T20:33:18.761+0700 [DEBUG] [sun.rmi.transport.tcp] RMI TCP Connection(19)-127.0.0.1: close connection, socket: Socket[addr=/127.0.0.1,port=54873,localport=61098]
2026-09-03T20:33:18.761+0700 [DEBUG] [sun.rmi.transport.tcp] RMI TCP Connection(19)-127.0.0.1: socket close: Socket[addr=/127.0.0.1,port=54873,localport=61098]
2026-09-03T20:33:24.169+0700 [DEBUG] [org.gradle.cache.internal.DefaultFileLockManager] Waiting to acquire shared lock on daemon addresses registry.
2026-09-03T20:33:24.169+0700 [DEBUG] [org.gradle.cache.internal.DefaultFileLockManager] Lock acquired on daemon addresses registry.
2026-09-03T20:33:24.169+0700 [DEBUG] [org.gradle.cache.internal.DefaultFileLockManager] Releasing lock on daemon addresses registry.
2026-09-03T20:33:24.172+0700 [DEBUG] [org.gradle.cache.internal.DefaultFileLockManager] Waiting to acquire shared lock on daemon addresses registry.
2026-09-03T20:33:24.173+0700 [DEBUG] [org.gradle.cache.internal.DefaultFileLockManager] Lock acquired on daemon addresses registry.
2026-09-03T20:33:24.173+0700 [DEBUG] [org.gradle.cache.internal.DefaultFileLockManager] Releasing lock on daemon addresses registry.
2026-09-03T20:33:24.175+0700 [DEBUG] [org.gradle.cache.internal.DefaultFileLockManager] Waiting to acquire shared lock on daemon addresses registry.
2026-09-03T20:33:24.175+0700 [DEBUG] [org.gradle.cache.internal.DefaultFileLockManager] Lock acquired on daemon addresses registry.
2026-09-03T20:33:24.175+0700 [DEBUG] [org.gradle.cache.internal.DefaultFileLockManager] Releasing lock on daemon addresses registry.
2026-09-03T20:33:34.170+0700 [DEBUG] [org.gradle.cache.internal.DefaultFileLockManager] Waiting to acquire shared lock on daemon addresses registry.
2026-09-03T20:33:34.171+0700 [DEBUG] [org.gradle.cache.internal.DefaultFileLockManager] Lock acquired on daemon addresses registry.
2026-09-03T20:33:34.171+0700 [DEBUG] [org.gradle.cache.internal.DefaultFileLockManager] Releasing lock on daemon addresses registry.
2026-09-03T20:33:34.174+0700 [DEBUG] [org.gradle.cache.internal.DefaultFileLockManager] Waiting to acquire shared lock on daemon addresses registry.
2026-09-03T20:33:34.174+0700 [DEBUG] [org.gradle.cache.internal.DefaultFileLockManager] Lock acquired on daemon addresses registry.
2026-09-03T20:33:34.175+0700 [DEBUG] [org.gradle.cache.internal.DefaultFileLockManager] Releasing lock on daemon addresses registry.
2026-09-03T20:33:34.176+0700 [DEBUG] [org.gradle.cache.internal.DefaultFileLockManager] Waiting to acquire shared lock on daemon addresses registry.
2026-09-03T20:33:34.177+0700 [DEBUG] [org.gradle.cache.internal.DefaultFileLockManager] Lock acquired on daemon addresses registry.
2026-09-03T20:33:34.177+0700 [DEBUG] [org.gradle.cache.internal.DefaultFileLockManager] Releasing lock on daemon addresses registry.
2026-09-03T20:33:44.170+0700 [DEBUG] [org.gradle.cache.internal.DefaultFileLockManager] Waiting to acquire shared lock on daemon addresses registry.
2026-09-03T20:33:44.170+0700 [DEBUG] [org.gradle.cache.internal.DefaultFileLockManager] Lock acquired on daemon addresses registry.
2026-09-03T20:33:44.171+0700 [DEBUG] [org.gradle.cache.internal.DefaultFileLockManager] Releasing lock on daemon addresses registry.
2026-09-03T20:33:44.173+0700 [DEBUG] [org.gradle.cache.internal.DefaultFileLockManager] Waiting to acquire shared lock on daemon addresses registry.
2026-09-03T20:33:44.173+0700 [DEBUG] [org.gradle.cache.internal.DefaultFileLockManager] Lock acquired on daemon addresses registry.
2026-09-03T20:33:44.173+0700 [DEBUG] [org.gradle.cache.internal.DefaultFileLockManager] Releasing lock on daemon addresses registry.
2026-09-03T20:33:44.175+0700 [DEBUG] [org.gradle.cache.internal.DefaultFileLockManager] Waiting to acquire shared lock on daemon addresses registry.
2026-09-03T20:33:44.175+0700 [DEBUG] [org.gradle.cache.internal.DefaultFileLockManager] Lock acquired on daemon addresses registry.
2026-09-03T20:33:44.175+0700 [DEBUG] [org.gradle.cache.internal.DefaultFileLockManager] Releasing lock on daemon addresses registry.
2026-09-03T20:33:54.169+0700 [DEBUG] [org.gradle.cache.internal.DefaultFileLockManager] Waiting to acquire shared lock on daemon addresses registry.
2026-09-03T20:33:54.169+0700 [DEBUG] [org.gradle.cache.internal.DefaultFileLockManager] Lock acquired on daemon addresses registry.
2026-09-03T20:33:54.169+0700 [DEBUG] [org.gradle.cache.internal.DefaultFileLockManager] Releasing lock on daemon addresses registry.
2026-09-03T20:33:54.171+0700 [DEBUG] [org.gradle.cache.internal.DefaultFileLockManager] Waiting to acquire shared lock on daemon addresses registry.
2026-09-03T20:33:54.172+0700 [DEBUG] [org.gradle.cache.internal.DefaultFileLockManager] Lock acquired on daemon addresses registry.
2026-09-03T20:33:54.172+0700 [DEBUG] [org.gradle.cache.internal.DefaultFileLockManager] Releasing lock on daemon addresses registry.
2026-09-03T20:33:54.173+0700 [DEBUG] [org.gradle.cache.internal.DefaultFileLockManager] Waiting to acquire shared lock on daemon addresses registry.
2026-09-03T20:33:54.173+0700 [DEBUG] [org.gradle.cache.internal.DefaultFileLockManager] Lock acquired on daemon addresses registry.
2026-09-03T20:33:54.173+0700 [DEBUG] [org.gradle.cache.internal.DefaultFileLockManager] Releasing lock on daemon addresses registry.
2026-09-03T20:34:04.168+0700 [DEBUG] [org.gradle.cache.internal.DefaultFileLockManager] Waiting to acquire shared lock on daemon addresses registry.
2026-09-03T20:34:04.168+0700 [DEBUG] [org.gradle.cache.internal.DefaultFileLockManager] Lock acquired on daemon addresses registry.
2026-09-03T20:34:04.168+0700 [DEBUG] [org.gradle.cache.internal.DefaultFileLockManager] Releasing lock on daemon addresses registry.
2026-09-03T20:34:04.169+0700 [DEBUG] [org.gradle.cache.internal.DefaultFileLockManager] Waiting to acquire shared lock on daemon addresses registry.
2026-09-03T20:34:04.170+0700 [DEBUG] [org.gradle.cache.internal.DefaultFileLockManager] Lock acquired on daemon addresses registry.
2026-09-03T20:34:04.170+0700 [DEBUG] [org.gradle.cache.internal.DefaultFileLockManager] Releasing lock on daemon addresses registry.
2026-09-03T20:34:04.171+0700 [DEBUG] [org.gradle.cache.internal.DefaultFileLockManager] Waiting to acquire shared lock on daemon addresses registry.
2026-09-03T20:34:04.171+0700 [DEBUG] [org.gradle.cache.internal.DefaultFileLockManager] Lock acquired on daemon addresses registry.
2026-09-03T20:34:04.171+0700 [DEBUG] [org.gradle.cache.internal.DefaultFileLockManager] Releasing lock on daemon addresses registry.
2026-09-03T20:34:14.169+0700 [DEBUG] [org.gradle.cache.internal.DefaultFileLockManager] Waiting to acquire shared lock on daemon addresses registry.
2026-09-03T20:34:14.169+0700 [DEBUG] [org.gradle.cache.internal.DefaultFileLockManager] Lock acquired on daemon addresses registry.
2026-09-03T20:34:14.170+0700 [DEBUG] [org.gradle.cache.internal.DefaultFileLockManager] Releasing lock on daemon addresses registry.
2026-09-03T20:34:14.172+0700 [DEBUG] [org.gradle.cache.internal.DefaultFileLockManager] Waiting to acquire shared lock on daemon addresses registry.
2026-09-03T20:34:14.172+0700 [DEBUG] [org.gradle.cache.internal.DefaultFileLockManager] Lock acquired on daemon addresses registry.
2026-09-03T20:34:14.172+0700 [DEBUG] [org.gradle.cache.internal.DefaultFileLockManager] Releasing lock on daemon addresses registry.
2026-09-03T20:34:14.175+0700 [DEBUG] [org.gradle.cache.internal.DefaultFileLockManager] Waiting to acquire shared lock on daemon addresses registry.
2026-09-03T20:34:14.175+0700 [DEBUG] [org.gradle.cache.internal.DefaultFileLockManager] Lock acquired on daemon addresses registry.
2026-09-03T20:34:14.175+0700 [DEBUG] [org.gradle.cache.internal.DefaultFileLockManager] Releasing lock on daemon addresses registry.
2026-09-03T20:34:24.170+0700 [DEBUG] [org.gradle.cache.internal.DefaultFileLockManager] Waiting to acquire shared lock on daemon addresses registry.
2026-09-03T20:34:24.170+0700 [DEBUG] [org.gradle.cache.internal.DefaultFileLockManager] Lock acquired on daemon addresses registry.
2026-09-03T20:34:24.170+0700 [DEBUG] [org.gradle.cache.internal.DefaultFileLockManager] Releasing lock on daemon addresses registry.
2026-09-03T20:34:24.172+0700 [DEBUG] [org.gradle.cache.internal.DefaultFileLockManager] Waiting to acquire shared lock on daemon addresses registry.
2026-09-03T20:34:24.172+0700 [DEBUG] [org.gradle.cache.internal.DefaultFileLockManager] Lock acquired on daemon addresses registry.
2026-09-03T20:34:24.173+0700 [DEBUG] [org.gradle.cache.internal.DefaultFileLockManager] Releasing lock on daemon addresses registry.
2026-09-03T20:34:24.173+0700 [DEBUG] [org.gradle.cache.internal.DefaultFileLockManager] Waiting to acquire shared lock on daemon addresses registry.
2026-09-03T20:34:24.174+0700 [DEBUG] [org.gradle.cache.internal.DefaultFileLockManager] Lock acquired on daemon addresses registry.
2026-09-03T20:34:24.174+0700 [DEBUG] [org.gradle.cache.internal.DefaultFileLockManager] Releasing lock on daemon addresses registry.
2026-09-03T20:34:34.174+0700 [DEBUG] [org.gradle.cache.internal.DefaultFileLockManager] Waiting to acquire shared lock on daemon addresses registry.
2026-09-03T20:34:34.175+0700 [DEBUG] [org.gradle.cache.internal.DefaultFileLockManager] Lock acquired on daemon addresses registry.
2026-09-03T20:34:34.175+0700 [DEBUG] [org.gradle.cache.internal.DefaultFileLockManager] Releasing lock on daemon addresses registry.
2026-09-03T20:34:34.176+0700 [DEBUG] [org.gradle.cache.internal.DefaultFileLockManager] Waiting to acquire shared lock on daemon addresses registry.
2026-09-03T20:34:34.176+0700 [DEBUG] [org.gradle.cache.internal.DefaultFileLockManager] Lock acquired on daemon addresses registry.
2026-09-03T20:34:34.177+0700 [DEBUG] [org.gradle.cache.internal.DefaultFileLockManager] Releasing lock on daemon addresses registry.
2026-09-03T20:34:34.177+0700 [DEBUG] [org.gradle.cache.internal.DefaultFileLockManager] Waiting to acquire shared lock on daemon addresses registry.
2026-09-03T20:34:34.177+0700 [DEBUG] [org.gradle.cache.internal.DefaultFileLockManager] Lock acquired on daemon addresses registry.
2026-09-03T20:34:34.177+0700 [DEBUG] [org.gradle.cache.internal.DefaultFileLockManager] Releasing lock on daemon addresses registry.
2026-09-03T20:34:37.915+0700 [DEBUG] [org.gradle.process.internal.health.memory.DefaultMemoryManager] 638754816 physical memory requested, 367181824 free
2026-09-03T20:34:37.915+0700 [DEBUG] [org.gradle.workers.internal.WorkerDaemonExpiration] Will attempt to release 609 of memory
2026-09-03T20:34:37.916+0700 [DEBUG] [org.gradle.process.internal.health.memory.DefaultMemoryManager] 638754816 physical memory requested, 0 released, 367181824 free
2026-09-03T20:34:42.914+0700 [DEBUG] [org.gradle.process.internal.health.memory.DefaultMemoryManager] 638754816 physical memory requested, 520794112 free
2026-09-03T20:34:42.914+0700 [DEBUG] [org.gradle.workers.internal.WorkerDaemonExpiration] Will attempt to release 609 of memory
2026-09-03T20:34:42.914+0700 [DEBUG] [org.gradle.process.internal.health.memory.DefaultMemoryManager] 638754816 physical memory requested, 0 released, 520794112 free
2026-09-03T20:34:44.170+0700 [DEBUG] [org.gradle.cache.internal.DefaultFileLockManager] Waiting to acquire shared lock on daemon addresses registry.
2026-09-03T20:34:44.170+0700 [DEBUG] [org.gradle.cache.internal.DefaultFileLockManager] Lock acquired on daemon addresses registry.
2026-09-03T20:34:44.170+0700 [DEBUG] [org.gradle.cache.internal.DefaultFileLockManager] Releasing lock on daemon addresses registry.
2026-09-03T20:34:44.171+0700 [DEBUG] [org.gradle.cache.internal.DefaultFileLockManager] Waiting to acquire shared lock on daemon addresses registry.
2026-09-03T20:34:44.171+0700 [DEBUG] [org.gradle.cache.internal.DefaultFileLockManager] Lock acquired on daemon addresses registry.
2026-09-03T20:34:44.172+0700 [DEBUG] [org.gradle.cache.internal.DefaultFileLockManager] Releasing lock on daemon addresses registry.
2026-09-03T20:34:44.172+0700 [DEBUG] [org.gradle.cache.internal.DefaultFileLockManager] Waiting to acquire shared lock on daemon addresses registry.
2026-09-03T20:34:44.200+0700 [DEBUG] [org.gradle.cache.internal.DefaultFileLockManager] Lock acquired on daemon addresses registry.
2026-09-03T20:34:44.215+0700 [DEBUG] [org.gradle.cache.internal.DefaultFileLockManager] Releasing lock on daemon addresses registry.
2026-09-03T20:34:47.917+0700 [DEBUG] [org.gradle.process.internal.health.memory.DefaultMemoryManager] 638754816 physical memory requested, 425947136 free
2026-09-03T20:34:47.919+0700 [DEBUG] [org.gradle.workers.internal.WorkerDaemonExpiration] Will attempt to release 609 of memory
2026-09-03T20:34:47.919+0700 [DEBUG] [org.gradle.process.internal.health.memory.DefaultMemoryManager] 638754816 physical memory requested, 0 released, 425947136 free
2026-09-03T20:34:52.915+0700 [DEBUG] [org.gradle.process.internal.health.memory.DefaultMemoryManager] 638754816 physical memory requested, 513175552 free
2026-09-03T20:34:52.916+0700 [DEBUG] [org.gradle.workers.internal.WorkerDaemonExpiration] Will attempt to release 609 of memory
2026-09-03T20:34:52.919+0700 [DEBUG] [org.gradle.process.internal.health.memory.DefaultMemoryManager] 638754816 physical memory requested, 0 released, 513175552 free
2026-09-03T20:34:54.170+0700 [DEBUG] [org.gradle.cache.internal.DefaultFileLockManager] Waiting to acquire shared lock on daemon addresses registry.
2026-09-03T20:34:54.170+0700 [DEBUG] [org.gradle.cache.internal.DefaultFileLockManager] Lock acquired on daemon addresses registry.
2026-09-03T20:34:54.202+0700 [DEBUG] [org.gradle.cache.internal.DefaultFileLockManager] Releasing lock on daemon addresses registry.
2026-09-03T20:34:54.206+0700 [DEBUG] [org.gradle.cache.internal.DefaultFileLockManager] Waiting to acquire shared lock on daemon addresses registry.
2026-09-03T20:34:54.206+0700 [DEBUG] [org.gradle.cache.internal.DefaultFileLockManager] Lock acquired on daemon addresses registry.
2026-09-03T20:34:54.206+0700 [DEBUG] [org.gradle.cache.internal.DefaultFileLockManager] Releasing lock on daemon addresses registry.
2026-09-03T20:34:54.208+0700 [DEBUG] [org.gradle.cache.internal.DefaultFileLockManager] Waiting to acquire shared lock on daemon addresses registry.
2026-09-03T20:34:54.208+0700 [DEBUG] [org.gradle.cache.internal.DefaultFileLockManager] Lock acquired on daemon addresses registry.
2026-09-03T20:34:54.209+0700 [DEBUG] [org.gradle.cache.internal.DefaultFileLockManager] Releasing lock on daemon addresses registry.
2026-09-03T20:34:57.914+0700 [DEBUG] [org.gradle.process.internal.health.memory.DefaultMemoryManager] 638754816 physical memory requested, 446177280 free
2026-09-03T20:34:57.915+0700 [DEBUG] [org.gradle.workers.internal.WorkerDaemonExpiration] Will attempt to release 609 of memory
2026-09-03T20:34:57.960+0700 [DEBUG] [org.gradle.process.internal.health.memory.DefaultMemoryManager] 638754816 physical memory requested, 0 released, 446177280 free
2026-09-03T20:35:02.915+0700 [DEBUG] [org.gradle.process.internal.health.memory.DefaultMemoryManager] 638754816 physical memory requested, 437641216 free
2026-09-03T20:35:02.915+0700 [DEBUG] [org.gradle.workers.internal.WorkerDaemonExpiration] Will attempt to release 609 of memory
2026-09-03T20:35:02.915+0700 [DEBUG] [org.gradle.process.internal.health.memory.DefaultMemoryManager] 638754816 physical memory requested, 0 released, 437641216 free
2026-09-03T20:35:04.192+0700 [DEBUG] [org.gradle.cache.internal.DefaultFileLockManager] Waiting to acquire shared lock on daemon addresses registry.
2026-09-03T20:35:04.193+0700 [DEBUG] [org.gradle.cache.internal.DefaultFileLockManager] Lock acquired on daemon addresses registry.
2026-09-03T20:35:04.193+0700 [DEBUG] [org.gradle.cache.internal.DefaultFileLockManager] Releasing lock on daemon addresses registry.
2026-09-03T20:35:04.194+0700 [DEBUG] [org.gradle.cache.internal.DefaultFileLockManager] Waiting to acquire shared lock on daemon addresses registry.
2026-09-03T20:35:04.194+0700 [DEBUG] [org.gradle.cache.internal.DefaultFileLockManager] Lock acquired on daemon addresses registry.
2026-09-03T20:35:04.194+0700 [DEBUG] [org.gradle.cache.internal.DefaultFileLockManager] Releasing lock on daemon addresses registry.
2026-09-03T20:35:04.195+0700 [DEBUG] [org.gradle.cache.internal.DefaultFileLockManager] Waiting to acquire shared lock on daemon addresses registry.
2026-09-03T20:35:04.195+0700 [DEBUG] [org.gradle.cache.internal.DefaultFileLockManager] Lock acquired on daemon addresses registry.
2026-09-03T20:35:04.196+0700 [DEBUG] [org.gradle.cache.internal.DefaultFileLockManager] Releasing lock on daemon addresses registry.
2026-09-03T20:35:07.915+0700 [DEBUG] [org.gradle.process.internal.health.memory.DefaultMemoryManager] 638754816 physical memory requested, 617193472 free
2026-09-03T20:35:07.915+0700 [DEBUG] [org.gradle.workers.internal.WorkerDaemonExpiration] Will attempt to release 609 of memory
2026-09-03T20:35:07.915+0700 [DEBUG] [org.gradle.process.internal.health.memory.DefaultMemoryManager] 638754816 physical memory requested, 0 released, 617193472 free
2026-09-03T20:35:14.168+0700 [DEBUG] [org.gradle.cache.internal.DefaultFileLockManager] Waiting to acquire shared lock on daemon addresses registry.
2026-09-03T20:35:14.168+0700 [DEBUG] [org.gradle.cache.internal.DefaultFileLockManager] Lock acquired on daemon addresses registry.
2026-09-03T20:35:14.168+0700 [DEBUG] [org.gradle.cache.internal.DefaultFileLockManager] Releasing lock on daemon addresses registry.
2026-09-03T20:35:14.170+0700 [DEBUG] [org.gradle.cache.internal.DefaultFileLockManager] Waiting to acquire shared lock on daemon addresses registry.
2026-09-03T20:35:14.170+0700 [DEBUG] [org.gradle.cache.internal.DefaultFileLockManager] Lock acquired on daemon addresses registry.
2026-09-03T20:35:14.171+0700 [DEBUG] [org.gradle.cache.internal.DefaultFileLockManager] Releasing lock on daemon addresses registry.
2026-09-03T20:35:14.172+0700 [DEBUG] [org.gradle.cache.internal.DefaultFileLockManager] Waiting to acquire shared lock on daemon addresses registry.
2026-09-03T20:35:14.172+0700 [DEBUG] [org.gradle.cache.internal.DefaultFileLockManager] Lock acquired on daemon addresses registry.
2026-09-03T20:35:14.172+0700 [DEBUG] [org.gradle.cache.internal.DefaultFileLockManager] Releasing lock on daemon addresses registry.
2026-09-03T20:35:17.915+0700 [DEBUG] [org.gradle.process.internal.health.memory.DefaultMemoryManager] 638754816 physical memory requested, 572190720 free
2026-09-03T20:35:17.915+0700 [DEBUG] [org.gradle.workers.internal.WorkerDaemonExpiration] Will attempt to release 609 of memory
2026-09-03T20:35:17.915+0700 [DEBUG] [org.gradle.process.internal.health.memory.DefaultMemoryManager] 638754816 physical memory requested, 0 released, 572190720 free
2026-09-03T20:35:22.915+0700 [DEBUG] [org.gradle.process.internal.health.memory.DefaultMemoryManager] 638754816 physical memory requested, 531169280 free
2026-09-03T20:35:22.917+0700 [DEBUG] [org.gradle.workers.internal.WorkerDaemonExpiration] Will attempt to release 609 of memory
2026-09-03T20:35:22.917+0700 [DEBUG] [org.gradle.process.internal.health.memory.DefaultMemoryManager] 638754816 physical memory requested, 0 released, 531169280 free
2026-09-03T20:35:24.171+0700 [DEBUG] [org.gradle.cache.internal.DefaultFileLockManager] Waiting to acquire shared lock on daemon addresses registry.
2026-09-03T20:35:24.171+0700 [DEBUG] [org.gradle.cache.internal.DefaultFileLockManager] Lock acquired on daemon addresses registry.
2026-09-03T20:35:24.171+0700 [DEBUG] [org.gradle.cache.internal.DefaultFileLockManager] Releasing lock on daemon addresses registry.
2026-09-03T20:35:24.174+0700 [DEBUG] [org.gradle.cache.internal.DefaultFileLockManager] Waiting to acquire shared lock on daemon addresses registry.
2026-09-03T20:35:24.176+0700 [DEBUG] [org.gradle.cache.internal.DefaultFileLockManager] Lock acquired on daemon addresses registry.
2026-09-03T20:35:24.176+0700 [DEBUG] [org.gradle.cache.internal.DefaultFileLockManager] Releasing lock on daemon addresses registry.
2026-09-03T20:35:24.178+0700 [DEBUG] [org.gradle.cache.internal.DefaultFileLockManager] Waiting to acquire shared lock on daemon addresses registry.
2026-09-03T20:35:24.178+0700 [DEBUG] [org.gradle.cache.internal.DefaultFileLockManager] Lock acquired on daemon addresses registry.
2026-09-03T20:35:24.178+0700 [DEBUG] [org.gradle.cache.internal.DefaultFileLockManager] Releasing lock on daemon addresses registry.
2026-09-03T20:35:27.914+0700 [DEBUG] [org.gradle.process.internal.health.memory.DefaultMemoryManager] 638754816 physical memory requested, 422072320 free
2026-09-03T20:35:27.914+0700 [DEBUG] [org.gradle.workers.internal.WorkerDaemonExpiration] Will attempt to release 609 of memory
2026-09-03T20:35:27.915+0700 [DEBUG] [org.gradle.process.internal.health.memory.DefaultMemoryManager] 638754816 physical memory requested, 0 released, 422072320 free
2026-09-03T20:35:32.915+0700 [DEBUG] [org.gradle.process.internal.health.memory.DefaultMemoryManager] 638754816 physical memory requested, 206143488 free
2026-09-03T20:35:32.915+0700 [DEBUG] [org.gradle.workers.internal.WorkerDaemonExpiration] Will attempt to release 609 of memory
2026-09-03T20:35:32.915+0700 [DEBUG] [org.gradle.process.internal.health.memory.DefaultMemoryManager] 638754816 physical memory requested, 0 released, 206143488 free
2026-09-03T20:35:34.173+0700 [DEBUG] [org.gradle.cache.internal.DefaultFileLockManager] Waiting to acquire shared lock on daemon addresses registry.
2026-09-03T20:35:34.174+0700 [DEBUG] [org.gradle.cache.internal.DefaultFileLockManager] Lock acquired on daemon addresses registry.
2026-09-03T20:35:34.178+0700 [DEBUG] [org.gradle.cache.internal.DefaultFileLockManager] Releasing lock on daemon addresses registry.
2026-09-03T20:35:34.181+0700 [DEBUG] [org.gradle.cache.internal.DefaultFileLockManager] Waiting to acquire shared lock on daemon addresses registry.
2026-09-03T20:35:34.182+0700 [DEBUG] [org.gradle.cache.internal.DefaultFileLockManager] Lock acquired on daemon addresses registry.
2026-09-03T20:35:34.183+0700 [DEBUG] [org.gradle.cache.internal.DefaultFileLockManager] Releasing lock on daemon addresses registry.
2026-09-03T20:35:34.185+0700 [DEBUG] [org.gradle.cache.internal.DefaultFileLockManager] Waiting to acquire shared lock on daemon addresses registry.
2026-09-03T20:35:34.186+0700 [DEBUG] [org.gradle.cache.internal.DefaultFileLockManager] Lock acquired on daemon addresses registry.
2026-09-03T20:35:34.188+0700 [DEBUG] [org.gradle.cache.internal.DefaultFileLockManager] Releasing lock on daemon addresses registry.
2026-09-03T20:35:37.916+0700 [DEBUG] [org.gradle.process.internal.health.memory.DefaultMemoryManager] 638754816 physical memory requested, 453881856 free
2026-09-03T20:35:37.916+0700 [DEBUG] [org.gradle.workers.internal.WorkerDaemonExpiration] Will attempt to release 609 of memory
2026-09-03T20:35:37.916+0700 [DEBUG] [org.gradle.process.internal.health.memory.DefaultMemoryManager] 638754816 physical memory requested, 0 released, 453881856 free
2026-09-03T20:35:42.915+0700 [DEBUG] [org.gradle.process.internal.health.memory.DefaultMemoryManager] 638754816 physical memory requested, 470876160 free
2026-09-03T20:35:42.915+0700 [DEBUG] [org.gradle.workers.internal.WorkerDaemonExpiration] Will attempt to release 609 of memory
2026-09-03T20:35:42.915+0700 [DEBUG] [org.gradle.process.internal.health.memory.DefaultMemoryManager] 638754816 physical memory requested, 0 released, 470876160 free
2026-09-03T20:35:44.171+0700 [DEBUG] [org.gradle.cache.internal.DefaultFileLockManager] Waiting to acquire shared lock on daemon addresses registry.
2026-09-03T20:35:44.171+0700 [DEBUG] [org.gradle.cache.internal.DefaultFileLockManager] Lock acquired on daemon addresses registry.
2026-09-03T20:35:44.172+0700 [DEBUG] [org.gradle.cache.internal.DefaultFileLockManager] Releasing lock on daemon addresses registry.
2026-09-03T20:35:44.177+0700 [DEBUG] [org.gradle.cache.internal.DefaultFileLockManager] Waiting to acquire shared lock on daemon addresses registry.
2026-09-03T20:35:44.177+0700 [DEBUG] [org.gradle.cache.internal.DefaultFileLockManager] Lock acquired on daemon addresses registry.
2026-09-03T20:35:44.178+0700 [DEBUG] [org.gradle.cache.internal.DefaultFileLockManager] Releasing lock on daemon addresses registry.
2026-09-03T20:35:44.183+0700 [DEBUG] [org.gradle.cache.internal.DefaultFileLockManager] Waiting to acquire shared lock on daemon addresses registry.
2026-09-03T20:35:44.183+0700 [DEBUG] [org.gradle.cache.internal.DefaultFileLockManager] Lock acquired on daemon addresses registry.
2026-09-03T20:35:44.186+0700 [DEBUG] [org.gradle.cache.internal.DefaultFileLockManager] Releasing lock on daemon addresses registry.
2026-09-03T20:35:47.916+0700 [DEBUG] [org.gradle.process.internal.health.memory.DefaultMemoryManager] 638754816 physical memory requested, 425459712 free
2026-09-03T20:35:47.926+0700 [DEBUG] [org.gradle.workers.internal.WorkerDaemonExpiration] Will attempt to release 609 of memory
2026-09-03T20:35:47.945+0700 [DEBUG] [org.gradle.process.internal.health.memory.DefaultMemoryManager] 638754816 physical memory requested, 0 released, 425459712 free
2026-09-03T20:35:52.914+0700 [DEBUG] [org.gradle.process.internal.health.memory.DefaultMemoryManager] 638754816 physical memory requested, 426192896 free
2026-09-03T20:35:52.915+0700 [DEBUG] [org.gradle.workers.internal.WorkerDaemonExpiration] Will attempt to release 609 of memory
2026-09-03T20:35:52.915+0700 [DEBUG] [org.gradle.process.internal.health.memory.DefaultMemoryManager] 638754816 physical memory requested, 0 released, 426192896 free
2026-09-03T20:35:54.176+0700 [DEBUG] [org.gradle.cache.internal.DefaultFileLockManager] Waiting to acquire shared lock on daemon addresses registry.
2026-09-03T20:35:54.177+0700 [DEBUG] [org.gradle.cache.internal.DefaultFileLockManager] Lock acquired on daemon addresses registry.
2026-09-03T20:35:54.378+0700 [DEBUG] [org.gradle.cache.internal.DefaultFileLockManager] Releasing lock on daemon addresses registry.
2026-09-03T20:35:54.401+0700 [DEBUG] [org.gradle.cache.internal.DefaultFileLockManager] Waiting to acquire shared lock on daemon addresses registry.
2026-09-03T20:35:54.402+0700 [DEBUG] [org.gradle.cache.internal.DefaultFileLockManager] Lock acquired on daemon addresses registry.
2026-09-03T20:35:54.402+0700 [DEBUG] [org.gradle.cache.internal.DefaultFileLockManager] Releasing lock on daemon addresses registry.
2026-09-03T20:35:54.426+0700 [DEBUG] [org.gradle.cache.internal.DefaultFileLockManager] Waiting to acquire shared lock on daemon addresses registry.
2026-09-03T20:35:54.427+0700 [DEBUG] [org.gradle.cache.internal.DefaultFileLockManager] Lock acquired on daemon addresses registry.
2026-09-03T20:35:54.427+0700 [DEBUG] [org.gradle.cache.internal.DefaultFileLockManager] Releasing lock on daemon addresses registry.
2026-09-03T20:35:57.914+0700 [DEBUG] [org.gradle.process.internal.health.memory.DefaultMemoryManager] 638754816 physical memory requested, 515002368 free
2026-09-03T20:35:57.914+0700 [DEBUG] [org.gradle.workers.internal.WorkerDaemonExpiration] Will attempt to release 609 of memory
2026-09-03T20:35:57.914+0700 [DEBUG] [org.gradle.process.internal.health.memory.DefaultMemoryManager] 638754816 physical memory requested, 0 released, 515002368 free
2026-09-03T20:36:02.915+0700 [DEBUG] [org.gradle.process.internal.health.memory.DefaultMemoryManager] 638754816 physical memory requested, 473419776 free
2026-09-03T20:36:02.916+0700 [DEBUG] [org.gradle.workers.internal.WorkerDaemonExpiration] Will attempt to release 609 of memory
2026-09-03T20:36:02.917+0700 [DEBUG] [org.gradle.process.internal.health.memory.DefaultMemoryManager] 638754816 physical memory requested, 0 released, 473419776 free
2026-09-03T20:36:04.183+0700 [DEBUG] [org.gradle.cache.internal.DefaultFileLockManager] Waiting to acquire shared lock on daemon addresses registry.
2026-09-03T20:36:04.185+0700 [DEBUG] [org.gradle.cache.internal.DefaultFileLockManager] Lock acquired on daemon addresses registry.
2026-09-03T20:36:04.193+0700 [DEBUG] [org.gradle.cache.internal.DefaultFileLockManager] Releasing lock on daemon addresses registry.
2026-09-03T20:36:04.209+0700 [DEBUG] [org.gradle.cache.internal.DefaultFileLockManager] Waiting to acquire shared lock on daemon addresses registry.
2026-09-03T20:36:04.210+0700 [DEBUG] [org.gradle.cache.internal.DefaultFileLockManager] Lock acquired on daemon addresses registry.
2026-09-03T20:36:04.215+0700 [DEBUG] [org.gradle.cache.internal.DefaultFileLockManager] Releasing lock on daemon addresses registry.
2026-09-03T20:36:04.224+0700 [DEBUG] [org.gradle.cache.internal.DefaultFileLockManager] Waiting to acquire shared lock on daemon addresses registry.
2026-09-03T20:36:04.225+0700 [DEBUG] [org.gradle.cache.internal.DefaultFileLockManager] Lock acquired on daemon addresses registry.
2026-09-03T20:36:04.229+0700 [DEBUG] [org.gradle.cache.internal.DefaultFileLockManager] Releasing lock on daemon addresses registry.
2026-09-03T20:36:07.915+0700 [DEBUG] [org.gradle.process.internal.health.memory.DefaultMemoryManager] 638754816 physical memory requested, 422793216 free
2026-09-03T20:36:07.916+0700 [DEBUG] [org.gradle.workers.internal.WorkerDaemonExpiration] Will attempt to release 609 of memory
2026-09-03T20:36:07.916+0700 [DEBUG] [org.gradle.process.internal.health.memory.DefaultMemoryManager] 638754816 physical memory requested, 0 released, 422793216 free
2026-09-03T20:36:12.916+0700 [DEBUG] [org.gradle.process.internal.health.memory.DefaultMemoryManager] 638754816 physical memory requested, 375386112 free
2026-09-03T20:36:12.916+0700 [DEBUG] [org.gradle.workers.internal.WorkerDaemonExpiration] Will attempt to release 609 of memory
2026-09-03T20:36:12.916+0700 [DEBUG] [org.gradle.process.internal.health.memory.DefaultMemoryManager] 638754816 physical memory requested, 0 released, 375386112 free
2026-09-03T20:36:14.173+0700 [DEBUG] [org.gradle.cache.internal.DefaultFileLockManager] Waiting to acquire shared lock on daemon addresses registry.
2026-09-03T20:36:14.174+0700 [DEBUG] [org.gradle.cache.internal.DefaultFileLockManager] Lock acquired on daemon addresses registry.
2026-09-03T20:36:14.175+0700 [DEBUG] [org.gradle.cache.internal.DefaultFileLockManager] Releasing lock on daemon addresses registry.
2026-09-03T20:36:14.179+0700 [DEBUG] [org.gradle.cache.internal.DefaultFileLockManager] Waiting to acquire shared lock on daemon addresses registry.
2026-09-03T20:36:14.179+0700 [DEBUG] [org.gradle.cache.internal.DefaultFileLockManager] Lock acquired on daemon addresses registry.
2026-09-03T20:36:14.180+0700 [DEBUG] [org.gradle.cache.internal.DefaultFileLockManager] Releasing lock on daemon addresses registry.
2026-09-03T20:36:14.183+0700 [DEBUG] [org.gradle.cache.internal.DefaultFileLockManager] Waiting to acquire shared lock on daemon addresses registry.
2026-09-03T20:36:14.183+0700 [DEBUG] [org.gradle.cache.internal.DefaultFileLockManager] Lock acquired on daemon addresses registry.
2026-09-03T20:36:14.184+0700 [DEBUG] [org.gradle.cache.internal.DefaultFileLockManager] Releasing lock on daemon addresses registry.
2026-09-03T20:36:17.917+0700 [DEBUG] [org.gradle.process.internal.health.memory.DefaultMemoryManager] 638754816 physical memory requested, 426192896 free
2026-09-03T20:36:17.917+0700 [DEBUG] [org.gradle.workers.internal.WorkerDaemonExpiration] Will attempt to release 609 of memory
2026-09-03T20:36:17.918+0700 [DEBUG] [org.gradle.process.internal.health.memory.DefaultMemoryManager] 638754816 physical memory requested, 0 released, 426192896 free
2026-09-03T20:36:22.916+0700 [DEBUG] [org.gradle.process.internal.health.memory.DefaultMemoryManager] 638754816 physical memory requested, 440561664 free
2026-09-03T20:36:22.916+0700 [DEBUG] [org.gradle.workers.internal.WorkerDaemonExpiration] Will attempt to release 609 of memory
2026-09-03T20:36:22.916+0700 [DEBUG] [org.gradle.process.internal.health.memory.DefaultMemoryManager] 638754816 physical memory requested, 0 released, 440561664 free
2026-09-03T20:36:24.169+0700 [DEBUG] [org.gradle.cache.internal.DefaultFileLockManager] Waiting to acquire shared lock on daemon addresses registry.
2026-09-03T20:36:24.169+0700 [DEBUG] [org.gradle.cache.internal.DefaultFileLockManager] Lock acquired on daemon addresses registry.
2026-09-03T20:36:24.180+0700 [DEBUG] [org.gradle.cache.internal.DefaultFileLockManager] Releasing lock on daemon addresses registry.
2026-09-03T20:36:24.181+0700 [DEBUG] [org.gradle.cache.internal.DefaultFileLockManager] Waiting to acquire shared lock on daemon addresses registry.
2026-09-03T20:36:24.181+0700 [DEBUG] [org.gradle.cache.internal.DefaultFileLockManager] Lock acquired on daemon addresses registry.
2026-09-03T20:36:24.181+0700 [DEBUG] [org.gradle.cache.internal.DefaultFileLockManager] Releasing lock on daemon addresses registry.
2026-09-03T20:36:24.182+0700 [DEBUG] [org.gradle.cache.internal.DefaultFileLockManager] Waiting to acquire shared lock on daemon addresses registry.
2026-09-03T20:36:24.182+0700 [DEBUG] [org.gradle.cache.internal.DefaultFileLockManager] Lock acquired on daemon addresses registry.
2026-09-03T20:36:24.182+0700 [DEBUG] [org.gradle.cache.internal.DefaultFileLockManager] Releasing lock on daemon addresses registry.
2026-09-03T20:36:27.914+0700 [DEBUG] [org.gradle.process.internal.health.memory.DefaultMemoryManager] 638754816 physical memory requested, 355459072 free
2026-09-03T20:36:27.914+0700 [DEBUG] [org.gradle.workers.internal.WorkerDaemonExpiration] Will attempt to release 609 of memory
2026-09-03T20:36:27.914+0700 [DEBUG] [org.gradle.process.internal.health.memory.DefaultMemoryManager] 638754816 physical memory requested, 0 released, 355459072 free
2026-09-03T20:36:32.916+0700 [DEBUG] [org.gradle.process.internal.health.memory.DefaultMemoryManager] 638754816 physical memory requested, 287182848 free
2026-09-03T20:36:32.916+0700 [DEBUG] [org.gradle.workers.internal.WorkerDaemonExpiration] Will attempt to release 609 of memory
2026-09-03T20:36:32.916+0700 [DEBUG] [org.gradle.process.internal.health.memory.DefaultMemoryManager] 638754816 physical memory requested, 0 released, 287182848 free
2026-09-03T20:36:34.178+0700 [DEBUG] [org.gradle.cache.internal.DefaultFileLockManager] Waiting to acquire shared lock on daemon addresses registry.
2026-09-03T20:36:34.178+0700 [DEBUG] [org.gradle.cache.internal.DefaultFileLockManager] Lock acquired on daemon addresses registry.
2026-09-03T20:36:34.184+0700 [DEBUG] [org.gradle.cache.internal.DefaultFileLockManager] Releasing lock on daemon addresses registry.
2026-09-03T20:36:34.189+0700 [DEBUG] [org.gradle.cache.internal.DefaultFileLockManager] Waiting to acquire shared lock on daemon addresses registry.
2026-09-03T20:36:34.190+0700 [DEBUG] [org.gradle.cache.internal.DefaultFileLockManager] Lock acquired on daemon addresses registry.
2026-09-03T20:36:34.191+0700 [DEBUG] [org.gradle.cache.internal.DefaultFileLockManager] Releasing lock on daemon addresses registry.
2026-09-03T20:36:34.193+0700 [DEBUG] [org.gradle.cache.internal.DefaultFileLockManager] Waiting to acquire shared lock on daemon addresses registry.
2026-09-03T20:36:34.194+0700 [DEBUG] [org.gradle.cache.internal.DefaultFileLockManager] Lock acquired on daemon addresses registry.
2026-09-03T20:36:34.195+0700 [DEBUG] [org.gradle.cache.internal.DefaultFileLockManager] Releasing lock on daemon addresses registry.
2026-09-03T20:36:37.933+0700 [DEBUG] [org.gradle.process.internal.health.memory.DefaultMemoryManager] 638754816 physical memory requested, 335261696 free
2026-09-03T20:36:37.933+0700 [DEBUG] [org.gradle.workers.internal.WorkerDaemonExpiration] Will attempt to release 609 of memory
2026-09-03T20:36:37.933+0700 [DEBUG] [org.gradle.process.internal.health.memory.DefaultMemoryManager] 638754816 physical memory requested, 0 released, 335261696 free
2026-09-03T20:36:42.915+0700 [DEBUG] [org.gradle.process.internal.health.memory.DefaultMemoryManager] 638754816 physical memory requested, 533630976 free
2026-09-03T20:36:42.916+0700 [DEBUG] [org.gradle.workers.internal.WorkerDaemonExpiration] Will attempt to release 609 of memory
2026-09-03T20:36:42.916+0700 [DEBUG] [org.gradle.process.internal.health.memory.DefaultMemoryManager] 638754816 physical memory requested, 0 released, 533630976 free
2026-09-03T20:36:44.170+0700 [DEBUG] [org.gradle.cache.internal.DefaultFileLockManager] Waiting to acquire shared lock on daemon addresses registry.
2026-09-03T20:36:44.171+0700 [DEBUG] [org.gradle.cache.internal.DefaultFileLockManager] Lock acquired on daemon addresses registry.
2026-09-03T20:36:44.174+0700 [DEBUG] [org.gradle.cache.internal.DefaultFileLockManager] Releasing lock on daemon addresses registry.
2026-09-03T20:36:44.176+0700 [DEBUG] [org.gradle.cache.internal.DefaultFileLockManager] Waiting to acquire shared lock on daemon addresses registry.
2026-09-03T20:36:44.176+0700 [DEBUG] [org.gradle.cache.internal.DefaultFileLockManager] Lock acquired on daemon addresses registry.
2026-09-03T20:36:44.177+0700 [DEBUG] [org.gradle.cache.internal.DefaultFileLockManager] Releasing lock on daemon addresses registry.
2026-09-03T20:36:44.179+0700 [DEBUG] [org.gradle.cache.internal.DefaultFileLockManager] Waiting to acquire shared lock on daemon addresses registry.
2026-09-03T20:36:44.179+0700 [DEBUG] [org.gradle.cache.internal.DefaultFileLockManager] Lock acquired on daemon addresses registry.
2026-09-03T20:36:44.180+0700 [DEBUG] [org.gradle.cache.internal.DefaultFileLockManager] Releasing lock on daemon addresses registry.
2026-09-03T20:36:47.916+0700 [DEBUG] [org.gradle.process.internal.health.memory.DefaultMemoryManager] 638754816 physical memory requested, 584609792 free
2026-09-03T20:36:47.916+0700 [DEBUG] [org.gradle.workers.internal.WorkerDaemonExpiration] Will attempt to release 609 of memory
2026-09-03T20:36:47.916+0700 [DEBUG] [org.gradle.process.internal.health.memory.DefaultMemoryManager] 638754816 physical memory requested, 0 released, 584609792 free
2026-09-03T20:36:52.914+0700 [DEBUG] [org.gradle.process.internal.health.memory.DefaultMemoryManager] 638754816 physical memory requested, 467644416 free
2026-09-03T20:36:52.914+0700 [DEBUG] [org.gradle.workers.internal.WorkerDaemonExpiration] Will attempt to release 609 of memory
2026-09-03T20:36:52.914+0700 [DEBUG] [org.gradle.process.internal.health.memory.DefaultMemoryManager] 638754816 physical memory requested, 0 released, 467644416 free
2026-09-03T20:36:54.169+0700 [DEBUG] [org.gradle.cache.internal.DefaultFileLockManager] Waiting to acquire shared lock on daemon addresses registry.
2026-09-03T20:36:54.170+0700 [DEBUG] [org.gradle.cache.internal.DefaultFileLockManager] Lock acquired on daemon addresses registry.
2026-09-03T20:36:54.170+0700 [DEBUG] [org.gradle.cache.internal.DefaultFileLockManager] Releasing lock on daemon addresses registry.
2026-09-03T20:36:54.171+0700 [DEBUG] [org.gradle.cache.internal.DefaultFileLockManager] Waiting to acquire shared lock on daemon addresses registry.
2026-09-03T20:36:54.171+0700 [DEBUG] [org.gradle.cache.internal.DefaultFileLockManager] Lock acquired on daemon addresses registry.
2026-09-03T20:36:54.171+0700 [DEBUG] [org.gradle.cache.internal.DefaultFileLockManager] Releasing lock on daemon addresses registry.
2026-09-03T20:36:54.222+0700 [DEBUG] [org.gradle.cache.internal.DefaultFileLockManager] Waiting to acquire shared lock on daemon addresses registry.
2026-09-03T20:36:54.223+0700 [DEBUG] [org.gradle.cache.internal.DefaultFileLockManager] Lock acquired on daemon addresses registry.
2026-09-03T20:36:54.223+0700 [DEBUG] [org.gradle.cache.internal.DefaultFileLockManager] Releasing lock on daemon addresses registry.
2026-09-03T20:37:04.170+0700 [DEBUG] [org.gradle.cache.internal.DefaultFileLockManager] Waiting to acquire shared lock on daemon addresses registry.
2026-09-03T20:37:04.170+0700 [DEBUG] [org.gradle.cache.internal.DefaultFileLockManager] Lock acquired on daemon addresses registry.
2026-09-03T20:37:04.171+0700 [DEBUG] [org.gradle.cache.internal.DefaultFileLockManager] Releasing lock on daemon addresses registry.
2026-09-03T20:37:04.173+0700 [DEBUG] [org.gradle.cache.internal.DefaultFileLockManager] Waiting to acquire shared lock on daemon addresses registry.
2026-09-03T20:37:04.173+0700 [DEBUG] [org.gradle.cache.internal.DefaultFileLockManager] Lock acquired on daemon addresses registry.
2026-09-03T20:37:04.173+0700 [DEBUG] [org.gradle.cache.internal.DefaultFileLockManager] Releasing lock on daemon addresses registry.
2026-09-03T20:37:04.209+0700 [DEBUG] [org.gradle.cache.internal.DefaultFileLockManager] Waiting to acquire shared lock on daemon addresses registry.
2026-09-03T20:37:04.210+0700 [DEBUG] [org.gradle.cache.internal.DefaultFileLockManager] Lock acquired on daemon addresses registry.
2026-09-03T20:37:04.210+0700 [DEBUG] [org.gradle.cache.internal.DefaultFileLockManager] Releasing lock on daemon addresses registry.
2026-09-03T20:37:07.914+0700 [DEBUG] [org.gradle.process.internal.health.memory.DefaultMemoryManager] 638754816 physical memory requested, 594886656 free
2026-09-03T20:37:07.915+0700 [DEBUG] [org.gradle.workers.internal.WorkerDaemonExpiration] Will attempt to release 609 of memory
2026-09-03T20:37:07.915+0700 [DEBUG] [org.gradle.process.internal.health.memory.DefaultMemoryManager] 638754816 physical memory requested, 0 released, 594886656 free
2026-09-03T20:37:14.173+0700 [DEBUG] [org.gradle.cache.internal.DefaultFileLockManager] Waiting to acquire shared lock on daemon addresses registry.
2026-09-03T20:37:14.174+0700 [DEBUG] [org.gradle.cache.internal.DefaultFileLockManager] Lock acquired on daemon addresses registry.
2026-09-03T20:37:14.174+0700 [DEBUG] [org.gradle.cache.internal.DefaultFileLockManager] Releasing lock on daemon addresses registry.
2026-09-03T20:37:14.175+0700 [DEBUG] [org.gradle.cache.internal.DefaultFileLockManager] Waiting to acquire shared lock on daemon addresses registry.
2026-09-03T20:37:14.175+0700 [DEBUG] [org.gradle.cache.internal.DefaultFileLockManager] Lock acquired on daemon addresses registry.
2026-09-03T20:37:14.175+0700 [DEBUG] [org.gradle.cache.internal.DefaultFileLockManager] Releasing lock on daemon addresses registry.
2026-09-03T20:37:14.180+0700 [DEBUG] [org.gradle.cache.internal.DefaultFileLockManager] Waiting to acquire shared lock on daemon addresses registry.
2026-09-03T20:37:14.180+0700 [DEBUG] [org.gradle.cache.internal.DefaultFileLockManager] Lock acquired on daemon addresses registry.
2026-09-03T20:37:14.181+0700 [DEBUG] [org.gradle.cache.internal.DefaultFileLockManager] Releasing lock on daemon addresses registry.
2026-09-03T20:37:24.180+0700 [DEBUG] [org.gradle.cache.internal.DefaultFileLockManager] Waiting to acquire shared lock on daemon addresses registry.
2026-09-03T20:37:24.181+0700 [DEBUG] [org.gradle.cache.internal.DefaultFileLockManager] Lock acquired on daemon addresses registry.
2026-09-03T20:37:24.184+0700 [DEBUG] [org.gradle.cache.internal.DefaultFileLockManager] Releasing lock on daemon addresses registry.
2026-09-03T20:37:24.199+0700 [DEBUG] [org.gradle.cache.internal.DefaultFileLockManager] Waiting to acquire shared lock on daemon addresses registry.
2026-09-03T20:37:24.200+0700 [DEBUG] [org.gradle.cache.internal.DefaultFileLockManager] Lock acquired on daemon addresses registry.
2026-09-03T20:37:24.202+0700 [DEBUG] [org.gradle.cache.internal.DefaultFileLockManager] Releasing lock on daemon addresses registry.
2026-09-03T20:37:24.210+0700 [DEBUG] [org.gradle.cache.internal.DefaultFileLockManager] Waiting to acquire shared lock on daemon addresses registry.
2026-09-03T20:37:24.212+0700 [DEBUG] [org.gradle.cache.internal.DefaultFileLockManager] Lock acquired on daemon addresses registry.
2026-09-03T20:37:24.214+0700 [DEBUG] [org.gradle.cache.internal.DefaultFileLockManager] Releasing lock on daemon addresses registry.
2026-09-03T20:37:32.914+0700 [DEBUG] [org.gradle.process.internal.health.memory.DefaultMemoryManager] 638754816 physical memory requested, 578297856 free
2026-09-03T20:37:32.915+0700 [DEBUG] [org.gradle.workers.internal.WorkerDaemonExpiration] Will attempt to release 609 of memory
2026-09-03T20:37:32.915+0700 [DEBUG] [org.gradle.process.internal.health.memory.DefaultMemoryManager] 638754816 physical memory requested, 0 released, 578297856 free
2026-09-03T20:37:34.187+0700 [DEBUG] [org.gradle.cache.internal.DefaultFileLockManager] Waiting to acquire shared lock on daemon addresses registry.
2026-09-03T20:37:34.187+0700 [DEBUG] [org.gradle.cache.internal.DefaultFileLockManager] Lock acquired on daemon addresses registry.
2026-09-03T20:37:34.187+0700 [DEBUG] [org.gradle.cache.internal.DefaultFileLockManager] Releasing lock on daemon addresses registry.
2026-09-03T20:37:34.188+0700 [DEBUG] [org.gradle.cache.internal.DefaultFileLockManager] Waiting to acquire shared lock on daemon addresses registry.
2026-09-03T20:37:34.188+0700 [DEBUG] [org.gradle.cache.internal.DefaultFileLockManager] Lock acquired on daemon addresses registry.
2026-09-03T20:37:34.188+0700 [DEBUG] [org.gradle.cache.internal.DefaultFileLockManager] Releasing lock on daemon addresses registry.
2026-09-03T20:37:34.189+0700 [DEBUG] [org.gradle.cache.internal.DefaultFileLockManager] Waiting to acquire shared lock on daemon addresses registry.
2026-09-03T20:37:34.189+0700 [DEBUG] [org.gradle.cache.internal.DefaultFileLockManager] Lock acquired on daemon addresses registry.
2026-09-03T20:37:34.190+0700 [DEBUG] [org.gradle.cache.internal.DefaultFileLockManager] Releasing lock on daemon addresses registry.
2026-09-03T20:37:44.170+0700 [DEBUG] [org.gradle.cache.internal.DefaultFileLockManager] Waiting to acquire shared lock on daemon addresses registry.
2026-09-03T20:37:44.170+0700 [DEBUG] [org.gradle.cache.internal.DefaultFileLockManager] Lock acquired on daemon addresses registry.
2026-09-03T20:37:44.170+0700 [DEBUG] [org.gradle.cache.internal.DefaultFileLockManager] Releasing lock on daemon addresses registry.
2026-09-03T20:37:44.173+0700 [DEBUG] [org.gradle.cache.internal.DefaultFileLockManager] Waiting to acquire shared lock on daemon addresses registry.
2026-09-03T20:37:44.174+0700 [DEBUG] [org.gradle.cache.internal.DefaultFileLockManager] Lock acquired on daemon addresses registry.
2026-09-03T20:37:44.174+0700 [DEBUG] [org.gradle.cache.internal.DefaultFileLockManager] Releasing lock on daemon addresses registry.
2026-09-03T20:37:44.176+0700 [DEBUG] [org.gradle.cache.internal.DefaultFileLockManager] Waiting to acquire shared lock on daemon addresses registry.
2026-09-03T20:37:44.177+0700 [DEBUG] [org.gradle.cache.internal.DefaultFileLockManager] Lock acquired on daemon addresses registry.
2026-09-03T20:37:44.177+0700 [DEBUG] [org.gradle.cache.internal.DefaultFileLockManager] Releasing lock on daemon addresses registry.
2026-09-03T20:37:52.916+0700 [DEBUG] [org.gradle.process.internal.health.memory.DefaultMemoryManager] 638754816 physical memory requested, 631111680 free
2026-09-03T20:37:52.916+0700 [DEBUG] [org.gradle.workers.internal.WorkerDaemonExpiration] Will attempt to release 609 of memory
2026-09-03T20:37:52.916+0700 [DEBUG] [org.gradle.process.internal.health.memory.DefaultMemoryManager] 638754816 physical memory requested, 0 released, 631111680 free
2026-09-03T20:37:54.170+0700 [DEBUG] [org.gradle.cache.internal.DefaultFileLockManager] Waiting to acquire shared lock on daemon addresses registry.
2026-09-03T20:37:54.170+0700 [DEBUG] [org.gradle.cache.internal.DefaultFileLockManager] Lock acquired on daemon addresses registry.
2026-09-03T20:37:54.170+0700 [DEBUG] [org.gradle.cache.internal.DefaultFileLockManager] Releasing lock on daemon addresses registry.
2026-09-03T20:37:54.173+0700 [DEBUG] [org.gradle.cache.internal.DefaultFileLockManager] Waiting to acquire shared lock on daemon addresses registry.
2026-09-03T20:37:54.173+0700 [DEBUG] [org.gradle.cache.internal.DefaultFileLockManager] Lock acquired on daemon addresses registry.
2026-09-03T20:37:54.173+0700 [DEBUG] [org.gradle.cache.internal.DefaultFileLockManager] Releasing lock on daemon addresses registry.
2026-09-03T20:37:54.174+0700 [DEBUG] [org.gradle.cache.internal.DefaultFileLockManager] Waiting to acquire shared lock on daemon addresses registry.
2026-09-03T20:37:54.174+0700 [DEBUG] [org.gradle.cache.internal.DefaultFileLockManager] Lock acquired on daemon addresses registry.
2026-09-03T20:37:54.175+0700 [DEBUG] [org.gradle.cache.internal.DefaultFileLockManager] Releasing lock on daemon addresses registry.
2026-09-03T20:37:55.422+0700 [DEBUG] [sun.rmi.transport.tcp] RMI TCP Connection(20)-127.0.0.1: accepted socket from [127.0.0.1:64026]
2026-09-03T20:37:55.429+0700 [DEBUG] [sun.rmi.transport.tcp] RMI TCP Connection(20)-127.0.0.1: (port 61098) op = 80
2026-09-03T20:37:55.435+0700 [DEBUG] [sun.rmi.loader] RMI TCP Connection(20)-127.0.0.1: name = "[Ljava.rmi.server.ObjID;", codebase = "", defaultLoader = jdk.internal.loader.ClassLoaders$PlatformClassLoader@2a87d96
2026-09-03T20:37:55.439+0700 [DEBUG] [sun.rmi.loader] RMI TCP Connection(20)-127.0.0.1: name = "java.rmi.dgc.Lease", codebase = "", defaultLoader = jdk.internal.loader.ClassLoaders$PlatformClassLoader@2a87d96
2026-09-03T20:37:55.440+0700 [DEBUG] [sun.rmi.loader] RMI TCP Connection(20)-127.0.0.1: name = "java.rmi.dgc.VMID", codebase = "", defaultLoader = jdk.internal.loader.ClassLoaders$PlatformClassLoader@2a87d96
2026-09-03T20:37:55.441+0700 [DEBUG] [sun.rmi.loader] RMI TCP Connection(20)-127.0.0.1: name = "[B", codebase = "", defaultLoader = jdk.internal.loader.ClassLoaders$PlatformClassLoader@2a87d96
2026-09-03T20:37:55.443+0700 [DEBUG] [sun.rmi.loader] RMI TCP Connection(20)-127.0.0.1: name = "java.rmi.server.UID", codebase = "", defaultLoader = jdk.internal.loader.ClassLoaders$PlatformClassLoader@2a87d96
2026-09-03T20:38:02.914+0700 [DEBUG] [org.gradle.process.internal.health.memory.DefaultMemoryManager] 638754816 physical memory requested, 461639680 free
2026-09-03T20:38:02.914+0700 [DEBUG] [org.gradle.workers.internal.WorkerDaemonExpiration] Will attempt to release 609 of memory
2026-09-03T20:38:02.914+0700 [DEBUG] [org.gradle.process.internal.health.memory.DefaultMemoryManager] 638754816 physical memory requested, 0 released, 461639680 free
2026-09-03T20:38:03.758+0700 [DEBUG] [sun.rmi.transport.tcp] RMI TCP Connection(21)-127.0.0.1: accepted socket from [127.0.0.1:64027]
2026-09-03T20:38:03.760+0700 [DEBUG] [sun.rmi.transport.tcp] RMI TCP Connection(21)-127.0.0.1: (port 61098) op = 80
2026-09-03T20:38:03.760+0700 [DEBUG] [sun.rmi.loader] RMI TCP Connection(21)-127.0.0.1: name = "[Ljava.rmi.server.ObjID;", codebase = "", defaultLoader = jdk.internal.loader.ClassLoaders$PlatformClassLoader@2a87d96
2026-09-03T20:38:03.761+0700 [DEBUG] [sun.rmi.loader] RMI TCP Connection(21)-127.0.0.1: name = "java.rmi.dgc.Lease", codebase = "", defaultLoader = jdk.internal.loader.ClassLoaders$PlatformClassLoader@2a87d96
2026-09-03T20:38:03.762+0700 [DEBUG] [sun.rmi.loader] RMI TCP Connection(21)-127.0.0.1: name = "java.rmi.dgc.VMID", codebase = "", defaultLoader = jdk.internal.loader.ClassLoaders$PlatformClassLoader@2a87d96
2026-09-03T20:38:03.762+0700 [DEBUG] [sun.rmi.loader] RMI TCP Connection(21)-127.0.0.1: name = "[B", codebase = "", defaultLoader = jdk.internal.loader.ClassLoaders$PlatformClassLoader@2a87d96
2026-09-03T20:38:03.763+0700 [DEBUG] [sun.rmi.loader] RMI TCP Connection(21)-127.0.0.1: name = "java.rmi.server.UID", codebase = "", defaultLoader = jdk.internal.loader.ClassLoaders$PlatformClassLoader@2a87d96
2026-09-03T20:38:04.169+0700 [DEBUG] [org.gradle.cache.internal.DefaultFileLockManager] Waiting to acquire shared lock on daemon addresses registry.
2026-09-03T20:38:04.169+0700 [DEBUG] [org.gradle.cache.internal.DefaultFileLockManager] Lock acquired on daemon addresses registry.
2026-09-03T20:38:04.169+0700 [DEBUG] [org.gradle.cache.internal.DefaultFileLockManager] Releasing lock on daemon addresses registry.
2026-09-03T20:38:04.172+0700 [DEBUG] [org.gradle.cache.internal.DefaultFileLockManager] Waiting to acquire shared lock on daemon addresses registry.
2026-09-03T20:38:04.172+0700 [DEBUG] [org.gradle.cache.internal.DefaultFileLockManager] Lock acquired on daemon addresses registry.
2026-09-03T20:38:04.172+0700 [DEBUG] [org.gradle.cache.internal.DefaultFileLockManager] Releasing lock on daemon addresses registry.
2026-09-03T20:38:04.174+0700 [DEBUG] [org.gradle.cache.internal.DefaultFileLockManager] Waiting to acquire shared lock on daemon addresses registry.
2026-09-03T20:38:04.176+0700 [DEBUG] [org.gradle.cache.internal.DefaultFileLockManager] Lock acquired on daemon addresses registry.
2026-09-03T20:38:04.176+0700 [DEBUG] [org.gradle.cache.internal.DefaultFileLockManager] Releasing lock on daemon addresses registry.
2026-09-03T20:38:07.914+0700 [DEBUG] [org.gradle.process.internal.health.memory.DefaultMemoryManager] 638754816 physical memory requested, 508903424 free
2026-09-03T20:38:07.915+0700 [DEBUG] [org.gradle.workers.internal.WorkerDaemonExpiration] Will attempt to release 609 of memory
2026-09-03T20:38:07.915+0700 [DEBUG] [org.gradle.process.internal.health.memory.DefaultMemoryManager] 638754816 physical memory requested, 0 released, 508903424 free
2026-09-03T20:38:10.449+0700 [DEBUG] [sun.rmi.transport.tcp] RMI TCP Connection(20)-127.0.0.1: (port 61098) connection closed
2026-09-03T20:38:10.452+0700 [DEBUG] [sun.rmi.transport.tcp] RMI TCP Connection(20)-127.0.0.1: close connection, socket: Socket[addr=/127.0.0.1,port=64026,localport=61098]
2026-09-03T20:38:10.455+0700 [DEBUG] [sun.rmi.transport.tcp] RMI TCP Connection(20)-127.0.0.1: socket close: Socket[addr=/127.0.0.1,port=64026,localport=61098]
2026-09-03T20:38:12.915+0700 [DEBUG] [org.gradle.process.internal.health.memory.DefaultMemoryManager] 638754816 physical memory requested, 505290752 free
2026-09-03T20:38:12.915+0700 [DEBUG] [org.gradle.workers.internal.WorkerDaemonExpiration] Will attempt to release 609 of memory
2026-09-03T20:38:12.915+0700 [DEBUG] [org.gradle.process.internal.health.memory.DefaultMemoryManager] 638754816 physical memory requested, 0 released, 505290752 free
2026-09-03T20:38:14.171+0700 [DEBUG] [org.gradle.cache.internal.DefaultFileLockManager] Waiting to acquire shared lock on daemon addresses registry.
2026-09-03T20:38:14.171+0700 [DEBUG] [org.gradle.cache.internal.DefaultFileLockManager] Lock acquired on daemon addresses registry.
2026-09-03T20:38:14.171+0700 [DEBUG] [org.gradle.cache.internal.DefaultFileLockManager] Releasing lock on daemon addresses registry.
2026-09-03T20:38:14.173+0700 [DEBUG] [org.gradle.cache.internal.DefaultFileLockManager] Waiting to acquire shared lock on daemon addresses registry.
2026-09-03T20:38:14.173+0700 [DEBUG] [org.gradle.cache.internal.DefaultFileLockManager] Lock acquired on daemon addresses registry.
2026-09-03T20:38:14.174+0700 [DEBUG] [org.gradle.cache.internal.DefaultFileLockManager] Releasing lock on daemon addresses registry.
2026-09-03T20:38:14.175+0700 [DEBUG] [org.gradle.cache.internal.DefaultFileLockManager] Waiting to acquire shared lock on daemon addresses registry.
2026-09-03T20:38:14.175+0700 [DEBUG] [org.gradle.cache.internal.DefaultFileLockManager] Lock acquired on daemon addresses registry.
2026-09-03T20:38:14.175+0700 [DEBUG] [org.gradle.cache.internal.DefaultFileLockManager] Releasing lock on daemon addresses registry.
2026-09-03T20:38:17.915+0700 [DEBUG] [org.gradle.process.internal.health.memory.DefaultMemoryManager] 638754816 physical memory requested, 514379776 free
2026-09-03T20:38:17.915+0700 [DEBUG] [org.gradle.workers.internal.WorkerDaemonExpiration] Will attempt to release 609 of memory
2026-09-03T20:38:17.915+0700 [DEBUG] [org.gradle.process.internal.health.memory.DefaultMemoryManager] 638754816 physical memory requested, 0 released, 514379776 free
2026-09-03T20:38:18.766+0700 [DEBUG] [sun.rmi.transport.tcp] RMI TCP Connection(21)-127.0.0.1: (port 61098) connection closed
2026-09-03T20:38:18.766+0700 [DEBUG] [sun.rmi.transport.tcp] RMI TCP Connection(21)-127.0.0.1: close connection, socket: Socket[addr=/127.0.0.1,port=64027,localport=61098]
2026-09-03T20:38:18.767+0700 [DEBUG] [sun.rmi.transport.tcp] RMI TCP Connection(21)-127.0.0.1: socket close: Socket[addr=/127.0.0.1,port=64027,localport=61098]
2026-09-03T20:38:22.916+0700 [DEBUG] [org.gradle.process.internal.health.memory.DefaultMemoryManager] 638754816 physical memory requested, 557875200 free
2026-09-03T20:38:22.916+0700 [DEBUG] [org.gradle.workers.internal.WorkerDaemonExpiration] Will attempt to release 609 of memory
2026-09-03T20:38:22.916+0700 [DEBUG] [org.gradle.process.internal.health.memory.DefaultMemoryManager] 638754816 physical memory requested, 0 released, 557875200 free
2026-09-03T20:38:24.170+0700 [DEBUG] [org.gradle.cache.internal.DefaultFileLockManager] Waiting to acquire shared lock on daemon addresses registry.
2026-09-03T20:38:24.170+0700 [DEBUG] [org.gradle.cache.internal.DefaultFileLockManager] Lock acquired on daemon addresses registry.
2026-09-03T20:38:24.170+0700 [DEBUG] [org.gradle.cache.internal.DefaultFileLockManager] Releasing lock on daemon addresses registry.
2026-09-03T20:38:24.171+0700 [DEBUG] [org.gradle.cache.internal.DefaultFileLockManager] Waiting to acquire shared lock on daemon addresses registry.
2026-09-03T20:38:24.171+0700 [DEBUG] [org.gradle.cache.internal.DefaultFileLockManager] Lock acquired on daemon addresses registry.
2026-09-03T20:38:24.172+0700 [DEBUG] [org.gradle.cache.internal.DefaultFileLockManager] Releasing lock on daemon addresses registry.
2026-09-03T20:38:24.172+0700 [DEBUG] [org.gradle.cache.internal.DefaultFileLockManager] Waiting to acquire shared lock on daemon addresses registry.
2026-09-03T20:38:24.172+0700 [DEBUG] [org.gradle.cache.internal.DefaultFileLockManager] Lock acquired on daemon addresses registry.
2026-09-03T20:38:24.173+0700 [DEBUG] [org.gradle.cache.internal.DefaultFileLockManager] Releasing lock on daemon addresses registry.
2026-09-03T20:38:28.362+0700 [DEBUG] [org.gradle.internal.watch.vfs.impl.WatchingVirtualFileSystem] Handling VFS change CREATED D:\AbsensiSeleksi\app\src\main\java\com\absensiseleksi\ui\attendance\AttendanceViewModel.kt~
2026-09-03T20:38:28.392+0700 [DEBUG] [org.gradle.internal.watch.vfs.impl.WatchingVirtualFileSystem] Handling VFS change MODIFIED D:\AbsensiSeleksi\app\src\main\java\com\absensiseleksi\ui\attendance\AttendanceViewModel.kt
2026-09-03T20:38:28.393+0700 [DEBUG] [org.gradle.internal.watch.vfs.impl.WatchingVirtualFileSystem] Handling VFS change CREATED D:\AbsensiSeleksi\app\src\main\java\com\absensiseleksi\di\NetworkModule.kt~
2026-09-03T20:38:28.393+0700 [DEBUG] [org.gradle.internal.watch.vfs.impl.WatchingVirtualFileSystem] Handling VFS change MODIFIED D:\AbsensiSeleksi\app\src\main\java\com\absensiseleksi\di\NetworkModule.kt
2026-09-03T20:38:32.915+0700 [DEBUG] [org.gradle.process.internal.health.memory.DefaultMemoryManager] 638754816 physical memory requested, 626843648 free
2026-09-03T20:38:32.915+0700 [DEBUG] [org.gradle.workers.internal.WorkerDaemonExpiration] Will attempt to release 609 of memory
2026-09-03T20:38:32.915+0700 [DEBUG] [org.gradle.process.internal.health.memory.DefaultMemoryManager] 638754816 physical memory requested, 0 released, 626843648 free
2026-09-03T20:38:34.170+0700 [DEBUG] [org.gradle.cache.internal.DefaultFileLockManager] Waiting to acquire shared lock on daemon addresses registry.
2026-09-03T20:38:34.171+0700 [DEBUG] [org.gradle.cache.internal.DefaultFileLockManager] Lock acquired on daemon addresses registry.
2026-09-03T20:38:34.172+0700 [DEBUG] [org.gradle.cache.internal.DefaultFileLockManager] Releasing lock on daemon addresses registry.
2026-09-03T20:38:34.175+0700 [DEBUG] [org.gradle.cache.internal.DefaultFileLockManager] Waiting to acquire shared lock on daemon addresses registry.
2026-09-03T20:38:34.175+0700 [DEBUG] [org.gradle.cache.internal.DefaultFileLockManager] Lock acquired on daemon addresses registry.
2026-09-03T20:38:34.175+0700 [DEBUG] [org.gradle.cache.internal.DefaultFileLockManager] Releasing lock on daemon addresses registry.
2026-09-03T20:38:34.176+0700 [DEBUG] [org.gradle.cache.internal.DefaultFileLockManager] Waiting to acquire shared lock on daemon addresses registry.
2026-09-03T20:38:34.176+0700 [DEBUG] [org.gradle.cache.internal.DefaultFileLockManager] Lock acquired on daemon addresses registry.
2026-09-03T20:38:34.177+0700 [DEBUG] [org.gradle.cache.internal.DefaultFileLockManager] Releasing lock on daemon addresses registry.
2026-09-03T20:38:42.921+0700 [DEBUG] [org.gradle.process.internal.health.memory.DefaultMemoryManager] 638754816 physical memory requested, 577884160 free
2026-09-03T20:38:42.921+0700 [DEBUG] [org.gradle.workers.internal.WorkerDaemonExpiration] Will attempt to release 609 of memory
2026-09-03T20:38:42.921+0700 [DEBUG] [org.gradle.process.internal.health.memory.DefaultMemoryManager] 638754816 physical memory requested, 0 released, 577884160 free
2026-09-03T20:38:44.177+0700 [DEBUG] [org.gradle.cache.internal.DefaultFileLockManager] Waiting to acquire shared lock on daemon addresses registry.
2026-09-03T20:38:44.177+0700 [DEBUG] [org.gradle.cache.internal.DefaultFileLockManager] Lock acquired on daemon addresses registry.
2026-09-03T20:38:44.183+0700 [DEBUG] [org.gradle.cache.internal.DefaultFileLockManager] Releasing lock on daemon addresses registry.
2026-09-03T20:38:44.187+0700 [DEBUG] [org.gradle.cache.internal.DefaultFileLockManager] Waiting to acquire shared lock on daemon addresses registry.
2026-09-03T20:38:44.187+0700 [DEBUG] [org.gradle.cache.internal.DefaultFileLockManager] Lock acquired on daemon addresses registry.
2026-09-03T20:38:44.187+0700 [DEBUG] [org.gradle.cache.internal.DefaultFileLockManager] Releasing lock on daemon addresses registry.
2026-09-03T20:38:44.189+0700 [DEBUG] [org.gradle.cache.internal.DefaultFileLockManager] Waiting to acquire shared lock on daemon addresses registry.
2026-09-03T20:38:44.189+0700 [DEBUG] [org.gradle.cache.internal.DefaultFileLockManager] Lock acquired on daemon addresses registry.
2026-09-03T20:38:44.190+0700 [DEBUG] [org.gradle.cache.internal.DefaultFileLockManager] Releasing lock on daemon addresses registry.
2026-09-03T20:38:47.916+0700 [DEBUG] [org.gradle.process.internal.health.memory.DefaultMemoryManager] 638754816 physical memory requested, 414498816 free
2026-09-03T20:38:47.916+0700 [DEBUG] [org.gradle.workers.internal.WorkerDaemonExpiration] Will attempt to release 609 of memory
2026-09-03T20:38:47.916+0700 [DEBUG] [org.gradle.process.internal.health.memory.DefaultMemoryManager] 638754816 physical memory requested, 0 released, 414498816 free
2026-09-03T20:38:52.918+0700 [DEBUG] [org.gradle.process.internal.health.memory.DefaultMemoryManager] 638754816 physical memory requested, 380239872 free
2026-09-03T20:38:52.918+0700 [DEBUG] [org.gradle.workers.internal.WorkerDaemonExpiration] Will attempt to release 609 of memory
2026-09-03T20:38:52.918+0700 [DEBUG] [org.gradle.process.internal.health.memory.DefaultMemoryManager] 638754816 physical memory requested, 0 released, 380239872 free
2026-09-03T20:38:54.173+0700 [DEBUG] [org.gradle.cache.internal.DefaultFileLockManager] Waiting to acquire shared lock on daemon addresses registry.
2026-09-03T20:38:54.173+0700 [DEBUG] [org.gradle.cache.internal.DefaultFileLockManager] Lock acquired on daemon addresses registry.
2026-09-03T20:38:54.208+0700 [DEBUG] [org.gradle.cache.internal.DefaultFileLockManager] Releasing lock on daemon addresses registry.
2026-09-03T20:38:54.225+0700 [DEBUG] [org.gradle.cache.internal.DefaultFileLockManager] Waiting to acquire shared lock on daemon addresses registry.
2026-09-03T20:38:54.225+0700 [DEBUG] [org.gradle.cache.internal.DefaultFileLockManager] Lock acquired on daemon addresses registry.
2026-09-03T20:38:54.226+0700 [DEBUG] [org.gradle.cache.internal.DefaultFileLockManager] Releasing lock on daemon addresses registry.
2026-09-03T20:38:54.227+0700 [DEBUG] [org.gradle.cache.internal.DefaultFileLockManager] Waiting to acquire shared lock on daemon addresses registry.
2026-09-03T20:38:54.227+0700 [DEBUG] [org.gradle.cache.internal.DefaultFileLockManager] Lock acquired on daemon addresses registry.
2026-09-03T20:38:54.227+0700 [DEBUG] [org.gradle.cache.internal.DefaultFileLockManager] Releasing lock on daemon addresses registry.
2026-09-03T20:38:57.915+0700 [DEBUG] [org.gradle.process.internal.health.memory.DefaultMemoryManager] 638754816 physical memory requested, 277606400 free
2026-09-03T20:38:57.915+0700 [DEBUG] [org.gradle.workers.internal.WorkerDaemonExpiration] Will attempt to release 609 of memory
2026-09-03T20:38:57.917+0700 [DEBUG] [org.gradle.process.internal.health.memory.DefaultMemoryManager] 638754816 physical memory requested, 0 released, 277606400 free
2026-09-03T20:39:02.923+0700 [DEBUG] [org.gradle.process.internal.health.memory.DefaultMemoryManager] 638754816 physical memory requested, 400457728 free
2026-09-03T20:39:02.923+0700 [DEBUG] [org.gradle.workers.internal.WorkerDaemonExpiration] Will attempt to release 609 of memory
2026-09-03T20:39:02.923+0700 [DEBUG] [org.gradle.process.internal.health.memory.DefaultMemoryManager] 638754816 physical memory requested, 0 released, 400457728 free
2026-09-03T20:39:04.176+0700 [DEBUG] [org.gradle.cache.internal.DefaultFileLockManager] Waiting to acquire shared lock on daemon addresses registry.
2026-09-03T20:39:04.176+0700 [DEBUG] [org.gradle.cache.internal.DefaultFileLockManager] Lock acquired on daemon addresses registry.
2026-09-03T20:39:04.176+0700 [DEBUG] [org.gradle.cache.internal.DefaultFileLockManager] Releasing lock on daemon addresses registry.
2026-09-03T20:39:04.194+0700 [DEBUG] [org.gradle.cache.internal.DefaultFileLockManager] Waiting to acquire shared lock on daemon addresses registry.
2026-09-03T20:39:04.194+0700 [DEBUG] [org.gradle.cache.internal.DefaultFileLockManager] Lock acquired on daemon addresses registry.
2026-09-03T20:39:04.194+0700 [DEBUG] [org.gradle.cache.internal.DefaultFileLockManager] Releasing lock on daemon addresses registry.
2026-09-03T20:39:04.755+0700 [DEBUG] [org.gradle.cache.internal.DefaultFileLockManager] Waiting to acquire shared lock on daemon addresses registry.
2026-09-03T20:39:04.755+0700 [DEBUG] [org.gradle.cache.internal.DefaultFileLockManager] Lock acquired on daemon addresses registry.
2026-09-03T20:39:04.756+0700 [DEBUG] [org.gradle.cache.internal.DefaultFileLockManager] Releasing lock on daemon addresses registry.
2026-09-03T20:39:07.925+0700 [DEBUG] [org.gradle.process.internal.health.memory.DefaultMemoryManager] 638754816 physical memory requested, 446349312 free
2026-09-03T20:39:07.928+0700 [DEBUG] [org.gradle.workers.internal.WorkerDaemonExpiration] Will attempt to release 609 of memory
2026-09-03T20:39:07.928+0700 [DEBUG] [org.gradle.process.internal.health.memory.DefaultMemoryManager] 638754816 physical memory requested, 0 released, 446349312 free
2026-09-03T20:39:12.925+0700 [DEBUG] [org.gradle.process.internal.health.memory.DefaultMemoryManager] 638754816 physical memory requested, 446607360 free
2026-09-03T20:39:12.925+0700 [DEBUG] [org.gradle.workers.internal.WorkerDaemonExpiration] Will attempt to release 609 of memory
2026-09-03T20:39:12.925+0700 [DEBUG] [org.gradle.process.internal.health.memory.DefaultMemoryManager] 638754816 physical memory requested, 0 released, 446607360 free
2026-09-03T20:39:14.177+0700 [DEBUG] [org.gradle.cache.internal.DefaultFileLockManager] Waiting to acquire shared lock on daemon addresses registry.
2026-09-03T20:39:14.177+0700 [DEBUG] [org.gradle.cache.internal.DefaultFileLockManager] Lock acquired on daemon addresses registry.
2026-09-03T20:39:14.178+0700 [DEBUG] [org.gradle.cache.internal.DefaultFileLockManager] Releasing lock on daemon addresses registry.
2026-09-03T20:39:14.179+0700 [DEBUG] [org.gradle.cache.internal.DefaultFileLockManager] Waiting to acquire shared lock on daemon addresses registry.
2026-09-03T20:39:14.179+0700 [DEBUG] [org.gradle.cache.internal.DefaultFileLockManager] Lock acquired on daemon addresses registry.
2026-09-03T20:39:14.180+0700 [DEBUG] [org.gradle.cache.internal.DefaultFileLockManager] Releasing lock on daemon addresses registry.
2026-09-03T20:39:14.181+0700 [DEBUG] [org.gradle.cache.internal.DefaultFileLockManager] Waiting to acquire shared lock on daemon addresses registry.
2026-09-03T20:39:14.181+0700 [DEBUG] [org.gradle.cache.internal.DefaultFileLockManager] Lock acquired on daemon addresses registry.
2026-09-03T20:39:14.182+0700 [DEBUG] [org.gradle.cache.internal.DefaultFileLockManager] Releasing lock on daemon addresses registry.
2026-09-03T20:39:17.926+0700 [DEBUG] [org.gradle.process.internal.health.memory.DefaultMemoryManager] 638754816 physical memory requested, 497356800 free
2026-09-03T20:39:17.926+0700 [DEBUG] [org.gradle.workers.internal.WorkerDaemonExpiration] Will attempt to release 609 of memory
2026-09-03T20:39:17.926+0700 [DEBUG] [org.gradle.process.internal.health.memory.DefaultMemoryManager] 638754816 physical memory requested, 0 released, 497356800 free
2026-09-03T20:39:22.927+0700 [DEBUG] [org.gradle.process.internal.health.memory.DefaultMemoryManager] 638754816 physical memory requested, 497156096 free
2026-09-03T20:39:22.927+0700 [DEBUG] [org.gradle.workers.internal.WorkerDaemonExpiration] Will attempt to release 609 of memory
2026-09-03T20:39:22.927+0700 [DEBUG] [org.gradle.process.internal.health.memory.DefaultMemoryManager] 638754816 physical memory requested, 0 released, 497156096 free
2026-09-03T20:39:24.176+0700 [DEBUG] [org.gradle.cache.internal.DefaultFileLockManager] Waiting to acquire shared lock on daemon addresses registry.
2026-09-03T20:39:24.176+0700 [DEBUG] [org.gradle.cache.internal.DefaultFileLockManager] Lock acquired on daemon addresses registry.
2026-09-03T20:39:24.176+0700 [DEBUG] [org.gradle.cache.internal.DefaultFileLockManager] Releasing lock on daemon addresses registry.
2026-09-03T20:39:24.179+0700 [DEBUG] [org.gradle.cache.internal.DefaultFileLockManager] Waiting to acquire shared lock on daemon addresses registry.
2026-09-03T20:39:24.180+0700 [DEBUG] [org.gradle.cache.internal.DefaultFileLockManager] Lock acquired on daemon addresses registry.
2026-09-03T20:39:24.180+0700 [DEBUG] [org.gradle.cache.internal.DefaultFileLockManager] Releasing lock on daemon addresses registry.
2026-09-03T20:39:24.183+0700 [DEBUG] [org.gradle.cache.internal.DefaultFileLockManager] Waiting to acquire shared lock on daemon addresses registry.
2026-09-03T20:39:24.184+0700 [DEBUG] [org.gradle.cache.internal.DefaultFileLockManager] Lock acquired on daemon addresses registry.
2026-09-03T20:39:24.184+0700 [DEBUG] [org.gradle.cache.internal.DefaultFileLockManager] Releasing lock on daemon addresses registry.
2026-09-03T20:39:27.922+0700 [DEBUG] [org.gradle.process.internal.health.memory.DefaultMemoryManager] 638754816 physical memory requested, 585822208 free
2026-09-03T20:39:27.922+0700 [DEBUG] [org.gradle.workers.internal.WorkerDaemonExpiration] Will attempt to release 609 of memory
2026-09-03T20:39:27.922+0700 [DEBUG] [org.gradle.process.internal.health.memory.DefaultMemoryManager] 638754816 physical memory requested, 0 released, 585822208 free
2026-09-03T20:39:34.175+0700 [DEBUG] [org.gradle.cache.internal.DefaultFileLockManager] Waiting to acquire shared lock on daemon addresses registry.
2026-09-03T20:39:34.175+0700 [DEBUG] [org.gradle.cache.internal.DefaultFileLockManager] Lock acquired on daemon addresses registry.
2026-09-03T20:39:34.176+0700 [DEBUG] [org.gradle.cache.internal.DefaultFileLockManager] Releasing lock on daemon addresses registry.
2026-09-03T20:39:34.180+0700 [DEBUG] [org.gradle.cache.internal.DefaultFileLockManager] Waiting to acquire shared lock on daemon addresses registry.
2026-09-03T20:39:34.181+0700 [DEBUG] [org.gradle.cache.internal.DefaultFileLockManager] Lock acquired on daemon addresses registry.
2026-09-03T20:39:34.181+0700 [DEBUG] [org.gradle.cache.internal.DefaultFileLockManager] Releasing lock on daemon addresses registry.
2026-09-03T20:39:34.183+0700 [DEBUG] [org.gradle.cache.internal.DefaultFileLockManager] Waiting to acquire shared lock on daemon addresses registry.
2026-09-03T20:39:34.183+0700 [DEBUG] [org.gradle.cache.internal.DefaultFileLockManager] Lock acquired on daemon addresses registry.
2026-09-03T20:39:34.184+0700 [DEBUG] [org.gradle.cache.internal.DefaultFileLockManager] Releasing lock on daemon addresses registry.
2026-09-03T20:39:42.915+0700 [DEBUG] [org.gradle.process.internal.health.memory.DefaultMemoryManager] 638754816 physical memory requested, 631513088 free
2026-09-03T20:39:42.915+0700 [DEBUG] [org.gradle.workers.internal.WorkerDaemonExpiration] Will attempt to release 609 of memory
2026-09-03T20:39:42.915+0700 [DEBUG] [org.gradle.process.internal.health.memory.DefaultMemoryManager] 638754816 physical memory requested, 0 released, 631513088 free
2026-09-03T20:39:44.181+0700 [DEBUG] [org.gradle.cache.internal.DefaultFileLockManager] Waiting to acquire shared lock on daemon addresses registry.
2026-09-03T20:39:44.181+0700 [DEBUG] [org.gradle.cache.internal.DefaultFileLockManager] Lock acquired on daemon addresses registry.
2026-09-03T20:39:44.182+0700 [DEBUG] [org.gradle.cache.internal.DefaultFileLockManager] Releasing lock on daemon addresses registry.
2026-09-03T20:39:44.184+0700 [DEBUG] [org.gradle.cache.internal.DefaultFileLockManager] Waiting to acquire shared lock on daemon addresses registry.
2026-09-03T20:39:44.184+0700 [DEBUG] [org.gradle.cache.internal.DefaultFileLockManager] Lock acquired on daemon addresses registry.
2026-09-03T20:39:44.185+0700 [DEBUG] [org.gradle.cache.internal.DefaultFileLockManager] Releasing lock on daemon addresses registry.
2026-09-03T20:39:44.186+0700 [DEBUG] [org.gradle.cache.internal.DefaultFileLockManager] Waiting to acquire shared lock on daemon addresses registry.
2026-09-03T20:39:44.186+0700 [DEBUG] [org.gradle.cache.internal.DefaultFileLockManager] Lock acquired on daemon addresses registry.
2026-09-03T20:39:44.186+0700 [DEBUG] [org.gradle.cache.internal.DefaultFileLockManager] Releasing lock on daemon addresses registry.
2026-09-03T20:39:47.927+0700 [DEBUG] [org.gradle.process.internal.health.memory.DefaultMemoryManager] 638754816 physical memory requested, 595963904 free
2026-09-03T20:39:47.927+0700 [DEBUG] [org.gradle.workers.internal.WorkerDaemonExpiration] Will attempt to release 609 of memory
2026-09-03T20:39:47.927+0700 [DEBUG] [org.gradle.process.internal.health.memory.DefaultMemoryManager] 638754816 physical memory requested, 0 released, 595963904 free
2026-09-03T20:39:52.929+0700 [DEBUG] [org.gradle.process.internal.health.memory.DefaultMemoryManager] 638754816 physical memory requested, 597454848 free
2026-09-03T20:39:52.929+0700 [DEBUG] [org.gradle.workers.internal.WorkerDaemonExpiration] Will attempt to release 609 of memory
2026-09-03T20:39:52.929+0700 [DEBUG] [org.gradle.process.internal.health.memory.DefaultMemoryManager] 638754816 physical memory requested, 0 released, 597454848 free
2026-09-03T20:39:54.174+0700 [DEBUG] [org.gradle.cache.internal.DefaultFileLockManager] Waiting to acquire shared lock on daemon addresses registry.
2026-09-03T20:39:54.174+0700 [DEBUG] [org.gradle.cache.internal.DefaultFileLockManager] Lock acquired on daemon addresses registry.
2026-09-03T20:39:54.174+0700 [DEBUG] [org.gradle.cache.internal.DefaultFileLockManager] Releasing lock on daemon addresses registry.
2026-09-03T20:39:54.176+0700 [DEBUG] [org.gradle.cache.internal.DefaultFileLockManager] Waiting to acquire shared lock on daemon addresses registry.
2026-09-03T20:39:54.176+0700 [DEBUG] [org.gradle.cache.internal.DefaultFileLockManager] Lock acquired on daemon addresses registry.
2026-09-03T20:39:54.176+0700 [DEBUG] [org.gradle.cache.internal.DefaultFileLockManager] Releasing lock on daemon addresses registry.
2026-09-03T20:39:54.177+0700 [DEBUG] [org.gradle.cache.internal.DefaultFileLockManager] Waiting to acquire shared lock on daemon addresses registry.
2026-09-03T20:39:54.177+0700 [DEBUG] [org.gradle.cache.internal.DefaultFileLockManager] Lock acquired on daemon addresses registry.
2026-09-03T20:39:54.177+0700 [DEBUG] [org.gradle.cache.internal.DefaultFileLockManager] Releasing lock on daemon addresses registry.
2026-09-03T20:40:04.178+0700 [DEBUG] [org.gradle.cache.internal.DefaultFileLockManager] Waiting to acquire shared lock on daemon addresses registry.
2026-09-03T20:40:04.178+0700 [DEBUG] [org.gradle.cache.internal.DefaultFileLockManager] Lock acquired on daemon addresses registry.
2026-09-03T20:40:04.178+0700 [DEBUG] [org.gradle.cache.internal.DefaultFileLockManager] Releasing lock on daemon addresses registry.
2026-09-03T20:40:04.179+0700 [DEBUG] [org.gradle.cache.internal.DefaultFileLockManager] Waiting to acquire shared lock on daemon addresses registry.
2026-09-03T20:40:04.179+0700 [DEBUG] [org.gradle.cache.internal.DefaultFileLockManager] Lock acquired on daemon addresses registry.
2026-09-03T20:40:04.180+0700 [DEBUG] [org.gradle.cache.internal.DefaultFileLockManager] Releasing lock on daemon addresses registry.
2026-09-03T20:40:04.182+0700 [DEBUG] [org.gradle.cache.internal.DefaultFileLockManager] Waiting to acquire shared lock on daemon addresses registry.
2026-09-03T20:40:04.182+0700 [DEBUG] [org.gradle.cache.internal.DefaultFileLockManager] Lock acquired on daemon addresses registry.
2026-09-03T20:40:04.183+0700 [DEBUG] [org.gradle.cache.internal.DefaultFileLockManager] Releasing lock on daemon addresses registry.
2026-09-03T20:40:07.926+0700 [DEBUG] [org.gradle.process.internal.health.memory.DefaultMemoryManager] 638754816 physical memory requested, 518418432 free
2026-09-03T20:40:07.926+0700 [DEBUG] [org.gradle.workers.internal.WorkerDaemonExpiration] Will attempt to release 609 of memory
2026-09-03T20:40:07.926+0700 [DEBUG] [org.gradle.process.internal.health.memory.DefaultMemoryManager] 638754816 physical memory requested, 0 released, 518418432 free
2026-09-03T20:40:12.927+0700 [DEBUG] [org.gradle.process.internal.health.memory.DefaultMemoryManager] 638754816 physical memory requested, 506056704 free
2026-09-03T20:40:12.927+0700 [DEBUG] [org.gradle.workers.internal.WorkerDaemonExpiration] Will attempt to release 609 of memory
2026-09-03T20:40:12.927+0700 [DEBUG] [org.gradle.process.internal.health.memory.DefaultMemoryManager] 638754816 physical memory requested, 0 released, 506056704 free
2026-09-03T20:40:14.178+0700 [DEBUG] [org.gradle.cache.internal.DefaultFileLockManager] Waiting to acquire shared lock on daemon addresses registry.
2026-09-03T20:40:14.179+0700 [DEBUG] [org.gradle.cache.internal.DefaultFileLockManager] Lock acquired on daemon addresses registry.
2026-09-03T20:40:14.179+0700 [DEBUG] [org.gradle.cache.internal.DefaultFileLockManager] Releasing lock on daemon addresses registry.
2026-09-03T20:40:14.183+0700 [DEBUG] [org.gradle.cache.internal.DefaultFileLockManager] Waiting to acquire shared lock on daemon addresses registry.
2026-09-03T20:40:14.183+0700 [DEBUG] [org.gradle.cache.internal.DefaultFileLockManager] Lock acquired on daemon addresses registry.
2026-09-03T20:40:14.183+0700 [DEBUG] [org.gradle.cache.internal.DefaultFileLockManager] Releasing lock on daemon addresses registry.
2026-09-03T20:40:14.187+0700 [DEBUG] [org.gradle.cache.internal.DefaultFileLockManager] Waiting to acquire shared lock on daemon addresses registry.
2026-09-03T20:40:14.188+0700 [DEBUG] [org.gradle.cache.internal.DefaultFileLockManager] Lock acquired on daemon addresses registry.
2026-09-03T20:40:14.189+0700 [DEBUG] [org.gradle.cache.internal.DefaultFileLockManager] Releasing lock on daemon addresses registry.
2026-09-03T20:40:17.917+0700 [DEBUG] [org.gradle.process.internal.health.memory.DefaultMemoryManager] 638754816 physical memory requested, 419803136 free
2026-09-03T20:40:17.918+0700 [DEBUG] [org.gradle.workers.internal.WorkerDaemonExpiration] Will attempt to release 609 of memory
2026-09-03T20:40:17.918+0700 [DEBUG] [org.gradle.process.internal.health.memory.DefaultMemoryManager] 638754816 physical memory requested, 0 released, 419803136 free
2026-09-03T20:40:22.925+0700 [DEBUG] [org.gradle.process.internal.health.memory.DefaultMemoryManager] 638754816 physical memory requested, 342110208 free
2026-09-03T20:40:22.925+0700 [DEBUG] [org.gradle.workers.internal.WorkerDaemonExpiration] Will attempt to release 609 of memory
2026-09-03T20:40:22.926+0700 [DEBUG] [org.gradle.process.internal.health.memory.DefaultMemoryManager] 638754816 physical memory requested, 0 released, 342110208 free
2026-09-03T20:40:24.249+0700 [DEBUG] [org.gradle.cache.internal.DefaultFileLockManager] Waiting to acquire shared lock on daemon addresses registry.
2026-09-03T20:40:24.249+0700 [DEBUG] [org.gradle.cache.internal.DefaultFileLockManager] Lock acquired on daemon addresses registry.
2026-09-03T20:40:24.250+0700 [DEBUG] [org.gradle.cache.internal.DefaultFileLockManager] Releasing lock on daemon addresses registry.
2026-09-03T20:40:24.303+0700 [DEBUG] [org.gradle.cache.internal.DefaultFileLockManager] Waiting to acquire shared lock on daemon addresses registry.
2026-09-03T20:40:24.304+0700 [DEBUG] [org.gradle.cache.internal.DefaultFileLockManager] Lock acquired on daemon addresses registry.
2026-09-03T20:40:24.304+0700 [DEBUG] [org.gradle.cache.internal.DefaultFileLockManager] Releasing lock on daemon addresses registry.
2026-09-03T20:40:24.305+0700 [DEBUG] [org.gradle.cache.internal.DefaultFileLockManager] Waiting to acquire shared lock on daemon addresses registry.
2026-09-03T20:40:24.306+0700 [DEBUG] [org.gradle.cache.internal.DefaultFileLockManager] Lock acquired on daemon addresses registry.
2026-09-03T20:40:24.333+0700 [DEBUG] [org.gradle.cache.internal.DefaultFileLockManager] Releasing lock on daemon addresses registry.
2026-09-03T20:40:27.928+0700 [DEBUG] [org.gradle.process.internal.health.memory.DefaultMemoryManager] 638754816 physical memory requested, 439930880 free
2026-09-03T20:40:27.928+0700 [DEBUG] [org.gradle.workers.internal.WorkerDaemonExpiration] Will attempt to release 609 of memory
2026-09-03T20:40:27.928+0700 [DEBUG] [org.gradle.process.internal.health.memory.DefaultMemoryManager] 638754816 physical memory requested, 0 released, 439930880 free
2026-09-03T20:40:32.927+0700 [DEBUG] [org.gradle.process.internal.health.memory.DefaultMemoryManager] 638754816 physical memory requested, 434561024 free
2026-09-03T20:40:32.927+0700 [DEBUG] [org.gradle.workers.internal.WorkerDaemonExpiration] Will attempt to release 609 of memory
2026-09-03T20:40:32.927+0700 [DEBUG] [org.gradle.process.internal.health.memory.DefaultMemoryManager] 638754816 physical memory requested, 0 released, 434561024 free
2026-09-03T20:40:34.189+0700 [DEBUG] [org.gradle.cache.internal.DefaultFileLockManager] Waiting to acquire shared lock on daemon addresses registry.
2026-09-03T20:40:34.189+0700 [DEBUG] [org.gradle.cache.internal.DefaultFileLockManager] Lock acquired on daemon addresses registry.
2026-09-03T20:40:34.190+0700 [DEBUG] [org.gradle.cache.internal.DefaultFileLockManager] Releasing lock on daemon addresses registry.
2026-09-03T20:40:34.191+0700 [DEBUG] [org.gradle.cache.internal.DefaultFileLockManager] Waiting to acquire shared lock on daemon addresses registry.
2026-09-03T20:40:34.191+0700 [DEBUG] [org.gradle.cache.internal.DefaultFileLockManager] Lock acquired on daemon addresses registry.
2026-09-03T20:40:34.191+0700 [DEBUG] [org.gradle.cache.internal.DefaultFileLockManager] Releasing lock on daemon addresses registry.
2026-09-03T20:40:34.192+0700 [DEBUG] [org.gradle.cache.internal.DefaultFileLockManager] Waiting to acquire shared lock on daemon addresses registry.
2026-09-03T20:40:34.192+0700 [DEBUG] [org.gradle.cache.internal.DefaultFileLockManager] Lock acquired on daemon addresses registry.
2026-09-03T20:40:34.192+0700 [DEBUG] [org.gradle.cache.internal.DefaultFileLockManager] Releasing lock on daemon addresses registry.
2026-09-03T20:40:37.928+0700 [DEBUG] [org.gradle.process.internal.health.memory.DefaultMemoryManager] 638754816 physical memory requested, 437833728 free
2026-09-03T20:40:37.929+0700 [DEBUG] [org.gradle.workers.internal.WorkerDaemonExpiration] Will attempt to release 609 of memory
2026-09-03T20:40:37.929+0700 [DEBUG] [org.gradle.process.internal.health.memory.DefaultMemoryManager] 638754816 physical memory requested, 0 released, 437833728 free
2026-09-03T20:40:44.176+0700 [DEBUG] [org.gradle.cache.internal.DefaultFileLockManager] Waiting to acquire shared lock on daemon addresses registry.
2026-09-03T20:40:44.176+0700 [DEBUG] [org.gradle.cache.internal.DefaultFileLockManager] Lock acquired on daemon addresses registry.
2026-09-03T20:40:44.176+0700 [DEBUG] [org.gradle.cache.internal.DefaultFileLockManager] Releasing lock on daemon addresses registry.
2026-09-03T20:40:44.177+0700 [DEBUG] [org.gradle.cache.internal.DefaultFileLockManager] Waiting to acquire shared lock on daemon addresses registry.
2026-09-03T20:40:44.177+0700 [DEBUG] [org.gradle.cache.internal.DefaultFileLockManager] Lock acquired on daemon addresses registry.
2026-09-03T20:40:44.177+0700 [DEBUG] [org.gradle.cache.internal.DefaultFileLockManager] Releasing lock on daemon addresses registry.
2026-09-03T20:40:44.178+0700 [DEBUG] [org.gradle.cache.internal.DefaultFileLockManager] Waiting to acquire shared lock on daemon addresses registry.
2026-09-03T20:40:44.178+0700 [DEBUG] [org.gradle.cache.internal.DefaultFileLockManager] Lock acquired on daemon addresses registry.
2026-09-03T20:40:44.179+0700 [DEBUG] [org.gradle.cache.internal.DefaultFileLockManager] Releasing lock on daemon addresses registry.
2026-09-03T20:40:54.178+0700 [DEBUG] [org.gradle.cache.internal.DefaultFileLockManager] Waiting to acquire shared lock on daemon addresses registry.
2026-09-03T20:40:54.178+0700 [DEBUG] [org.gradle.cache.internal.DefaultFileLockManager] Lock acquired on daemon addresses registry.
2026-09-03T20:40:54.179+0700 [DEBUG] [org.gradle.cache.internal.DefaultFileLockManager] Releasing lock on daemon addresses registry.
2026-09-03T20:40:54.180+0700 [DEBUG] [org.gradle.cache.internal.DefaultFileLockManager] Waiting to acquire shared lock on daemon addresses registry.
2026-09-03T20:40:54.180+0700 [DEBUG] [org.gradle.cache.internal.DefaultFileLockManager] Lock acquired on daemon addresses registry.
2026-09-03T20:40:54.180+0700 [DEBUG] [org.gradle.cache.internal.DefaultFileLockManager] Releasing lock on daemon addresses registry.
2026-09-03T20:40:54.190+0700 [DEBUG] [org.gradle.cache.internal.DefaultFileLockManager] Waiting to acquire shared lock on daemon addresses registry.
2026-09-03T20:40:54.190+0700 [DEBUG] [org.gradle.cache.internal.DefaultFileLockManager] Lock acquired on daemon addresses registry.
2026-09-03T20:40:54.191+0700 [DEBUG] [org.gradle.cache.internal.DefaultFileLockManager] Releasing lock on daemon addresses registry.
2026-09-03T20:41:04.179+0700 [DEBUG] [org.gradle.cache.internal.DefaultFileLockManager] Waiting to acquire shared lock on daemon addresses registry.
2026-09-03T20:41:04.179+0700 [DEBUG] [org.gradle.cache.internal.DefaultFileLockManager] Lock acquired on daemon addresses registry.
2026-09-03T20:41:04.180+0700 [DEBUG] [org.gradle.cache.internal.DefaultFileLockManager] Releasing lock on daemon addresses registry.
2026-09-03T20:41:04.181+0700 [DEBUG] [org.gradle.cache.internal.DefaultFileLockManager] Waiting to acquire shared lock on daemon addresses registry.
2026-09-03T20:41:04.181+0700 [DEBUG] [org.gradle.cache.internal.DefaultFileLockManager] Lock acquired on daemon addresses registry.
2026-09-03T20:41:04.181+0700 [DEBUG] [org.gradle.cache.internal.DefaultFileLockManager] Releasing lock on daemon addresses registry.
2026-09-03T20:41:04.182+0700 [DEBUG] [org.gradle.cache.internal.DefaultFileLockManager] Waiting to acquire shared lock on daemon addresses registry.
2026-09-03T20:41:04.182+0700 [DEBUG] [org.gradle.cache.internal.DefaultFileLockManager] Lock acquired on daemon addresses registry.
2026-09-03T20:41:04.183+0700 [DEBUG] [org.gradle.cache.internal.DefaultFileLockManager] Releasing lock on daemon addresses registry.
2026-09-03T20:41:14.182+0700 [DEBUG] [org.gradle.cache.internal.DefaultFileLockManager] Waiting to acquire shared lock on daemon addresses registry.
2026-09-03T20:41:14.183+0700 [DEBUG] [org.gradle.cache.internal.DefaultFileLockManager] Lock acquired on daemon addresses registry.
2026-09-03T20:41:14.183+0700 [DEBUG] [org.gradle.cache.internal.DefaultFileLockManager] Releasing lock on daemon addresses registry.
2026-09-03T20:41:14.185+0700 [DEBUG] [org.gradle.cache.internal.DefaultFileLockManager] Waiting to acquire shared lock on daemon addresses registry.
2026-09-03T20:41:14.185+0700 [DEBUG] [org.gradle.cache.internal.DefaultFileLockManager] Lock acquired on daemon addresses registry.
2026-09-03T20:41:14.185+0700 [DEBUG] [org.gradle.cache.internal.DefaultFileLockManager] Releasing lock on daemon addresses registry.
2026-09-03T20:41:14.186+0700 [DEBUG] [org.gradle.cache.internal.DefaultFileLockManager] Waiting to acquire shared lock on daemon addresses registry.
2026-09-03T20:41:14.186+0700 [DEBUG] [org.gradle.cache.internal.DefaultFileLockManager] Lock acquired on daemon addresses registry.
2026-09-03T20:41:14.188+0700 [DEBUG] [org.gradle.cache.internal.DefaultFileLockManager] Releasing lock on daemon addresses registry.
2026-09-03T20:41:24.169+0700 [DEBUG] [org.gradle.cache.internal.DefaultFileLockManager] Waiting to acquire shared lock on daemon addresses registry.
2026-09-03T20:41:24.170+0700 [DEBUG] [org.gradle.cache.internal.DefaultFileLockManager] Lock acquired on daemon addresses registry.
2026-09-03T20:41:24.170+0700 [DEBUG] [org.gradle.cache.internal.DefaultFileLockManager] Releasing lock on daemon addresses registry.
2026-09-03T20:41:24.172+0700 [DEBUG] [org.gradle.cache.internal.DefaultFileLockManager] Waiting to acquire shared lock on daemon addresses registry.
2026-09-03T20:41:24.172+0700 [DEBUG] [org.gradle.cache.internal.DefaultFileLockManager] Lock acquired on daemon addresses registry.
2026-09-03T20:41:24.173+0700 [DEBUG] [org.gradle.cache.internal.DefaultFileLockManager] Releasing lock on daemon addresses registry.
2026-09-03T20:41:24.175+0700 [DEBUG] [org.gradle.cache.internal.DefaultFileLockManager] Waiting to acquire shared lock on daemon addresses registry.
2026-09-03T20:41:24.175+0700 [DEBUG] [org.gradle.cache.internal.DefaultFileLockManager] Lock acquired on daemon addresses registry.
2026-09-03T20:41:24.175+0700 [DEBUG] [org.gradle.cache.internal.DefaultFileLockManager] Releasing lock on daemon addresses registry.
2026-09-03T20:41:34.170+0700 [DEBUG] [org.gradle.cache.internal.DefaultFileLockManager] Waiting to acquire shared lock on daemon addresses registry.
2026-09-03T20:41:34.170+0700 [DEBUG] [org.gradle.cache.internal.DefaultFileLockManager] Lock acquired on daemon addresses registry.
2026-09-03T20:41:34.170+0700 [DEBUG] [org.gradle.cache.internal.DefaultFileLockManager] Releasing lock on daemon addresses registry.
2026-09-03T20:41:34.172+0700 [DEBUG] [org.gradle.cache.internal.DefaultFileLockManager] Waiting to acquire shared lock on daemon addresses registry.
2026-09-03T20:41:34.172+0700 [DEBUG] [org.gradle.cache.internal.DefaultFileLockManager] Lock acquired on daemon addresses registry.
2026-09-03T20:41:34.173+0700 [DEBUG] [org.gradle.cache.internal.DefaultFileLockManager] Releasing lock on daemon addresses registry.
2026-09-03T20:41:34.174+0700 [DEBUG] [org.gradle.cache.internal.DefaultFileLockManager] Waiting to acquire shared lock on daemon addresses registry.
2026-09-03T20:41:34.174+0700 [DEBUG] [org.gradle.cache.internal.DefaultFileLockManager] Lock acquired on daemon addresses registry.
2026-09-03T20:41:34.175+0700 [DEBUG] [org.gradle.cache.internal.DefaultFileLockManager] Releasing lock on daemon addresses registry.
2026-09-03T20:41:42.915+0700 [DEBUG] [org.gradle.process.internal.health.memory.DefaultMemoryManager] 638754816 physical memory requested, 557629440 free
2026-09-03T20:41:42.915+0700 [DEBUG] [org.gradle.workers.internal.WorkerDaemonExpiration] Will attempt to release 609 of memory
2026-09-03T20:41:42.915+0700 [DEBUG] [org.gradle.process.internal.health.memory.DefaultMemoryManager] 638754816 physical memory requested, 0 released, 557629440 free
2026-09-03T20:41:44.170+0700 [DEBUG] [org.gradle.cache.internal.DefaultFileLockManager] Waiting to acquire shared lock on daemon addresses registry.
2026-09-03T20:41:44.170+0700 [DEBUG] [org.gradle.cache.internal.DefaultFileLockManager] Lock acquired on daemon addresses registry.
2026-09-03T20:41:44.171+0700 [DEBUG] [org.gradle.cache.internal.DefaultFileLockManager] Releasing lock on daemon addresses registry.
2026-09-03T20:41:44.172+0700 [DEBUG] [org.gradle.cache.internal.DefaultFileLockManager] Waiting to acquire shared lock on daemon addresses registry.
2026-09-03T20:41:44.173+0700 [DEBUG] [org.gradle.cache.internal.DefaultFileLockManager] Lock acquired on daemon addresses registry.
2026-09-03T20:41:44.174+0700 [DEBUG] [org.gradle.cache.internal.DefaultFileLockManager] Releasing lock on daemon addresses registry.
2026-09-03T20:41:44.177+0700 [DEBUG] [org.gradle.cache.internal.DefaultFileLockManager] Waiting to acquire shared lock on daemon addresses registry.
2026-09-03T20:41:44.177+0700 [DEBUG] [org.gradle.cache.internal.DefaultFileLockManager] Lock acquired on daemon addresses registry.
2026-09-03T20:41:44.178+0700 [DEBUG] [org.gradle.cache.internal.DefaultFileLockManager] Releasing lock on daemon addresses registry.
2026-09-03T20:41:47.915+0700 [DEBUG] [org.gradle.process.internal.health.memory.DefaultMemoryManager] 638754816 physical memory requested, 265990144 free
2026-09-03T20:41:47.915+0700 [DEBUG] [org.gradle.workers.internal.WorkerDaemonExpiration] Will attempt to release 609 of memory
2026-09-03T20:41:47.916+0700 [DEBUG] [org.gradle.process.internal.health.memory.DefaultMemoryManager] 638754816 physical memory requested, 0 released, 265990144 free
2026-09-03T20:41:54.170+0700 [DEBUG] [org.gradle.cache.internal.DefaultFileLockManager] Waiting to acquire shared lock on daemon addresses registry.
2026-09-03T20:41:54.170+0700 [DEBUG] [org.gradle.cache.internal.DefaultFileLockManager] Lock acquired on daemon addresses registry.
2026-09-03T20:41:54.171+0700 [DEBUG] [org.gradle.cache.internal.DefaultFileLockManager] Releasing lock on daemon addresses registry.
2026-09-03T20:41:54.174+0700 [DEBUG] [org.gradle.cache.internal.DefaultFileLockManager] Waiting to acquire shared lock on daemon addresses registry.
2026-09-03T20:41:54.175+0700 [DEBUG] [org.gradle.cache.internal.DefaultFileLockManager] Lock acquired on daemon addresses registry.
2026-09-03T20:41:54.175+0700 [DEBUG] [org.gradle.cache.internal.DefaultFileLockManager] Releasing lock on daemon addresses registry.
2026-09-03T20:41:54.176+0700 [DEBUG] [org.gradle.cache.internal.DefaultFileLockManager] Waiting to acquire shared lock on daemon addresses registry.
2026-09-03T20:41:54.176+0700 [DEBUG] [org.gradle.cache.internal.DefaultFileLockManager] Lock acquired on daemon addresses registry.
2026-09-03T20:41:54.177+0700 [DEBUG] [org.gradle.cache.internal.DefaultFileLockManager] Releasing lock on daemon addresses registry.
2026-09-03T20:41:57.914+0700 [DEBUG] [org.gradle.process.internal.health.memory.DefaultMemoryManager] 638754816 physical memory requested, 562556928 free
2026-09-03T20:41:57.915+0700 [DEBUG] [org.gradle.workers.internal.WorkerDaemonExpiration] Will attempt to release 609 of memory
2026-09-03T20:41:57.915+0700 [DEBUG] [org.gradle.process.internal.health.memory.DefaultMemoryManager] 638754816 physical memory requested, 0 released, 562556928 free
2026-09-03T20:42:04.171+0700 [DEBUG] [org.gradle.cache.internal.DefaultFileLockManager] Waiting to acquire shared lock on daemon addresses registry.
2026-09-03T20:42:04.171+0700 [DEBUG] [org.gradle.cache.internal.DefaultFileLockManager] Lock acquired on daemon addresses registry.
2026-09-03T20:42:04.171+0700 [DEBUG] [org.gradle.cache.internal.DefaultFileLockManager] Releasing lock on daemon addresses registry.
2026-09-03T20:42:04.207+0700 [DEBUG] [org.gradle.cache.internal.DefaultFileLockManager] Waiting to acquire shared lock on daemon addresses registry.
2026-09-03T20:42:04.208+0700 [DEBUG] [org.gradle.cache.internal.DefaultFileLockManager] Lock acquired on daemon addresses registry.
2026-09-03T20:42:04.209+0700 [DEBUG] [org.gradle.cache.internal.DefaultFileLockManager] Releasing lock on daemon addresses registry.
2026-09-03T20:42:04.211+0700 [DEBUG] [org.gradle.cache.internal.DefaultFileLockManager] Waiting to acquire shared lock on daemon addresses registry.
2026-09-03T20:42:04.211+0700 [DEBUG] [org.gradle.cache.internal.DefaultFileLockManager] Lock acquired on daemon addresses registry.
2026-09-03T20:42:04.212+0700 [DEBUG] [org.gradle.cache.internal.DefaultFileLockManager] Releasing lock on daemon addresses registry.
2026-09-03T20:42:14.172+0700 [DEBUG] [org.gradle.cache.internal.DefaultFileLockManager] Waiting to acquire shared lock on daemon addresses registry.
2026-09-03T20:42:14.173+0700 [DEBUG] [org.gradle.cache.internal.DefaultFileLockManager] Lock acquired on daemon addresses registry.
2026-09-03T20:42:14.173+0700 [DEBUG] [org.gradle.cache.internal.DefaultFileLockManager] Releasing lock on daemon addresses registry.
2026-09-03T20:42:14.176+0700 [DEBUG] [org.gradle.cache.internal.DefaultFileLockManager] Waiting to acquire shared lock on daemon addresses registry.
2026-09-03T20:42:14.176+0700 [DEBUG] [org.gradle.cache.internal.DefaultFileLockManager] Lock acquired on daemon addresses registry.
2026-09-03T20:42:14.178+0700 [DEBUG] [org.gradle.cache.internal.DefaultFileLockManager] Releasing lock on daemon addresses registry.
2026-09-03T20:42:14.179+0700 [DEBUG] [org.gradle.cache.internal.DefaultFileLockManager] Waiting to acquire shared lock on daemon addresses registry.
2026-09-03T20:42:14.179+0700 [DEBUG] [org.gradle.cache.internal.DefaultFileLockManager] Lock acquired on daemon addresses registry.
2026-09-03T20:42:14.180+0700 [DEBUG] [org.gradle.cache.internal.DefaultFileLockManager] Releasing lock on daemon addresses registry.
2026-09-03T20:42:22.916+0700 [DEBUG] [org.gradle.process.internal.health.memory.DefaultMemoryManager] 638754816 physical memory requested, 377393152 free
2026-09-03T20:42:22.916+0700 [DEBUG] [org.gradle.workers.internal.WorkerDaemonExpiration] Will attempt to release 609 of memory
2026-09-03T20:42:22.916+0700 [DEBUG] [org.gradle.process.internal.health.memory.DefaultMemoryManager] 638754816 physical memory requested, 0 released, 377393152 free
2026-09-03T20:42:24.175+0700 [DEBUG] [org.gradle.cache.internal.DefaultFileLockManager] Waiting to acquire shared lock on daemon addresses registry.
2026-09-03T20:42:24.176+0700 [DEBUG] [org.gradle.cache.internal.DefaultFileLockManager] Lock acquired on daemon addresses registry.
2026-09-03T20:42:24.177+0700 [DEBUG] [org.gradle.cache.internal.DefaultFileLockManager] Releasing lock on daemon addresses registry.
2026-09-03T20:42:24.181+0700 [DEBUG] [org.gradle.cache.internal.DefaultFileLockManager] Waiting to acquire shared lock on daemon addresses registry.
2026-09-03T20:42:24.182+0700 [DEBUG] [org.gradle.cache.internal.DefaultFileLockManager] Lock acquired on daemon addresses registry.
2026-09-03T20:42:24.184+0700 [DEBUG] [org.gradle.cache.internal.DefaultFileLockManager] Releasing lock on daemon addresses registry.
2026-09-03T20:42:24.190+0700 [DEBUG] [org.gradle.cache.internal.DefaultFileLockManager] Waiting to acquire shared lock on daemon addresses registry.
2026-09-03T20:42:24.191+0700 [DEBUG] [org.gradle.cache.internal.DefaultFileLockManager] Lock acquired on daemon addresses registry.
2026-09-03T20:42:24.192+0700 [DEBUG] [org.gradle.cache.internal.DefaultFileLockManager] Releasing lock on daemon addresses registry.
2026-09-03T20:42:27.915+0700 [DEBUG] [org.gradle.process.internal.health.memory.DefaultMemoryManager] 638754816 physical memory requested, 497766400 free
2026-09-03T20:42:27.915+0700 [DEBUG] [org.gradle.workers.internal.WorkerDaemonExpiration] Will attempt to release 609 of memory
2026-09-03T20:42:27.915+0700 [DEBUG] [org.gradle.process.internal.health.memory.DefaultMemoryManager] 638754816 physical memory requested, 0 released, 497766400 free
2026-09-03T20:42:32.916+0700 [DEBUG] [org.gradle.process.internal.health.memory.DefaultMemoryManager] 638754816 physical memory requested, 523415552 free
2026-09-03T20:42:32.917+0700 [DEBUG] [org.gradle.workers.internal.WorkerDaemonExpiration] Will attempt to release 609 of memory
2026-09-03T20:42:32.917+0700 [DEBUG] [org.gradle.process.internal.health.memory.DefaultMemoryManager] 638754816 physical memory requested, 0 released, 523415552 free
2026-09-03T20:42:34.170+0700 [DEBUG] [org.gradle.cache.internal.DefaultFileLockManager] Waiting to acquire shared lock on daemon addresses registry.
2026-09-03T20:42:34.170+0700 [DEBUG] [org.gradle.cache.internal.DefaultFileLockManager] Lock acquired on daemon addresses registry.
2026-09-03T20:42:34.171+0700 [DEBUG] [org.gradle.cache.internal.DefaultFileLockManager] Releasing lock on daemon addresses registry.
2026-09-03T20:42:34.173+0700 [DEBUG] [org.gradle.cache.internal.DefaultFileLockManager] Waiting to acquire shared lock on daemon addresses registry.
2026-09-03T20:42:34.173+0700 [DEBUG] [org.gradle.cache.internal.DefaultFileLockManager] Lock acquired on daemon addresses registry.
2026-09-03T20:42:34.173+0700 [DEBUG] [org.gradle.cache.internal.DefaultFileLockManager] Releasing lock on daemon addresses registry.
2026-09-03T20:42:34.175+0700 [DEBUG] [org.gradle.cache.internal.DefaultFileLockManager] Waiting to acquire shared lock on daemon addresses registry.
2026-09-03T20:42:34.175+0700 [DEBUG] [org.gradle.cache.internal.DefaultFileLockManager] Lock acquired on daemon addresses registry.
2026-09-03T20:42:34.175+0700 [DEBUG] [org.gradle.cache.internal.DefaultFileLockManager] Releasing lock on daemon addresses registry.
2026-09-03T20:42:44.169+0700 [DEBUG] [org.gradle.cache.internal.DefaultFileLockManager] Waiting to acquire shared lock on daemon addresses registry.
2026-09-03T20:42:44.169+0700 [DEBUG] [org.gradle.cache.internal.DefaultFileLockManager] Lock acquired on daemon addresses registry.
2026-09-03T20:42:44.170+0700 [DEBUG] [org.gradle.cache.internal.DefaultFileLockManager] Releasing lock on daemon addresses registry.
2026-09-03T20:42:44.172+0700 [DEBUG] [org.gradle.cache.internal.DefaultFileLockManager] Waiting to acquire shared lock on daemon addresses registry.
2026-09-03T20:42:44.172+0700 [DEBUG] [org.gradle.cache.internal.DefaultFileLockManager] Lock acquired on daemon addresses registry.
2026-09-03T20:42:44.173+0700 [DEBUG] [org.gradle.cache.internal.DefaultFileLockManager] Releasing lock on daemon addresses registry.
2026-09-03T20:42:44.175+0700 [DEBUG] [org.gradle.cache.internal.DefaultFileLockManager] Waiting to acquire shared lock on daemon addresses registry.
2026-09-03T20:42:44.175+0700 [DEBUG] [org.gradle.cache.internal.DefaultFileLockManager] Lock acquired on daemon addresses registry.
2026-09-03T20:42:44.176+0700 [DEBUG] [org.gradle.cache.internal.DefaultFileLockManager] Releasing lock on daemon addresses registry.
2026-09-03T20:42:54.169+0700 [DEBUG] [org.gradle.cache.internal.DefaultFileLockManager] Waiting to acquire shared lock on daemon addresses registry.
2026-09-03T20:42:54.169+0700 [DEBUG] [org.gradle.cache.internal.DefaultFileLockManager] Lock acquired on daemon addresses registry.
2026-09-03T20:42:54.182+0700 [DEBUG] [org.gradle.cache.internal.DefaultFileLockManager] Releasing lock on daemon addresses registry.
2026-09-03T20:42:54.184+0700 [DEBUG] [org.gradle.cache.internal.DefaultFileLockManager] Waiting to acquire shared lock on daemon addresses registry.
2026-09-03T20:42:54.184+0700 [DEBUG] [org.gradle.cache.internal.DefaultFileLockManager] Lock acquired on daemon addresses registry.
2026-09-03T20:42:54.184+0700 [DEBUG] [org.gradle.cache.internal.DefaultFileLockManager] Releasing lock on daemon addresses registry.
2026-09-03T20:42:54.185+0700 [DEBUG] [org.gradle.cache.internal.DefaultFileLockManager] Waiting to acquire shared lock on daemon addresses registry.
2026-09-03T20:42:54.185+0700 [DEBUG] [org.gradle.cache.internal.DefaultFileLockManager] Lock acquired on daemon addresses registry.
2026-09-03T20:42:54.185+0700 [DEBUG] [org.gradle.cache.internal.DefaultFileLockManager] Releasing lock on daemon addresses registry.
2026-09-03T20:42:55.354+0700 [DEBUG] [sun.rmi.transport.tcp] RMI TCP Connection(22)-127.0.0.1: accepted socket from [127.0.0.1:57487]
2026-09-03T20:42:55.355+0700 [DEBUG] [sun.rmi.transport.tcp] RMI TCP Connection(22)-127.0.0.1: (port 61098) op = 80
2026-09-03T20:42:55.356+0700 [DEBUG] [sun.rmi.loader] RMI TCP Connection(22)-127.0.0.1: name = "[Ljava.rmi.server.ObjID;", codebase = "", defaultLoader = jdk.internal.loader.ClassLoaders$PlatformClassLoader@2a87d96
2026-09-03T20:42:55.356+0700 [DEBUG] [sun.rmi.loader] RMI TCP Connection(22)-127.0.0.1: name = "java.rmi.dgc.Lease", codebase = "", defaultLoader = jdk.internal.loader.ClassLoaders$PlatformClassLoader@2a87d96
2026-09-03T20:42:55.356+0700 [DEBUG] [sun.rmi.loader] RMI TCP Connection(22)-127.0.0.1: name = "java.rmi.dgc.VMID", codebase = "", defaultLoader = jdk.internal.loader.ClassLoaders$PlatformClassLoader@2a87d96
2026-09-03T20:42:55.356+0700 [DEBUG] [sun.rmi.loader] RMI TCP Connection(22)-127.0.0.1: name = "[B", codebase = "", defaultLoader = jdk.internal.loader.ClassLoaders$PlatformClassLoader@2a87d96
2026-09-03T20:42:55.356+0700 [DEBUG] [sun.rmi.loader] RMI TCP Connection(22)-127.0.0.1: name = "java.rmi.server.UID", codebase = "", defaultLoader = jdk.internal.loader.ClassLoaders$PlatformClassLoader@2a87d96
2026-09-03T20:42:57.915+0700 [DEBUG] [org.gradle.process.internal.health.memory.DefaultMemoryManager] 638754816 physical memory requested, 592650240 free
2026-09-03T20:42:57.915+0700 [DEBUG] [org.gradle.workers.internal.WorkerDaemonExpiration] Will attempt to release 609 of memory
2026-09-03T20:42:57.915+0700 [DEBUG] [org.gradle.process.internal.health.memory.DefaultMemoryManager] 638754816 physical memory requested, 0 released, 592650240 free
2026-09-03T20:43:03.766+0700 [DEBUG] [sun.rmi.transport.tcp] RMI TCP Connection(23)-127.0.0.1: accepted socket from [127.0.0.1:64001]
2026-09-03T20:43:03.768+0700 [DEBUG] [sun.rmi.transport.tcp] RMI TCP Connection(23)-127.0.0.1: (port 61098) op = 80
2026-09-03T20:43:03.768+0700 [DEBUG] [sun.rmi.loader] RMI TCP Connection(23)-127.0.0.1: name = "[Ljava.rmi.server.ObjID;", codebase = "", defaultLoader = jdk.internal.loader.ClassLoaders$PlatformClassLoader@2a87d96
2026-09-03T20:43:03.769+0700 [DEBUG] [sun.rmi.loader] RMI TCP Connection(23)-127.0.0.1: name = "java.rmi.dgc.Lease", codebase = "", defaultLoader = jdk.internal.loader.ClassLoaders$PlatformClassLoader@2a87d96
2026-09-03T20:43:03.770+0700 [DEBUG] [sun.rmi.loader] RMI TCP Connection(23)-127.0.0.1: name = "java.rmi.dgc.VMID", codebase = "", defaultLoader = jdk.internal.loader.ClassLoaders$PlatformClassLoader@2a87d96
2026-09-03T20:43:03.770+0700 [DEBUG] [sun.rmi.loader] RMI TCP Connection(23)-127.0.0.1: name = "[B", codebase = "", defaultLoader = jdk.internal.loader.ClassLoaders$PlatformClassLoader@2a87d96
2026-09-03T20:43:03.771+0700 [DEBUG] [sun.rmi.loader] RMI TCP Connection(23)-127.0.0.1: name = "java.rmi.server.UID", codebase = "", defaultLoader = jdk.internal.loader.ClassLoaders$PlatformClassLoader@2a87d96
2026-09-03T20:43:04.174+0700 [DEBUG] [org.gradle.cache.internal.DefaultFileLockManager] Waiting to acquire shared lock on daemon addresses registry.
2026-09-03T20:43:04.174+0700 [DEBUG] [org.gradle.cache.internal.DefaultFileLockManager] Lock acquired on daemon addresses registry.
2026-09-03T20:43:04.175+0700 [DEBUG] [org.gradle.cache.internal.DefaultFileLockManager] Releasing lock on daemon addresses registry.
2026-09-03T20:43:04.185+0700 [DEBUG] [org.gradle.cache.internal.DefaultFileLockManager] Waiting to acquire shared lock on daemon addresses registry.
2026-09-03T20:43:04.186+0700 [DEBUG] [org.gradle.cache.internal.DefaultFileLockManager] Lock acquired on daemon addresses registry.
2026-09-03T20:43:04.186+0700 [DEBUG] [org.gradle.cache.internal.DefaultFileLockManager] Releasing lock on daemon addresses registry.
2026-09-03T20:43:04.189+0700 [DEBUG] [org.gradle.cache.internal.DefaultFileLockManager] Waiting to acquire shared lock on daemon addresses registry.
2026-09-03T20:43:04.189+0700 [DEBUG] [org.gradle.cache.internal.DefaultFileLockManager] Lock acquired on daemon addresses registry.
2026-09-03T20:43:04.190+0700 [DEBUG] [org.gradle.cache.internal.DefaultFileLockManager] Releasing lock on daemon addresses registry.
2026-09-03T20:43:10.360+0700 [DEBUG] [sun.rmi.transport.tcp] RMI TCP Connection(22)-127.0.0.1: (port 61098) connection closed
2026-09-03T20:43:10.360+0700 [DEBUG] [sun.rmi.transport.tcp] RMI TCP Connection(22)-127.0.0.1: close connection, socket: Socket[addr=/127.0.0.1,port=57487,localport=61098]
2026-09-03T20:43:10.361+0700 [DEBUG] [sun.rmi.transport.tcp] RMI TCP Connection(22)-127.0.0.1: socket close: Socket[addr=/127.0.0.1,port=57487,localport=61098]
2026-09-03T20:43:14.195+0700 [DEBUG] [org.gradle.cache.internal.DefaultFileLockManager] Waiting to acquire shared lock on daemon addresses registry.
2026-09-03T20:43:14.196+0700 [DEBUG] [org.gradle.cache.internal.DefaultFileLockManager] Lock acquired on daemon addresses registry.
2026-09-03T20:43:14.196+0700 [DEBUG] [org.gradle.cache.internal.DefaultFileLockManager] Releasing lock on daemon addresses registry.
2026-09-03T20:43:14.226+0700 [DEBUG] [org.gradle.cache.internal.DefaultFileLockManager] Waiting to acquire shared lock on daemon addresses registry.
2026-09-03T20:43:14.297+0700 [DEBUG] [org.gradle.cache.internal.DefaultFileLockManager] Lock acquired on daemon addresses registry.
2026-09-03T20:43:14.299+0700 [DEBUG] [org.gradle.cache.internal.DefaultFileLockManager] Releasing lock on daemon addresses registry.
2026-09-03T20:43:14.301+0700 [DEBUG] [org.gradle.cache.internal.DefaultFileLockManager] Waiting to acquire shared lock on daemon addresses registry.
2026-09-03T20:43:14.301+0700 [DEBUG] [org.gradle.cache.internal.DefaultFileLockManager] Lock acquired on daemon addresses registry.
2026-09-03T20:43:14.302+0700 [DEBUG] [org.gradle.cache.internal.DefaultFileLockManager] Releasing lock on daemon addresses registry.
2026-09-03T20:43:17.914+0700 [DEBUG] [org.gradle.process.internal.health.memory.DefaultMemoryManager] 638754816 physical memory requested, 438206464 free
2026-09-03T20:43:17.915+0700 [DEBUG] [org.gradle.workers.internal.WorkerDaemonExpiration] Will attempt to release 609 of memory
2026-09-03T20:43:17.915+0700 [DEBUG] [org.gradle.process.internal.health.memory.DefaultMemoryManager] 638754816 physical memory requested, 0 released, 438206464 free
2026-09-03T20:43:18.773+0700 [DEBUG] [sun.rmi.transport.tcp] RMI TCP Connection(23)-127.0.0.1: (port 61098) connection closed
2026-09-03T20:43:18.774+0700 [DEBUG] [sun.rmi.transport.tcp] RMI TCP Connection(23)-127.0.0.1: close connection, socket: Socket[addr=/127.0.0.1,port=64001,localport=61098]
2026-09-03T20:43:18.775+0700 [DEBUG] [sun.rmi.transport.tcp] RMI TCP Connection(23)-127.0.0.1: socket close: Socket[addr=/127.0.0.1,port=64001,localport=61098]
2026-09-03T20:43:22.915+0700 [DEBUG] [org.gradle.process.internal.health.memory.DefaultMemoryManager] 638754816 physical memory requested, 481951744 free
2026-09-03T20:43:22.915+0700 [DEBUG] [org.gradle.workers.internal.WorkerDaemonExpiration] Will attempt to release 609 of memory
2026-09-03T20:43:22.916+0700 [DEBUG] [org.gradle.process.internal.health.memory.DefaultMemoryManager] 638754816 physical memory requested, 0 released, 481951744 free
2026-09-03T20:43:24.169+0700 [DEBUG] [org.gradle.cache.internal.DefaultFileLockManager] Waiting to acquire shared lock on daemon addresses registry.
2026-09-03T20:43:24.170+0700 [DEBUG] [org.gradle.cache.internal.DefaultFileLockManager] Lock acquired on daemon addresses registry.
2026-09-03T20:43:24.170+0700 [DEBUG] [org.gradle.cache.internal.DefaultFileLockManager] Releasing lock on daemon addresses registry.
2026-09-03T20:43:24.172+0700 [DEBUG] [org.gradle.cache.internal.DefaultFileLockManager] Waiting to acquire shared lock on daemon addresses registry.
2026-09-03T20:43:24.172+0700 [DEBUG] [org.gradle.cache.internal.DefaultFileLockManager] Lock acquired on daemon addresses registry.
2026-09-03T20:43:24.172+0700 [DEBUG] [org.gradle.cache.internal.DefaultFileLockManager] Releasing lock on daemon addresses registry.
2026-09-03T20:43:24.173+0700 [DEBUG] [org.gradle.cache.internal.DefaultFileLockManager] Waiting to acquire shared lock on daemon addresses registry.
2026-09-03T20:43:24.173+0700 [DEBUG] [org.gradle.cache.internal.DefaultFileLockManager] Lock acquired on daemon addresses registry.
2026-09-03T20:43:24.175+0700 [DEBUG] [org.gradle.cache.internal.DefaultFileLockManager] Releasing lock on daemon addresses registry.
2026-09-03T20:43:27.916+0700 [DEBUG] [org.gradle.process.internal.health.memory.DefaultMemoryManager] 638754816 physical memory requested, 369168384 free
2026-09-03T20:43:27.916+0700 [DEBUG] [org.gradle.workers.internal.WorkerDaemonExpiration] Will attempt to release 609 of memory
2026-09-03T20:43:27.916+0700 [DEBUG] [org.gradle.process.internal.health.memory.DefaultMemoryManager] 638754816 physical memory requested, 0 released, 369168384 free
2026-09-03T20:43:32.916+0700 [DEBUG] [org.gradle.process.internal.health.memory.DefaultMemoryManager] 638754816 physical memory requested, 427470848 free
2026-09-03T20:43:32.917+0700 [DEBUG] [org.gradle.workers.internal.WorkerDaemonExpiration] Will attempt to release 609 of memory
2026-09-03T20:43:32.917+0700 [DEBUG] [org.gradle.process.internal.health.memory.DefaultMemoryManager] 638754816 physical memory requested, 0 released, 427470848 free
2026-09-03T20:43:34.173+0700 [DEBUG] [org.gradle.cache.internal.DefaultFileLockManager] Waiting to acquire shared lock on daemon addresses registry.
2026-09-03T20:43:34.173+0700 [DEBUG] [org.gradle.cache.internal.DefaultFileLockManager] Lock acquired on daemon addresses registry.
2026-09-03T20:43:34.173+0700 [DEBUG] [org.gradle.cache.internal.DefaultFileLockManager] Releasing lock on daemon addresses registry.
2026-09-03T20:43:34.176+0700 [DEBUG] [org.gradle.cache.internal.DefaultFileLockManager] Waiting to acquire shared lock on daemon addresses registry.
2026-09-03T20:43:34.176+0700 [DEBUG] [org.gradle.cache.internal.DefaultFileLockManager] Lock acquired on daemon addresses registry.
2026-09-03T20:43:34.176+0700 [DEBUG] [org.gradle.cache.internal.DefaultFileLockManager] Releasing lock on daemon addresses registry.
2026-09-03T20:43:34.179+0700 [DEBUG] [org.gradle.cache.internal.DefaultFileLockManager] Waiting to acquire shared lock on daemon addresses registry.
2026-09-03T20:43:34.179+0700 [DEBUG] [org.gradle.cache.internal.DefaultFileLockManager] Lock acquired on daemon addresses registry.
2026-09-03T20:43:34.179+0700 [DEBUG] [org.gradle.cache.internal.DefaultFileLockManager] Releasing lock on daemon addresses registry.
2026-09-03T20:43:37.915+0700 [DEBUG] [org.gradle.process.internal.health.memory.DefaultMemoryManager] 638754816 physical memory requested, 531853312 free
2026-09-03T20:43:37.915+0700 [DEBUG] [org.gradle.workers.internal.WorkerDaemonExpiration] Will attempt to release 609 of memory
2026-09-03T20:43:37.915+0700 [DEBUG] [org.gradle.process.internal.health.memory.DefaultMemoryManager] 638754816 physical memory requested, 0 released, 531853312 free
2026-09-03T20:43:44.231+0700 [DEBUG] [org.gradle.cache.internal.DefaultFileLockManager] Waiting to acquire shared lock on daemon addresses registry.
2026-09-03T20:43:44.231+0700 [DEBUG] [org.gradle.cache.internal.DefaultFileLockManager] Lock acquired on daemon addresses registry.
2026-09-03T20:43:44.231+0700 [DEBUG] [org.gradle.cache.internal.DefaultFileLockManager] Releasing lock on daemon addresses registry.
2026-09-03T20:43:44.233+0700 [DEBUG] [org.gradle.cache.internal.DefaultFileLockManager] Waiting to acquire shared lock on daemon addresses registry.
2026-09-03T20:43:44.321+0700 [DEBUG] [org.gradle.cache.internal.DefaultFileLockManager] Lock acquired on daemon addresses registry.
2026-09-03T20:43:44.321+0700 [DEBUG] [org.gradle.cache.internal.DefaultFileLockManager] Releasing lock on daemon addresses registry.
2026-09-03T20:43:44.322+0700 [DEBUG] [org.gradle.cache.internal.DefaultFileLockManager] Waiting to acquire shared lock on daemon addresses registry.
2026-09-03T20:43:44.322+0700 [DEBUG] [org.gradle.cache.internal.DefaultFileLockManager] Lock acquired on daemon addresses registry.
2026-09-03T20:43:44.322+0700 [DEBUG] [org.gradle.cache.internal.DefaultFileLockManager] Releasing lock on daemon addresses registry.
2026-09-03T20:43:54.168+0700 [DEBUG] [org.gradle.cache.internal.DefaultFileLockManager] Waiting to acquire shared lock on daemon addresses registry.
2026-09-03T20:43:54.168+0700 [DEBUG] [org.gradle.cache.internal.DefaultFileLockManager] Lock acquired on daemon addresses registry.
2026-09-03T20:43:54.168+0700 [DEBUG] [org.gradle.cache.internal.DefaultFileLockManager] Releasing lock on daemon addresses registry.
2026-09-03T20:43:54.170+0700 [DEBUG] [org.gradle.cache.internal.DefaultFileLockManager] Waiting to acquire shared lock on daemon addresses registry.
2026-09-03T20:43:54.170+0700 [DEBUG] [org.gradle.cache.internal.DefaultFileLockManager] Lock acquired on daemon addresses registry.
2026-09-03T20:43:54.170+0700 [DEBUG] [org.gradle.cache.internal.DefaultFileLockManager] Releasing lock on daemon addresses registry.
2026-09-03T20:43:54.171+0700 [DEBUG] [org.gradle.cache.internal.DefaultFileLockManager] Waiting to acquire shared lock on daemon addresses registry.
2026-09-03T20:43:54.172+0700 [DEBUG] [org.gradle.cache.internal.DefaultFileLockManager] Lock acquired on daemon addresses registry.
2026-09-03T20:43:54.172+0700 [DEBUG] [org.gradle.cache.internal.DefaultFileLockManager] Releasing lock on daemon addresses registry.
2026-09-03T20:43:57.915+0700 [DEBUG] [org.gradle.process.internal.health.memory.DefaultMemoryManager] 638754816 physical memory requested, 529960960 free
2026-09-03T20:43:57.916+0700 [DEBUG] [org.gradle.workers.internal.WorkerDaemonExpiration] Will attempt to release 609 of memory
2026-09-03T20:43:57.916+0700 [DEBUG] [org.gradle.process.internal.health.memory.DefaultMemoryManager] 638754816 physical memory requested, 0 released, 529960960 free
2026-09-03T20:44:02.915+0700 [DEBUG] [org.gradle.process.internal.health.memory.DefaultMemoryManager] 638754816 physical memory requested, 515174400 free
2026-09-03T20:44:02.915+0700 [DEBUG] [org.gradle.workers.internal.WorkerDaemonExpiration] Will attempt to release 609 of memory
2026-09-03T20:44:02.918+0700 [DEBUG] [org.gradle.process.internal.health.memory.DefaultMemoryManager] 638754816 physical memory requested, 0 released, 515174400 free
2026-09-03T20:44:04.169+0700 [DEBUG] [org.gradle.cache.internal.DefaultFileLockManager] Waiting to acquire shared lock on daemon addresses registry.
2026-09-03T20:44:04.170+0700 [DEBUG] [org.gradle.cache.internal.DefaultFileLockManager] Lock acquired on daemon addresses registry.
2026-09-03T20:44:04.171+0700 [DEBUG] [org.gradle.cache.internal.DefaultFileLockManager] Releasing lock on daemon addresses registry.
2026-09-03T20:44:04.173+0700 [DEBUG] [org.gradle.cache.internal.DefaultFileLockManager] Waiting to acquire shared lock on daemon addresses registry.
2026-09-03T20:44:04.173+0700 [DEBUG] [org.gradle.cache.internal.DefaultFileLockManager] Lock acquired on daemon addresses registry.
2026-09-03T20:44:04.174+0700 [DEBUG] [org.gradle.cache.internal.DefaultFileLockManager] Releasing lock on daemon addresses registry.
2026-09-03T20:44:04.174+0700 [DEBUG] [org.gradle.cache.internal.DefaultFileLockManager] Waiting to acquire shared lock on daemon addresses registry.
2026-09-03T20:44:04.175+0700 [DEBUG] [org.gradle.cache.internal.DefaultFileLockManager] Lock acquired on daemon addresses registry.
2026-09-03T20:44:04.175+0700 [DEBUG] [org.gradle.cache.internal.DefaultFileLockManager] Releasing lock on daemon addresses registry.
2026-09-03T20:44:07.914+0700 [DEBUG] [org.gradle.process.internal.health.memory.DefaultMemoryManager] 638754816 physical memory requested, 495874048 free
2026-09-03T20:44:07.914+0700 [DEBUG] [org.gradle.workers.internal.WorkerDaemonExpiration] Will attempt to release 609 of memory
2026-09-03T20:44:07.914+0700 [DEBUG] [org.gradle.process.internal.health.memory.DefaultMemoryManager] 638754816 physical memory requested, 0 released, 495874048 free
2026-09-03T20:44:12.916+0700 [DEBUG] [org.gradle.process.internal.health.memory.DefaultMemoryManager] 638754816 physical memory requested, 615743488 free
2026-09-03T20:44:12.916+0700 [DEBUG] [org.gradle.workers.internal.WorkerDaemonExpiration] Will attempt to release 609 of memory
2026-09-03T20:44:12.916+0700 [DEBUG] [org.gradle.process.internal.health.memory.DefaultMemoryManager] 638754816 physical memory requested, 0 released, 615743488 free
2026-09-03T20:44:14.170+0700 [DEBUG] [org.gradle.cache.internal.DefaultFileLockManager] Waiting to acquire shared lock on daemon addresses registry.
2026-09-03T20:44:14.171+0700 [DEBUG] [org.gradle.cache.internal.DefaultFileLockManager] Lock acquired on daemon addresses registry.
2026-09-03T20:44:14.171+0700 [DEBUG] [org.gradle.cache.internal.DefaultFileLockManager] Releasing lock on daemon addresses registry.
2026-09-03T20:44:14.175+0700 [DEBUG] [org.gradle.cache.internal.DefaultFileLockManager] Waiting to acquire shared lock on daemon addresses registry.
2026-09-03T20:44:14.176+0700 [DEBUG] [org.gradle.cache.internal.DefaultFileLockManager] Lock acquired on daemon addresses registry.
2026-09-03T20:44:14.176+0700 [DEBUG] [org.gradle.cache.internal.DefaultFileLockManager] Releasing lock on daemon addresses registry.
2026-09-03T20:44:14.177+0700 [DEBUG] [org.gradle.cache.internal.DefaultFileLockManager] Waiting to acquire shared lock on daemon addresses registry.
2026-09-03T20:44:14.178+0700 [DEBUG] [org.gradle.cache.internal.DefaultFileLockManager] Lock acquired on daemon addresses registry.
2026-09-03T20:44:14.178+0700 [DEBUG] [org.gradle.cache.internal.DefaultFileLockManager] Releasing lock on daemon addresses registry.
2026-09-03T20:44:17.916+0700 [DEBUG] [org.gradle.process.internal.health.memory.DefaultMemoryManager] 638754816 physical memory requested, 600817664 free
2026-09-03T20:44:17.916+0700 [DEBUG] [org.gradle.workers.internal.WorkerDaemonExpiration] Will attempt to release 609 of memory
2026-09-03T20:44:17.916+0700 [DEBUG] [org.gradle.process.internal.health.memory.DefaultMemoryManager] 638754816 physical memory requested, 0 released, 600817664 free
2026-09-03T20:44:22.916+0700 [DEBUG] [org.gradle.process.internal.health.memory.DefaultMemoryManager] 638754816 physical memory requested, 594391040 free
2026-09-03T20:44:22.916+0700 [DEBUG] [org.gradle.workers.internal.WorkerDaemonExpiration] Will attempt to release 609 of memory
2026-09-03T20:44:22.916+0700 [DEBUG] [org.gradle.process.internal.health.memory.DefaultMemoryManager] 638754816 physical memory requested, 0 released, 594391040 free
2026-09-03T20:44:24.171+0700 [DEBUG] [org.gradle.cache.internal.DefaultFileLockManager] Waiting to acquire shared lock on daemon addresses registry.
2026-09-03T20:44:24.172+0700 [DEBUG] [org.gradle.cache.internal.DefaultFileLockManager] Lock acquired on daemon addresses registry.
2026-09-03T20:44:24.173+0700 [DEBUG] [org.gradle.cache.internal.DefaultFileLockManager] Releasing lock on daemon addresses registry.
2026-09-03T20:44:24.176+0700 [DEBUG] [org.gradle.cache.internal.DefaultFileLockManager] Waiting to acquire shared lock on daemon addresses registry.
2026-09-03T20:44:24.177+0700 [DEBUG] [org.gradle.cache.internal.DefaultFileLockManager] Lock acquired on daemon addresses registry.
2026-09-03T20:44:24.178+0700 [DEBUG] [org.gradle.cache.internal.DefaultFileLockManager] Releasing lock on daemon addresses registry.
2026-09-03T20:44:24.180+0700 [DEBUG] [org.gradle.cache.internal.DefaultFileLockManager] Waiting to acquire shared lock on daemon addresses registry.
2026-09-03T20:44:24.180+0700 [DEBUG] [org.gradle.cache.internal.DefaultFileLockManager] Lock acquired on daemon addresses registry.
2026-09-03T20:44:24.180+0700 [DEBUG] [org.gradle.cache.internal.DefaultFileLockManager] Releasing lock on daemon addresses registry.
2026-09-03T20:44:27.914+0700 [DEBUG] [org.gradle.process.internal.health.memory.DefaultMemoryManager] 638754816 physical memory requested, 558788608 free
2026-09-03T20:44:27.915+0700 [DEBUG] [org.gradle.workers.internal.WorkerDaemonExpiration] Will attempt to release 609 of memory
2026-09-03T20:44:27.915+0700 [DEBUG] [org.gradle.process.internal.health.memory.DefaultMemoryManager] 638754816 physical memory requested, 0 released, 558788608 free
2026-09-03T20:44:32.915+0700 [DEBUG] [org.gradle.process.internal.health.memory.DefaultMemoryManager] 638754816 physical memory requested, 557690880 free
2026-09-03T20:44:32.915+0700 [DEBUG] [org.gradle.workers.internal.WorkerDaemonExpiration] Will attempt to release 609 of memory
2026-09-03T20:44:32.915+0700 [DEBUG] [org.gradle.process.internal.health.memory.DefaultMemoryManager] 638754816 physical memory requested, 0 released, 557690880 free
2026-09-03T20:44:34.169+0700 [DEBUG] [org.gradle.cache.internal.DefaultFileLockManager] Waiting to acquire shared lock on daemon addresses registry.
2026-09-03T20:44:34.170+0700 [DEBUG] [org.gradle.cache.internal.DefaultFileLockManager] Lock acquired on daemon addresses registry.
2026-09-03T20:44:34.171+0700 [DEBUG] [org.gradle.cache.internal.DefaultFileLockManager] Releasing lock on daemon addresses registry.
2026-09-03T20:44:34.173+0700 [DEBUG] [org.gradle.cache.internal.DefaultFileLockManager] Waiting to acquire shared lock on daemon addresses registry.
2026-09-03T20:44:34.173+0700 [DEBUG] [org.gradle.cache.internal.DefaultFileLockManager] Lock acquired on daemon addresses registry.
2026-09-03T20:44:34.174+0700 [DEBUG] [org.gradle.cache.internal.DefaultFileLockManager] Releasing lock on daemon addresses registry.
2026-09-03T20:44:34.177+0700 [DEBUG] [org.gradle.cache.internal.DefaultFileLockManager] Waiting to acquire shared lock on daemon addresses registry.
2026-09-03T20:44:34.177+0700 [DEBUG] [org.gradle.cache.internal.DefaultFileLockManager] Lock acquired on daemon addresses registry.
2026-09-03T20:44:34.177+0700 [DEBUG] [org.gradle.cache.internal.DefaultFileLockManager] Releasing lock on daemon addresses registry.
2026-09-03T20:44:37.915+0700 [DEBUG] [org.gradle.process.internal.health.memory.DefaultMemoryManager] 638754816 physical memory requested, 564613120 free
2026-09-03T20:44:37.916+0700 [DEBUG] [org.gradle.workers.internal.WorkerDaemonExpiration] Will attempt to release 609 of memory
2026-09-03T20:44:37.916+0700 [DEBUG] [org.gradle.process.internal.health.memory.DefaultMemoryManager] 638754816 physical memory requested, 0 released, 564613120 free
2026-09-03T20:44:42.915+0700 [DEBUG] [org.gradle.process.internal.health.memory.DefaultMemoryManager] 638754816 physical memory requested, 567074816 free
2026-09-03T20:44:42.915+0700 [DEBUG] [org.gradle.workers.internal.WorkerDaemonExpiration] Will attempt to release 609 of memory
2026-09-03T20:44:42.915+0700 [DEBUG] [org.gradle.process.internal.health.memory.DefaultMemoryManager] 638754816 physical memory requested, 0 released, 567074816 free
2026-09-03T20:44:44.171+0700 [DEBUG] [org.gradle.cache.internal.DefaultFileLockManager] Waiting to acquire shared lock on daemon addresses registry.
2026-09-03T20:44:44.171+0700 [DEBUG] [org.gradle.cache.internal.DefaultFileLockManager] Lock acquired on daemon addresses registry.
2026-09-03T20:44:44.173+0700 [DEBUG] [org.gradle.cache.internal.DefaultFileLockManager] Releasing lock on daemon addresses registry.
2026-09-03T20:44:44.176+0700 [DEBUG] [org.gradle.cache.internal.DefaultFileLockManager] Waiting to acquire shared lock on daemon addresses registry.
2026-09-03T20:44:44.176+0700 [DEBUG] [org.gradle.cache.internal.DefaultFileLockManager] Lock acquired on daemon addresses registry.
2026-09-03T20:44:44.176+0700 [DEBUG] [org.gradle.cache.internal.DefaultFileLockManager] Releasing lock on daemon addresses registry.
2026-09-03T20:44:44.179+0700 [DEBUG] [org.gradle.cache.internal.DefaultFileLockManager] Waiting to acquire shared lock on daemon addresses registry.
2026-09-03T20:44:44.179+0700 [DEBUG] [org.gradle.cache.internal.DefaultFileLockManager] Lock acquired on daemon addresses registry.
2026-09-03T20:44:44.180+0700 [DEBUG] [org.gradle.cache.internal.DefaultFileLockManager] Releasing lock on daemon addresses registry.
2026-09-03T20:44:47.916+0700 [DEBUG] [org.gradle.process.internal.health.memory.DefaultMemoryManager] 638754816 physical memory requested, 537239552 free
2026-09-03T20:44:47.917+0700 [DEBUG] [org.gradle.workers.internal.WorkerDaemonExpiration] Will attempt to release 609 of memory
2026-09-03T20:44:47.917+0700 [DEBUG] [org.gradle.process.internal.health.memory.DefaultMemoryManager] 638754816 physical memory requested, 0 released, 537239552 free
2026-09-03T20:44:52.915+0700 [DEBUG] [org.gradle.process.internal.health.memory.DefaultMemoryManager] 638754816 physical memory requested, 523321344 free
2026-09-03T20:44:52.915+0700 [DEBUG] [org.gradle.workers.internal.WorkerDaemonExpiration] Will attempt to release 609 of memory
2026-09-03T20:44:52.915+0700 [DEBUG] [org.gradle.process.internal.health.memory.DefaultMemoryManager] 638754816 physical memory requested, 0 released, 523321344 free
2026-09-03T20:44:54.175+0700 [DEBUG] [org.gradle.cache.internal.DefaultFileLockManager] Waiting to acquire shared lock on daemon addresses registry.
2026-09-03T20:44:54.175+0700 [DEBUG] [org.gradle.cache.internal.DefaultFileLockManager] Lock acquired on daemon addresses registry.
2026-09-03T20:44:54.176+0700 [DEBUG] [org.gradle.cache.internal.DefaultFileLockManager] Releasing lock on daemon addresses registry.
2026-09-03T20:44:54.177+0700 [DEBUG] [org.gradle.cache.internal.DefaultFileLockManager] Waiting to acquire shared lock on daemon addresses registry.
2026-09-03T20:44:54.177+0700 [DEBUG] [org.gradle.cache.internal.DefaultFileLockManager] Lock acquired on daemon addresses registry.
2026-09-03T20:44:54.178+0700 [DEBUG] [org.gradle.cache.internal.DefaultFileLockManager] Releasing lock on daemon addresses registry.
2026-09-03T20:44:54.180+0700 [DEBUG] [org.gradle.cache.internal.DefaultFileLockManager] Waiting to acquire shared lock on daemon addresses registry.
2026-09-03T20:44:54.180+0700 [DEBUG] [org.gradle.cache.internal.DefaultFileLockManager] Lock acquired on daemon addresses registry.
2026-09-03T20:44:54.180+0700 [DEBUG] [org.gradle.cache.internal.DefaultFileLockManager] Releasing lock on daemon addresses registry.
2026-09-03T20:44:57.915+0700 [DEBUG] [org.gradle.process.internal.health.memory.DefaultMemoryManager] 638754816 physical memory requested, 528265216 free
2026-09-03T20:44:57.915+0700 [DEBUG] [org.gradle.workers.internal.WorkerDaemonExpiration] Will attempt to release 609 of memory
2026-09-03T20:44:57.915+0700 [DEBUG] [org.gradle.process.internal.health.memory.DefaultMemoryManager] 638754816 physical memory requested, 0 released, 528265216 free
2026-09-03T20:45:02.914+0700 [DEBUG] [org.gradle.process.internal.health.memory.DefaultMemoryManager] 638754816 physical memory requested, 519909376 free
2026-09-03T20:45:02.914+0700 [DEBUG] [org.gradle.workers.internal.WorkerDaemonExpiration] Will attempt to release 609 of memory
2026-09-03T20:45:02.915+0700 [DEBUG] [org.gradle.process.internal.health.memory.DefaultMemoryManager] 638754816 physical memory requested, 0 released, 519909376 free
2026-09-03T20:45:04.169+0700 [DEBUG] [org.gradle.cache.internal.DefaultFileLockManager] Waiting to acquire shared lock on daemon addresses registry.
2026-09-03T20:45:04.169+0700 [DEBUG] [org.gradle.cache.internal.DefaultFileLockManager] Lock acquired on daemon addresses registry.
2026-09-03T20:45:04.170+0700 [DEBUG] [org.gradle.cache.internal.DefaultFileLockManager] Releasing lock on daemon addresses registry.
2026-09-03T20:45:04.171+0700 [DEBUG] [org.gradle.cache.internal.DefaultFileLockManager] Waiting to acquire shared lock on daemon addresses registry.
2026-09-03T20:45:04.172+0700 [DEBUG] [org.gradle.cache.internal.DefaultFileLockManager] Lock acquired on daemon addresses registry.
2026-09-03T20:45:04.172+0700 [DEBUG] [org.gradle.cache.internal.DefaultFileLockManager] Releasing lock on daemon addresses registry.
2026-09-03T20:45:04.173+0700 [DEBUG] [org.gradle.cache.internal.DefaultFileLockManager] Waiting to acquire shared lock on daemon addresses registry.
2026-09-03T20:45:04.173+0700 [DEBUG] [org.gradle.cache.internal.DefaultFileLockManager] Lock acquired on daemon addresses registry.
2026-09-03T20:45:04.173+0700 [DEBUG] [org.gradle.cache.internal.DefaultFileLockManager] Releasing lock on daemon addresses registry.
2026-09-03T20:45:07.915+0700 [DEBUG] [org.gradle.process.internal.health.memory.DefaultMemoryManager] 638754816 physical memory requested, 330620928 free
2026-09-03T20:45:07.915+0700 [DEBUG] [org.gradle.workers.internal.WorkerDaemonExpiration] Will attempt to release 609 of memory
2026-09-03T20:45:07.915+0700 [DEBUG] [org.gradle.process.internal.health.memory.DefaultMemoryManager] 638754816 physical memory requested, 0 released, 330620928 free
2026-09-03T20:45:12.915+0700 [DEBUG] [org.gradle.process.internal.health.memory.DefaultMemoryManager] 638754816 physical memory requested, 505556992 free
2026-09-03T20:45:12.915+0700 [DEBUG] [org.gradle.workers.internal.WorkerDaemonExpiration] Will attempt to release 609 of memory
2026-09-03T20:45:12.915+0700 [DEBUG] [org.gradle.process.internal.health.memory.DefaultMemoryManager] 638754816 physical memory requested, 0 released, 505556992 free
2026-09-03T20:45:14.170+0700 [DEBUG] [org.gradle.cache.internal.DefaultFileLockManager] Waiting to acquire shared lock on daemon addresses registry.
2026-09-03T20:45:14.170+0700 [DEBUG] [org.gradle.cache.internal.DefaultFileLockManager] Lock acquired on daemon addresses registry.
2026-09-03T20:45:14.198+0700 [DEBUG] [org.gradle.cache.internal.DefaultFileLockManager] Releasing lock on daemon addresses registry.
2026-09-03T20:45:14.201+0700 [DEBUG] [org.gradle.cache.internal.DefaultFileLockManager] Waiting to acquire shared lock on daemon addresses registry.
2026-09-03T20:45:14.201+0700 [DEBUG] [org.gradle.cache.internal.DefaultFileLockManager] Lock acquired on daemon addresses registry.
2026-09-03T20:45:14.201+0700 [DEBUG] [org.gradle.cache.internal.DefaultFileLockManager] Releasing lock on daemon addresses registry.
2026-09-03T20:45:14.203+0700 [DEBUG] [org.gradle.cache.internal.DefaultFileLockManager] Waiting to acquire shared lock on daemon addresses registry.
2026-09-03T20:45:14.203+0700 [DEBUG] [org.gradle.cache.internal.DefaultFileLockManager] Lock acquired on daemon addresses registry.
2026-09-03T20:45:14.203+0700 [DEBUG] [org.gradle.cache.internal.DefaultFileLockManager] Releasing lock on daemon addresses registry.
2026-09-03T20:45:24.181+0700 [DEBUG] [org.gradle.cache.internal.DefaultFileLockManager] Waiting to acquire shared lock on daemon addresses registry.
2026-09-03T20:45:24.181+0700 [DEBUG] [org.gradle.cache.internal.DefaultFileLockManager] Lock acquired on daemon addresses registry.
2026-09-03T20:45:24.181+0700 [DEBUG] [org.gradle.cache.internal.DefaultFileLockManager] Releasing lock on daemon addresses registry.
2026-09-03T20:45:24.183+0700 [DEBUG] [org.gradle.cache.internal.DefaultFileLockManager] Waiting to acquire shared lock on daemon addresses registry.
2026-09-03T20:45:24.183+0700 [DEBUG] [org.gradle.cache.internal.DefaultFileLockManager] Lock acquired on daemon addresses registry.
2026-09-03T20:45:24.184+0700 [DEBUG] [org.gradle.cache.internal.DefaultFileLockManager] Releasing lock on daemon addresses registry.
2026-09-03T20:45:24.185+0700 [DEBUG] [org.gradle.cache.internal.DefaultFileLockManager] Waiting to acquire shared lock on daemon addresses registry.
2026-09-03T20:45:24.185+0700 [DEBUG] [org.gradle.cache.internal.DefaultFileLockManager] Lock acquired on daemon addresses registry.
2026-09-03T20:45:24.186+0700 [DEBUG] [org.gradle.cache.internal.DefaultFileLockManager] Releasing lock on daemon addresses registry.
2026-09-03T20:45:27.923+0700 [DEBUG] [org.gradle.process.internal.health.memory.DefaultMemoryManager] 638754816 physical memory requested, 552370176 free
2026-09-03T20:45:27.923+0700 [DEBUG] [org.gradle.workers.internal.WorkerDaemonExpiration] Will attempt to release 609 of memory
2026-09-03T20:45:27.923+0700 [DEBUG] [org.gradle.process.internal.health.memory.DefaultMemoryManager] 638754816 physical memory requested, 0 released, 552370176 free
2026-09-03T20:45:34.185+0700 [DEBUG] [org.gradle.cache.internal.DefaultFileLockManager] Waiting to acquire shared lock on daemon addresses registry.
2026-09-03T20:45:34.185+0700 [DEBUG] [org.gradle.cache.internal.DefaultFileLockManager] Lock acquired on daemon addresses registry.
2026-09-03T20:45:34.186+0700 [DEBUG] [org.gradle.cache.internal.DefaultFileLockManager] Releasing lock on daemon addresses registry.
2026-09-03T20:45:34.187+0700 [DEBUG] [org.gradle.cache.internal.DefaultFileLockManager] Waiting to acquire shared lock on daemon addresses registry.
2026-09-03T20:45:34.211+0700 [DEBUG] [org.gradle.cache.internal.DefaultFileLockManager] Lock acquired on daemon addresses registry.
2026-09-03T20:45:34.211+0700 [DEBUG] [org.gradle.cache.internal.DefaultFileLockManager] Releasing lock on daemon addresses registry.
2026-09-03T20:45:34.233+0700 [DEBUG] [org.gradle.cache.internal.DefaultFileLockManager] Waiting to acquire shared lock on daemon addresses registry.
2026-09-03T20:45:34.233+0700 [DEBUG] [org.gradle.cache.internal.DefaultFileLockManager] Lock acquired on daemon addresses registry.
2026-09-03T20:45:34.233+0700 [DEBUG] [org.gradle.cache.internal.DefaultFileLockManager] Releasing lock on daemon addresses registry.
2026-09-03T20:45:44.174+0700 [DEBUG] [org.gradle.cache.internal.DefaultFileLockManager] Waiting to acquire shared lock on daemon addresses registry.
2026-09-03T20:45:44.174+0700 [DEBUG] [org.gradle.cache.internal.DefaultFileLockManager] Lock acquired on daemon addresses registry.
2026-09-03T20:45:44.175+0700 [DEBUG] [org.gradle.cache.internal.DefaultFileLockManager] Releasing lock on daemon addresses registry.
2026-09-03T20:45:44.176+0700 [DEBUG] [org.gradle.cache.internal.DefaultFileLockManager] Waiting to acquire shared lock on daemon addresses registry.
2026-09-03T20:45:44.176+0700 [DEBUG] [org.gradle.cache.internal.DefaultFileLockManager] Lock acquired on daemon addresses registry.
2026-09-03T20:45:44.177+0700 [DEBUG] [org.gradle.cache.internal.DefaultFileLockManager] Releasing lock on daemon addresses registry.
2026-09-03T20:45:44.178+0700 [DEBUG] [org.gradle.cache.internal.DefaultFileLockManager] Waiting to acquire shared lock on daemon addresses registry.
2026-09-03T20:45:44.178+0700 [DEBUG] [org.gradle.cache.internal.DefaultFileLockManager] Lock acquired on daemon addresses registry.
2026-09-03T20:45:44.178+0700 [DEBUG] [org.gradle.cache.internal.DefaultFileLockManager] Releasing lock on daemon addresses registry.
2026-09-03T20:45:54.169+0700 [DEBUG] [org.gradle.cache.internal.DefaultFileLockManager] Waiting to acquire shared lock on daemon addresses registry.
2026-09-03T20:45:54.170+0700 [DEBUG] [org.gradle.cache.internal.DefaultFileLockManager] Lock acquired on daemon addresses registry.
2026-09-03T20:45:54.170+0700 [DEBUG] [org.gradle.cache.internal.DefaultFileLockManager] Releasing lock on daemon addresses registry.
2026-09-03T20:45:54.174+0700 [DEBUG] [org.gradle.cache.internal.DefaultFileLockManager] Waiting to acquire shared lock on daemon addresses registry.
2026-09-03T20:45:54.174+0700 [DEBUG] [org.gradle.cache.internal.DefaultFileLockManager] Lock acquired on daemon addresses registry.
2026-09-03T20:45:54.174+0700 [DEBUG] [org.gradle.cache.internal.DefaultFileLockManager] Releasing lock on daemon addresses registry.
2026-09-03T20:45:54.175+0700 [DEBUG] [org.gradle.cache.internal.DefaultFileLockManager] Waiting to acquire shared lock on daemon addresses registry.
2026-09-03T20:45:54.176+0700 [DEBUG] [org.gradle.cache.internal.DefaultFileLockManager] Lock acquired on daemon addresses registry.
2026-09-03T20:45:54.176+0700 [DEBUG] [org.gradle.cache.internal.DefaultFileLockManager] Releasing lock on daemon addresses registry.
2026-09-03T20:46:04.170+0700 [DEBUG] [org.gradle.cache.internal.DefaultFileLockManager] Waiting to acquire shared lock on daemon addresses registry.
2026-09-03T20:46:04.171+0700 [DEBUG] [org.gradle.cache.internal.DefaultFileLockManager] Lock acquired on daemon addresses registry.
2026-09-03T20:46:04.172+0700 [DEBUG] [org.gradle.cache.internal.DefaultFileLockManager] Releasing lock on daemon addresses registry.
2026-09-03T20:46:04.176+0700 [DEBUG] [org.gradle.cache.internal.DefaultFileLockManager] Waiting to acquire shared lock on daemon addresses registry.
2026-09-03T20:46:04.177+0700 [DEBUG] [org.gradle.cache.internal.DefaultFileLockManager] Lock acquired on daemon addresses registry.
2026-09-03T20:46:04.177+0700 [DEBUG] [org.gradle.cache.internal.DefaultFileLockManager] Releasing lock on daemon addresses registry.
2026-09-03T20:46:04.179+0700 [DEBUG] [org.gradle.cache.internal.DefaultFileLockManager] Waiting to acquire shared lock on daemon addresses registry.
2026-09-03T20:46:04.180+0700 [DEBUG] [org.gradle.cache.internal.DefaultFileLockManager] Lock acquired on daemon addresses registry.
2026-09-03T20:46:04.180+0700 [DEBUG] [org.gradle.cache.internal.DefaultFileLockManager] Releasing lock on daemon addresses registry.
2026-09-03T20:46:14.170+0700 [DEBUG] [org.gradle.cache.internal.DefaultFileLockManager] Waiting to acquire shared lock on daemon addresses registry.
2026-09-03T20:46:14.170+0700 [DEBUG] [org.gradle.cache.internal.DefaultFileLockManager] Lock acquired on daemon addresses registry.
2026-09-03T20:46:14.171+0700 [DEBUG] [org.gradle.cache.internal.DefaultFileLockManager] Releasing lock on daemon addresses registry.
2026-09-03T20:46:14.172+0700 [DEBUG] [org.gradle.cache.internal.DefaultFileLockManager] Waiting to acquire shared lock on daemon addresses registry.
2026-09-03T20:46:14.172+0700 [DEBUG] [org.gradle.cache.internal.DefaultFileLockManager] Lock acquired on daemon addresses registry.
2026-09-03T20:46:14.172+0700 [DEBUG] [org.gradle.cache.internal.DefaultFileLockManager] Releasing lock on daemon addresses registry.
2026-09-03T20:46:14.173+0700 [DEBUG] [org.gradle.cache.internal.DefaultFileLockManager] Waiting to acquire shared lock on daemon addresses registry.
2026-09-03T20:46:14.173+0700 [DEBUG] [org.gradle.cache.internal.DefaultFileLockManager] Lock acquired on daemon addresses registry.
2026-09-03T20:46:14.173+0700 [DEBUG] [org.gradle.cache.internal.DefaultFileLockManager] Releasing lock on daemon addresses registry.
2026-09-03T20:46:22.914+0700 [DEBUG] [org.gradle.process.internal.health.memory.DefaultMemoryManager] 638754816 physical memory requested, 635035648 free
2026-09-03T20:46:22.914+0700 [DEBUG] [org.gradle.workers.internal.WorkerDaemonExpiration] Will attempt to release 609 of memory
2026-09-03T20:46:22.915+0700 [DEBUG] [org.gradle.process.internal.health.memory.DefaultMemoryManager] 638754816 physical memory requested, 0 released, 635035648 free
2026-09-03T20:46:24.170+0700 [DEBUG] [org.gradle.cache.internal.DefaultFileLockManager] Waiting to acquire shared lock on daemon addresses registry.
2026-09-03T20:46:24.170+0700 [DEBUG] [org.gradle.cache.internal.DefaultFileLockManager] Lock acquired on daemon addresses registry.
2026-09-03T20:46:24.170+0700 [DEBUG] [org.gradle.cache.internal.DefaultFileLockManager] Releasing lock on daemon addresses registry.
2026-09-03T20:46:24.172+0700 [DEBUG] [org.gradle.cache.internal.DefaultFileLockManager] Waiting to acquire shared lock on daemon addresses registry.
2026-09-03T20:46:24.173+0700 [DEBUG] [org.gradle.cache.internal.DefaultFileLockManager] Lock acquired on daemon addresses registry.
2026-09-03T20:46:24.173+0700 [DEBUG] [org.gradle.cache.internal.DefaultFileLockManager] Releasing lock on daemon addresses registry.
2026-09-03T20:46:24.174+0700 [DEBUG] [org.gradle.cache.internal.DefaultFileLockManager] Waiting to acquire shared lock on daemon addresses registry.
2026-09-03T20:46:24.174+0700 [DEBUG] [org.gradle.cache.internal.DefaultFileLockManager] Lock acquired on daemon addresses registry.
2026-09-03T20:46:24.174+0700 [DEBUG] [org.gradle.cache.internal.DefaultFileLockManager] Releasing lock on daemon addresses registry.
2026-09-03T20:46:27.915+0700 [DEBUG] [org.gradle.process.internal.health.memory.DefaultMemoryManager] 638754816 physical memory requested, 538132480 free
2026-09-03T20:46:27.915+0700 [DEBUG] [org.gradle.workers.internal.WorkerDaemonExpiration] Will attempt to release 609 of memory
2026-09-03T20:46:27.915+0700 [DEBUG] [org.gradle.process.internal.health.memory.DefaultMemoryManager] 638754816 physical memory requested, 0 released, 538132480 free
2026-09-03T20:46:32.915+0700 [DEBUG] [org.gradle.process.internal.health.memory.DefaultMemoryManager] 638754816 physical memory requested, 412172288 free
2026-09-03T20:46:32.915+0700 [DEBUG] [org.gradle.workers.internal.WorkerDaemonExpiration] Will attempt to release 609 of memory
2026-09-03T20:46:32.915+0700 [DEBUG] [org.gradle.process.internal.health.memory.DefaultMemoryManager] 638754816 physical memory requested, 0 released, 412172288 free
2026-09-03T20:46:34.169+0700 [DEBUG] [org.gradle.cache.internal.DefaultFileLockManager] Waiting to acquire shared lock on daemon addresses registry.
2026-09-03T20:46:34.169+0700 [DEBUG] [org.gradle.cache.internal.DefaultFileLockManager] Lock acquired on daemon addresses registry.
2026-09-03T20:46:34.169+0700 [DEBUG] [org.gradle.cache.internal.DefaultFileLockManager] Releasing lock on daemon addresses registry.
2026-09-03T20:46:34.171+0700 [DEBUG] [org.gradle.cache.internal.DefaultFileLockManager] Waiting to acquire shared lock on daemon addresses registry.
2026-09-03T20:46:34.171+0700 [DEBUG] [org.gradle.cache.internal.DefaultFileLockManager] Lock acquired on daemon addresses registry.
2026-09-03T20:46:34.172+0700 [DEBUG] [org.gradle.cache.internal.DefaultFileLockManager] Releasing lock on daemon addresses registry.
2026-09-03T20:46:34.173+0700 [DEBUG] [org.gradle.cache.internal.DefaultFileLockManager] Waiting to acquire shared lock on daemon addresses registry.
2026-09-03T20:46:34.173+0700 [DEBUG] [org.gradle.cache.internal.DefaultFileLockManager] Lock acquired on daemon addresses registry.
2026-09-03T20:46:34.175+0700 [DEBUG] [org.gradle.cache.internal.DefaultFileLockManager] Releasing lock on daemon addresses registry.
2026-09-03T20:46:37.915+0700 [DEBUG] [org.gradle.process.internal.health.memory.DefaultMemoryManager] 638754816 physical memory requested, 537391104 free
2026-09-03T20:46:37.915+0700 [DEBUG] [org.gradle.workers.internal.WorkerDaemonExpiration] Will attempt to release 609 of memory
2026-09-03T20:46:37.915+0700 [DEBUG] [org.gradle.process.internal.health.memory.DefaultMemoryManager] 638754816 physical memory requested, 0 released, 537391104 free
2026-09-03T20:46:42.924+0700 [DEBUG] [org.gradle.process.internal.health.memory.DefaultMemoryManager] 638754816 physical memory requested, 546082816 free
2026-09-03T20:46:42.924+0700 [DEBUG] [org.gradle.workers.internal.WorkerDaemonExpiration] Will attempt to release 609 of memory
2026-09-03T20:46:42.925+0700 [DEBUG] [org.gradle.process.internal.health.memory.DefaultMemoryManager] 638754816 physical memory requested, 0 released, 546082816 free
2026-09-03T20:46:44.170+0700 [DEBUG] [org.gradle.cache.internal.DefaultFileLockManager] Waiting to acquire shared lock on daemon addresses registry.
2026-09-03T20:46:44.170+0700 [DEBUG] [org.gradle.cache.internal.DefaultFileLockManager] Lock acquired on daemon addresses registry.
2026-09-03T20:46:44.170+0700 [DEBUG] [org.gradle.cache.internal.DefaultFileLockManager] Releasing lock on daemon addresses registry.
2026-09-03T20:46:44.173+0700 [DEBUG] [org.gradle.cache.internal.DefaultFileLockManager] Waiting to acquire shared lock on daemon addresses registry.
2026-09-03T20:46:44.173+0700 [DEBUG] [org.gradle.cache.internal.DefaultFileLockManager] Lock acquired on daemon addresses registry.
2026-09-03T20:46:44.173+0700 [DEBUG] [org.gradle.cache.internal.DefaultFileLockManager] Releasing lock on daemon addresses registry.
2026-09-03T20:46:44.174+0700 [DEBUG] [org.gradle.cache.internal.DefaultFileLockManager] Waiting to acquire shared lock on daemon addresses registry.
2026-09-03T20:46:44.175+0700 [DEBUG] [org.gradle.cache.internal.DefaultFileLockManager] Lock acquired on daemon addresses registry.
2026-09-03T20:46:44.175+0700 [DEBUG] [org.gradle.cache.internal.DefaultFileLockManager] Releasing lock on daemon addresses registry.
2026-09-03T20:46:47.915+0700 [DEBUG] [org.gradle.process.internal.health.memory.DefaultMemoryManager] 638754816 physical memory requested, 573747200 free
2026-09-03T20:46:47.915+0700 [DEBUG] [org.gradle.workers.internal.WorkerDaemonExpiration] Will attempt to release 609 of memory
2026-09-03T20:46:47.915+0700 [DEBUG] [org.gradle.process.internal.health.memory.DefaultMemoryManager] 638754816 physical memory requested, 0 released, 573747200 free
2026-09-03T20:46:52.916+0700 [DEBUG] [org.gradle.process.internal.health.memory.DefaultMemoryManager] 638754816 physical memory requested, 476717056 free
2026-09-03T20:46:52.916+0700 [DEBUG] [org.gradle.workers.internal.WorkerDaemonExpiration] Will attempt to release 609 of memory
2026-09-03T20:46:52.916+0700 [DEBUG] [org.gradle.process.internal.health.memory.DefaultMemoryManager] 638754816 physical memory requested, 0 released, 476717056 free
2026-09-03T20:46:54.169+0700 [DEBUG] [org.gradle.cache.internal.DefaultFileLockManager] Waiting to acquire shared lock on daemon addresses registry.
2026-09-03T20:46:54.169+0700 [DEBUG] [org.gradle.cache.internal.DefaultFileLockManager] Lock acquired on daemon addresses registry.
2026-09-03T20:46:54.198+0700 [DEBUG] [org.gradle.cache.internal.DefaultFileLockManager] Releasing lock on daemon addresses registry.
2026-09-03T20:46:54.201+0700 [DEBUG] [org.gradle.cache.internal.DefaultFileLockManager] Waiting to acquire shared lock on daemon addresses registry.
2026-09-03T20:46:54.201+0700 [DEBUG] [org.gradle.cache.internal.DefaultFileLockManager] Lock acquired on daemon addresses registry.
2026-09-03T20:46:54.201+0700 [DEBUG] [org.gradle.cache.internal.DefaultFileLockManager] Releasing lock on daemon addresses registry.
2026-09-03T20:46:54.203+0700 [DEBUG] [org.gradle.cache.internal.DefaultFileLockManager] Waiting to acquire shared lock on daemon addresses registry.
2026-09-03T20:46:54.203+0700 [DEBUG] [org.gradle.cache.internal.DefaultFileLockManager] Lock acquired on daemon addresses registry.
2026-09-03T20:46:54.203+0700 [DEBUG] [org.gradle.cache.internal.DefaultFileLockManager] Releasing lock on daemon addresses registry.
2026-09-03T20:46:57.915+0700 [DEBUG] [org.gradle.process.internal.health.memory.DefaultMemoryManager] 638754816 physical memory requested, 351096832 free
2026-09-03T20:46:57.915+0700 [DEBUG] [org.gradle.workers.internal.WorkerDaemonExpiration] Will attempt to release 609 of memory
2026-09-03T20:46:57.915+0700 [DEBUG] [org.gradle.process.internal.health.memory.DefaultMemoryManager] 638754816 physical memory requested, 0 released, 351096832 free
2026-09-03T20:47:02.915+0700 [DEBUG] [org.gradle.process.internal.health.memory.DefaultMemoryManager] 638754816 physical memory requested, 349159424 free
2026-09-03T20:47:02.915+0700 [DEBUG] [org.gradle.workers.internal.WorkerDaemonExpiration] Will attempt to release 609 of memory
2026-09-03T20:47:02.915+0700 [DEBUG] [org.gradle.process.internal.health.memory.DefaultMemoryManager] 638754816 physical memory requested, 0 released, 349159424 free
2026-09-03T20:47:04.169+0700 [DEBUG] [org.gradle.cache.internal.DefaultFileLockManager] Waiting to acquire shared lock on daemon addresses registry.
2026-09-03T20:47:04.169+0700 [DEBUG] [org.gradle.cache.internal.DefaultFileLockManager] Lock acquired on daemon addresses registry.
2026-09-03T20:47:04.169+0700 [DEBUG] [org.gradle.cache.internal.DefaultFileLockManager] Releasing lock on daemon addresses registry.
2026-09-03T20:47:04.171+0700 [DEBUG] [org.gradle.cache.internal.DefaultFileLockManager] Waiting to acquire shared lock on daemon addresses registry.
2026-09-03T20:47:04.171+0700 [DEBUG] [org.gradle.cache.internal.DefaultFileLockManager] Lock acquired on daemon addresses registry.
2026-09-03T20:47:04.171+0700 [DEBUG] [org.gradle.cache.internal.DefaultFileLockManager] Releasing lock on daemon addresses registry.
2026-09-03T20:47:04.173+0700 [DEBUG] [org.gradle.cache.internal.DefaultFileLockManager] Waiting to acquire shared lock on daemon addresses registry.
2026-09-03T20:47:04.173+0700 [DEBUG] [org.gradle.cache.internal.DefaultFileLockManager] Lock acquired on daemon addresses registry.
2026-09-03T20:47:04.173+0700 [DEBUG] [org.gradle.cache.internal.DefaultFileLockManager] Releasing lock on daemon addresses registry.
2026-09-03T20:47:07.915+0700 [DEBUG] [org.gradle.process.internal.health.memory.DefaultMemoryManager] 638754816 physical memory requested, 426209280 free
2026-09-03T20:47:07.915+0700 [DEBUG] [org.gradle.workers.internal.WorkerDaemonExpiration] Will attempt to release 609 of memory
2026-09-03T20:47:07.915+0700 [DEBUG] [org.gradle.process.internal.health.memory.DefaultMemoryManager] 638754816 physical memory requested, 0 released, 426209280 free
2026-09-03T20:47:12.915+0700 [DEBUG] [org.gradle.process.internal.health.memory.DefaultMemoryManager] 638754816 physical memory requested, 492130304 free
2026-09-03T20:47:12.915+0700 [DEBUG] [org.gradle.workers.internal.WorkerDaemonExpiration] Will attempt to release 609 of memory
2026-09-03T20:47:12.915+0700 [DEBUG] [org.gradle.process.internal.health.memory.DefaultMemoryManager] 638754816 physical memory requested, 0 released, 492130304 free
2026-09-03T20:47:14.169+0700 [DEBUG] [org.gradle.cache.internal.DefaultFileLockManager] Waiting to acquire shared lock on daemon addresses registry.
2026-09-03T20:47:14.169+0700 [DEBUG] [org.gradle.cache.internal.DefaultFileLockManager] Lock acquired on daemon addresses registry.
2026-09-03T20:47:14.170+0700 [DEBUG] [org.gradle.cache.internal.DefaultFileLockManager] Releasing lock on daemon addresses registry.
2026-09-03T20:47:14.172+0700 [DEBUG] [org.gradle.cache.internal.DefaultFileLockManager] Waiting to acquire shared lock on daemon addresses registry.
2026-09-03T20:47:14.173+0700 [DEBUG] [org.gradle.cache.internal.DefaultFileLockManager] Lock acquired on daemon addresses registry.
2026-09-03T20:47:14.173+0700 [DEBUG] [org.gradle.cache.internal.DefaultFileLockManager] Releasing lock on daemon addresses registry.
2026-09-03T20:47:14.174+0700 [DEBUG] [org.gradle.cache.internal.DefaultFileLockManager] Waiting to acquire shared lock on daemon addresses registry.
2026-09-03T20:47:14.175+0700 [DEBUG] [org.gradle.cache.internal.DefaultFileLockManager] Lock acquired on daemon addresses registry.
2026-09-03T20:47:14.176+0700 [DEBUG] [org.gradle.cache.internal.DefaultFileLockManager] Releasing lock on daemon addresses registry.
2026-09-03T20:47:17.915+0700 [DEBUG] [org.gradle.process.internal.health.memory.DefaultMemoryManager] 638754816 physical memory requested, 452354048 free
2026-09-03T20:47:17.916+0700 [DEBUG] [org.gradle.workers.internal.WorkerDaemonExpiration] Will attempt to release 609 of memory
2026-09-03T20:47:17.917+0700 [DEBUG] [org.gradle.process.internal.health.memory.DefaultMemoryManager] 638754816 physical memory requested, 0 released, 452354048 free
2026-09-03T20:47:22.914+0700 [DEBUG] [org.gradle.process.internal.health.memory.DefaultMemoryManager] 638754816 physical memory requested, 438751232 free
2026-09-03T20:47:22.914+0700 [DEBUG] [org.gradle.workers.internal.WorkerDaemonExpiration] Will attempt to release 609 of memory
2026-09-03T20:47:22.915+0700 [DEBUG] [org.gradle.process.internal.health.memory.DefaultMemoryManager] 638754816 physical memory requested, 0 released, 438751232 free
2026-09-03T20:47:24.170+0700 [DEBUG] [org.gradle.cache.internal.DefaultFileLockManager] Waiting to acquire shared lock on daemon addresses registry.
2026-09-03T20:47:24.171+0700 [DEBUG] [org.gradle.cache.internal.DefaultFileLockManager] Lock acquired on daemon addresses registry.
2026-09-03T20:47:24.171+0700 [DEBUG] [org.gradle.cache.internal.DefaultFileLockManager] Releasing lock on daemon addresses registry.
2026-09-03T20:47:24.173+0700 [DEBUG] [org.gradle.cache.internal.DefaultFileLockManager] Waiting to acquire shared lock on daemon addresses registry.
2026-09-03T20:47:24.173+0700 [DEBUG] [org.gradle.cache.internal.DefaultFileLockManager] Lock acquired on daemon addresses registry.
2026-09-03T20:47:24.173+0700 [DEBUG] [org.gradle.cache.internal.DefaultFileLockManager] Releasing lock on daemon addresses registry.
2026-09-03T20:47:24.175+0700 [DEBUG] [org.gradle.cache.internal.DefaultFileLockManager] Waiting to acquire shared lock on daemon addresses registry.
2026-09-03T20:47:24.175+0700 [DEBUG] [org.gradle.cache.internal.DefaultFileLockManager] Lock acquired on daemon addresses registry.
2026-09-03T20:47:24.175+0700 [DEBUG] [org.gradle.cache.internal.DefaultFileLockManager] Releasing lock on daemon addresses registry.
2026-09-03T20:47:27.915+0700 [DEBUG] [org.gradle.process.internal.health.memory.DefaultMemoryManager] 638754816 physical memory requested, 510640128 free
2026-09-03T20:47:27.915+0700 [DEBUG] [org.gradle.workers.internal.WorkerDaemonExpiration] Will attempt to release 609 of memory
2026-09-03T20:47:27.915+0700 [DEBUG] [org.gradle.process.internal.health.memory.DefaultMemoryManager] 638754816 physical memory requested, 0 released, 510640128 free
2026-09-03T20:47:32.914+0700 [DEBUG] [org.gradle.process.internal.health.memory.DefaultMemoryManager] 638754816 physical memory requested, 427278336 free
2026-09-03T20:47:32.915+0700 [DEBUG] [org.gradle.workers.internal.WorkerDaemonExpiration] Will attempt to release 609 of memory
2026-09-03T20:47:32.915+0700 [DEBUG] [org.gradle.process.internal.health.memory.DefaultMemoryManager] 638754816 physical memory requested, 0 released, 427278336 free
2026-09-03T20:47:34.170+0700 [DEBUG] [org.gradle.cache.internal.DefaultFileLockManager] Waiting to acquire shared lock on daemon addresses registry.
2026-09-03T20:47:34.170+0700 [DEBUG] [org.gradle.cache.internal.DefaultFileLockManager] Lock acquired on daemon addresses registry.
2026-09-03T20:47:34.170+0700 [DEBUG] [org.gradle.cache.internal.DefaultFileLockManager] Releasing lock on daemon addresses registry.
2026-09-03T20:47:34.172+0700 [DEBUG] [org.gradle.cache.internal.DefaultFileLockManager] Waiting to acquire shared lock on daemon addresses registry.
2026-09-03T20:47:34.172+0700 [DEBUG] [org.gradle.cache.internal.DefaultFileLockManager] Lock acquired on daemon addresses registry.
2026-09-03T20:47:34.172+0700 [DEBUG] [org.gradle.cache.internal.DefaultFileLockManager] Releasing lock on daemon addresses registry.
2026-09-03T20:47:34.173+0700 [DEBUG] [org.gradle.cache.internal.DefaultFileLockManager] Waiting to acquire shared lock on daemon addresses registry.
2026-09-03T20:47:34.173+0700 [DEBUG] [org.gradle.cache.internal.DefaultFileLockManager] Lock acquired on daemon addresses registry.
2026-09-03T20:47:34.174+0700 [DEBUG] [org.gradle.cache.internal.DefaultFileLockManager] Releasing lock on daemon addresses registry.
2026-09-03T20:47:37.915+0700 [DEBUG] [org.gradle.process.internal.health.memory.DefaultMemoryManager] 638754816 physical memory requested, 403070976 free
2026-09-03T20:47:37.915+0700 [DEBUG] [org.gradle.workers.internal.WorkerDaemonExpiration] Will attempt to release 609 of memory
2026-09-03T20:47:37.928+0700 [DEBUG] [org.gradle.process.internal.health.memory.DefaultMemoryManager] 638754816 physical memory requested, 0 released, 403070976 free
2026-09-03T20:47:42.915+0700 [DEBUG] [org.gradle.process.internal.health.memory.DefaultMemoryManager] 638754816 physical memory requested, 598528000 free
2026-09-03T20:47:42.915+0700 [DEBUG] [org.gradle.workers.internal.WorkerDaemonExpiration] Will attempt to release 609 of memory
2026-09-03T20:47:42.915+0700 [DEBUG] [org.gradle.process.internal.health.memory.DefaultMemoryManager] 638754816 physical memory requested, 0 released, 598528000 free
2026-09-03T20:47:44.170+0700 [DEBUG] [org.gradle.cache.internal.DefaultFileLockManager] Waiting to acquire shared lock on daemon addresses registry.
2026-09-03T20:47:44.171+0700 [DEBUG] [org.gradle.cache.internal.DefaultFileLockManager] Lock acquired on daemon addresses registry.
2026-09-03T20:47:44.171+0700 [DEBUG] [org.gradle.cache.internal.DefaultFileLockManager] Releasing lock on daemon addresses registry.
2026-09-03T20:47:44.184+0700 [DEBUG] [org.gradle.cache.internal.DefaultFileLockManager] Waiting to acquire shared lock on daemon addresses registry.
2026-09-03T20:47:44.184+0700 [DEBUG] [org.gradle.cache.internal.DefaultFileLockManager] Lock acquired on daemon addresses registry.
2026-09-03T20:47:44.185+0700 [DEBUG] [org.gradle.cache.internal.DefaultFileLockManager] Releasing lock on daemon addresses registry.
2026-09-03T20:47:44.187+0700 [DEBUG] [org.gradle.cache.internal.DefaultFileLockManager] Waiting to acquire shared lock on daemon addresses registry.
2026-09-03T20:47:44.188+0700 [DEBUG] [org.gradle.cache.internal.DefaultFileLockManager] Lock acquired on daemon addresses registry.
2026-09-03T20:47:44.188+0700 [DEBUG] [org.gradle.cache.internal.DefaultFileLockManager] Releasing lock on daemon addresses registry.
2026-09-03T20:47:47.916+0700 [DEBUG] [org.gradle.process.internal.health.memory.DefaultMemoryManager] 638754816 physical memory requested, 571174912 free
2026-09-03T20:47:47.916+0700 [DEBUG] [org.gradle.workers.internal.WorkerDaemonExpiration] Will attempt to release 609 of memory
2026-09-03T20:47:47.917+0700 [DEBUG] [org.gradle.process.internal.health.memory.DefaultMemoryManager] 638754816 physical memory requested, 0 released, 571174912 free
2026-09-03T20:47:52.915+0700 [DEBUG] [org.gradle.process.internal.health.memory.DefaultMemoryManager] 638754816 physical memory requested, 382894080 free
2026-09-03T20:47:52.915+0700 [DEBUG] [org.gradle.workers.internal.WorkerDaemonExpiration] Will attempt to release 609 of memory
2026-09-03T20:47:52.944+0700 [DEBUG] [org.gradle.process.internal.health.memory.DefaultMemoryManager] 638754816 physical memory requested, 0 released, 382894080 free
2026-09-03T20:47:54.172+0700 [DEBUG] [org.gradle.cache.internal.DefaultFileLockManager] Waiting to acquire shared lock on daemon addresses registry.
2026-09-03T20:47:54.173+0700 [DEBUG] [org.gradle.cache.internal.DefaultFileLockManager] Lock acquired on daemon addresses registry.
2026-09-03T20:47:54.176+0700 [DEBUG] [org.gradle.cache.internal.DefaultFileLockManager] Releasing lock on daemon addresses registry.
2026-09-03T20:47:54.185+0700 [DEBUG] [org.gradle.cache.internal.DefaultFileLockManager] Waiting to acquire shared lock on daemon addresses registry.
2026-09-03T20:47:54.185+0700 [DEBUG] [org.gradle.cache.internal.DefaultFileLockManager] Lock acquired on daemon addresses registry.
2026-09-03T20:47:54.186+0700 [DEBUG] [org.gradle.cache.internal.DefaultFileLockManager] Releasing lock on daemon addresses registry.
2026-09-03T20:47:54.187+0700 [DEBUG] [org.gradle.cache.internal.DefaultFileLockManager] Waiting to acquire shared lock on daemon addresses registry.
2026-09-03T20:47:54.188+0700 [DEBUG] [org.gradle.cache.internal.DefaultFileLockManager] Lock acquired on daemon addresses registry.
2026-09-03T20:47:54.189+0700 [DEBUG] [org.gradle.cache.internal.DefaultFileLockManager] Releasing lock on daemon addresses registry.
2026-09-03T20:47:57.064+0700 [DEBUG] [sun.rmi.transport.tcp] RMI TCP Connection(24)-127.0.0.1: accepted socket from [127.0.0.1:57836]
2026-09-03T20:47:57.069+0700 [DEBUG] [sun.rmi.transport.tcp] RMI TCP Connection(24)-127.0.0.1: (port 61098) op = 80
2026-09-03T20:47:57.071+0700 [DEBUG] [sun.rmi.loader] RMI TCP Connection(24)-127.0.0.1: name = "[Ljava.rmi.server.ObjID;", codebase = "", defaultLoader = jdk.internal.loader.ClassLoaders$PlatformClassLoader@2a87d96
2026-09-03T20:47:57.072+0700 [DEBUG] [sun.rmi.loader] RMI TCP Connection(24)-127.0.0.1: name = "java.rmi.dgc.Lease", codebase = "", defaultLoader = jdk.internal.loader.ClassLoaders$PlatformClassLoader@2a87d96
2026-09-03T20:47:57.073+0700 [DEBUG] [sun.rmi.loader] RMI TCP Connection(24)-127.0.0.1: name = "java.rmi.dgc.VMID", codebase = "", defaultLoader = jdk.internal.loader.ClassLoaders$PlatformClassLoader@2a87d96
2026-09-03T20:47:57.073+0700 [DEBUG] [sun.rmi.loader] RMI TCP Connection(24)-127.0.0.1: name = "[B", codebase = "", defaultLoader = jdk.internal.loader.ClassLoaders$PlatformClassLoader@2a87d96
2026-09-03T20:47:57.075+0700 [DEBUG] [sun.rmi.loader] RMI TCP Connection(24)-127.0.0.1: name = "java.rmi.server.UID", codebase = "", defaultLoader = jdk.internal.loader.ClassLoaders$PlatformClassLoader@2a87d96
2026-09-03T20:48:03.768+0700 [DEBUG] [sun.rmi.transport.tcp] RMI TCP Connection(25)-127.0.0.1: accepted socket from [127.0.0.1:57837]
2026-09-03T20:48:03.769+0700 [DEBUG] [sun.rmi.transport.tcp] RMI TCP Connection(25)-127.0.0.1: (port 61098) op = 80
2026-09-03T20:48:03.772+0700 [DEBUG] [sun.rmi.loader] RMI TCP Connection(25)-127.0.0.1: name = "[Ljava.rmi.server.ObjID;", codebase = "", defaultLoader = jdk.internal.loader.ClassLoaders$PlatformClassLoader@2a87d96
2026-09-03T20:48:03.773+0700 [DEBUG] [sun.rmi.loader] RMI TCP Connection(25)-127.0.0.1: name = "java.rmi.dgc.Lease", codebase = "", defaultLoader = jdk.internal.loader.ClassLoaders$PlatformClassLoader@2a87d96
2026-09-03T20:48:03.773+0700 [DEBUG] [sun.rmi.loader] RMI TCP Connection(25)-127.0.0.1: name = "java.rmi.dgc.VMID", codebase = "", defaultLoader = jdk.internal.loader.ClassLoaders$PlatformClassLoader@2a87d96
2026-09-03T20:48:03.774+0700 [DEBUG] [sun.rmi.loader] RMI TCP Connection(25)-127.0.0.1: name = "[B", codebase = "", defaultLoader = jdk.internal.loader.ClassLoaders$PlatformClassLoader@2a87d96
2026-09-03T20:48:03.774+0700 [DEBUG] [sun.rmi.loader] RMI TCP Connection(25)-127.0.0.1: name = "java.rmi.server.UID", codebase = "", defaultLoader = jdk.internal.loader.ClassLoaders$PlatformClassLoader@2a87d96
2026-09-03T20:48:04.171+0700 [DEBUG] [org.gradle.cache.internal.DefaultFileLockManager] Waiting to acquire shared lock on daemon addresses registry.
2026-09-03T20:48:04.172+0700 [DEBUG] [org.gradle.cache.internal.DefaultFileLockManager] Lock acquired on daemon addresses registry.
2026-09-03T20:48:04.172+0700 [DEBUG] [org.gradle.cache.internal.DefaultFileLockManager] Releasing lock on daemon addresses registry.
2026-09-03T20:48:04.174+0700 [DEBUG] [org.gradle.cache.internal.DefaultFileLockManager] Waiting to acquire shared lock on daemon addresses registry.
2026-09-03T20:48:04.174+0700 [DEBUG] [org.gradle.cache.internal.DefaultFileLockManager] Lock acquired on daemon addresses registry.
2026-09-03T20:48:04.175+0700 [DEBUG] [org.gradle.cache.internal.DefaultFileLockManager] Releasing lock on daemon addresses registry.
2026-09-03T20:48:04.176+0700 [DEBUG] [org.gradle.cache.internal.DefaultFileLockManager] Waiting to acquire shared lock on daemon addresses registry.
2026-09-03T20:48:04.176+0700 [DEBUG] [org.gradle.cache.internal.DefaultFileLockManager] Lock acquired on daemon addresses registry.
2026-09-03T20:48:04.177+0700 [DEBUG] [org.gradle.cache.internal.DefaultFileLockManager] Releasing lock on daemon addresses registry.
2026-09-03T20:48:12.083+0700 [DEBUG] [sun.rmi.transport.tcp] RMI TCP Connection(24)-127.0.0.1: (port 61098) connection closed
2026-09-03T20:48:12.090+0700 [DEBUG] [sun.rmi.transport.tcp] RMI TCP Connection(24)-127.0.0.1: close connection, socket: Socket[addr=/127.0.0.1,port=57836,localport=61098]
2026-09-03T20:48:12.090+0700 [DEBUG] [sun.rmi.transport.tcp] RMI TCP Connection(24)-127.0.0.1: socket close: Socket[addr=/127.0.0.1,port=57836,localport=61098]
2026-09-03T20:48:14.169+0700 [DEBUG] [org.gradle.cache.internal.DefaultFileLockManager] Waiting to acquire shared lock on daemon addresses registry.
2026-09-03T20:48:14.170+0700 [DEBUG] [org.gradle.cache.internal.DefaultFileLockManager] Lock acquired on daemon addresses registry.
2026-09-03T20:48:14.170+0700 [DEBUG] [org.gradle.cache.internal.DefaultFileLockManager] Releasing lock on daemon addresses registry.
2026-09-03T20:48:14.171+0700 [DEBUG] [org.gradle.cache.internal.DefaultFileLockManager] Waiting to acquire shared lock on daemon addresses registry.
2026-09-03T20:48:14.171+0700 [DEBUG] [org.gradle.cache.internal.DefaultFileLockManager] Lock acquired on daemon addresses registry.
2026-09-03T20:48:14.173+0700 [DEBUG] [org.gradle.cache.internal.DefaultFileLockManager] Releasing lock on daemon addresses registry.
2026-09-03T20:48:14.174+0700 [DEBUG] [org.gradle.cache.internal.DefaultFileLockManager] Waiting to acquire shared lock on daemon addresses registry.
2026-09-03T20:48:14.174+0700 [DEBUG] [org.gradle.cache.internal.DefaultFileLockManager] Lock acquired on daemon addresses registry.
2026-09-03T20:48:14.175+0700 [DEBUG] [org.gradle.cache.internal.DefaultFileLockManager] Releasing lock on daemon addresses registry.
2026-09-03T20:48:18.779+0700 [DEBUG] [sun.rmi.transport.tcp] RMI TCP Connection(25)-127.0.0.1: (port 61098) connection closed
2026-09-03T20:48:18.780+0700 [DEBUG] [sun.rmi.transport.tcp] RMI TCP Connection(25)-127.0.0.1: close connection, socket: Socket[addr=/127.0.0.1,port=57837,localport=61098]
2026-09-03T20:48:18.780+0700 [DEBUG] [sun.rmi.transport.tcp] RMI TCP Connection(25)-127.0.0.1: socket close: Socket[addr=/127.0.0.1,port=57837,localport=61098]
2026-09-03T20:48:24.169+0700 [DEBUG] [org.gradle.cache.internal.DefaultFileLockManager] Waiting to acquire shared lock on daemon addresses registry.
2026-09-03T20:48:24.169+0700 [DEBUG] [org.gradle.cache.internal.DefaultFileLockManager] Lock acquired on daemon addresses registry.
2026-09-03T20:48:24.169+0700 [DEBUG] [org.gradle.cache.internal.DefaultFileLockManager] Releasing lock on daemon addresses registry.
2026-09-03T20:48:24.172+0700 [DEBUG] [org.gradle.cache.internal.DefaultFileLockManager] Waiting to acquire shared lock on daemon addresses registry.
2026-09-03T20:48:24.173+0700 [DEBUG] [org.gradle.cache.internal.DefaultFileLockManager] Lock acquired on daemon addresses registry.
2026-09-03T20:48:24.173+0700 [DEBUG] [org.gradle.cache.internal.DefaultFileLockManager] Releasing lock on daemon addresses registry.
2026-09-03T20:48:24.174+0700 [DEBUG] [org.gradle.cache.internal.DefaultFileLockManager] Waiting to acquire shared lock on daemon addresses registry.
2026-09-03T20:48:24.175+0700 [DEBUG] [org.gradle.cache.internal.DefaultFileLockManager] Lock acquired on daemon addresses registry.
2026-09-03T20:48:24.175+0700 [DEBUG] [org.gradle.cache.internal.DefaultFileLockManager] Releasing lock on daemon addresses registry.
2026-09-03T20:48:34.169+0700 [DEBUG] [org.gradle.cache.internal.DefaultFileLockManager] Waiting to acquire shared lock on daemon addresses registry.
2026-09-03T20:48:34.170+0700 [DEBUG] [org.gradle.cache.internal.DefaultFileLockManager] Lock acquired on daemon addresses registry.
2026-09-03T20:48:34.170+0700 [DEBUG] [org.gradle.cache.internal.DefaultFileLockManager] Releasing lock on daemon addresses registry.
2026-09-03T20:48:34.173+0700 [DEBUG] [org.gradle.cache.internal.DefaultFileLockManager] Waiting to acquire shared lock on daemon addresses registry.
2026-09-03T20:48:34.174+0700 [DEBUG] [org.gradle.cache.internal.DefaultFileLockManager] Lock acquired on daemon addresses registry.
2026-09-03T20:48:34.174+0700 [DEBUG] [org.gradle.cache.internal.DefaultFileLockManager] Releasing lock on daemon addresses registry.
2026-09-03T20:48:34.175+0700 [DEBUG] [org.gradle.cache.internal.DefaultFileLockManager] Waiting to acquire shared lock on daemon addresses registry.
2026-09-03T20:48:34.176+0700 [DEBUG] [org.gradle.cache.internal.DefaultFileLockManager] Lock acquired on daemon addresses registry.
2026-09-03T20:48:34.176+0700 [DEBUG] [org.gradle.cache.internal.DefaultFileLockManager] Releasing lock on daemon addresses registry.
2026-09-03T20:48:44.170+0700 [DEBUG] [org.gradle.cache.internal.DefaultFileLockManager] Waiting to acquire shared lock on daemon addresses registry.
2026-09-03T20:48:44.170+0700 [DEBUG] [org.gradle.cache.internal.DefaultFileLockManager] Lock acquired on daemon addresses registry.
2026-09-03T20:48:44.170+0700 [DEBUG] [org.gradle.cache.internal.DefaultFileLockManager] Releasing lock on daemon addresses registry.
2026-09-03T20:48:44.186+0700 [DEBUG] [org.gradle.cache.internal.DefaultFileLockManager] Waiting to acquire shared lock on daemon addresses registry.
2026-09-03T20:48:44.186+0700 [DEBUG] [org.gradle.cache.internal.DefaultFileLockManager] Lock acquired on daemon addresses registry.
2026-09-03T20:48:44.187+0700 [DEBUG] [org.gradle.cache.internal.DefaultFileLockManager] Releasing lock on daemon addresses registry.
2026-09-03T20:48:44.188+0700 [DEBUG] [org.gradle.cache.internal.DefaultFileLockManager] Waiting to acquire shared lock on daemon addresses registry.
2026-09-03T20:48:44.188+0700 [DEBUG] [org.gradle.cache.internal.DefaultFileLockManager] Lock acquired on daemon addresses registry.
2026-09-03T20:48:44.189+0700 [DEBUG] [org.gradle.cache.internal.DefaultFileLockManager] Releasing lock on daemon addresses registry.
2026-09-03T20:48:54.169+0700 [DEBUG] [org.gradle.cache.internal.DefaultFileLockManager] Waiting to acquire shared lock on daemon addresses registry.
2026-09-03T20:48:54.169+0700 [DEBUG] [org.gradle.cache.internal.DefaultFileLockManager] Lock acquired on daemon addresses registry.
2026-09-03T20:48:54.170+0700 [DEBUG] [org.gradle.cache.internal.DefaultFileLockManager] Releasing lock on daemon addresses registry.
2026-09-03T20:48:54.172+0700 [DEBUG] [org.gradle.cache.internal.DefaultFileLockManager] Waiting to acquire shared lock on daemon addresses registry.
2026-09-03T20:48:54.173+0700 [DEBUG] [org.gradle.cache.internal.DefaultFileLockManager] Lock acquired on daemon addresses registry.
2026-09-03T20:48:54.173+0700 [DEBUG] [org.gradle.cache.internal.DefaultFileLockManager] Releasing lock on daemon addresses registry.
2026-09-03T20:48:54.174+0700 [DEBUG] [org.gradle.cache.internal.DefaultFileLockManager] Waiting to acquire shared lock on daemon addresses registry.
2026-09-03T20:48:54.174+0700 [DEBUG] [org.gradle.cache.internal.DefaultFileLockManager] Lock acquired on daemon addresses registry.
2026-09-03T20:48:54.174+0700 [DEBUG] [org.gradle.cache.internal.DefaultFileLockManager] Releasing lock on daemon addresses registry.
2026-09-03T20:49:04.169+0700 [DEBUG] [org.gradle.cache.internal.DefaultFileLockManager] Waiting to acquire shared lock on daemon addresses registry.
2026-09-03T20:49:04.170+0700 [DEBUG] [org.gradle.cache.internal.DefaultFileLockManager] Lock acquired on daemon addresses registry.
2026-09-03T20:49:04.170+0700 [DEBUG] [org.gradle.cache.internal.DefaultFileLockManager] Releasing lock on daemon addresses registry.
2026-09-03T20:49:04.174+0700 [DEBUG] [org.gradle.cache.internal.DefaultFileLockManager] Waiting to acquire shared lock on daemon addresses registry.
2026-09-03T20:49:04.174+0700 [DEBUG] [org.gradle.cache.internal.DefaultFileLockManager] Lock acquired on daemon addresses registry.
2026-09-03T20:49:04.175+0700 [DEBUG] [org.gradle.cache.internal.DefaultFileLockManager] Releasing lock on daemon addresses registry.
2026-09-03T20:49:04.181+0700 [DEBUG] [org.gradle.cache.internal.DefaultFileLockManager] Waiting to acquire shared lock on daemon addresses registry.
2026-09-03T20:49:04.181+0700 [DEBUG] [org.gradle.cache.internal.DefaultFileLockManager] Lock acquired on daemon addresses registry.
2026-09-03T20:49:04.181+0700 [DEBUG] [org.gradle.cache.internal.DefaultFileLockManager] Releasing lock on daemon addresses registry.
2026-09-03T20:49:14.170+0700 [DEBUG] [org.gradle.cache.internal.DefaultFileLockManager] Waiting to acquire shared lock on daemon addresses registry.
2026-09-03T20:49:14.170+0700 [DEBUG] [org.gradle.cache.internal.DefaultFileLockManager] Lock acquired on daemon addresses registry.
2026-09-03T20:49:14.171+0700 [DEBUG] [org.gradle.cache.internal.DefaultFileLockManager] Releasing lock on daemon addresses registry.
2026-09-03T20:49:14.172+0700 [DEBUG] [org.gradle.cache.internal.DefaultFileLockManager] Waiting to acquire shared lock on daemon addresses registry.
2026-09-03T20:49:14.173+0700 [DEBUG] [org.gradle.cache.internal.DefaultFileLockManager] Lock acquired on daemon addresses registry.
2026-09-03T20:49:14.173+0700 [DEBUG] [org.gradle.cache.internal.DefaultFileLockManager] Releasing lock on daemon addresses registry.
2026-09-03T20:49:14.174+0700 [DEBUG] [org.gradle.cache.internal.DefaultFileLockManager] Waiting to acquire shared lock on daemon addresses registry.
2026-09-03T20:49:14.174+0700 [DEBUG] [org.gradle.cache.internal.DefaultFileLockManager] Lock acquired on daemon addresses registry.
2026-09-03T20:49:14.174+0700 [DEBUG] [org.gradle.cache.internal.DefaultFileLockManager] Releasing lock on daemon addresses registry.
2026-09-03T20:49:24.239+0700 [DEBUG] [org.gradle.cache.internal.DefaultFileLockManager] Waiting to acquire shared lock on daemon addresses registry.
2026-09-03T20:49:24.239+0700 [DEBUG] [org.gradle.cache.internal.DefaultFileLockManager] Lock acquired on daemon addresses registry.
2026-09-03T20:49:24.239+0700 [DEBUG] [org.gradle.cache.internal.DefaultFileLockManager] Releasing lock on daemon addresses registry.
2026-09-03T20:49:24.240+0700 [DEBUG] [org.gradle.cache.internal.DefaultFileLockManager] Waiting to acquire shared lock on daemon addresses registry.
2026-09-03T20:49:24.241+0700 [DEBUG] [org.gradle.cache.internal.DefaultFileLockManager] Lock acquired on daemon addresses registry.
2026-09-03T20:49:24.241+0700 [DEBUG] [org.gradle.cache.internal.DefaultFileLockManager] Releasing lock on daemon addresses registry.
2026-09-03T20:49:24.262+0700 [DEBUG] [org.gradle.cache.internal.DefaultFileLockManager] Waiting to acquire shared lock on daemon addresses registry.
2026-09-03T20:49:24.263+0700 [DEBUG] [org.gradle.cache.internal.DefaultFileLockManager] Lock acquired on daemon addresses registry.
2026-09-03T20:49:24.263+0700 [DEBUG] [org.gradle.cache.internal.DefaultFileLockManager] Releasing lock on daemon addresses registry.
2026-09-03T20:49:27.915+0700 [DEBUG] [org.gradle.process.internal.health.memory.DefaultMemoryManager] 638754816 physical memory requested, 440659968 free
2026-09-03T20:49:27.916+0700 [DEBUG] [org.gradle.workers.internal.WorkerDaemonExpiration] Will attempt to release 609 of memory
2026-09-03T20:49:27.916+0700 [DEBUG] [org.gradle.process.internal.health.memory.DefaultMemoryManager] 638754816 physical memory requested, 0 released, 440659968 free
2026-09-03T20:49:32.915+0700 [DEBUG] [org.gradle.process.internal.health.memory.DefaultMemoryManager] 638754816 physical memory requested, 576864256 free
2026-09-03T20:49:32.915+0700 [DEBUG] [org.gradle.workers.internal.WorkerDaemonExpiration] Will attempt to release 609 of memory
2026-09-03T20:49:32.915+0700 [DEBUG] [org.gradle.process.internal.health.memory.DefaultMemoryManager] 638754816 physical memory requested, 0 released, 576864256 free
2026-09-03T20:49:34.170+0700 [DEBUG] [org.gradle.cache.internal.DefaultFileLockManager] Waiting to acquire shared lock on daemon addresses registry.
2026-09-03T20:49:34.170+0700 [DEBUG] [org.gradle.cache.internal.DefaultFileLockManager] Lock acquired on daemon addresses registry.
2026-09-03T20:49:34.172+0700 [DEBUG] [org.gradle.cache.internal.DefaultFileLockManager] Releasing lock on daemon addresses registry.
2026-09-03T20:49:34.174+0700 [DEBUG] [org.gradle.cache.internal.DefaultFileLockManager] Waiting to acquire shared lock on daemon addresses registry.
2026-09-03T20:49:34.174+0700 [DEBUG] [org.gradle.cache.internal.DefaultFileLockManager] Lock acquired on daemon addresses registry.
2026-09-03T20:49:34.175+0700 [DEBUG] [org.gradle.cache.internal.DefaultFileLockManager] Releasing lock on daemon addresses registry.
2026-09-03T20:49:34.176+0700 [DEBUG] [org.gradle.cache.internal.DefaultFileLockManager] Waiting to acquire shared lock on daemon addresses registry.
2026-09-03T20:49:34.176+0700 [DEBUG] [org.gradle.cache.internal.DefaultFileLockManager] Lock acquired on daemon addresses registry.
2026-09-03T20:49:34.177+0700 [DEBUG] [org.gradle.cache.internal.DefaultFileLockManager] Releasing lock on daemon addresses registry.
2026-09-03T20:49:42.915+0700 [DEBUG] [org.gradle.process.internal.health.memory.DefaultMemoryManager] 638754816 physical memory requested, 505487360 free
2026-09-03T20:49:42.915+0700 [DEBUG] [org.gradle.workers.internal.WorkerDaemonExpiration] Will attempt to release 609 of memory
2026-09-03T20:49:42.916+0700 [DEBUG] [org.gradle.process.internal.health.memory.DefaultMemoryManager] 638754816 physical memory requested, 0 released, 505487360 free
2026-09-03T20:49:44.172+0700 [DEBUG] [org.gradle.cache.internal.DefaultFileLockManager] Waiting to acquire shared lock on daemon addresses registry.
2026-09-03T20:49:44.172+0700 [DEBUG] [org.gradle.cache.internal.DefaultFileLockManager] Lock acquired on daemon addresses registry.
2026-09-03T20:49:44.173+0700 [DEBUG] [org.gradle.cache.internal.DefaultFileLockManager] Releasing lock on daemon addresses registry.
2026-09-03T20:49:44.177+0700 [DEBUG] [org.gradle.cache.internal.DefaultFileLockManager] Waiting to acquire shared lock on daemon addresses registry.
2026-09-03T20:49:44.177+0700 [DEBUG] [org.gradle.cache.internal.DefaultFileLockManager] Lock acquired on daemon addresses registry.
2026-09-03T20:49:44.178+0700 [DEBUG] [org.gradle.cache.internal.DefaultFileLockManager] Releasing lock on daemon addresses registry.
2026-09-03T20:49:44.180+0700 [DEBUG] [org.gradle.cache.internal.DefaultFileLockManager] Waiting to acquire shared lock on daemon addresses registry.
2026-09-03T20:49:44.180+0700 [DEBUG] [org.gradle.cache.internal.DefaultFileLockManager] Lock acquired on daemon addresses registry.
2026-09-03T20:49:44.180+0700 [DEBUG] [org.gradle.cache.internal.DefaultFileLockManager] Releasing lock on daemon addresses registry.
2026-09-03T20:49:47.916+0700 [DEBUG] [org.gradle.process.internal.health.memory.DefaultMemoryManager] 638754816 physical memory requested, 462532608 free
2026-09-03T20:49:47.917+0700 [DEBUG] [org.gradle.workers.internal.WorkerDaemonExpiration] Will attempt to release 609 of memory
2026-09-03T20:49:47.918+0700 [DEBUG] [org.gradle.process.internal.health.memory.DefaultMemoryManager] 638754816 physical memory requested, 0 released, 462532608 free
2026-09-03T20:49:52.915+0700 [DEBUG] [org.gradle.process.internal.health.memory.DefaultMemoryManager] 638754816 physical memory requested, 399564800 free
2026-09-03T20:49:52.915+0700 [DEBUG] [org.gradle.workers.internal.WorkerDaemonExpiration] Will attempt to release 609 of memory
2026-09-03T20:49:52.915+0700 [DEBUG] [org.gradle.process.internal.health.memory.DefaultMemoryManager] 638754816 physical memory requested, 0 released, 399564800 free
2026-09-03T20:49:54.169+0700 [DEBUG] [org.gradle.cache.internal.DefaultFileLockManager] Waiting to acquire shared lock on daemon addresses registry.
2026-09-03T20:49:54.169+0700 [DEBUG] [org.gradle.cache.internal.DefaultFileLockManager] Lock acquired on daemon addresses registry.
2026-09-03T20:49:54.170+0700 [DEBUG] [org.gradle.cache.internal.DefaultFileLockManager] Releasing lock on daemon addresses registry.
2026-09-03T20:49:54.175+0700 [DEBUG] [org.gradle.cache.internal.DefaultFileLockManager] Waiting to acquire shared lock on daemon addresses registry.
2026-09-03T20:49:54.176+0700 [DEBUG] [org.gradle.cache.internal.DefaultFileLockManager] Lock acquired on daemon addresses registry.
2026-09-03T20:49:54.176+0700 [DEBUG] [org.gradle.cache.internal.DefaultFileLockManager] Releasing lock on daemon addresses registry.
2026-09-03T20:49:54.177+0700 [DEBUG] [org.gradle.cache.internal.DefaultFileLockManager] Waiting to acquire shared lock on daemon addresses registry.
2026-09-03T20:49:54.177+0700 [DEBUG] [org.gradle.cache.internal.DefaultFileLockManager] Lock acquired on daemon addresses registry.
2026-09-03T20:49:54.196+0700 [DEBUG] [org.gradle.cache.internal.DefaultFileLockManager] Releasing lock on daemon addresses registry.
2026-09-03T20:49:57.914+0700 [DEBUG] [org.gradle.process.internal.health.memory.DefaultMemoryManager] 638754816 physical memory requested, 429535232 free
2026-09-03T20:49:57.915+0700 [DEBUG] [org.gradle.workers.internal.WorkerDaemonExpiration] Will attempt to release 609 of memory
2026-09-03T20:49:57.915+0700 [DEBUG] [org.gradle.process.internal.health.memory.DefaultMemoryManager] 638754816 physical memory requested, 0 released, 429535232 free
2026-09-03T20:50:02.916+0700 [DEBUG] [org.gradle.process.internal.health.memory.DefaultMemoryManager] 638754816 physical memory requested, 614875136 free
2026-09-03T20:50:02.929+0700 [DEBUG] [org.gradle.workers.internal.WorkerDaemonExpiration] Will attempt to release 609 of memory
2026-09-03T20:50:02.929+0700 [DEBUG] [org.gradle.process.internal.health.memory.DefaultMemoryManager] 638754816 physical memory requested, 0 released, 614875136 free
2026-09-03T20:50:04.172+0700 [DEBUG] [org.gradle.cache.internal.DefaultFileLockManager] Waiting to acquire shared lock on daemon addresses registry.
2026-09-03T20:50:04.172+0700 [DEBUG] [org.gradle.cache.internal.DefaultFileLockManager] Lock acquired on daemon addresses registry.
2026-09-03T20:50:04.173+0700 [DEBUG] [org.gradle.cache.internal.DefaultFileLockManager] Releasing lock on daemon addresses registry.
2026-09-03T20:50:04.176+0700 [DEBUG] [org.gradle.cache.internal.DefaultFileLockManager] Waiting to acquire shared lock on daemon addresses registry.
2026-09-03T20:50:04.176+0700 [DEBUG] [org.gradle.cache.internal.DefaultFileLockManager] Lock acquired on daemon addresses registry.
2026-09-03T20:50:04.177+0700 [DEBUG] [org.gradle.cache.internal.DefaultFileLockManager] Releasing lock on daemon addresses registry.
2026-09-03T20:50:04.178+0700 [DEBUG] [org.gradle.cache.internal.DefaultFileLockManager] Waiting to acquire shared lock on daemon addresses registry.
2026-09-03T20:50:04.178+0700 [DEBUG] [org.gradle.cache.internal.DefaultFileLockManager] Lock acquired on daemon addresses registry.
2026-09-03T20:50:04.179+0700 [DEBUG] [org.gradle.cache.internal.DefaultFileLockManager] Releasing lock on daemon addresses registry.
2026-09-03T20:50:14.170+0700 [DEBUG] [org.gradle.cache.internal.DefaultFileLockManager] Waiting to acquire shared lock on daemon addresses registry.
2026-09-03T20:50:14.170+0700 [DEBUG] [org.gradle.cache.internal.DefaultFileLockManager] Lock acquired on daemon addresses registry.
2026-09-03T20:50:14.171+0700 [DEBUG] [org.gradle.cache.internal.DefaultFileLockManager] Releasing lock on daemon addresses registry.
2026-09-03T20:50:14.174+0700 [DEBUG] [org.gradle.cache.internal.DefaultFileLockManager] Waiting to acquire shared lock on daemon addresses registry.
2026-09-03T20:50:14.175+0700 [DEBUG] [org.gradle.cache.internal.DefaultFileLockManager] Lock acquired on daemon addresses registry.
2026-09-03T20:50:14.175+0700 [DEBUG] [org.gradle.cache.internal.DefaultFileLockManager] Releasing lock on daemon addresses registry.
2026-09-03T20:50:14.177+0700 [DEBUG] [org.gradle.cache.internal.DefaultFileLockManager] Waiting to acquire shared lock on daemon addresses registry.
2026-09-03T20:50:14.177+0700 [DEBUG] [org.gradle.cache.internal.DefaultFileLockManager] Lock acquired on daemon addresses registry.
2026-09-03T20:50:14.177+0700 [DEBUG] [org.gradle.cache.internal.DefaultFileLockManager] Releasing lock on daemon addresses registry.
2026-09-03T20:50:22.915+0700 [DEBUG] [org.gradle.process.internal.health.memory.DefaultMemoryManager] 638754816 physical memory requested, 628936704 free
2026-09-03T20:50:22.915+0700 [DEBUG] [org.gradle.workers.internal.WorkerDaemonExpiration] Will attempt to release 609 of memory
2026-09-03T20:50:22.915+0700 [DEBUG] [org.gradle.process.internal.health.memory.DefaultMemoryManager] 638754816 physical memory requested, 0 released, 628936704 free
2026-09-03T20:50:24.171+0700 [DEBUG] [org.gradle.cache.internal.DefaultFileLockManager] Waiting to acquire shared lock on daemon addresses registry.
2026-09-03T20:50:24.171+0700 [DEBUG] [org.gradle.cache.internal.DefaultFileLockManager] Lock acquired on daemon addresses registry.
2026-09-03T20:50:24.171+0700 [DEBUG] [org.gradle.cache.internal.DefaultFileLockManager] Releasing lock on daemon addresses registry.
2026-09-03T20:50:24.173+0700 [DEBUG] [org.gradle.cache.internal.DefaultFileLockManager] Waiting to acquire shared lock on daemon addresses registry.
2026-09-03T20:50:24.173+0700 [DEBUG] [org.gradle.cache.internal.DefaultFileLockManager] Lock acquired on daemon addresses registry.
2026-09-03T20:50:24.174+0700 [DEBUG] [org.gradle.cache.internal.DefaultFileLockManager] Releasing lock on daemon addresses registry.
2026-09-03T20:50:24.175+0700 [DEBUG] [org.gradle.cache.internal.DefaultFileLockManager] Waiting to acquire shared lock on daemon addresses registry.
2026-09-03T20:50:24.175+0700 [DEBUG] [org.gradle.cache.internal.DefaultFileLockManager] Lock acquired on daemon addresses registry.
2026-09-03T20:50:24.175+0700 [DEBUG] [org.gradle.cache.internal.DefaultFileLockManager] Releasing lock on daemon addresses registry.
2026-09-03T20:50:24.771+0700 [DEBUG] [org.gradle.internal.remote.internal.inet.TcpIncomingConnector] Accepted connection from /127.0.0.1:49661 to /127.0.0.1:51110.
2026-09-03T20:50:25.376+0700 [DEBUG] [org.gradle.launcher.daemon.server.SynchronizedDispatchConnection] thread 435: received class org.gradle.launcher.daemon.protocol.Build
2026-09-03T20:50:25.379+0700 [DEBUG] [org.gradle.launcher.daemon.server.DefaultDaemonConnection] thread 435: Received non-IO message from client: Build{id=7aed3c5d-3a59-49f5-a213-bb2feae5c9a4, currentDir=D:\AbsensiSeleksi}
2026-09-03T20:50:25.381+0700 [INFO] [org.gradle.launcher.daemon.server.DefaultIncomingConnectionHandler] Received command: Build{id=7aed3c5d-3a59-49f5-a213-bb2feae5c9a4, currentDir=D:\AbsensiSeleksi}.
2026-09-03T20:50:25.382+0700 [DEBUG] [org.gradle.launcher.daemon.server.DefaultIncomingConnectionHandler] Starting executing command: Build{id=7aed3c5d-3a59-49f5-a213-bb2feae5c9a4, currentDir=D:\AbsensiSeleksi} with connection: socket connection from /127.0.0.1:51110 to /127.0.0.1:49661.
2026-09-03T20:50:25.396+0700 [DEBUG] [org.gradle.launcher.daemon.server.DaemonStateCoordinator] Command execution: started DaemonCommandExecution[command = Build{id=7aed3c5d-3a59-49f5-a213-bb2feae5c9a4, currentDir=D:\AbsensiSeleksi}, connection = DefaultDaemonConnection: socket connection from /127.0.0.1:51110 to /127.0.0.1:49661] after 20.390733333333333 minutes of idle
2026-09-03T20:50:25.399+0700 [INFO] [org.gradle.launcher.daemon.server.DaemonRegistryUpdater] Marking the daemon as busy, address: [5fe4e37b-42a4-41ce-bdfd-25c530d6108e port:51110, addresses:[localhost/127.0.0.1]]
2026-09-03T20:50:25.399+0700 [DEBUG] [org.gradle.launcher.daemon.registry.PersistentDaemonRegistry] Marking busy by address: [5fe4e37b-42a4-41ce-bdfd-25c530d6108e port:51110, addresses:[localhost/127.0.0.1]]
2026-09-03T20:50:25.403+0700 [DEBUG] [org.gradle.cache.internal.DefaultFileLockManager] Waiting to acquire exclusive lock on daemon addresses registry.
2026-09-03T20:50:25.410+0700 [DEBUG] [org.gradle.cache.internal.DefaultFileLockManager] Lock acquired on daemon addresses registry.
2026-09-03T20:50:25.489+0700 [DEBUG] [org.gradle.cache.internal.DefaultFileLockManager] Releasing lock on daemon addresses registry.
2026-09-03T20:50:25.491+0700 [DEBUG] [org.gradle.launcher.daemon.server.DaemonStateCoordinator] resetting idle timer
2026-09-03T20:50:25.492+0700 [DEBUG] [org.gradle.launcher.daemon.server.DaemonStateCoordinator] daemon is running. Sleeping until state changes.
2026-09-03T20:50:25.498+0700 [INFO] [org.gradle.launcher.daemon.server.exec.StartBuildOrRespondWithBusy] Daemon is about to start building Build{id=7aed3c5d-3a59-49f5-a213-bb2feae5c9a4, currentDir=D:\AbsensiSeleksi}. Dispatching build started information...
2026-09-03T20:50:25.500+0700 [DEBUG] [org.gradle.launcher.daemon.server.SynchronizedDispatchConnection] thread 437: dispatching org.gradle.launcher.daemon.protocol.BuildStarted@7e97badd
2026-09-03T20:50:25.524+0700 [DEBUG] [org.gradle.launcher.daemon.server.exec.EstablishBuildEnvironment] Configuring env variables: [USERDOMAIN_ROAMINGPROFILE, LOCALAPPDATA, ChocolateyLastPathUpdate, PROCESSOR_LEVEL, IJ_RESTARTER_LOG, USERDOMAIN, EFC_2376_1592913036, LOGONSERVER, SESSIONNAME, ALLUSERSPROFILE, PROCESSOR_ARCHITECTURE, PSModulePath, SystemDrive, asl.log, OneDrive, APPDATA, USERNAME, ChocolateyInstall, ProgramFiles(x86), CommonProgramFiles, Path, PATHEXT, DriverData, OS, OneDriveConsumer, COMPUTERNAME, EFC_2376_4126798990, EFC_2376_2946480783, PROCESSOR_REVISION, CommonProgramW6432, ComSpec, ProgramData, ProgramW6432, TEMP, HOMEPATH, SystemRoot, PROCESSOR_IDENTIFIER, HOMEDRIVE, USERPROFILE, TMP, CommonProgramFiles(x86), ProgramFiles, PUBLIC, windir, NUMBER_OF_PROCESSORS, =::]
2026-09-03T20:50:25.550+0700 [DEBUG] [org.gradle.launcher.daemon.server.exec.LogToClient] About to start relaying all logs to the client via the connection.
2026-09-03T20:50:25.556+0700 [INFO] [org.gradle.launcher.daemon.server.exec.LogToClient] The client will now receive all logging from the daemon (pid: 9240). The daemon log file: D:\AbsensiSeleksi\daemon\8.9\daemon-9240.out.log
2026-09-03T20:50:25.591+0700 [INFO] [org.gradle.launcher.daemon.server.exec.LogAndCheckHealth] Starting 5th build in daemon [uptime: 52 mins 52.105 secs, performance: 98%, GC rate: 0.00/s, heap usage: 0% of 2 GiB]
2026-09-03T20:50:25.595+0700 [DEBUG] [org.gradle.launcher.daemon.server.exec.ExecuteBuild] The daemon has started executing the build.
2026-09-03T20:50:25.596+0700 [DEBUG] [org.gradle.launcher.daemon.server.exec.ExecuteBuild] Executing build with daemon context: DefaultDaemonContext[uid=3ef6a606-8328-4109-a205-d5ba9010b1f9,javaHome=C:\Users\AsusA416jp\.jdks\jbr-21.0.11,javaVersion=21,daemonRegistryDir=D:\AbsensiSeleksi\daemon,pid=9240,idleTimeout=10800000,priority=NORMAL,applyInstrumentationAgent=true,nativeServicesMode=ENABLED,daemonOpts=--add-opens=java.base/java.util=ALL-UNNAMED,--add-opens=java.base/java.lang=ALL-UNNAMED,--add-opens=java.base/java.lang.invoke=ALL-UNNAMED,--add-opens=java.prefs/java.util.prefs=ALL-UNNAMED,--add-exports=jdk.compiler/com.sun.tools.javac.api=ALL-UNNAMED,--add-exports=jdk.compiler/com.sun.tools.javac.util=ALL-UNNAMED,--add-opens=java.base/java.nio.charset=ALL-UNNAMED,--add-opens=java.base/java.net=ALL-UNNAMED,--add-opens=java.base/java.util.concurrent.atomic=ALL-UNNAMED,-Xmx2048m,-Dfile.encoding=UTF-8,-Duser.country=ID,-Duser.language=en,-Duser.variant]

BUILD SUCCESSFUL in 38s
2026-09-03T20:51:03.332+0700 [DEBUG] [org.gradle.launcher.daemon.server.exec.ExecuteBuild] The daemon has finished executing the build.
2026-09-03T20:51:03.340+0700 [DEBUG] [org.gradle.launcher.daemon.server.DaemonStateCoordinator] daemon is running. Sleeping until state changes.
2026-09-03T20:51:03.340+0700 [DEBUG] [org.gradle.launcher.daemon.server.DaemonStateCoordinator] Command execution: finished waiting for DaemonCommandExecution[command = Build{id=7aed3c5d-3a59-49f5-a213-bb2feae5c9a4, currentDir=D:\AbsensiSeleksi}, connection = DefaultDaemonConnection: socket connection from /127.0.0.1:51110 to /127.0.0.1:49661]. Result org.gradle.launcher.daemon.server.DaemonStateCoordinator@6bd05269 with state Busy
2026-09-03T20:51:03.340+0700 [DEBUG] [org.gradle.launcher.daemon.server.DaemonStateCoordinator] Command execution: completed DaemonCommandExecution[command = Build{id=7aed3c5d-3a59-49f5-a213-bb2feae5c9a4, currentDir=D:\AbsensiSeleksi}, connection = DefaultDaemonConnection: socket connection from /127.0.0.1:51110 to /127.0.0.1:49661]
2026-09-03T20:51:03.340+0700 [DEBUG] [org.gradle.launcher.daemon.server.DaemonStateCoordinator] resetting idle timer
2026-09-03T20:51:03.342+0700 [INFO] [org.gradle.launcher.daemon.server.DaemonRegistryUpdater] Marking the daemon as idle, address: [5fe4e37b-42a4-41ce-bdfd-25c530d6108e port:51110, addresses:[localhost/127.0.0.1]]
2026-09-03T20:51:03.342+0700 [DEBUG] [org.gradle.launcher.daemon.registry.PersistentDaemonRegistry] Marking busy by address: [5fe4e37b-42a4-41ce-bdfd-25c530d6108e port:51110, addresses:[localhost/127.0.0.1]]
2026-09-03T20:51:03.344+0700 [DEBUG] [org.gradle.cache.internal.DefaultFileLockManager] Waiting to acquire exclusive lock on daemon addresses registry.
2026-09-03T20:51:03.345+0700 [DEBUG] [org.gradle.cache.internal.DefaultFileLockManager] Lock acquired on daemon addresses registry.
2026-09-03T20:51:03.350+0700 [DEBUG] [org.gradle.cache.internal.DefaultFileLockManager] Releasing lock on daemon addresses registry.
2026-09-03T20:51:03.350+0700 [DEBUG] [org.gradle.launcher.daemon.server.exec.ReturnResult] Daemon is dispatching the build result: Success[value=org.gradle.launcher.exec.BuildActionResult@2fb52684]
2026-09-03T20:51:03.350+0700 [DEBUG] [org.gradle.launcher.daemon.server.DaemonStateCoordinator] daemon is running. Sleeping until state changes.
2026-09-03T20:51:03.350+0700 [DEBUG] [org.gradle.launcher.daemon.server.SynchronizedDispatchConnection] thread 434: dispatching Success[value=org.gradle.launcher.exec.BuildActionResult@2fb52684]
2026-09-03T20:51:03.354+0700 [DEBUG] [org.gradle.launcher.daemon.server.exec.CleanUpVirtualFileSystemAfterBuild] Cleaning virtual file system after build finished
2026-09-03T20:51:03.355+0700 [DEBUG] [org.gradle.launcher.daemon.server.DefaultIncomingConnectionHandler] Finishing executing command: Build{id=7aed3c5d-3a59-49f5-a213-bb2feae5c9a4, currentDir=D:\AbsensiSeleksi}
2026-09-03T20:51:04.169+0700 [DEBUG] [org.gradle.cache.internal.DefaultFileLockManager] Waiting to acquire shared lock on daemon addresses registry.
2026-09-03T20:51:04.169+0700 [DEBUG] [org.gradle.cache.internal.DefaultFileLockManager] Lock acquired on daemon addresses registry.
2026-09-03T20:51:04.169+0700 [DEBUG] [org.gradle.cache.internal.DefaultFileLockManager] Releasing lock on daemon addresses registry.
2026-09-03T20:51:04.171+0700 [DEBUG] [org.gradle.cache.internal.DefaultFileLockManager] Waiting to acquire shared lock on daemon addresses registry.
2026-09-03T20:51:04.171+0700 [DEBUG] [org.gradle.cache.internal.DefaultFileLockManager] Lock acquired on daemon addresses registry.
2026-09-03T20:51:04.172+0700 [DEBUG] [org.gradle.cache.internal.DefaultFileLockManager] Releasing lock on daemon addresses registry.
2026-09-03T20:51:05.608+0700 [DEBUG] [org.gradle.launcher.daemon.server.SynchronizedDispatchConnection] thread 435: received class org.gradle.launcher.daemon.protocol.CloseInput
2026-09-03T20:51:05.608+0700 [DEBUG] [org.gradle.launcher.daemon.server.DefaultDaemonConnection] thread 435: Received IO message from client: org.gradle.launcher.daemon.protocol.CloseInput@2c073854
2026-09-03T20:51:05.609+0700 [DEBUG] [org.gradle.launcher.daemon.server.SynchronizedDispatchConnection] thread 435: received class org.gradle.launcher.daemon.protocol.Finished
2026-09-03T20:51:05.609+0700 [DEBUG] [org.gradle.launcher.daemon.server.DefaultDaemonConnection] thread 435: Received non-IO message from client: org.gradle.launcher.daemon.protocol.Finished@1412826b
2026-09-03T20:51:05.609+0700 [DEBUG] [org.gradle.launcher.daemon.server.DefaultIncomingConnectionHandler] Received finished message: org.gradle.launcher.daemon.protocol.Finished@1412826b
2026-09-03T20:51:05.609+0700 [DEBUG] [org.gradle.launcher.daemon.server.SynchronizedDispatchConnection] thread 434: stopping connection
2026-09-03T20:51:05.609+0700 [DEBUG] [org.gradle.internal.remote.internal.inet.SocketConnection] Discarding EOFException: java.io.EOFException
2026-09-03T20:51:05.610+0700 [DEBUG] [org.gradle.launcher.daemon.server.SynchronizedDispatchConnection] thread 435: received null
2026-09-03T20:51:05.610+0700 [DEBUG] [org.gradle.launcher.daemon.server.DefaultDaemonConnection] thread 435: Received end-of-input from client.
2026-09-03T20:51:05.614+0700 [DEBUG] [org.gradle.launcher.daemon.server.SynchronizedDispatchConnection] thread 434: stopping connection
2026-09-03T20:51:07.916+0700 [DEBUG] [org.gradle.process.internal.health.memory.DefaultMemoryManager] 638754816 physical memory requested, 390963200 free
2026-09-03T20:51:07.916+0700 [DEBUG] [org.gradle.workers.internal.WorkerDaemonExpiration] Will attempt to release 609 of memory
2026-09-03T20:51:07.916+0700 [DEBUG] [org.gradle.process.internal.health.memory.DefaultMemoryManager] 638754816 physical memory requested, 0 released, 390963200 free
2026-09-03T20:51:12.922+0700 [DEBUG] [org.gradle.process.internal.health.memory.DefaultMemoryManager] 638754816 physical memory requested, 316260352 free
2026-09-03T20:51:12.940+0700 [DEBUG] [org.gradle.workers.internal.WorkerDaemonExpiration] Will attempt to release 609 of memory
2026-09-03T20:51:12.957+0700 [DEBUG] [org.gradle.process.internal.health.memory.DefaultMemoryManager] 638754816 physical memory requested, 0 released, 316260352 free
2026-09-03T20:51:14.390+0700 [DEBUG] [org.gradle.cache.internal.DefaultFileLockManager] Waiting to acquire shared lock on daemon addresses registry.
2026-09-03T20:51:14.392+0700 [DEBUG] [org.gradle.cache.internal.DefaultFileLockManager] Lock acquired on daemon addresses registry.
2026-09-03T20:51:14.428+0700 [DEBUG] [org.gradle.cache.internal.DefaultFileLockManager] Releasing lock on daemon addresses registry.
2026-09-03T20:51:14.483+0700 [DEBUG] [org.gradle.cache.internal.DefaultFileLockManager] Waiting to acquire shared lock on daemon addresses registry.
2026-09-03T20:51:14.484+0700 [DEBUG] [org.gradle.cache.internal.DefaultFileLockManager] Lock acquired on daemon addresses registry.
2026-09-03T20:51:14.485+0700 [DEBUG] [org.gradle.cache.internal.DefaultFileLockManager] Releasing lock on daemon addresses registry.
2026-09-03T20:51:14.506+0700 [DEBUG] [org.gradle.cache.internal.DefaultFileLockManager] Waiting to acquire shared lock on daemon addresses registry.
2026-09-03T20:51:14.508+0700 [DEBUG] [org.gradle.cache.internal.DefaultFileLockManager] Lock acquired on daemon addresses registry.
2026-09-03T20:51:14.509+0700 [DEBUG] [org.gradle.cache.internal.DefaultFileLockManager] Releasing lock on daemon addresses registry.
2026-09-03T20:51:17.914+0700 [DEBUG] [org.gradle.process.internal.health.memory.DefaultMemoryManager] 638754816 physical memory requested, 172244992 free
2026-09-03T20:51:17.915+0700 [DEBUG] [org.gradle.workers.internal.WorkerDaemonExpiration] Will attempt to release 609 of memory
2026-09-03T20:51:17.915+0700 [DEBUG] [org.gradle.process.internal.health.memory.DefaultMemoryManager] 638754816 physical memory requested, 0 released, 172244992 free
2026-09-03T20:51:22.915+0700 [DEBUG] [org.gradle.process.internal.health.memory.DefaultMemoryManager] 638754816 physical memory requested, 39964672 free
2026-09-03T20:51:22.916+0700 [DEBUG] [org.gradle.workers.internal.WorkerDaemonExpiration] Will attempt to release 609 of memory
2026-09-03T20:51:22.916+0700 [DEBUG] [org.gradle.process.internal.health.memory.DefaultMemoryManager] 638754816 physical memory requested, 0 released, 39964672 free
2026-09-03T20:51:24.302+0700 [DEBUG] [org.gradle.cache.internal.DefaultFileLockManager] Waiting to acquire shared lock on daemon addresses registry.
2026-09-03T20:51:24.303+0700 [DEBUG] [org.gradle.cache.internal.DefaultFileLockManager] Lock acquired on daemon addresses registry.
2026-09-03T20:51:24.316+0700 [DEBUG] [org.gradle.cache.internal.DefaultFileLockManager] Releasing lock on daemon addresses registry.
2026-09-03T20:51:24.486+0700 [DEBUG] [org.gradle.cache.internal.DefaultFileLockManager] Waiting to acquire shared lock on daemon addresses registry.
2026-09-03T20:51:24.487+0700 [DEBUG] [org.gradle.cache.internal.DefaultFileLockManager] Lock acquired on daemon addresses registry.
2026-09-03T20:51:24.488+0700 [DEBUG] [org.gradle.cache.internal.DefaultFileLockManager] Releasing lock on daemon addresses registry.
2026-09-03T20:51:24.490+0700 [DEBUG] [org.gradle.cache.internal.DefaultFileLockManager] Waiting to acquire shared lock on daemon addresses registry.
2026-09-03T20:51:24.491+0700 [DEBUG] [org.gradle.cache.internal.DefaultFileLockManager] Lock acquired on daemon addresses registry.
2026-09-03T20:51:24.501+0700 [DEBUG] [org.gradle.cache.internal.DefaultFileLockManager] Releasing lock on daemon addresses registry.
2026-09-03T20:51:27.915+0700 [DEBUG] [org.gradle.process.internal.health.memory.DefaultMemoryManager] 638754816 physical memory requested, 309534720 free
2026-09-03T20:51:27.928+0700 [DEBUG] [org.gradle.workers.internal.WorkerDaemonExpiration] Will attempt to release 609 of memory
2026-09-03T20:51:27.928+0700 [DEBUG] [org.gradle.process.internal.health.memory.DefaultMemoryManager] 638754816 physical memory requested, 0 released, 309534720 free
2026-09-03T20:51:34.170+0700 [DEBUG] [org.gradle.cache.internal.DefaultFileLockManager] Waiting to acquire shared lock on daemon addresses registry.
2026-09-03T20:51:34.177+0700 [DEBUG] [org.gradle.cache.internal.DefaultFileLockManager] Lock acquired on daemon addresses registry.
2026-09-03T20:51:34.182+0700 [DEBUG] [org.gradle.cache.internal.DefaultFileLockManager] Releasing lock on daemon addresses registry.
2026-09-03T20:51:34.183+0700 [DEBUG] [org.gradle.cache.internal.DefaultFileLockManager] Waiting to acquire shared lock on daemon addresses registry.
2026-09-03T20:51:34.183+0700 [DEBUG] [org.gradle.cache.internal.DefaultFileLockManager] Lock acquired on daemon addresses registry.
2026-09-03T20:51:34.184+0700 [DEBUG] [org.gradle.cache.internal.DefaultFileLockManager] Releasing lock on daemon addresses registry.
2026-09-03T20:51:34.185+0700 [DEBUG] [org.gradle.cache.internal.DefaultFileLockManager] Waiting to acquire shared lock on daemon addresses registry.
2026-09-03T20:51:34.185+0700 [DEBUG] [org.gradle.cache.internal.DefaultFileLockManager] Lock acquired on daemon addresses registry.
2026-09-03T20:51:34.185+0700 [DEBUG] [org.gradle.cache.internal.DefaultFileLockManager] Releasing lock on daemon addresses registry.
2026-09-03T20:51:36.277+0700 [DEBUG] [org.gradle.internal.remote.internal.inet.TcpIncomingConnector] Accepted connection from /127.0.0.1:52428 to /127.0.0.1:51110.
2026-09-03T20:51:36.435+0700 [DEBUG] [org.gradle.launcher.daemon.server.SynchronizedDispatchConnection] thread 541: received class org.gradle.launcher.daemon.protocol.Build
2026-09-03T20:51:36.436+0700 [DEBUG] [org.gradle.launcher.daemon.server.DefaultDaemonConnection] thread 541: Received non-IO message from client: Build{id=51d60651-3c44-49a9-87cf-55535b96c726, currentDir=D:\AbsensiSeleksi}
2026-09-03T20:51:36.436+0700 [INFO] [org.gradle.launcher.daemon.server.DefaultIncomingConnectionHandler] Received command: Build{id=51d60651-3c44-49a9-87cf-55535b96c726, currentDir=D:\AbsensiSeleksi}.
2026-09-03T20:51:36.437+0700 [DEBUG] [org.gradle.launcher.daemon.server.DefaultIncomingConnectionHandler] Starting executing command: Build{id=51d60651-3c44-49a9-87cf-55535b96c726, currentDir=D:\AbsensiSeleksi} with connection: socket connection from /127.0.0.1:51110 to /127.0.0.1:52428.
2026-09-03T20:51:36.441+0700 [DEBUG] [org.gradle.launcher.daemon.server.DaemonStateCoordinator] Command execution: started DaemonCommandExecution[command = Build{id=51d60651-3c44-49a9-87cf-55535b96c726, currentDir=D:\AbsensiSeleksi}, connection = DefaultDaemonConnection: socket connection from /127.0.0.1:51110 to /127.0.0.1:52428] after 0.55165 minutes of idle
2026-09-03T20:51:36.442+0700 [INFO] [org.gradle.launcher.daemon.server.DaemonRegistryUpdater] Marking the daemon as busy, address: [5fe4e37b-42a4-41ce-bdfd-25c530d6108e port:51110, addresses:[localhost/127.0.0.1]]
2026-09-03T20:51:36.442+0700 [DEBUG] [org.gradle.launcher.daemon.registry.PersistentDaemonRegistry] Marking busy by address: [5fe4e37b-42a4-41ce-bdfd-25c530d6108e port:51110, addresses:[localhost/127.0.0.1]]
2026-09-03T20:51:36.444+0700 [DEBUG] [org.gradle.cache.internal.DefaultFileLockManager] Waiting to acquire exclusive lock on daemon addresses registry.
2026-09-03T20:51:36.447+0700 [DEBUG] [org.gradle.cache.internal.DefaultFileLockManager] Lock acquired on daemon addresses registry.
2026-09-03T20:51:36.508+0700 [DEBUG] [org.gradle.cache.internal.DefaultFileLockManager] Releasing lock on daemon addresses registry.
2026-09-03T20:51:36.508+0700 [DEBUG] [org.gradle.launcher.daemon.server.DaemonStateCoordinator] resetting idle timer
2026-09-03T20:51:36.509+0700 [DEBUG] [org.gradle.launcher.daemon.server.DaemonStateCoordinator] daemon is running. Sleeping until state changes.
2026-09-03T20:51:36.510+0700 [INFO] [org.gradle.launcher.daemon.server.exec.StartBuildOrRespondWithBusy] Daemon is about to start building Build{id=51d60651-3c44-49a9-87cf-55535b96c726, currentDir=D:\AbsensiSeleksi}. Dispatching build started information...
2026-09-03T20:51:36.510+0700 [DEBUG] [org.gradle.launcher.daemon.server.SynchronizedDispatchConnection] thread 437: dispatching org.gradle.launcher.daemon.protocol.BuildStarted@2b36890d
2026-09-03T20:51:36.516+0700 [DEBUG] [org.gradle.launcher.daemon.server.exec.EstablishBuildEnvironment] Configuring env variables: [USERDOMAIN_ROAMINGPROFILE, LOCALAPPDATA, ChocolateyLastPathUpdate, PROCESSOR_LEVEL, IJ_RESTARTER_LOG, USERDOMAIN, EFC_2376_1592913036, LOGONSERVER, SESSIONNAME, ALLUSERSPROFILE, PROCESSOR_ARCHITECTURE, PSModulePath, SystemDrive, asl.log, OneDrive, APPDATA, USERNAME, ChocolateyInstall, ProgramFiles(x86), CommonProgramFiles, Path, PATHEXT, DriverData, OS, OneDriveConsumer, COMPUTERNAME, EFC_2376_4126798990, EFC_2376_2946480783, PROCESSOR_REVISION, CommonProgramW6432, ComSpec, ProgramData, ProgramW6432, TEMP, HOMEPATH, SystemRoot, PROCESSOR_IDENTIFIER, HOMEDRIVE, USERPROFILE, TMP, CommonProgramFiles(x86), ProgramFiles, PUBLIC, windir, NUMBER_OF_PROCESSORS, =::]
2026-09-03T20:51:36.522+0700 [DEBUG] [org.gradle.launcher.daemon.server.exec.LogToClient] About to start relaying all logs to the client via the connection.
2026-09-03T20:51:36.523+0700 [INFO] [org.gradle.launcher.daemon.server.exec.LogToClient] The client will now receive all logging from the daemon (pid: 9240). The daemon log file: D:\AbsensiSeleksi\daemon\8.9\daemon-9240.out.log
2026-09-03T20:51:36.538+0700 [INFO] [org.gradle.launcher.daemon.server.exec.LogAndCheckHealth] Starting 6th build in daemon [uptime: 54 mins 3.068 secs, performance: 98%, GC rate: 0.00/s, heap usage: 0% of 2 GiB]
2026-09-03T20:51:36.541+0700 [DEBUG] [org.gradle.launcher.daemon.server.exec.ExecuteBuild] The daemon has started executing the build.
2026-09-03T20:51:36.542+0700 [DEBUG] [org.gradle.launcher.daemon.server.exec.ExecuteBuild] Executing build with daemon context: DefaultDaemonContext[uid=3ef6a606-8328-4109-a205-d5ba9010b1f9,javaHome=C:\Users\AsusA416jp\.jdks\jbr-21.0.11,javaVersion=21,daemonRegistryDir=D:\AbsensiSeleksi\daemon,pid=9240,idleTimeout=10800000,priority=NORMAL,applyInstrumentationAgent=true,nativeServicesMode=ENABLED,daemonOpts=--add-opens=java.base/java.util=ALL-UNNAMED,--add-opens=java.base/java.lang=ALL-UNNAMED,--add-opens=java.base/java.lang.invoke=ALL-UNNAMED,--add-opens=java.prefs/java.util.prefs=ALL-UNNAMED,--add-exports=jdk.compiler/com.sun.tools.javac.api=ALL-UNNAMED,--add-exports=jdk.compiler/com.sun.tools.javac.util=ALL-UNNAMED,--add-opens=java.base/java.nio.charset=ALL-UNNAMED,--add-opens=java.base/java.net=ALL-UNNAMED,--add-opens=java.base/java.util.concurrent.atomic=ALL-UNNAMED,-Xmx2048m,-Dfile.encoding=UTF-8,-Duser.country=ID,-Duser.language=en,-Duser.variant]
Reusing configuration cache.

BUILD SUCCESSFUL in 44s
43 actionable tasks: 7 executed, 36 up-to-date
Configuration cache entry reused.
2026-09-03T20:52:21.184+0700 [DEBUG] [org.gradle.launcher.daemon.server.exec.ExecuteBuild] The daemon has finished executing the build.
2026-09-03T20:52:21.188+0700 [DEBUG] [org.gradle.launcher.daemon.server.DaemonStateCoordinator] daemon is running. Sleeping until state changes.
2026-09-03T20:52:21.189+0700 [DEBUG] [org.gradle.launcher.daemon.server.DaemonStateCoordinator] Command execution: finished waiting for DaemonCommandExecution[command = Build{id=51d60651-3c44-49a9-87cf-55535b96c726, currentDir=D:\AbsensiSeleksi}, connection = DefaultDaemonConnection: socket connection from /127.0.0.1:51110 to /127.0.0.1:52428]. Result org.gradle.launcher.daemon.server.DaemonStateCoordinator@6bd05269 with state Busy
2026-09-03T20:52:21.189+0700 [DEBUG] [org.gradle.launcher.daemon.server.DaemonStateCoordinator] Command execution: completed DaemonCommandExecution[command = Build{id=51d60651-3c44-49a9-87cf-55535b96c726, currentDir=D:\AbsensiSeleksi}, connection = DefaultDaemonConnection: socket connection from /127.0.0.1:51110 to /127.0.0.1:52428]
2026-09-03T20:52:21.189+0700 [DEBUG] [org.gradle.launcher.daemon.server.DaemonStateCoordinator] resetting idle timer
2026-09-03T20:52:21.189+0700 [INFO] [org.gradle.launcher.daemon.server.DaemonRegistryUpdater] Marking the daemon as idle, address: [5fe4e37b-42a4-41ce-bdfd-25c530d6108e port:51110, addresses:[localhost/127.0.0.1]]
2026-09-03T20:52:21.190+0700 [DEBUG] [org.gradle.launcher.daemon.registry.PersistentDaemonRegistry] Marking busy by address: [5fe4e37b-42a4-41ce-bdfd-25c530d6108e port:51110, addresses:[localhost/127.0.0.1]]
2026-09-03T20:52:21.191+0700 [DEBUG] [org.gradle.cache.internal.DefaultFileLockManager] Waiting to acquire exclusive lock on daemon addresses registry.
2026-09-03T20:52:21.192+0700 [DEBUG] [org.gradle.cache.internal.DefaultFileLockManager] Lock acquired on daemon addresses registry.
2026-09-03T20:52:21.195+0700 [DEBUG] [org.gradle.cache.internal.DefaultFileLockManager] Releasing lock on daemon addresses registry.
2026-09-03T20:52:21.196+0700 [DEBUG] [org.gradle.launcher.daemon.server.DaemonStateCoordinator] daemon is running. Sleeping until state changes.
2026-09-03T20:52:21.196+0700 [DEBUG] [org.gradle.launcher.daemon.server.exec.ReturnResult] Daemon is dispatching the build result: Success[value=org.gradle.launcher.exec.BuildActionResult@61a98525]
2026-09-03T20:52:21.197+0700 [DEBUG] [org.gradle.launcher.daemon.server.SynchronizedDispatchConnection] thread 434: dispatching Success[value=org.gradle.launcher.exec.BuildActionResult@61a98525]
2026-09-03T20:52:21.198+0700 [DEBUG] [org.gradle.launcher.daemon.server.SynchronizedDispatchConnection] thread 541: received class org.gradle.launcher.daemon.protocol.CloseInput
2026-09-03T20:52:21.198+0700 [DEBUG] [org.gradle.launcher.daemon.server.DefaultDaemonConnection] thread 541: Received IO message from client: org.gradle.launcher.daemon.protocol.CloseInput@656bae06
2026-09-03T20:52:21.199+0700 [DEBUG] [org.gradle.launcher.daemon.server.DefaultIncomingConnectionHandler] Finishing executing command: Build{id=51d60651-3c44-49a9-87cf-55535b96c726, currentDir=D:\AbsensiSeleksi}
2026-09-03T20:52:21.199+0700 [DEBUG] [org.gradle.launcher.daemon.server.SynchronizedDispatchConnection] thread 541: received class org.gradle.launcher.daemon.protocol.Finished
2026-09-03T20:52:21.199+0700 [DEBUG] [org.gradle.launcher.daemon.server.DefaultDaemonConnection] thread 541: Received non-IO message from client: org.gradle.launcher.daemon.protocol.Finished@6bac4cdb
2026-09-03T20:52:21.200+0700 [DEBUG] [org.gradle.launcher.daemon.server.DefaultIncomingConnectionHandler] Received finished message: org.gradle.launcher.daemon.protocol.Finished@6bac4cdb
2026-09-03T20:52:21.200+0700 [DEBUG] [org.gradle.launcher.daemon.server.SynchronizedDispatchConnection] thread 434: stopping connection
2026-09-03T20:52:21.200+0700 [DEBUG] [org.gradle.launcher.daemon.server.exec.CleanUpVirtualFileSystemAfterBuild] Cleaning virtual file system after build finished
2026-09-03T20:52:21.201+0700 [DEBUG] [org.gradle.internal.remote.internal.inet.SocketConnection] Discarding EOFException: java.io.EOFException
2026-09-03T20:52:21.202+0700 [DEBUG] [org.gradle.launcher.daemon.server.SynchronizedDispatchConnection] thread 541: received null
2026-09-03T20:52:21.202+0700 [DEBUG] [org.gradle.launcher.daemon.server.DefaultDaemonConnection] thread 541: Received end-of-input from client.
2026-09-03T20:52:21.202+0700 [DEBUG] [org.gradle.launcher.daemon.server.SynchronizedDispatchConnection] thread 434: stopping connection
2026-09-03T20:52:22.915+0700 [DEBUG] [org.gradle.process.internal.health.memory.DefaultMemoryManager] 638754816 physical memory requested, 464457728 free
2026-09-03T20:52:22.915+0700 [DEBUG] [org.gradle.workers.internal.WorkerDaemonExpiration] Will attempt to release 609 of memory
2026-09-03T20:52:22.916+0700 [DEBUG] [org.gradle.process.internal.health.memory.DefaultMemoryManager] 638754816 physical memory requested, 0 released, 464457728 free
2026-09-03T20:52:24.021+0700 [DEBUG] [sun.rmi.transport.tcp] RMI TCP Connection(28)-127.0.0.1: (port 61098) connection closed
2026-09-03T20:52:24.022+0700 [DEBUG] [sun.rmi.transport.tcp] RMI TCP Connection(27)-127.0.0.1: (port 61098) connection closed
2026-09-03T20:52:24.022+0700 [DEBUG] [sun.rmi.transport.tcp] RMI TCP Connection(28)-127.0.0.1: close connection, socket: Socket[addr=/127.0.0.1,port=52434,localport=61098]
2026-09-03T20:52:24.022+0700 [DEBUG] [sun.rmi.transport.tcp] RMI TCP Connection(27)-127.0.0.1: close connection, socket: Socket[addr=/127.0.0.1,port=52433,localport=61098]
2026-09-03T20:52:24.023+0700 [DEBUG] [sun.rmi.transport.tcp] RMI TCP Connection(27)-127.0.0.1: socket close: Socket[addr=/127.0.0.1,port=52433,localport=61098]
2026-09-03T20:52:24.023+0700 [DEBUG] [sun.rmi.transport.tcp] RMI TCP Connection(28)-127.0.0.1: socket close: Socket[addr=/127.0.0.1,port=52434,localport=61098]
2026-09-03T20:52:24.169+0700 [DEBUG] [org.gradle.cache.internal.DefaultFileLockManager] Waiting to acquire shared lock on daemon addresses registry.
2026-09-03T20:52:24.169+0700 [DEBUG] [org.gradle.cache.internal.DefaultFileLockManager] Lock acquired on daemon addresses registry.
2026-09-03T20:52:24.170+0700 [DEBUG] [org.gradle.cache.internal.DefaultFileLockManager] Releasing lock on daemon addresses registry.
2026-09-03T20:52:24.174+0700 [DEBUG] [org.gradle.cache.internal.DefaultFileLockManager] Waiting to acquire shared lock on daemon addresses registry.
2026-09-03T20:52:24.174+0700 [DEBUG] [org.gradle.cache.internal.DefaultFileLockManager] Lock acquired on daemon addresses registry.
2026-09-03T20:52:24.175+0700 [DEBUG] [org.gradle.cache.internal.DefaultFileLockManager] Releasing lock on daemon addresses registry.
2026-09-03T20:52:27.308+0700 [DEBUG] [sun.rmi.transport.tcp] RMI Scheduler(0): close connection, socket: Socket[addr=localhost/127.0.0.1,port=17903,localport=52431]
2026-09-03T20:52:27.915+0700 [DEBUG] [org.gradle.process.internal.health.memory.DefaultMemoryManager] 638754816 physical memory requested, 298995712 free
2026-09-03T20:52:27.916+0700 [DEBUG] [org.gradle.workers.internal.WorkerDaemonExpiration] Will attempt to release 609 of memory
2026-09-03T20:52:27.917+0700 [DEBUG] [org.gradle.process.internal.health.memory.DefaultMemoryManager] 638754816 physical memory requested, 0 released, 298995712 free
2026-09-03T20:52:28.491+0700 [DEBUG] [sun.rmi.transport.tcp] RMI Scheduler(0): close connection, socket: Socket[addr=localhost/127.0.0.1,port=17903,localport=52430]
2026-09-03T20:52:32.915+0700 [DEBUG] [org.gradle.process.internal.health.memory.DefaultMemoryManager] 638754816 physical memory requested, 63377408 free
2026-09-03T20:52:32.916+0700 [DEBUG] [org.gradle.workers.internal.WorkerDaemonExpiration] Will attempt to release 609 of memory
2026-09-03T20:52:32.917+0700 [DEBUG] [org.gradle.process.internal.health.memory.DefaultMemoryManager] 638754816 physical memory requested, 0 released, 63377408 free
2026-09-03T20:52:34.175+0700 [DEBUG] [org.gradle.cache.internal.DefaultFileLockManager] Waiting to acquire shared lock on daemon addresses registry.
2026-09-03T20:52:34.175+0700 [DEBUG] [org.gradle.cache.internal.DefaultFileLockManager] Lock acquired on daemon addresses registry.
2026-09-03T20:52:34.211+0700 [DEBUG] [org.gradle.cache.internal.DefaultFileLockManager] Releasing lock on daemon addresses registry.
2026-09-03T20:52:34.216+0700 [DEBUG] [org.gradle.cache.internal.DefaultFileLockManager] Waiting to acquire shared lock on daemon addresses registry.
2026-09-03T20:52:34.216+0700 [DEBUG] [org.gradle.cache.internal.DefaultFileLockManager] Lock acquired on daemon addresses registry.
2026-09-03T20:52:34.217+0700 [DEBUG] [org.gradle.cache.internal.DefaultFileLockManager] Releasing lock on daemon addresses registry.
2026-09-03T20:52:34.222+0700 [DEBUG] [org.gradle.cache.internal.DefaultFileLockManager] Waiting to acquire shared lock on daemon addresses registry.
2026-09-03T20:52:34.222+0700 [DEBUG] [org.gradle.cache.internal.DefaultFileLockManager] Lock acquired on daemon addresses registry.
2026-09-03T20:52:34.223+0700 [DEBUG] [org.gradle.cache.internal.DefaultFileLockManager] Releasing lock on daemon addresses registry.
2026-09-03T20:52:38.097+0700 [DEBUG] [org.gradle.process.internal.health.memory.DefaultMemoryManager] 638754816 physical memory requested, 63500288 free
2026-09-03T20:52:38.129+0700 [DEBUG] [org.gradle.workers.internal.WorkerDaemonExpiration] Will attempt to release 609 of memory
2026-09-03T20:52:38.130+0700 [DEBUG] [org.gradle.process.internal.health.memory.DefaultMemoryManager] 638754816 physical memory requested, 0 released, 63500288 free
2026-09-03T20:52:42.045+0700 [DEBUG] [sun.rmi.transport.tcp] RMI TCP Connection(29)-127.0.0.1: (port 61098) connection closed
2026-09-03T20:52:42.046+0700 [DEBUG] [sun.rmi.transport.tcp] RMI TCP Connection(29)-127.0.0.1: close connection, socket: Socket[addr=/127.0.0.1,port=52435,localport=61098]
2026-09-03T20:52:42.047+0700 [DEBUG] [sun.rmi.transport.tcp] RMI TCP Connection(29)-127.0.0.1: socket close: Socket[addr=/127.0.0.1,port=52435,localport=61098]
2026-09-03T20:52:42.915+0700 [DEBUG] [org.gradle.process.internal.health.memory.DefaultMemoryManager] 638754816 physical memory requested, 488611840 free
2026-09-03T20:52:42.915+0700 [DEBUG] [org.gradle.workers.internal.WorkerDaemonExpiration] Will attempt to release 609 of memory
2026-09-03T20:52:42.915+0700 [DEBUG] [org.gradle.process.internal.health.memory.DefaultMemoryManager] 638754816 physical memory requested, 0 released, 488611840 free
2026-09-03T20:52:43.319+0700 [DEBUG] [sun.rmi.transport.tcp] RMI Scheduler(0): close connection, socket: Socket[addr=localhost/127.0.0.1,port=17903,localport=52436]
2026-09-03T20:52:43.350+0700 [DEBUG] [sun.rmi.transport.tcp] RMI TCP Connection(30)-127.0.0.1: (port 61098) connection closed
2026-09-03T20:52:43.350+0700 [DEBUG] [sun.rmi.transport.tcp] RMI TCP Connection(30)-127.0.0.1: close connection, socket: Socket[addr=/127.0.0.1,port=52437,localport=61098]
2026-09-03T20:52:43.351+0700 [DEBUG] [sun.rmi.transport.tcp] RMI TCP Connection(30)-127.0.0.1: socket close: Socket[addr=/127.0.0.1,port=52437,localport=61098]
2026-09-03T20:52:44.176+0700 [DEBUG] [org.gradle.cache.internal.DefaultFileLockManager] Waiting to acquire shared lock on daemon addresses registry.
2026-09-03T20:52:44.178+0700 [DEBUG] [org.gradle.cache.internal.DefaultFileLockManager] Lock acquired on daemon addresses registry.
2026-09-03T20:52:44.179+0700 [DEBUG] [org.gradle.cache.internal.DefaultFileLockManager] Releasing lock on daemon addresses registry.
2026-09-03T20:52:44.186+0700 [DEBUG] [org.gradle.cache.internal.DefaultFileLockManager] Waiting to acquire shared lock on daemon addresses registry.
2026-09-03T20:52:44.186+0700 [DEBUG] [org.gradle.cache.internal.DefaultFileLockManager] Lock acquired on daemon addresses registry.
2026-09-03T20:52:44.187+0700 [DEBUG] [org.gradle.cache.internal.DefaultFileLockManager] Releasing lock on daemon addresses registry.
2026-09-03T20:52:44.190+0700 [DEBUG] [org.gradle.cache.internal.DefaultFileLockManager] Waiting to acquire shared lock on daemon addresses registry.
2026-09-03T20:52:44.190+0700 [DEBUG] [org.gradle.cache.internal.DefaultFileLockManager] Lock acquired on daemon addresses registry.
2026-09-03T20:52:44.191+0700 [DEBUG] [org.gradle.cache.internal.DefaultFileLockManager] Releasing lock on daemon addresses registry.
2026-09-03T20:52:54.169+0700 [DEBUG] [org.gradle.cache.internal.DefaultFileLockManager] Waiting to acquire shared lock on daemon addresses registry.
2026-09-03T20:52:54.169+0700 [DEBUG] [org.gradle.cache.internal.DefaultFileLockManager] Lock acquired on daemon addresses registry.
2026-09-03T20:52:54.169+0700 [DEBUG] [org.gradle.cache.internal.DefaultFileLockManager] Releasing lock on daemon addresses registry.
2026-09-03T20:52:54.171+0700 [DEBUG] [org.gradle.cache.internal.DefaultFileLockManager] Waiting to acquire shared lock on daemon addresses registry.
2026-09-03T20:52:54.171+0700 [DEBUG] [org.gradle.cache.internal.DefaultFileLockManager] Lock acquired on daemon addresses registry.
2026-09-03T20:52:54.171+0700 [DEBUG] [org.gradle.cache.internal.DefaultFileLockManager] Releasing lock on daemon addresses registry.
2026-09-03T20:52:54.172+0700 [DEBUG] [org.gradle.cache.internal.DefaultFileLockManager] Waiting to acquire shared lock on daemon addresses registry.
2026-09-03T20:52:54.172+0700 [DEBUG] [org.gradle.cache.internal.DefaultFileLockManager] Lock acquired on daemon addresses registry.
2026-09-03T20:52:54.172+0700 [DEBUG] [org.gradle.cache.internal.DefaultFileLockManager] Releasing lock on daemon addresses registry.
2026-09-03T20:53:04.169+0700 [DEBUG] [org.gradle.cache.internal.DefaultFileLockManager] Waiting to acquire shared lock on daemon addresses registry.
2026-09-03T20:53:04.169+0700 [DEBUG] [org.gradle.cache.internal.DefaultFileLockManager] Lock acquired on daemon addresses registry.
2026-09-03T20:53:04.169+0700 [DEBUG] [org.gradle.cache.internal.DefaultFileLockManager] Releasing lock on daemon addresses registry.
2026-09-03T20:53:04.171+0700 [DEBUG] [org.gradle.cache.internal.DefaultFileLockManager] Waiting to acquire shared lock on daemon addresses registry.
2026-09-03T20:53:04.171+0700 [DEBUG] [org.gradle.cache.internal.DefaultFileLockManager] Lock acquired on daemon addresses registry.
2026-09-03T20:53:04.171+0700 [DEBUG] [org.gradle.cache.internal.DefaultFileLockManager] Releasing lock on daemon addresses registry.
2026-09-03T20:53:04.172+0700 [DEBUG] [org.gradle.cache.internal.DefaultFileLockManager] Waiting to acquire shared lock on daemon addresses registry.
2026-09-03T20:53:04.172+0700 [DEBUG] [org.gradle.cache.internal.DefaultFileLockManager] Lock acquired on daemon addresses registry.
2026-09-03T20:53:04.173+0700 [DEBUG] [org.gradle.cache.internal.DefaultFileLockManager] Releasing lock on daemon addresses registry.
2026-09-03T20:53:14.169+0700 [DEBUG] [org.gradle.cache.internal.DefaultFileLockManager] Waiting to acquire shared lock on daemon addresses registry.
2026-09-03T20:53:14.169+0700 [DEBUG] [org.gradle.cache.internal.DefaultFileLockManager] Lock acquired on daemon addresses registry.
2026-09-03T20:53:14.169+0700 [DEBUG] [org.gradle.cache.internal.DefaultFileLockManager] Releasing lock on daemon addresses registry.
2026-09-03T20:53:14.171+0700 [DEBUG] [org.gradle.cache.internal.DefaultFileLockManager] Waiting to acquire shared lock on daemon addresses registry.
2026-09-03T20:53:14.171+0700 [DEBUG] [org.gradle.cache.internal.DefaultFileLockManager] Lock acquired on daemon addresses registry.
2026-09-03T20:53:14.172+0700 [DEBUG] [org.gradle.cache.internal.DefaultFileLockManager] Releasing lock on daemon addresses registry.
2026-09-03T20:53:14.173+0700 [DEBUG] [org.gradle.cache.internal.DefaultFileLockManager] Waiting to acquire shared lock on daemon addresses registry.
2026-09-03T20:53:14.174+0700 [DEBUG] [org.gradle.cache.internal.DefaultFileLockManager] Lock acquired on daemon addresses registry.
2026-09-03T20:53:14.174+0700 [DEBUG] [org.gradle.cache.internal.DefaultFileLockManager] Releasing lock on daemon addresses registry.
2026-09-03T20:53:24.170+0700 [DEBUG] [org.gradle.cache.internal.DefaultFileLockManager] Waiting to acquire shared lock on daemon addresses registry.
2026-09-03T20:53:24.171+0700 [DEBUG] [org.gradle.cache.internal.DefaultFileLockManager] Lock acquired on daemon addresses registry.
2026-09-03T20:53:24.171+0700 [DEBUG] [org.gradle.cache.internal.DefaultFileLockManager] Releasing lock on daemon addresses registry.
2026-09-03T20:53:24.173+0700 [DEBUG] [org.gradle.cache.internal.DefaultFileLockManager] Waiting to acquire shared lock on daemon addresses registry.
2026-09-03T20:53:24.173+0700 [DEBUG] [org.gradle.cache.internal.DefaultFileLockManager] Lock acquired on daemon addresses registry.
2026-09-03T20:53:24.173+0700 [DEBUG] [org.gradle.cache.internal.DefaultFileLockManager] Releasing lock on daemon addresses registry.
2026-09-03T20:53:24.174+0700 [DEBUG] [org.gradle.cache.internal.DefaultFileLockManager] Waiting to acquire shared lock on daemon addresses registry.
2026-09-03T20:53:24.175+0700 [DEBUG] [org.gradle.cache.internal.DefaultFileLockManager] Lock acquired on daemon addresses registry.
2026-09-03T20:53:24.175+0700 [DEBUG] [org.gradle.cache.internal.DefaultFileLockManager] Releasing lock on daemon addresses registry.
2026-09-03T20:53:27.326+0700 [DEBUG] [org.gradle.internal.remote.internal.inet.TcpIncomingConnector] Accepted connection from /127.0.0.1:52449 to /127.0.0.1:51110.
2026-09-03T20:53:27.359+0700 [DEBUG] [org.gradle.internal.remote.internal.inet.TcpIncomingConnector] Accepted connection from /127.0.0.1:52450 to /127.0.0.1:51110.
2026-09-03T20:53:27.467+0700 [DEBUG] [org.gradle.launcher.daemon.server.SynchronizedDispatchConnection] thread 596: received class org.gradle.launcher.daemon.protocol.StopWhenIdle
2026-09-03T20:53:27.470+0700 [DEBUG] [org.gradle.launcher.daemon.server.SynchronizedDispatchConnection] thread 597: received class org.gradle.launcher.daemon.protocol.StopWhenIdle
2026-09-03T20:53:27.479+0700 [DEBUG] [org.gradle.launcher.daemon.server.DefaultDaemonConnection] thread 596: Received non-IO message from client: StopWhenIdle[id=873483b2-04af-42e1-8788-8918ab1c95d4]
2026-09-03T20:53:27.483+0700 [INFO] [org.gradle.launcher.daemon.server.DefaultIncomingConnectionHandler] Received command: StopWhenIdle[id=873483b2-04af-42e1-8788-8918ab1c95d4].
2026-09-03T20:53:27.483+0700 [DEBUG] [org.gradle.launcher.daemon.server.DefaultIncomingConnectionHandler] Starting executing command: StopWhenIdle[id=873483b2-04af-42e1-8788-8918ab1c95d4] with connection: socket connection from /127.0.0.1:51110 to /127.0.0.1:52449.
2026-09-03T20:53:27.480+0700 [DEBUG] [org.gradle.launcher.daemon.server.DefaultDaemonConnection] thread 597: Received non-IO message from client: StopWhenIdle[id=b24e002c-a842-4e15-9872-3fd89c4d19e3]
2026-09-03T20:53:27.485+0700 [INFO] [org.gradle.launcher.daemon.server.DefaultIncomingConnectionHandler] Received command: StopWhenIdle[id=b24e002c-a842-4e15-9872-3fd89c4d19e3].
2026-09-03T20:53:27.485+0700 [DEBUG] [org.gradle.launcher.daemon.server.DefaultIncomingConnectionHandler] Starting executing command: StopWhenIdle[id=b24e002c-a842-4e15-9872-3fd89c4d19e3] with connection: socket connection from /127.0.0.1:51110 to /127.0.0.1:52450.
2026-09-03T20:53:27.517+0700 [DEBUG] [org.gradle.launcher.daemon.server.DaemonRegistryUpdater] Storing daemon stop event: stop command received
2026-09-03T20:53:27.524+0700 [DEBUG] [org.gradle.launcher.daemon.registry.PersistentDaemonRegistry] Storing daemon stop event with timestamp 1788443607520
2026-09-03T20:53:27.607+0700 [DEBUG] [org.gradle.cache.internal.DefaultFileLockManager] Waiting to acquire exclusive lock on daemon addresses registry.
2026-09-03T20:53:27.622+0700 [DEBUG] [org.gradle.cache.internal.DefaultFileLockManager] Lock acquired on daemon addresses registry.
2026-09-03T20:53:27.656+0700 [DEBUG] [org.gradle.cache.internal.DefaultFileLockManager] Releasing lock on daemon addresses registry.
2026-09-03T20:53:27.660+0700 [LIFECYCLE] [org.gradle.launcher.daemon.server.DaemonStateCoordinator] Daemon will be stopped at the end of the build stop command received
2026-09-03T20:53:27.660+0700 [DEBUG] [org.gradle.launcher.daemon.server.DaemonStateCoordinator] Marking daemon stopped due to stop command received. The daemon is not running a build
2026-09-03T20:53:27.661+0700 [DEBUG] [org.gradle.launcher.daemon.server.DaemonRegistryUpdater] Storing daemon stop event: stop command received
2026-09-03T20:53:27.661+0700 [DEBUG] [org.gradle.launcher.daemon.registry.PersistentDaemonRegistry] Storing daemon stop event with timestamp 1788443607661
2026-09-03T20:53:27.661+0700 [DEBUG] [org.gradle.launcher.daemon.server.DaemonStateCoordinator] daemon has stopped.
2026-09-03T20:53:27.663+0700 [DEBUG] [org.gradle.launcher.daemon.server.SynchronizedDispatchConnection] thread 594: dispatching Success[value=null]
2026-09-03T20:53:27.663+0700 [DEBUG] [org.gradle.cache.internal.DefaultFileLockManager] Waiting to acquire exclusive lock on daemon addresses registry.
2026-09-03T20:53:27.664+0700 [DEBUG] [org.gradle.cache.internal.DefaultFileLockManager] Lock acquired on daemon addresses registry.
2026-09-03T20:53:27.664+0700 [DEBUG] [org.gradle.launcher.daemon.server.DefaultIncomingConnectionHandler] Finishing executing command: StopWhenIdle[id=873483b2-04af-42e1-8788-8918ab1c95d4]
2026-09-03T20:53:27.665+0700 [DEBUG] [org.gradle.launcher.daemon.server.SynchronizedDispatchConnection] thread 596: received class org.gradle.launcher.daemon.protocol.Finished
2026-09-03T20:53:27.666+0700 [DEBUG] [org.gradle.launcher.daemon.server.DefaultDaemonConnection] thread 596: Received non-IO message from client: org.gradle.launcher.daemon.protocol.Finished@47aa371f
2026-09-03T20:53:27.666+0700 [DEBUG] [org.gradle.launcher.daemon.server.DefaultIncomingConnectionHandler] Received finished message: org.gradle.launcher.daemon.protocol.Finished@47aa371f
2026-09-03T20:53:27.666+0700 [DEBUG] [org.gradle.cache.internal.DefaultFileLockManager] Releasing lock on daemon addresses registry.
2026-09-03T20:53:27.666+0700 [DEBUG] [org.gradle.launcher.daemon.server.SynchronizedDispatchConnection] thread 594: stopping connection
2026-09-03T20:53:27.667+0700 [DEBUG] [org.gradle.internal.remote.internal.inet.SocketConnection] Discarding EOFException: java.io.EOFException
2026-09-03T20:53:27.667+0700 [DEBUG] [org.gradle.launcher.daemon.server.SynchronizedDispatchConnection] thread 596: received null
2026-09-03T20:53:27.667+0700 [DEBUG] [org.gradle.launcher.daemon.server.DefaultDaemonConnection] thread 596: Received end-of-input from client.
2026-09-03T20:53:27.670+0700 [DEBUG] [org.gradle.launcher.daemon.server.SynchronizedDispatchConnection] thread 594: stopping connection
2026-09-03T20:53:27.686+0700 [DEBUG] [org.gradle.launcher.daemon.server.SynchronizedDispatchConnection] thread 595: dispatching Success[value=null]
2026-09-03T20:53:27.687+0700 [DEBUG] [org.gradle.launcher.daemon.server.DefaultIncomingConnectionHandler] Finishing executing command: StopWhenIdle[id=b24e002c-a842-4e15-9872-3fd89c4d19e3]
2026-09-03T20:53:27.687+0700 [DEBUG] [org.gradle.launcher.daemon.server.SynchronizedDispatchConnection] thread 597: received class org.gradle.launcher.daemon.protocol.Finished
2026-09-03T20:53:27.688+0700 [DEBUG] [org.gradle.launcher.daemon.server.DefaultDaemonConnection] thread 597: Received non-IO message from client: org.gradle.launcher.daemon.protocol.Finished@fffd690
2026-09-03T20:53:27.688+0700 [DEBUG] [org.gradle.launcher.daemon.server.DefaultIncomingConnectionHandler] Received finished message: org.gradle.launcher.daemon.protocol.Finished@fffd690
2026-09-03T20:53:27.688+0700 [DEBUG] [org.gradle.internal.remote.internal.inet.SocketConnection] Discarding EOFException: java.io.EOFException
2026-09-03T20:53:27.689+0700 [DEBUG] [org.gradle.launcher.daemon.server.SynchronizedDispatchConnection] thread 597: received null
2026-09-03T20:53:27.689+0700 [DEBUG] [org.gradle.launcher.daemon.server.DefaultDaemonConnection] thread 597: Received end-of-input from client.
2026-09-03T20:53:27.688+0700 [DEBUG] [org.gradle.launcher.daemon.server.Daemon] stop() called on daemon
2026-09-03T20:53:27.689+0700 [DEBUG] [org.gradle.launcher.daemon.server.SynchronizedDispatchConnection] thread 595: stopping connection
2026-09-03T20:53:27.692+0700 [DEBUG] [org.gradle.launcher.daemon.server.SynchronizedDispatchConnection] thread 595: stopping connection
2026-09-03T20:53:27.692+0700 [INFO] [org.gradle.launcher.daemon.server.Daemon] Stop requested. Daemon is removing its presence from the registry...
2026-09-03T20:53:27.696+0700 [DEBUG] [org.gradle.launcher.daemon.server.DaemonRegistryUpdater] Removing our presence to clients, eg. removing this address from the registry: [5fe4e37b-42a4-41ce-bdfd-25c530d6108e port:51110, addresses:[localhost/127.0.0.1]]
2026-09-03T20:53:27.697+0700 [DEBUG] [org.gradle.launcher.daemon.registry.PersistentDaemonRegistry] Removing daemon address: [5fe4e37b-42a4-41ce-bdfd-25c530d6108e port:51110, addresses:[localhost/127.0.0.1]]
2026-09-03T20:53:27.712+0700 [DEBUG] [org.gradle.cache.internal.DefaultFileLockManager] Waiting to acquire exclusive lock on daemon addresses registry.
2026-09-03T20:53:27.712+0700 [DEBUG] [org.gradle.cache.internal.DefaultFileLockManager] Lock acquired on daemon addresses registry.
2026-09-03T20:53:27.715+0700 [DEBUG] [org.gradle.cache.internal.DefaultFileLockManager] Releasing lock on daemon addresses registry.
2026-09-03T20:53:27.717+0700 [DEBUG] [org.gradle.launcher.daemon.server.DaemonRegistryUpdater] Address removed from registry.
2026-09-03T20:53:27.988+0700 [DEBUG] [org.gradle.cache.internal.LockOnDemandCrossProcessCacheAccess] Releasing file lock for jars (D:\AbsensiSeleksi\caches\jars-9)
2026-09-03T20:53:27.988+0700 [DEBUG] [org.gradle.cache.internal.DefaultFileLockManager] Releasing lock on jars (D:\AbsensiSeleksi\caches\jars-9).
2026-09-03T20:53:28.005+0700 [DEBUG] [org.gradle.cache.internal.DefaultCacheCleanupExecutor] jars (D:\AbsensiSeleksi\caches\jars-9) has last been fully cleaned up 2 hours ago
2026-09-03T20:53:28.008+0700 [DEBUG] [org.gradle.cache.internal.DefaultCacheCleanupExecutor] Skipping cleanup for jars (D:\AbsensiSeleksi\caches\jars-9) as it is not yet due
2026-09-03T20:53:28.015+0700 [DEBUG] [org.gradle.cache.internal.LockOnDemandCrossProcessCacheAccess] Releasing file lock for file content cache (D:\AbsensiSeleksi\caches\8.9\fileContent)
2026-09-03T20:53:28.024+0700 [DEBUG] [org.gradle.cache.internal.btree.BTreePersistentIndexedCache] Closing cache annotation-processors.bin (D:\AbsensiSeleksi\caches\8.9\fileContent\annotation-processors.bin)
2026-09-03T20:53:28.040+0700 [DEBUG] [org.gradle.cache.internal.DefaultFileLockManager] Releasing lock on file content cache (D:\AbsensiSeleksi\caches\8.9\fileContent).
2026-09-03T20:53:28.042+0700 [DEBUG] [org.gradle.internal.watch.vfs.impl.WatchingVirtualFileSystem] Closing VFS, dropping state
2026-09-03T20:53:28.168+0700 [DEBUG] [org.gradle.internal.watch.registry.impl.DefaultFileWatcherRegistry] Finished listening to file system change events
2026-09-03T20:53:28.168+0700 [DEBUG] [org.gradle.cache.internal.LockOnDemandCrossProcessCacheAccess] Releasing file lock for Generated Gradle JARs cache (D:\AbsensiSeleksi\caches\8.9\generated-gradle-jars)
2026-09-03T20:53:28.168+0700 [DEBUG] [org.gradle.cache.internal.DefaultFileLockManager] Releasing lock on Generated Gradle JARs cache (D:\AbsensiSeleksi\caches\8.9\generated-gradle-jars).
2026-09-03T20:53:28.190+0700 [DEBUG] [org.gradle.cache.internal.LockOnDemandCrossProcessCacheAccess] Releasing file lock for artifact cache (D:\AbsensiSeleksi\caches\modules-2)
2026-09-03T20:53:28.191+0700 [DEBUG] [org.gradle.cache.internal.btree.BTreePersistentIndexedCache] Closing cache module-artifact.bin (D:\AbsensiSeleksi\caches\modules-2\metadata-2.106\module-artifact.bin)
2026-09-03T20:53:28.194+0700 [DEBUG] [org.gradle.cache.internal.btree.BTreePersistentIndexedCache] Closing cache module-metadata.bin (D:\AbsensiSeleksi\caches\modules-2\metadata-2.106\module-metadata.bin)
2026-09-03T20:53:28.196+0700 [DEBUG] [org.gradle.cache.internal.btree.BTreePersistentIndexedCache] Closing cache module-artifacts.bin (D:\AbsensiSeleksi\caches\modules-2\metadata-2.106\module-artifacts.bin)
2026-09-03T20:53:28.198+0700 [DEBUG] [org.gradle.cache.internal.DefaultFileLockManager] Releasing lock on artifact cache (D:\AbsensiSeleksi\caches\modules-2).
2026-09-03T20:53:28.201+0700 [DEBUG] [org.gradle.cache.internal.DefaultCacheCleanupExecutor] artifact cache (D:\AbsensiSeleksi\caches\modules-2) has last been fully cleaned up 2 hours ago
2026-09-03T20:53:28.205+0700 [DEBUG] [org.gradle.cache.internal.DefaultCacheCleanupExecutor] Skipping cleanup for artifact cache (D:\AbsensiSeleksi\caches\modules-2) as it is not yet due
2026-09-03T20:53:28.235+0700 [DEBUG] [org.gradle.cache.internal.DefaultCacheCleanupExecutor] groovy-dsl (D:\AbsensiSeleksi\caches\8.9\groovy-dsl) has last been fully cleaned up 1 hours ago
2026-09-03T20:53:28.236+0700 [DEBUG] [org.gradle.cache.internal.DefaultCacheCleanupExecutor] Skipping cleanup for groovy-dsl (D:\AbsensiSeleksi\caches\8.9\groovy-dsl) as it is not yet due
2026-09-03T20:53:28.236+0700 [DEBUG] [org.gradle.cache.internal.DefaultCacheCoordinator] Cache groovy-dsl (D:\AbsensiSeleksi\caches\8.9\groovy-dsl) was closed 0 times.
2026-09-03T20:53:28.240+0700 [DEBUG] [org.gradle.cache.internal.DefaultCacheCleanupExecutor] Artifact transforms cache (D:\AbsensiSeleksi\caches\8.9\transforms) has last been fully cleaned up 1 hours ago
2026-09-03T20:53:28.240+0700 [DEBUG] [org.gradle.cache.internal.DefaultCacheCleanupExecutor] Skipping cleanup for Artifact transforms cache (D:\AbsensiSeleksi\caches\8.9\transforms) as it is not yet due
2026-09-03T20:53:28.240+0700 [DEBUG] [org.gradle.cache.internal.DefaultCacheCoordinator] Cache Artifact transforms cache (D:\AbsensiSeleksi\caches\8.9\transforms) was closed 0 times.
2026-09-03T20:53:28.243+0700 [DEBUG] [org.gradle.cache.internal.DefaultCacheCleanupExecutor] kotlin-dsl (D:\AbsensiSeleksi\caches\8.9\kotlin-dsl) has last been fully cleaned up 1 hours ago
2026-09-03T20:53:28.244+0700 [DEBUG] [org.gradle.cache.internal.DefaultCacheCleanupExecutor] Skipping cleanup for kotlin-dsl (D:\AbsensiSeleksi\caches\8.9\kotlin-dsl) as it is not yet due
2026-09-03T20:53:28.244+0700 [DEBUG] [org.gradle.cache.internal.DefaultCacheCoordinator] Cache kotlin-dsl (D:\AbsensiSeleksi\caches\8.9\kotlin-dsl) was closed 0 times.
2026-09-03T20:53:28.250+0700 [DEBUG] [org.gradle.cache.internal.LockOnDemandCrossProcessCacheAccess] Releasing file lock for journal cache (D:\AbsensiSeleksi\caches\journal-1)
2026-09-03T20:53:28.252+0700 [DEBUG] [org.gradle.cache.internal.btree.BTreePersistentIndexedCache] Closing cache file-access.bin (D:\AbsensiSeleksi\caches\journal-1\file-access.bin)
2026-09-03T20:53:28.256+0700 [DEBUG] [org.gradle.cache.internal.DefaultFileLockManager] Releasing lock on journal cache (D:\AbsensiSeleksi\caches\journal-1).
2026-09-03T20:53:28.258+0700 [DEBUG] [org.gradle.cache.internal.LockOnDemandCrossProcessCacheAccess] Releasing file lock for file hash cache (D:\AbsensiSeleksi\caches\8.9\fileHashes)
2026-09-03T20:53:28.259+0700 [DEBUG] [org.gradle.cache.internal.btree.BTreePersistentIndexedCache] Closing cache fileHashes.bin (D:\AbsensiSeleksi\caches\8.9\fileHashes\fileHashes.bin)
2026-09-03T20:53:28.310+0700 [DEBUG] [org.gradle.cache.internal.btree.BTreePersistentIndexedCache] Closing cache resourceHashesCache.bin (D:\AbsensiSeleksi\caches\8.9\fileHashes\resourceHashesCache.bin)
2026-09-03T20:53:28.315+0700 [DEBUG] [org.gradle.cache.internal.DefaultFileLockManager] Releasing lock on file hash cache (D:\AbsensiSeleksi\caches\8.9\fileHashes).
2026-09-03T20:53:28.322+0700 [DEBUG] [org.gradle.cache.internal.LockOnDemandCrossProcessCacheAccess] Releasing file lock for Java compile cache (D:\AbsensiSeleksi\caches\8.9\javaCompile)
2026-09-03T20:53:28.328+0700 [DEBUG] [org.gradle.cache.internal.btree.BTreePersistentIndexedCache] Closing cache jarAnalysis.bin (D:\AbsensiSeleksi\caches\8.9\javaCompile\jarAnalysis.bin)
2026-09-03T20:53:28.333+0700 [DEBUG] [org.gradle.cache.internal.btree.BTreePersistentIndexedCache] Closing cache classAnalysis.bin (D:\AbsensiSeleksi\caches\8.9\javaCompile\classAnalysis.bin)
2026-09-03T20:53:28.369+0700 [DEBUG] [org.gradle.cache.internal.DefaultFileLockManager] Releasing lock on Java compile cache (D:\AbsensiSeleksi\caches\8.9\javaCompile).
2026-09-03T20:53:28.448+0700 [DEBUG] [org.gradle.internal.operations.DefaultBuildOperationRunner] Build operation 'Deleting unused version-specific caches in D:\AbsensiSeleksi\caches' started
2026-09-03T20:53:28.459+0700 [DEBUG] [org.gradle.internal.operations.DefaultBuildOperationRunner] Completing Build operation 'Deleting unused version-specific caches in D:\AbsensiSeleksi\caches'
2026-09-03T20:53:28.460+0700 [DEBUG] [org.gradle.internal.operations.DefaultBuildOperationRunner] Build operation 'Deleting unused version-specific caches in D:\AbsensiSeleksi\caches' completed
2026-09-03T20:53:28.464+0700 [DEBUG] [org.gradle.launcher.daemon.server.Daemon] stop() called on daemon
2026-09-03T20:53:28.464+0700 [INFO] [org.gradle.launcher.daemon.server.Daemon] Stop requested. Daemon is removing its presence from the registry...
2026-09-03T20:53:28.466+0700 [DEBUG] [org.gradle.launcher.daemon.server.DaemonRegistryUpdater] Removing our presence to clients, eg. removing this address from the registry: [5fe4e37b-42a4-41ce-bdfd-25c530d6108e port:51110, addresses:[localhost/127.0.0.1]]
2026-09-03T20:53:28.466+0700 [DEBUG] [org.gradle.launcher.daemon.registry.PersistentDaemonRegistry] Removing daemon address: [5fe4e37b-42a4-41ce-bdfd-25c530d6108e port:51110, addresses:[localhost/127.0.0.1]]
2026-09-03T20:53:28.469+0700 [DEBUG] [org.gradle.cache.internal.DefaultFileLockManager] Waiting to acquire exclusive lock on daemon addresses registry.
2026-09-03T20:53:28.470+0700 [DEBUG] [org.gradle.cache.internal.DefaultFileLockManager] Lock acquired on daemon addresses registry.
2026-09-03T20:53:28.472+0700 [DEBUG] [org.gradle.cache.internal.DefaultFileLockManager] Releasing lock on daemon addresses registry.
2026-09-03T20:53:28.473+0700 [DEBUG] [org.gradle.launcher.daemon.server.DaemonRegistryUpdater] Address removed from registry.
2026-09-03T20:53:28.515+0700 [DEBUG] [org.gradle.cache.internal.locklistener.DefaultFileLockContentionHandler] File lock listener thread completed.
2026-09-03T20:53:28.568+0700 [DEBUG] [java.lang.Runtime] Runtime.exit() called with status: 0
java.lang.Throwable: Runtime.exit(0)
	at java.base/java.lang.Shutdown.logRuntimeExit(Shutdown.java:179)
	at java.base/java.lang.Shutdown.exit(Shutdown.java:160)
	at java.base/java.lang.Runtime.exit(Runtime.java:188)
	at java.base/java.lang.System.exit(System.java:1923)
	at org.gradle.launcher.bootstrap.ProcessCompleter.complete(ProcessCompleter.java:21)
	at org.gradle.launcher.bootstrap.EntryPoint.run(EntryPoint.java:61)
	at java.base/jdk.internal.reflect.DirectMethodHandleAccessor.invoke(DirectMethodHandleAccessor.java:103)
	at java.base/java.lang.reflect.Method.invoke(Method.java:580)
	at org.gradle.launcher.bootstrap.ProcessBootstrap.runNoExit(ProcessBootstrap.java:60)
	at org.gradle.launcher.bootstrap.ProcessBootstrap.run(ProcessBootstrap.java:37)
	at org.gradle.launcher.daemon.bootstrap.GradleDaemon.main(GradleDaemon.java:22)
Daemon vm is shutting down... The daemon has exited normally or was terminated in response to a user interrupt.
2026-09-03T20:53:28.608+0700 [DEBUG] [org.gradle.launcher.daemon.registry.PersistentDaemonRegistry] Removing daemon address: [5fe4e37b-42a4-41ce-bdfd-25c530d6108e port:51110, addresses:[localhost/127.0.0.1]]
2026-09-03T20:53:28.616+0700 [DEBUG] [org.gradle.launcher.daemon.server.Daemon] VM shutdown hook was unable to remove the daemon address from the registry. It will be cleaned up later.
java.lang.IllegalStateException: Cannot start managing file contention because this handler has been closed.
	at org.gradle.cache.internal.locklistener.DefaultFileLockContentionHandler.assertNotStopped(DefaultFileLockContentionHandler.java:217)
	at org.gradle.cache.internal.locklistener.DefaultFileLockContentionHandler.getCommunicator(DefaultFileLockContentionHandler.java:260)
	at org.gradle.cache.internal.locklistener.DefaultFileLockContentionHandler.reservePort(DefaultFileLockContentionHandler.java:254)
	at org.gradle.cache.internal.DefaultFileLockManager.lock(DefaultFileLockManager.java:124)
	at org.gradle.cache.internal.DefaultFileLockManager.lock(DefaultFileLockManager.java:106)
	at org.gradle.cache.internal.DefaultFileLockManager.lock(DefaultFileLockManager.java:101)
	at org.gradle.cache.internal.OnDemandFileAccess.updateFile(OnDemandFileAccess.java:51)
	at org.gradle.cache.internal.FileBackedObjectHolder.update(FileBackedObjectHolder.java:77)
	at org.gradle.cache.internal.FileIntegrityViolationSuppressingObjectHolderDecorator.lambda$update$0(FileIntegrityViolationSuppressingObjectHolderDecorator.java:48)
	at org.gradle.cache.internal.FileIntegrityViolationSuppressingObjectHolderDecorator.doUpdate(FileIntegrityViolationSuppressingObjectHolderDecorator.java:58)
	at org.gradle.cache.internal.FileIntegrityViolationSuppressingObjectHolderDecorator.update(FileIntegrityViolationSuppressingObjectHolderDecorator.java:48)
	at org.gradle.launcher.daemon.registry.PersistentDaemonRegistry.remove(PersistentDaemonRegistry.java:133)
	at org.gradle.launcher.daemon.server.Daemon$1.run(Daemon.java:133)
	at java.base/java.lang.Thread.run(Thread.java:1583)
