2026-09-03T18:32:09.684+0700 [DEBUG] [org.gradle.launcher.daemon.bootstrap.DaemonMain] Assuming the daemon was started with following jvm opts: [--add-opens=java.base/java.util=ALL-UNNAMED, --add-opens=java.base/java.lang=ALL-UNNAMED, --add-opens=java.base/java.lang.invoke=ALL-UNNAMED, --add-opens=java.prefs/java.util.prefs=ALL-UNNAMED, --add-exports=jdk.compiler/com.sun.tools.javac.api=ALL-UNNAMED, --add-exports=jdk.compiler/com.sun.tools.javac.util=ALL-UNNAMED, --add-opens=java.base/java.nio.charset=ALL-UNNAMED, --add-opens=java.base/java.net=ALL-UNNAMED, --add-opens=java.base/java.util.concurrent.atomic=ALL-UNNAMED, -Xmx2048m, -Dfile.encoding=UTF-8, -Duser.country=ID, -Duser.language=en, -Duser.variant]
2026-09-03T18:32:10.114+0700 [DEBUG] [org.gradle.internal.nativeintegration.services.NativeServices] Native-platform posix files integration is not available. Continuing with fallback.
2026-09-03T18:32:10.181+0700 [INFO] [org.gradle.launcher.daemon.server.Daemon] start() called on daemon - DefaultDaemonContext[uid=df18d942-da82-4165-9d75-043944abae8f,javaHome=C:\Users\AsusA416jp\.jdks\jbr-21.0.11,javaVersion=21,daemonRegistryDir=D:\AbsensiSeleksi\daemon,pid=13916,idleTimeout=10800000,priority=NORMAL,applyInstrumentationAgent=true,nativeServicesMode=ENABLED,daemonOpts=--add-opens=java.base/java.util=ALL-UNNAMED,--add-opens=java.base/java.lang=ALL-UNNAMED,--add-opens=java.base/java.lang.invoke=ALL-UNNAMED,--add-opens=java.prefs/java.util.prefs=ALL-UNNAMED,--add-exports=jdk.compiler/com.sun.tools.javac.api=ALL-UNNAMED,--add-exports=jdk.compiler/com.sun.tools.javac.util=ALL-UNNAMED,--add-opens=java.base/java.nio.charset=ALL-UNNAMED,--add-opens=java.base/java.net=ALL-UNNAMED,--add-opens=java.base/java.util.concurrent.atomic=ALL-UNNAMED,-Xmx2048m,-Dfile.encoding=UTF-8,-Duser.country=ID,-Duser.language=en,-Duser.variant]
2026-09-03T18:32:10.317+0700 [DEBUG] [org.gradle.internal.remote.internal.inet.InetAddresses] Adding IP addresses for network interface WAN Miniport (IP)-WFP Native MAC Layer LightWeight Filter-0000
2026-09-03T18:32:10.318+0700 [DEBUG] [org.gradle.internal.remote.internal.inet.InetAddresses] Is this a loopback interface? false
2026-09-03T18:32:10.319+0700 [DEBUG] [org.gradle.internal.remote.internal.inet.InetAddresses] Adding IP addresses for network interface WAN Miniport (IP)-QoS Packet Scheduler-0000
2026-09-03T18:32:10.319+0700 [DEBUG] [org.gradle.internal.remote.internal.inet.InetAddresses] Is this a loopback interface? false
2026-09-03T18:32:10.320+0700 [DEBUG] [org.gradle.internal.remote.internal.inet.InetAddresses] Adding IP addresses for network interface WAN Miniport (IPv6)-WFP Native MAC Layer LightWeight Filter-0000
2026-09-03T18:32:10.320+0700 [DEBUG] [org.gradle.internal.remote.internal.inet.InetAddresses] Is this a loopback interface? false
2026-09-03T18:32:10.321+0700 [DEBUG] [org.gradle.internal.remote.internal.inet.InetAddresses] Adding IP addresses for network interface WAN Miniport (IPv6)-QoS Packet Scheduler-0000
2026-09-03T18:32:10.322+0700 [DEBUG] [org.gradle.internal.remote.internal.inet.InetAddresses] Is this a loopback interface? false
2026-09-03T18:32:10.323+0700 [DEBUG] [org.gradle.internal.remote.internal.inet.InetAddresses] Adding IP addresses for network interface WAN Miniport (Network Monitor)-WFP Native MAC Layer LightWeight Filter-0000
2026-09-03T18:32:10.324+0700 [DEBUG] [org.gradle.internal.remote.internal.inet.InetAddresses] Is this a loopback interface? false
2026-09-03T18:32:10.325+0700 [DEBUG] [org.gradle.internal.remote.internal.inet.InetAddresses] Adding IP addresses for network interface WAN Miniport (Network Monitor)-QoS Packet Scheduler-0000
2026-09-03T18:32:10.326+0700 [DEBUG] [org.gradle.internal.remote.internal.inet.InetAddresses] Is this a loopback interface? false
2026-09-03T18:32:10.327+0700 [DEBUG] [org.gradle.internal.remote.internal.inet.InetAddresses] Adding IP addresses for network interface Microsoft Kernel Debug Network Adapter
2026-09-03T18:32:10.328+0700 [DEBUG] [org.gradle.internal.remote.internal.inet.InetAddresses] Is this a loopback interface? false
2026-09-03T18:32:10.329+0700 [DEBUG] [org.gradle.internal.remote.internal.inet.InetAddresses] Adding IP addresses for network interface WAN Miniport (Network Monitor)
2026-09-03T18:32:10.331+0700 [DEBUG] [org.gradle.internal.remote.internal.inet.InetAddresses] Is this a loopback interface? false
2026-09-03T18:32:10.332+0700 [DEBUG] [org.gradle.internal.remote.internal.inet.InetAddresses] Adding IP addresses for network interface WAN Miniport (IP)
2026-09-03T18:32:10.332+0700 [DEBUG] [org.gradle.internal.remote.internal.inet.InetAddresses] Is this a loopback interface? false
2026-09-03T18:32:10.333+0700 [DEBUG] [org.gradle.internal.remote.internal.inet.InetAddresses] Adding IP addresses for network interface WAN Miniport (IPv6)
2026-09-03T18:32:10.334+0700 [DEBUG] [org.gradle.internal.remote.internal.inet.InetAddresses] Is this a loopback interface? false
2026-09-03T18:32:10.334+0700 [DEBUG] [org.gradle.internal.remote.internal.inet.InetAddresses] Adding IP addresses for network interface WAN Miniport (PPPOE)
2026-09-03T18:32:10.335+0700 [DEBUG] [org.gradle.internal.remote.internal.inet.InetAddresses] Is this a loopback interface? false
2026-09-03T18:32:10.336+0700 [DEBUG] [org.gradle.internal.remote.internal.inet.InetAddresses] Adding IP addresses for network interface RAS Async Adapter
2026-09-03T18:32:10.336+0700 [DEBUG] [org.gradle.internal.remote.internal.inet.InetAddresses] Is this a loopback interface? false
2026-09-03T18:32:10.337+0700 [DEBUG] [org.gradle.internal.remote.internal.inet.InetAddresses] Adding IP addresses for network interface Software Loopback Interface 1
2026-09-03T18:32:10.337+0700 [DEBUG] [org.gradle.internal.remote.internal.inet.InetAddresses] Is this a loopback interface? true
2026-09-03T18:32:10.338+0700 [DEBUG] [org.gradle.internal.remote.internal.inet.InetAddresses] Adding loopback address /0:0:0:0:0:0:0:1
2026-09-03T18:32:10.339+0700 [DEBUG] [org.gradle.internal.remote.internal.inet.InetAddresses] Adding loopback address /127.0.0.1
2026-09-03T18:32:10.339+0700 [DEBUG] [org.gradle.internal.remote.internal.inet.InetAddresses] Adding IP addresses for network interface Tenda Wireless USB Adapter-WFP Native MAC Layer LightWeight Filter-0000
2026-09-03T18:32:10.340+0700 [DEBUG] [org.gradle.internal.remote.internal.inet.InetAddresses] Is this a loopback interface? false
2026-09-03T18:32:10.340+0700 [DEBUG] [org.gradle.internal.remote.internal.inet.InetAddresses] Adding IP addresses for network interface Tenda Wireless USB Adapter-Virtual WiFi Filter Driver-0000
2026-09-03T18:32:10.341+0700 [DEBUG] [org.gradle.internal.remote.internal.inet.InetAddresses] Is this a loopback interface? false
2026-09-03T18:32:10.342+0700 [DEBUG] [org.gradle.internal.remote.internal.inet.InetAddresses] Adding IP addresses for network interface Tenda Wireless USB Adapter-Native WiFi Filter Driver-0000
2026-09-03T18:32:10.342+0700 [DEBUG] [org.gradle.internal.remote.internal.inet.InetAddresses] Is this a loopback interface? false
2026-09-03T18:32:10.344+0700 [DEBUG] [org.gradle.internal.remote.internal.inet.InetAddresses] Adding IP addresses for network interface Tenda Wireless USB Adapter-QoS Packet Scheduler-0000
2026-09-03T18:32:10.345+0700 [DEBUG] [org.gradle.internal.remote.internal.inet.InetAddresses] Is this a loopback interface? false
2026-09-03T18:32:10.346+0700 [DEBUG] [org.gradle.internal.remote.internal.inet.InetAddresses] Adding IP addresses for network interface Tenda Wireless USB Adapter-WFP 802.3 MAC Layer LightWeight Filter-0000
2026-09-03T18:32:10.347+0700 [DEBUG] [org.gradle.internal.remote.internal.inet.InetAddresses] Is this a loopback interface? false
2026-09-03T18:32:10.348+0700 [DEBUG] [org.gradle.internal.remote.internal.inet.InetAddresses] Adding IP addresses for network interface Microsoft Hosted Network Virtual Adapter-WFP Native MAC Layer LightWeight Filter-0000
2026-09-03T18:32:10.349+0700 [DEBUG] [org.gradle.internal.remote.internal.inet.InetAddresses] Is this a loopback interface? false
2026-09-03T18:32:10.350+0700 [DEBUG] [org.gradle.internal.remote.internal.inet.InetAddresses] Adding IP addresses for network interface Microsoft Hosted Network Virtual Adapter-Native WiFi Filter Driver-0000
2026-09-03T18:32:10.351+0700 [DEBUG] [org.gradle.internal.remote.internal.inet.InetAddresses] Is this a loopback interface? false
2026-09-03T18:32:10.352+0700 [DEBUG] [org.gradle.internal.remote.internal.inet.InetAddresses] Adding IP addresses for network interface Microsoft Hosted Network Virtual Adapter-QoS Packet Scheduler-0000
2026-09-03T18:32:10.352+0700 [DEBUG] [org.gradle.internal.remote.internal.inet.InetAddresses] Is this a loopback interface? false
2026-09-03T18:32:10.353+0700 [DEBUG] [org.gradle.internal.remote.internal.inet.InetAddresses] Adding IP addresses for network interface Microsoft Hosted Network Virtual Adapter-WFP 802.3 MAC Layer LightWeight Filter-0000
2026-09-03T18:32:10.353+0700 [DEBUG] [org.gradle.internal.remote.internal.inet.InetAddresses] Is this a loopback interface? false
2026-09-03T18:32:10.354+0700 [DEBUG] [org.gradle.internal.remote.internal.inet.InetAddresses] Adding IP addresses for network interface Microsoft Wi-Fi Direct Virtual Adapter #2-WFP Native MAC Layer LightWeight Filter-0000
2026-09-03T18:32:10.354+0700 [DEBUG] [org.gradle.internal.remote.internal.inet.InetAddresses] Is this a loopback interface? false
2026-09-03T18:32:10.355+0700 [DEBUG] [org.gradle.internal.remote.internal.inet.InetAddresses] Adding IP addresses for network interface Microsoft Wi-Fi Direct Virtual Adapter #2-Native WiFi Filter Driver-0000
2026-09-03T18:32:10.356+0700 [DEBUG] [org.gradle.internal.remote.internal.inet.InetAddresses] Is this a loopback interface? false
2026-09-03T18:32:10.356+0700 [DEBUG] [org.gradle.internal.remote.internal.inet.InetAddresses] Adding IP addresses for network interface Microsoft Wi-Fi Direct Virtual Adapter #2-QoS Packet Scheduler-0000
2026-09-03T18:32:10.357+0700 [DEBUG] [org.gradle.internal.remote.internal.inet.InetAddresses] Is this a loopback interface? false
2026-09-03T18:32:10.358+0700 [DEBUG] [org.gradle.internal.remote.internal.inet.InetAddresses] Adding IP addresses for network interface Microsoft Wi-Fi Direct Virtual Adapter #2-WFP 802.3 MAC Layer LightWeight Filter-0000
2026-09-03T18:32:10.358+0700 [DEBUG] [org.gradle.internal.remote.internal.inet.InetAddresses] Is this a loopback interface? false
2026-09-03T18:32:10.359+0700 [DEBUG] [org.gradle.internal.remote.internal.inet.InetAddresses] Adding IP addresses for network interface Microsoft Wi-Fi Direct Virtual Adapter #3-WFP Native MAC Layer LightWeight Filter-0000
2026-09-03T18:32:10.359+0700 [DEBUG] [org.gradle.internal.remote.internal.inet.InetAddresses] Is this a loopback interface? false
2026-09-03T18:32:10.360+0700 [DEBUG] [org.gradle.internal.remote.internal.inet.InetAddresses] Adding IP addresses for network interface Microsoft Wi-Fi Direct Virtual Adapter #3-Native WiFi Filter Driver-0000
2026-09-03T18:32:10.360+0700 [DEBUG] [org.gradle.internal.remote.internal.inet.InetAddresses] Is this a loopback interface? false
2026-09-03T18:32:10.361+0700 [DEBUG] [org.gradle.internal.remote.internal.inet.InetAddresses] Adding IP addresses for network interface Microsoft Wi-Fi Direct Virtual Adapter #3-QoS Packet Scheduler-0000
2026-09-03T18:32:10.361+0700 [DEBUG] [org.gradle.internal.remote.internal.inet.InetAddresses] Is this a loopback interface? false
2026-09-03T18:32:10.362+0700 [DEBUG] [org.gradle.internal.remote.internal.inet.InetAddresses] Adding IP addresses for network interface Microsoft Wi-Fi Direct Virtual Adapter #3-WFP 802.3 MAC Layer LightWeight Filter-0000
2026-09-03T18:32:10.364+0700 [DEBUG] [org.gradle.internal.remote.internal.inet.InetAddresses] Is this a loopback interface? false
2026-09-03T18:32:10.364+0700 [DEBUG] [org.gradle.internal.remote.internal.inet.InetAddresses] Adding IP addresses for network interface Microsoft Wi-Fi Direct Virtual Adapter #2
2026-09-03T18:32:10.365+0700 [DEBUG] [org.gradle.internal.remote.internal.inet.InetAddresses] Is this a loopback interface? false
2026-09-03T18:32:10.366+0700 [DEBUG] [org.gradle.internal.remote.internal.inet.InetAddresses] Adding remote address /fe80:0:0:0:d7d0:aa2b:9033:d504%wireless_32770
2026-09-03T18:32:10.366+0700 [DEBUG] [org.gradle.internal.remote.internal.inet.InetAddresses] Adding IP addresses for network interface Microsoft Wi-Fi Direct Virtual Adapter #3
2026-09-03T18:32:10.367+0700 [DEBUG] [org.gradle.internal.remote.internal.inet.InetAddresses] Is this a loopback interface? false
2026-09-03T18:32:10.367+0700 [DEBUG] [org.gradle.internal.remote.internal.inet.InetAddresses] Adding remote address /fe80:0:0:0:e236:a51a:c2de:5183%wireless_32771
2026-09-03T18:32:10.367+0700 [DEBUG] [org.gradle.internal.remote.internal.inet.InetAddresses] Adding IP addresses for network interface Microsoft Hosted Network Virtual Adapter
2026-09-03T18:32:10.368+0700 [DEBUG] [org.gradle.internal.remote.internal.inet.InetAddresses] Is this a loopback interface? false
2026-09-03T18:32:10.368+0700 [DEBUG] [org.gradle.internal.remote.internal.inet.InetAddresses] Adding remote address /fe80:0:0:0:aa9f:dc74:d8ff:f42%wireless_32772
2026-09-03T18:32:10.369+0700 [DEBUG] [org.gradle.internal.remote.internal.inet.InetAddresses] Adding IP addresses for network interface Tenda Wireless USB Adapter
2026-09-03T18:32:10.369+0700 [DEBUG] [org.gradle.internal.remote.internal.inet.InetAddresses] Is this a loopback interface? false
2026-09-03T18:32:10.370+0700 [DEBUG] [org.gradle.internal.remote.internal.inet.InetAddresses] Adding remote address /fe80:0:0:0:d13f:5c7f:d9cc:332f%wireless_32774
2026-09-03T18:32:10.370+0700 [DEBUG] [org.gradle.internal.remote.internal.inet.InetAddresses] Adding remote address /192.168.1.19
2026-09-03T18:32:10.370+0700 [DEBUG] [org.gradle.internal.remote.internal.inet.InetAddresses] Adding IP addresses for network interface Microsoft Teredo Tunneling Adapter
2026-09-03T18:32:10.371+0700 [DEBUG] [org.gradle.internal.remote.internal.inet.InetAddresses] Is this a loopback interface? false
2026-09-03T18:32:10.371+0700 [DEBUG] [org.gradle.internal.remote.internal.inet.InetAddresses] Adding IP addresses for network interface Microsoft IP-HTTPS Platform Adapter
2026-09-03T18:32:10.372+0700 [DEBUG] [org.gradle.internal.remote.internal.inet.InetAddresses] Is this a loopback interface? false
2026-09-03T18:32:10.372+0700 [DEBUG] [org.gradle.internal.remote.internal.inet.InetAddresses] Adding IP addresses for network interface Microsoft 6to4 Adapter
2026-09-03T18:32:10.372+0700 [DEBUG] [org.gradle.internal.remote.internal.inet.InetAddresses] Is this a loopback interface? false
2026-09-03T18:32:10.373+0700 [DEBUG] [org.gradle.internal.remote.internal.inet.InetAddresses] Adding IP addresses for network interface WAN Miniport (IKEv2)
2026-09-03T18:32:10.373+0700 [DEBUG] [org.gradle.internal.remote.internal.inet.InetAddresses] Is this a loopback interface? false
2026-09-03T18:32:10.374+0700 [DEBUG] [org.gradle.internal.remote.internal.inet.InetAddresses] Adding IP addresses for network interface WAN Miniport (L2TP)
2026-09-03T18:32:10.375+0700 [DEBUG] [org.gradle.internal.remote.internal.inet.InetAddresses] Is this a loopback interface? false
2026-09-03T18:32:10.375+0700 [DEBUG] [org.gradle.internal.remote.internal.inet.InetAddresses] Adding IP addresses for network interface WAN Miniport (PPTP)
2026-09-03T18:32:10.376+0700 [DEBUG] [org.gradle.internal.remote.internal.inet.InetAddresses] Is this a loopback interface? false
2026-09-03T18:32:10.377+0700 [DEBUG] [org.gradle.internal.remote.internal.inet.InetAddresses] Adding IP addresses for network interface WAN Miniport (SSTP)
2026-09-03T18:32:10.377+0700 [DEBUG] [org.gradle.internal.remote.internal.inet.InetAddresses] Is this a loopback interface? false
2026-09-03T18:32:10.385+0700 [DEBUG] [org.gradle.internal.remote.internal.inet.TcpIncomingConnector] Listening on [f2f1712e-f482-409b-b31d-d4d926729cf0 port:54027, addresses:[localhost/127.0.0.1]].
2026-09-03T18:32:10.433+0700 [DEBUG] [org.gradle.launcher.daemon.server.Daemon] Daemon starting at: Thu Sep 03 18:32:10 WIB 2026, with address: [f2f1712e-f482-409b-b31d-d4d926729cf0 port:54027, addresses:[localhost/127.0.0.1]]
2026-09-03T18:32:10.435+0700 [INFO] [org.gradle.launcher.daemon.server.DaemonRegistryUpdater] Advertising the daemon address to the clients: [f2f1712e-f482-409b-b31d-d4d926729cf0 port:54027, addresses:[localhost/127.0.0.1]]
2026-09-03T18:32:10.435+0700 [DEBUG] [org.gradle.launcher.daemon.server.DaemonRegistryUpdater] Advertised daemon context: DefaultDaemonContext[uid=df18d942-da82-4165-9d75-043944abae8f,javaHome=C:\Users\AsusA416jp\.jdks\jbr-21.0.11,javaVersion=21,daemonRegistryDir=D:\AbsensiSeleksi\daemon,pid=13916,idleTimeout=10800000,priority=NORMAL,applyInstrumentationAgent=true,nativeServicesMode=ENABLED,daemonOpts=--add-opens=java.base/java.util=ALL-UNNAMED,--add-opens=java.base/java.lang=ALL-UNNAMED,--add-opens=java.base/java.lang.invoke=ALL-UNNAMED,--add-opens=java.prefs/java.util.prefs=ALL-UNNAMED,--add-exports=jdk.compiler/com.sun.tools.javac.api=ALL-UNNAMED,--add-exports=jdk.compiler/com.sun.tools.javac.util=ALL-UNNAMED,--add-opens=java.base/java.nio.charset=ALL-UNNAMED,--add-opens=java.base/java.net=ALL-UNNAMED,--add-opens=java.base/java.util.concurrent.atomic=ALL-UNNAMED,-Xmx2048m,-Dfile.encoding=UTF-8,-Duser.country=ID,-Duser.language=en,-Duser.variant]
2026-09-03T18:32:10.439+0700 [DEBUG] [org.gradle.launcher.daemon.registry.PersistentDaemonRegistry] Storing daemon address: [f2f1712e-f482-409b-b31d-d4d926729cf0 port:54027, addresses:[localhost/127.0.0.1]], context: DefaultDaemonContext[uid=df18d942-da82-4165-9d75-043944abae8f,javaHome=C:\Users\AsusA416jp\.jdks\jbr-21.0.11,javaVersion=21,daemonRegistryDir=D:\AbsensiSeleksi\daemon,pid=13916,idleTimeout=10800000,priority=NORMAL,applyInstrumentationAgent=true,nativeServicesMode=ENABLED,daemonOpts=--add-opens=java.base/java.util=ALL-UNNAMED,--add-opens=java.base/java.lang=ALL-UNNAMED,--add-opens=java.base/java.lang.invoke=ALL-UNNAMED,--add-opens=java.prefs/java.util.prefs=ALL-UNNAMED,--add-exports=jdk.compiler/com.sun.tools.javac.api=ALL-UNNAMED,--add-exports=jdk.compiler/com.sun.tools.javac.util=ALL-UNNAMED,--add-opens=java.base/java.nio.charset=ALL-UNNAMED,--add-opens=java.base/java.net=ALL-UNNAMED,--add-opens=java.base/java.util.concurrent.atomic=ALL-UNNAMED,-Xmx2048m,-Dfile.encoding=UTF-8,-Duser.country=ID,-Duser.language=en,-Duser.variant]
2026-09-03T18:32:10.494+0700 [DEBUG] [org.gradle.cache.internal.DefaultFileLockManager] Waiting to acquire exclusive lock on daemon addresses registry.
2026-09-03T18:32:10.512+0700 [DEBUG] [org.gradle.cache.internal.DefaultFileLockManager] Lock acquired on daemon addresses registry.
2026-09-03T18:32:10.532+0700 [DEBUG] [org.gradle.cache.internal.DefaultFileLockManager] Releasing lock on daemon addresses registry.
2026-09-03T18:32:10.534+0700 [LIFECYCLE] [org.gradle.launcher.daemon.server.Daemon] Daemon server started.
2026-09-03T18:32:10.540+0700 [DEBUG] [org.gradle.launcher.daemon.bootstrap.DaemonStartupCommunication] Completed writing the daemon greeting. Closing streams...
2026-09-03T18:32:10.570+0700 [DEBUG] [org.gradle.launcher.daemon.server.Daemon] stopOnExpiration() called on daemon
2026-09-03T18:32:10.575+0700 [DEBUG] [org.gradle.internal.remote.internal.inet.TcpIncomingConnector] Accepted connection from /127.0.0.1:54028 to /127.0.0.1:54027.
2026-09-03T18:32:10.575+0700 [DEBUG] [org.gradle.launcher.daemon.server.Daemon] awaitExpiration() called on daemon
2026-09-03T18:32:10.583+0700 [DEBUG] [org.gradle.launcher.daemon.server.DaemonStateCoordinator] daemon is running. Sleeping until state changes.
2026-09-03T18:32:10.847+0700 [DEBUG] [org.gradle.launcher.daemon.server.SynchronizedDispatchConnection] thread 32: received class org.gradle.launcher.daemon.protocol.Build
2026-09-03T18:32:10.848+0700 [DEBUG] [org.gradle.launcher.daemon.server.DefaultDaemonConnection] thread 32: Received non-IO message from client: Build{id=6dbccabe-e1fd-4e41-a300-1dfada504594, currentDir=D:\AbsensiSeleksi}
2026-09-03T18:32:10.850+0700 [INFO] [org.gradle.launcher.daemon.server.DefaultIncomingConnectionHandler] Received command: Build{id=6dbccabe-e1fd-4e41-a300-1dfada504594, currentDir=D:\AbsensiSeleksi}.
2026-09-03T18:32:10.852+0700 [DEBUG] [org.gradle.launcher.daemon.server.DefaultIncomingConnectionHandler] Starting executing command: Build{id=6dbccabe-e1fd-4e41-a300-1dfada504594, currentDir=D:\AbsensiSeleksi} with connection: socket connection from /127.0.0.1:54027 to /127.0.0.1:54028.
2026-09-03T18:32:10.866+0700 [DEBUG] [org.gradle.launcher.daemon.server.DaemonStateCoordinator] Command execution: started DaemonCommandExecution[command = Build{id=6dbccabe-e1fd-4e41-a300-1dfada504594, currentDir=D:\AbsensiSeleksi}, connection = DefaultDaemonConnection: socket connection from /127.0.0.1:54027 to /127.0.0.1:54028] after 0.009616666666666666 minutes of idle
2026-09-03T18:32:10.866+0700 [INFO] [org.gradle.launcher.daemon.server.DaemonRegistryUpdater] Marking the daemon as busy, address: [f2f1712e-f482-409b-b31d-d4d926729cf0 port:54027, addresses:[localhost/127.0.0.1]]
2026-09-03T18:32:10.867+0700 [DEBUG] [org.gradle.launcher.daemon.registry.PersistentDaemonRegistry] Marking busy by address: [f2f1712e-f482-409b-b31d-d4d926729cf0 port:54027, addresses:[localhost/127.0.0.1]]
2026-09-03T18:32:10.871+0700 [DEBUG] [org.gradle.cache.internal.DefaultFileLockManager] Waiting to acquire exclusive lock on daemon addresses registry.
2026-09-03T18:32:10.873+0700 [DEBUG] [org.gradle.cache.internal.DefaultFileLockManager] Lock acquired on daemon addresses registry.
2026-09-03T18:32:10.878+0700 [DEBUG] [org.gradle.cache.internal.DefaultFileLockManager] Releasing lock on daemon addresses registry.
2026-09-03T18:32:10.880+0700 [DEBUG] [org.gradle.launcher.daemon.server.DaemonStateCoordinator] resetting idle timer
2026-09-03T18:32:10.881+0700 [DEBUG] [org.gradle.launcher.daemon.server.DaemonStateCoordinator] daemon is running. Sleeping until state changes.
2026-09-03T18:32:10.883+0700 [INFO] [org.gradle.launcher.daemon.server.exec.StartBuildOrRespondWithBusy] Daemon is about to start building Build{id=6dbccabe-e1fd-4e41-a300-1dfada504594, currentDir=D:\AbsensiSeleksi}. Dispatching build started information...
2026-09-03T18:32:10.884+0700 [DEBUG] [org.gradle.launcher.daemon.server.SynchronizedDispatchConnection] thread 37: dispatching org.gradle.launcher.daemon.protocol.BuildStarted@326bd6
2026-09-03T18:32:10.888+0700 [DEBUG] [org.gradle.launcher.daemon.server.exec.EstablishBuildEnvironment] Configuring env variables: [USERDOMAIN_ROAMINGPROFILE, LOCALAPPDATA, ChocolateyLastPathUpdate, PROCESSOR_LEVEL, USERDOMAIN, EFC_2376_1592913036, LOGONSERVER, SESSIONNAME, ALLUSERSPROFILE, PROCESSOR_ARCHITECTURE, PSModulePath, SystemDrive, asl.log, OneDrive, APPDATA, USERNAME, ChocolateyInstall, ProgramFiles(x86), CommonProgramFiles, Path, PATHEXT, DriverData, OS, OneDriveConsumer, COMPUTERNAME, EFC_2376_4126798990, EFC_2376_2946480783, PROCESSOR_REVISION, CommonProgramW6432, ComSpec, ProgramData, ProgramW6432, TEMP, HOMEPATH, SystemRoot, PROCESSOR_IDENTIFIER, HOMEDRIVE, USERPROFILE, TMP, CommonProgramFiles(x86), ProgramFiles, PUBLIC, windir, NUMBER_OF_PROCESSORS, =::]
2026-09-03T18:32:10.900+0700 [DEBUG] [org.gradle.launcher.daemon.server.exec.LogToClient] About to start relaying all logs to the client via the connection.
2026-09-03T18:32:10.901+0700 [INFO] [org.gradle.launcher.daemon.server.exec.LogToClient] The client will now receive all logging from the daemon (pid: 13916). The daemon log file: D:\AbsensiSeleksi\daemon\8.9\daemon-13916.out.log
2026-09-03T18:32:10.907+0700 [INFO] [org.gradle.launcher.daemon.server.exec.LogAndCheckHealth] Starting build in new daemon [memory: 2 GiB]
2026-09-03T18:32:10.912+0700 [DEBUG] [org.gradle.launcher.daemon.server.exec.ExecuteBuild] The daemon has started executing the build.
2026-09-03T18:32:10.913+0700 [DEBUG] [org.gradle.launcher.daemon.server.exec.ExecuteBuild] Executing build with daemon context: DefaultDaemonContext[uid=df18d942-da82-4165-9d75-043944abae8f,javaHome=C:\Users\AsusA416jp\.jdks\jbr-21.0.11,javaVersion=21,daemonRegistryDir=D:\AbsensiSeleksi\daemon,pid=13916,idleTimeout=10800000,priority=NORMAL,applyInstrumentationAgent=true,nativeServicesMode=ENABLED,daemonOpts=--add-opens=java.base/java.util=ALL-UNNAMED,--add-opens=java.base/java.lang=ALL-UNNAMED,--add-opens=java.base/java.lang.invoke=ALL-UNNAMED,--add-opens=java.prefs/java.util.prefs=ALL-UNNAMED,--add-exports=jdk.compiler/com.sun.tools.javac.api=ALL-UNNAMED,--add-exports=jdk.compiler/com.sun.tools.javac.util=ALL-UNNAMED,--add-opens=java.base/java.nio.charset=ALL-UNNAMED,--add-opens=java.base/java.net=ALL-UNNAMED,--add-opens=java.base/java.util.concurrent.atomic=ALL-UNNAMED,-Xmx2048m,-Dfile.encoding=UTF-8,-Duser.country=ID,-Duser.language=en,-Duser.variant]

BUILD SUCCESSFUL in 14m 43s
2026-09-03T18:46:41.622+0700 [DEBUG] [org.gradle.launcher.daemon.server.exec.ExecuteBuild] The daemon has finished executing the build.
2026-09-03T18:46:41.666+0700 [DEBUG] [org.gradle.launcher.daemon.server.DaemonStateCoordinator] daemon is running. Sleeping until state changes.
2026-09-03T18:46:41.676+0700 [DEBUG] [org.gradle.launcher.daemon.server.DaemonStateCoordinator] Command execution: finished waiting for DaemonCommandExecution[command = Build{id=6dbccabe-e1fd-4e41-a300-1dfada504594, currentDir=D:\AbsensiSeleksi}, connection = DefaultDaemonConnection: socket connection from /127.0.0.1:54027 to /127.0.0.1:54028]. Result org.gradle.launcher.daemon.server.DaemonStateCoordinator@27a4541e with state Busy
2026-09-03T18:46:41.678+0700 [DEBUG] [org.gradle.launcher.daemon.server.DaemonStateCoordinator] Command execution: completed DaemonCommandExecution[command = Build{id=6dbccabe-e1fd-4e41-a300-1dfada504594, currentDir=D:\AbsensiSeleksi}, connection = DefaultDaemonConnection: socket connection from /127.0.0.1:54027 to /127.0.0.1:54028]
2026-09-03T18:46:41.679+0700 [DEBUG] [org.gradle.launcher.daemon.server.DaemonStateCoordinator] resetting idle timer
2026-09-03T18:46:41.695+0700 [INFO] [org.gradle.launcher.daemon.server.DaemonRegistryUpdater] Marking the daemon as idle, address: [f2f1712e-f482-409b-b31d-d4d926729cf0 port:54027, addresses:[localhost/127.0.0.1]]
2026-09-03T18:46:41.698+0700 [DEBUG] [org.gradle.launcher.daemon.registry.PersistentDaemonRegistry] Marking busy by address: [f2f1712e-f482-409b-b31d-d4d926729cf0 port:54027, addresses:[localhost/127.0.0.1]]
2026-09-03T18:46:41.714+0700 [DEBUG] [org.gradle.cache.internal.DefaultFileLockManager] Waiting to acquire exclusive lock on daemon addresses registry.
2026-09-03T18:46:41.717+0700 [DEBUG] [org.gradle.cache.internal.DefaultFileLockManager] Lock acquired on daemon addresses registry.
2026-09-03T18:46:41.769+0700 [DEBUG] [org.gradle.cache.internal.DefaultFileLockManager] Releasing lock on daemon addresses registry.
2026-09-03T18:46:41.772+0700 [DEBUG] [org.gradle.launcher.daemon.server.DaemonStateCoordinator] daemon is running. Sleeping until state changes.
2026-09-03T18:46:41.772+0700 [DEBUG] [org.gradle.launcher.daemon.server.exec.ReturnResult] Daemon is dispatching the build result: Success[value=org.gradle.launcher.exec.BuildActionResult@1512b020]
2026-09-03T18:46:41.774+0700 [DEBUG] [org.gradle.launcher.daemon.server.SynchronizedDispatchConnection] thread 31: dispatching Success[value=org.gradle.launcher.exec.BuildActionResult@1512b020]
2026-09-03T18:46:41.798+0700 [DEBUG] [org.gradle.launcher.daemon.server.DefaultIncomingConnectionHandler] Finishing executing command: Build{id=6dbccabe-e1fd-4e41-a300-1dfada504594, currentDir=D:\AbsensiSeleksi}
2026-09-03T18:46:41.798+0700 [DEBUG] [org.gradle.launcher.daemon.server.SynchronizedDispatchConnection] thread 32: received class org.gradle.launcher.daemon.protocol.CloseInput
2026-09-03T18:46:41.798+0700 [DEBUG] [org.gradle.launcher.daemon.server.exec.CleanUpVirtualFileSystemAfterBuild] Cleaning virtual file system after build finished
2026-09-03T18:46:41.801+0700 [DEBUG] [org.gradle.launcher.daemon.server.DefaultDaemonConnection] thread 32: Received IO message from client: org.gradle.launcher.daemon.protocol.CloseInput@20dea1cf
2026-09-03T18:46:41.803+0700 [DEBUG] [org.gradle.launcher.daemon.server.SynchronizedDispatchConnection] thread 32: received class org.gradle.launcher.daemon.protocol.Finished
2026-09-03T18:46:41.804+0700 [DEBUG] [org.gradle.launcher.daemon.server.DefaultDaemonConnection] thread 32: Received non-IO message from client: org.gradle.launcher.daemon.protocol.Finished@4973c746
2026-09-03T18:46:41.807+0700 [DEBUG] [org.gradle.launcher.daemon.server.DefaultIncomingConnectionHandler] Received finished message: org.gradle.launcher.daemon.protocol.Finished@4973c746
2026-09-03T18:46:41.813+0700 [DEBUG] [org.gradle.launcher.daemon.server.SynchronizedDispatchConnection] thread 31: stopping connection
2026-09-03T18:46:41.853+0700 [DEBUG] [org.gradle.internal.remote.internal.inet.SocketConnection] Discarding EOFException: java.io.EOFException
2026-09-03T18:46:41.855+0700 [DEBUG] [org.gradle.launcher.daemon.server.SynchronizedDispatchConnection] thread 32: received null
2026-09-03T18:46:41.856+0700 [DEBUG] [org.gradle.launcher.daemon.server.DefaultDaemonConnection] thread 32: Received end-of-input from client.
2026-09-03T18:46:41.861+0700 [DEBUG] [org.gradle.launcher.daemon.server.SynchronizedDispatchConnection] thread 31: stopping connection
2026-09-03T18:46:49.502+0700 [DEBUG] [org.apache.http.impl.conn.PoolingHttpClientConnectionManager] Connection manager is shutting down
2026-09-03T18:46:49.514+0700 [DEBUG] [org.apache.http.impl.conn.DefaultManagedHttpClientConnection] http-outgoing-99: Close connection
2026-09-03T18:46:49.522+0700 [DEBUG] [org.apache.http.impl.conn.PoolingHttpClientConnectionManager] Connection manager shut down
2026-09-03T18:46:49.524+0700 [DEBUG] [org.apache.http.impl.conn.PoolingHttpClientConnectionManager] Connection manager is shutting down
2026-09-03T18:46:49.525+0700 [DEBUG] [org.apache.http.impl.conn.DefaultManagedHttpClientConnection] http-outgoing-100: Close connection
2026-09-03T18:46:49.526+0700 [DEBUG] [org.apache.http.impl.conn.PoolingHttpClientConnectionManager] Connection manager shut down
2026-09-03T18:46:49.527+0700 [DEBUG] [org.apache.http.impl.conn.PoolingHttpClientConnectionManager] Connection manager is shutting down
2026-09-03T18:46:49.527+0700 [DEBUG] [org.apache.http.impl.conn.DefaultManagedHttpClientConnection] http-outgoing-97: Close connection
2026-09-03T18:46:49.529+0700 [DEBUG] [org.apache.http.impl.conn.PoolingHttpClientConnectionManager] Connection manager shut down
2026-09-03T18:46:49.529+0700 [DEBUG] [org.apache.http.impl.conn.PoolingHttpClientConnectionManager] Connection manager is shutting down
2026-09-03T18:46:49.530+0700 [DEBUG] [org.apache.http.impl.conn.DefaultManagedHttpClientConnection] http-outgoing-98: Close connection
2026-09-03T18:46:49.531+0700 [DEBUG] [org.apache.http.impl.conn.PoolingHttpClientConnectionManager] Connection manager shut down
2026-09-03T18:46:49.531+0700 [DEBUG] [org.apache.http.impl.conn.PoolingHttpClientConnectionManager] Connection manager is shutting down
2026-09-03T18:46:49.532+0700 [DEBUG] [org.apache.http.impl.conn.DefaultManagedHttpClientConnection] http-outgoing-90: Close connection
2026-09-03T18:46:49.533+0700 [DEBUG] [org.apache.http.impl.conn.DefaultManagedHttpClientConnection] http-outgoing-91: Close connection
2026-09-03T18:46:49.534+0700 [DEBUG] [org.apache.http.impl.conn.DefaultManagedHttpClientConnection] http-outgoing-88: Close connection
2026-09-03T18:46:49.536+0700 [DEBUG] [org.apache.http.impl.conn.DefaultManagedHttpClientConnection] http-outgoing-92: Close connection
2026-09-03T18:46:49.538+0700 [DEBUG] [org.apache.http.impl.conn.DefaultManagedHttpClientConnection] http-outgoing-89: Close connection
2026-09-03T18:46:49.541+0700 [DEBUG] [org.apache.http.impl.conn.DefaultManagedHttpClientConnection] http-outgoing-94: Close connection
2026-09-03T18:46:49.543+0700 [DEBUG] [org.apache.http.impl.conn.DefaultManagedHttpClientConnection] http-outgoing-86: Close connection
2026-09-03T18:46:49.545+0700 [DEBUG] [org.apache.http.impl.conn.DefaultManagedHttpClientConnection] http-outgoing-93: Close connection
2026-09-03T18:46:49.547+0700 [DEBUG] [org.apache.http.impl.conn.PoolingHttpClientConnectionManager] Connection manager shut down
2026-09-03T18:46:49.548+0700 [DEBUG] [org.apache.http.impl.conn.PoolingHttpClientConnectionManager] Connection manager is shutting down
2026-09-03T18:46:49.548+0700 [DEBUG] [org.apache.http.impl.conn.DefaultManagedHttpClientConnection] http-outgoing-95: Close connection
2026-09-03T18:46:49.550+0700 [DEBUG] [org.apache.http.impl.conn.DefaultManagedHttpClientConnection] http-outgoing-96: Close connection
2026-09-03T18:46:49.552+0700 [DEBUG] [org.apache.http.impl.conn.DefaultManagedHttpClientConnection] http-outgoing-87: Close connection
2026-09-03T18:46:49.554+0700 [DEBUG] [org.apache.http.impl.conn.PoolingHttpClientConnectionManager] Connection manager shut down
2026-09-03T18:46:49.554+0700 [DEBUG] [org.apache.http.impl.conn.PoolingHttpClientConnectionManager] Connection manager is shutting down
2026-09-03T18:46:49.555+0700 [DEBUG] [org.apache.http.impl.conn.DefaultManagedHttpClientConnection] http-outgoing-83: Close connection
2026-09-03T18:46:49.557+0700 [DEBUG] [org.apache.http.impl.conn.PoolingHttpClientConnectionManager] Connection manager shut down
2026-09-03T18:46:49.557+0700 [DEBUG] [org.apache.http.impl.conn.PoolingHttpClientConnectionManager] Connection manager is shutting down
2026-09-03T18:46:49.558+0700 [DEBUG] [org.apache.http.impl.conn.DefaultManagedHttpClientConnection] http-outgoing-85: Close connection
2026-09-03T18:46:49.559+0700 [DEBUG] [org.apache.http.impl.conn.DefaultManagedHttpClientConnection] http-outgoing-84: Close connection
2026-09-03T18:46:49.561+0700 [DEBUG] [org.apache.http.impl.conn.PoolingHttpClientConnectionManager] Connection manager shut down
2026-09-03T18:46:49.802+0700 [DEBUG] [org.gradle.process.internal.health.memory.DefaultMemoryManager] 638754816 physical memory requested, 351670272 free
2026-09-03T18:46:49.804+0700 [DEBUG] [org.gradle.workers.internal.WorkerDaemonExpiration] Will attempt to release 609 of memory
2026-09-03T18:46:49.808+0700 [DEBUG] [org.gradle.process.internal.health.memory.DefaultMemoryManager] 638754816 physical memory requested, 0 released, 351670272 free
2026-09-03T18:46:50.586+0700 [DEBUG] [org.gradle.cache.internal.DefaultFileLockManager] Waiting to acquire shared lock on daemon addresses registry.
2026-09-03T18:46:50.588+0700 [DEBUG] [org.gradle.cache.internal.DefaultFileLockManager] Lock acquired on daemon addresses registry.
2026-09-03T18:46:50.610+0700 [DEBUG] [org.gradle.cache.internal.DefaultFileLockManager] Releasing lock on daemon addresses registry.
2026-09-03T18:46:50.687+0700 [DEBUG] [org.gradle.cache.internal.DefaultFileLockManager] Waiting to acquire shared lock on daemon addresses registry.
2026-09-03T18:46:50.689+0700 [DEBUG] [org.gradle.cache.internal.DefaultFileLockManager] Lock acquired on daemon addresses registry.
2026-09-03T18:46:50.690+0700 [DEBUG] [org.gradle.cache.internal.DefaultFileLockManager] Releasing lock on daemon addresses registry.
2026-09-03T18:46:54.799+0700 [DEBUG] [org.gradle.process.internal.health.memory.DefaultMemoryManager] 638754816 physical memory requested, 220090368 free
2026-09-03T18:46:54.800+0700 [DEBUG] [org.gradle.workers.internal.WorkerDaemonExpiration] Will attempt to release 609 of memory
2026-09-03T18:46:54.801+0700 [DEBUG] [org.gradle.process.internal.health.memory.DefaultMemoryManager] 638754816 physical memory requested, 0 released, 220090368 free
2026-09-03T18:46:59.826+0700 [DEBUG] [org.gradle.process.internal.health.memory.DefaultMemoryManager] 638754816 physical memory requested, 293011456 free
2026-09-03T18:46:59.827+0700 [DEBUG] [org.gradle.workers.internal.WorkerDaemonExpiration] Will attempt to release 609 of memory
2026-09-03T18:46:59.828+0700 [DEBUG] [org.gradle.process.internal.health.memory.DefaultMemoryManager] 638754816 physical memory requested, 0 released, 293011456 free
2026-09-03T18:47:00.601+0700 [DEBUG] [org.gradle.cache.internal.DefaultFileLockManager] Waiting to acquire shared lock on daemon addresses registry.
2026-09-03T18:47:00.622+0700 [DEBUG] [org.gradle.cache.internal.DefaultFileLockManager] Lock acquired on daemon addresses registry.
2026-09-03T18:47:00.660+0700 [DEBUG] [org.gradle.cache.internal.DefaultFileLockManager] Releasing lock on daemon addresses registry.
2026-09-03T18:47:00.669+0700 [DEBUG] [org.gradle.cache.internal.DefaultFileLockManager] Waiting to acquire shared lock on daemon addresses registry.
2026-09-03T18:47:00.669+0700 [DEBUG] [org.gradle.cache.internal.DefaultFileLockManager] Lock acquired on daemon addresses registry.
2026-09-03T18:47:00.670+0700 [DEBUG] [org.gradle.cache.internal.DefaultFileLockManager] Releasing lock on daemon addresses registry.
2026-09-03T18:47:00.688+0700 [DEBUG] [org.gradle.cache.internal.DefaultFileLockManager] Waiting to acquire shared lock on daemon addresses registry.
2026-09-03T18:47:00.689+0700 [DEBUG] [org.gradle.cache.internal.DefaultFileLockManager] Lock acquired on daemon addresses registry.
2026-09-03T18:47:00.690+0700 [DEBUG] [org.gradle.cache.internal.DefaultFileLockManager] Releasing lock on daemon addresses registry.
2026-09-03T18:47:04.975+0700 [DEBUG] [org.gradle.process.internal.health.memory.DefaultMemoryManager] 638754816 physical memory requested, 280629248 free
2026-09-03T18:47:04.977+0700 [DEBUG] [org.gradle.workers.internal.WorkerDaemonExpiration] Will attempt to release 609 of memory
2026-09-03T18:47:04.978+0700 [DEBUG] [org.gradle.process.internal.health.memory.DefaultMemoryManager] 638754816 physical memory requested, 0 released, 280629248 free
2026-09-03T18:47:09.823+0700 [DEBUG] [org.gradle.process.internal.health.memory.DefaultMemoryManager] 638754816 physical memory requested, 582180864 free
2026-09-03T18:47:09.830+0700 [DEBUG] [org.gradle.workers.internal.WorkerDaemonExpiration] Will attempt to release 609 of memory
2026-09-03T18:47:09.831+0700 [DEBUG] [org.gradle.process.internal.health.memory.DefaultMemoryManager] 638754816 physical memory requested, 0 released, 582180864 free
2026-09-03T18:47:10.582+0700 [DEBUG] [org.gradle.cache.internal.DefaultFileLockManager] Waiting to acquire shared lock on daemon addresses registry.
2026-09-03T18:47:10.582+0700 [DEBUG] [org.gradle.cache.internal.DefaultFileLockManager] Lock acquired on daemon addresses registry.
2026-09-03T18:47:10.594+0700 [DEBUG] [org.gradle.cache.internal.DefaultFileLockManager] Releasing lock on daemon addresses registry.
2026-09-03T18:47:10.605+0700 [DEBUG] [org.gradle.cache.internal.DefaultFileLockManager] Waiting to acquire shared lock on daemon addresses registry.
2026-09-03T18:47:10.606+0700 [DEBUG] [org.gradle.cache.internal.DefaultFileLockManager] Lock acquired on daemon addresses registry.
2026-09-03T18:47:10.608+0700 [DEBUG] [org.gradle.cache.internal.DefaultFileLockManager] Releasing lock on daemon addresses registry.
2026-09-03T18:47:10.620+0700 [DEBUG] [org.gradle.cache.internal.DefaultFileLockManager] Waiting to acquire shared lock on daemon addresses registry.
2026-09-03T18:47:10.620+0700 [DEBUG] [org.gradle.cache.internal.DefaultFileLockManager] Lock acquired on daemon addresses registry.
2026-09-03T18:47:10.622+0700 [DEBUG] [org.gradle.cache.internal.DefaultFileLockManager] Releasing lock on daemon addresses registry.
2026-09-03T18:47:20.583+0700 [DEBUG] [org.gradle.cache.internal.DefaultFileLockManager] Waiting to acquire shared lock on daemon addresses registry.
2026-09-03T18:47:20.584+0700 [DEBUG] [org.gradle.cache.internal.DefaultFileLockManager] Lock acquired on daemon addresses registry.
2026-09-03T18:47:20.585+0700 [DEBUG] [org.gradle.cache.internal.DefaultFileLockManager] Releasing lock on daemon addresses registry.
2026-09-03T18:47:20.587+0700 [DEBUG] [org.gradle.cache.internal.DefaultFileLockManager] Waiting to acquire shared lock on daemon addresses registry.
2026-09-03T18:47:20.588+0700 [DEBUG] [org.gradle.cache.internal.DefaultFileLockManager] Lock acquired on daemon addresses registry.
2026-09-03T18:47:20.588+0700 [DEBUG] [org.gradle.cache.internal.DefaultFileLockManager] Releasing lock on daemon addresses registry.
2026-09-03T18:47:20.590+0700 [DEBUG] [org.gradle.cache.internal.DefaultFileLockManager] Waiting to acquire shared lock on daemon addresses registry.
2026-09-03T18:47:20.591+0700 [DEBUG] [org.gradle.cache.internal.DefaultFileLockManager] Lock acquired on daemon addresses registry.
2026-09-03T18:47:20.591+0700 [DEBUG] [org.gradle.cache.internal.DefaultFileLockManager] Releasing lock on daemon addresses registry.
2026-09-03T18:47:30.646+0700 [DEBUG] [org.gradle.cache.internal.DefaultFileLockManager] Waiting to acquire shared lock on daemon addresses registry.
2026-09-03T18:47:30.647+0700 [DEBUG] [org.gradle.cache.internal.DefaultFileLockManager] Lock acquired on daemon addresses registry.
2026-09-03T18:47:30.660+0700 [DEBUG] [org.gradle.cache.internal.DefaultFileLockManager] Releasing lock on daemon addresses registry.
2026-09-03T18:47:30.668+0700 [DEBUG] [org.gradle.cache.internal.DefaultFileLockManager] Waiting to acquire shared lock on daemon addresses registry.
2026-09-03T18:47:30.670+0700 [DEBUG] [org.gradle.cache.internal.DefaultFileLockManager] Lock acquired on daemon addresses registry.
2026-09-03T18:47:30.671+0700 [DEBUG] [org.gradle.cache.internal.DefaultFileLockManager] Releasing lock on daemon addresses registry.
2026-09-03T18:47:30.686+0700 [DEBUG] [org.gradle.cache.internal.DefaultFileLockManager] Waiting to acquire shared lock on daemon addresses registry.
2026-09-03T18:47:30.687+0700 [DEBUG] [org.gradle.cache.internal.DefaultFileLockManager] Lock acquired on daemon addresses registry.
2026-09-03T18:47:30.690+0700 [DEBUG] [org.gradle.cache.internal.DefaultFileLockManager] Releasing lock on daemon addresses registry.
2026-09-03T18:47:40.580+0700 [DEBUG] [org.gradle.cache.internal.DefaultFileLockManager] Waiting to acquire shared lock on daemon addresses registry.
2026-09-03T18:47:40.580+0700 [DEBUG] [org.gradle.cache.internal.DefaultFileLockManager] Lock acquired on daemon addresses registry.
2026-09-03T18:47:40.581+0700 [DEBUG] [org.gradle.cache.internal.DefaultFileLockManager] Releasing lock on daemon addresses registry.
2026-09-03T18:47:40.585+0700 [DEBUG] [org.gradle.cache.internal.DefaultFileLockManager] Waiting to acquire shared lock on daemon addresses registry.
2026-09-03T18:47:40.585+0700 [DEBUG] [org.gradle.cache.internal.DefaultFileLockManager] Lock acquired on daemon addresses registry.
2026-09-03T18:47:40.586+0700 [DEBUG] [org.gradle.cache.internal.DefaultFileLockManager] Releasing lock on daemon addresses registry.
2026-09-03T18:47:40.589+0700 [DEBUG] [org.gradle.cache.internal.DefaultFileLockManager] Waiting to acquire shared lock on daemon addresses registry.
2026-09-03T18:47:40.589+0700 [DEBUG] [org.gradle.cache.internal.DefaultFileLockManager] Lock acquired on daemon addresses registry.
2026-09-03T18:47:40.591+0700 [DEBUG] [org.gradle.cache.internal.DefaultFileLockManager] Releasing lock on daemon addresses registry.
2026-09-03T18:47:50.585+0700 [DEBUG] [org.gradle.cache.internal.DefaultFileLockManager] Waiting to acquire shared lock on daemon addresses registry.
2026-09-03T18:47:50.586+0700 [DEBUG] [org.gradle.cache.internal.DefaultFileLockManager] Lock acquired on daemon addresses registry.
2026-09-03T18:47:50.588+0700 [DEBUG] [org.gradle.cache.internal.DefaultFileLockManager] Releasing lock on daemon addresses registry.
2026-09-03T18:47:50.594+0700 [DEBUG] [org.gradle.cache.internal.DefaultFileLockManager] Waiting to acquire shared lock on daemon addresses registry.
2026-09-03T18:47:50.595+0700 [DEBUG] [org.gradle.cache.internal.DefaultFileLockManager] Lock acquired on daemon addresses registry.
2026-09-03T18:47:50.596+0700 [DEBUG] [org.gradle.cache.internal.DefaultFileLockManager] Releasing lock on daemon addresses registry.
2026-09-03T18:47:50.599+0700 [DEBUG] [org.gradle.cache.internal.DefaultFileLockManager] Waiting to acquire shared lock on daemon addresses registry.
2026-09-03T18:47:50.601+0700 [DEBUG] [org.gradle.cache.internal.DefaultFileLockManager] Lock acquired on daemon addresses registry.
2026-09-03T18:47:50.603+0700 [DEBUG] [org.gradle.cache.internal.DefaultFileLockManager] Releasing lock on daemon addresses registry.
2026-09-03T18:48:00.593+0700 [DEBUG] [org.gradle.cache.internal.DefaultFileLockManager] Waiting to acquire shared lock on daemon addresses registry.
2026-09-03T18:48:00.594+0700 [DEBUG] [org.gradle.cache.internal.DefaultFileLockManager] Lock acquired on daemon addresses registry.
2026-09-03T18:48:00.596+0700 [DEBUG] [org.gradle.cache.internal.DefaultFileLockManager] Releasing lock on daemon addresses registry.
2026-09-03T18:48:00.601+0700 [DEBUG] [org.gradle.cache.internal.DefaultFileLockManager] Waiting to acquire shared lock on daemon addresses registry.
2026-09-03T18:48:00.602+0700 [DEBUG] [org.gradle.cache.internal.DefaultFileLockManager] Lock acquired on daemon addresses registry.
2026-09-03T18:48:00.604+0700 [DEBUG] [org.gradle.cache.internal.DefaultFileLockManager] Releasing lock on daemon addresses registry.
2026-09-03T18:48:00.609+0700 [DEBUG] [org.gradle.cache.internal.DefaultFileLockManager] Waiting to acquire shared lock on daemon addresses registry.
2026-09-03T18:48:00.610+0700 [DEBUG] [org.gradle.cache.internal.DefaultFileLockManager] Lock acquired on daemon addresses registry.
2026-09-03T18:48:00.613+0700 [DEBUG] [org.gradle.cache.internal.DefaultFileLockManager] Releasing lock on daemon addresses registry.
2026-09-03T18:48:10.581+0700 [DEBUG] [org.gradle.cache.internal.DefaultFileLockManager] Waiting to acquire shared lock on daemon addresses registry.
2026-09-03T18:48:10.582+0700 [DEBUG] [org.gradle.cache.internal.DefaultFileLockManager] Lock acquired on daemon addresses registry.
2026-09-03T18:48:10.584+0700 [DEBUG] [org.gradle.cache.internal.DefaultFileLockManager] Releasing lock on daemon addresses registry.
2026-09-03T18:48:10.588+0700 [DEBUG] [org.gradle.cache.internal.DefaultFileLockManager] Waiting to acquire shared lock on daemon addresses registry.
2026-09-03T18:48:10.589+0700 [DEBUG] [org.gradle.cache.internal.DefaultFileLockManager] Lock acquired on daemon addresses registry.
2026-09-03T18:48:10.591+0700 [DEBUG] [org.gradle.cache.internal.DefaultFileLockManager] Releasing lock on daemon addresses registry.
2026-09-03T18:48:10.595+0700 [DEBUG] [org.gradle.cache.internal.DefaultFileLockManager] Waiting to acquire shared lock on daemon addresses registry.
2026-09-03T18:48:10.595+0700 [DEBUG] [org.gradle.cache.internal.DefaultFileLockManager] Lock acquired on daemon addresses registry.
2026-09-03T18:48:10.597+0700 [DEBUG] [org.gradle.cache.internal.DefaultFileLockManager] Releasing lock on daemon addresses registry.
2026-09-03T18:48:20.662+0700 [DEBUG] [org.gradle.cache.internal.DefaultFileLockManager] Waiting to acquire shared lock on daemon addresses registry.
2026-09-03T18:48:20.663+0700 [DEBUG] [org.gradle.cache.internal.DefaultFileLockManager] Lock acquired on daemon addresses registry.
2026-09-03T18:48:20.738+0700 [DEBUG] [org.gradle.cache.internal.DefaultFileLockManager] Releasing lock on daemon addresses registry.
2026-09-03T18:48:20.819+0700 [DEBUG] [org.gradle.cache.internal.DefaultFileLockManager] Waiting to acquire shared lock on daemon addresses registry.
2026-09-03T18:48:20.820+0700 [DEBUG] [org.gradle.cache.internal.DefaultFileLockManager] Lock acquired on daemon addresses registry.
2026-09-03T18:48:20.821+0700 [DEBUG] [org.gradle.cache.internal.DefaultFileLockManager] Releasing lock on daemon addresses registry.
2026-09-03T18:48:20.823+0700 [DEBUG] [org.gradle.cache.internal.DefaultFileLockManager] Waiting to acquire shared lock on daemon addresses registry.
2026-09-03T18:48:20.824+0700 [DEBUG] [org.gradle.cache.internal.DefaultFileLockManager] Lock acquired on daemon addresses registry.
2026-09-03T18:48:20.825+0700 [DEBUG] [org.gradle.cache.internal.DefaultFileLockManager] Releasing lock on daemon addresses registry.
2026-09-03T18:48:30.747+0700 [DEBUG] [org.gradle.cache.internal.DefaultFileLockManager] Waiting to acquire shared lock on daemon addresses registry.
2026-09-03T18:48:30.748+0700 [DEBUG] [org.gradle.cache.internal.DefaultFileLockManager] Lock acquired on daemon addresses registry.
2026-09-03T18:48:30.749+0700 [DEBUG] [org.gradle.cache.internal.DefaultFileLockManager] Releasing lock on daemon addresses registry.
2026-09-03T18:48:30.753+0700 [DEBUG] [org.gradle.cache.internal.DefaultFileLockManager] Waiting to acquire shared lock on daemon addresses registry.
2026-09-03T18:48:30.754+0700 [DEBUG] [org.gradle.cache.internal.DefaultFileLockManager] Lock acquired on daemon addresses registry.
2026-09-03T18:48:30.756+0700 [DEBUG] [org.gradle.cache.internal.DefaultFileLockManager] Releasing lock on daemon addresses registry.
2026-09-03T18:48:30.759+0700 [DEBUG] [org.gradle.cache.internal.DefaultFileLockManager] Waiting to acquire shared lock on daemon addresses registry.
2026-09-03T18:48:30.761+0700 [DEBUG] [org.gradle.cache.internal.DefaultFileLockManager] Lock acquired on daemon addresses registry.
2026-09-03T18:48:30.762+0700 [DEBUG] [org.gradle.cache.internal.DefaultFileLockManager] Releasing lock on daemon addresses registry.
2026-09-03T18:48:40.578+0700 [DEBUG] [org.gradle.cache.internal.DefaultFileLockManager] Waiting to acquire shared lock on daemon addresses registry.
2026-09-03T18:48:40.578+0700 [DEBUG] [org.gradle.cache.internal.DefaultFileLockManager] Lock acquired on daemon addresses registry.
2026-09-03T18:48:40.580+0700 [DEBUG] [org.gradle.cache.internal.DefaultFileLockManager] Releasing lock on daemon addresses registry.
2026-09-03T18:48:40.584+0700 [DEBUG] [org.gradle.cache.internal.DefaultFileLockManager] Waiting to acquire shared lock on daemon addresses registry.
2026-09-03T18:48:40.584+0700 [DEBUG] [org.gradle.cache.internal.DefaultFileLockManager] Lock acquired on daemon addresses registry.
2026-09-03T18:48:40.585+0700 [DEBUG] [org.gradle.cache.internal.DefaultFileLockManager] Releasing lock on daemon addresses registry.
2026-09-03T18:48:40.587+0700 [DEBUG] [org.gradle.cache.internal.DefaultFileLockManager] Waiting to acquire shared lock on daemon addresses registry.
2026-09-03T18:48:40.588+0700 [DEBUG] [org.gradle.cache.internal.DefaultFileLockManager] Lock acquired on daemon addresses registry.
2026-09-03T18:48:40.778+0700 [DEBUG] [org.gradle.cache.internal.DefaultFileLockManager] Releasing lock on daemon addresses registry.
2026-09-03T18:48:50.756+0700 [DEBUG] [org.gradle.cache.internal.DefaultFileLockManager] Waiting to acquire shared lock on daemon addresses registry.
2026-09-03T18:48:50.757+0700 [DEBUG] [org.gradle.cache.internal.DefaultFileLockManager] Lock acquired on daemon addresses registry.
2026-09-03T18:48:50.758+0700 [DEBUG] [org.gradle.cache.internal.DefaultFileLockManager] Releasing lock on daemon addresses registry.
2026-09-03T18:48:50.764+0700 [DEBUG] [org.gradle.cache.internal.DefaultFileLockManager] Waiting to acquire shared lock on daemon addresses registry.
2026-09-03T18:48:50.765+0700 [DEBUG] [org.gradle.cache.internal.DefaultFileLockManager] Lock acquired on daemon addresses registry.
2026-09-03T18:48:50.766+0700 [DEBUG] [org.gradle.cache.internal.DefaultFileLockManager] Releasing lock on daemon addresses registry.
2026-09-03T18:48:50.770+0700 [DEBUG] [org.gradle.cache.internal.DefaultFileLockManager] Waiting to acquire shared lock on daemon addresses registry.
2026-09-03T18:48:50.771+0700 [DEBUG] [org.gradle.cache.internal.DefaultFileLockManager] Lock acquired on daemon addresses registry.
2026-09-03T18:48:50.773+0700 [DEBUG] [org.gradle.cache.internal.DefaultFileLockManager] Releasing lock on daemon addresses registry.
2026-09-03T18:49:00.582+0700 [DEBUG] [org.gradle.cache.internal.DefaultFileLockManager] Waiting to acquire shared lock on daemon addresses registry.
2026-09-03T18:49:00.583+0700 [DEBUG] [org.gradle.cache.internal.DefaultFileLockManager] Lock acquired on daemon addresses registry.
2026-09-03T18:49:00.584+0700 [DEBUG] [org.gradle.cache.internal.DefaultFileLockManager] Releasing lock on daemon addresses registry.
2026-09-03T18:49:00.588+0700 [DEBUG] [org.gradle.cache.internal.DefaultFileLockManager] Waiting to acquire shared lock on daemon addresses registry.
2026-09-03T18:49:00.589+0700 [DEBUG] [org.gradle.cache.internal.DefaultFileLockManager] Lock acquired on daemon addresses registry.
2026-09-03T18:49:00.590+0700 [DEBUG] [org.gradle.cache.internal.DefaultFileLockManager] Releasing lock on daemon addresses registry.
2026-09-03T18:49:00.593+0700 [DEBUG] [org.gradle.cache.internal.DefaultFileLockManager] Waiting to acquire shared lock on daemon addresses registry.
2026-09-03T18:49:00.594+0700 [DEBUG] [org.gradle.cache.internal.DefaultFileLockManager] Lock acquired on daemon addresses registry.
2026-09-03T18:49:00.595+0700 [DEBUG] [org.gradle.cache.internal.DefaultFileLockManager] Releasing lock on daemon addresses registry.
2026-09-03T18:49:10.786+0700 [DEBUG] [org.gradle.cache.internal.DefaultFileLockManager] Waiting to acquire shared lock on daemon addresses registry.
2026-09-03T18:49:10.788+0700 [DEBUG] [org.gradle.cache.internal.DefaultFileLockManager] Lock acquired on daemon addresses registry.
2026-09-03T18:49:10.790+0700 [DEBUG] [org.gradle.cache.internal.DefaultFileLockManager] Releasing lock on daemon addresses registry.
2026-09-03T18:49:10.802+0700 [DEBUG] [org.gradle.cache.internal.DefaultFileLockManager] Waiting to acquire shared lock on daemon addresses registry.
2026-09-03T18:49:10.804+0700 [DEBUG] [org.gradle.cache.internal.DefaultFileLockManager] Lock acquired on daemon addresses registry.
2026-09-03T18:49:10.886+0700 [DEBUG] [org.gradle.cache.internal.DefaultFileLockManager] Releasing lock on daemon addresses registry.
2026-09-03T18:49:10.916+0700 [DEBUG] [org.gradle.cache.internal.DefaultFileLockManager] Waiting to acquire shared lock on daemon addresses registry.
2026-09-03T18:49:10.917+0700 [DEBUG] [org.gradle.cache.internal.DefaultFileLockManager] Lock acquired on daemon addresses registry.
2026-09-03T18:49:10.919+0700 [DEBUG] [org.gradle.cache.internal.DefaultFileLockManager] Releasing lock on daemon addresses registry.
2026-09-03T18:49:20.668+0700 [DEBUG] [org.gradle.cache.internal.DefaultFileLockManager] Waiting to acquire shared lock on daemon addresses registry.
2026-09-03T18:49:20.669+0700 [DEBUG] [org.gradle.cache.internal.DefaultFileLockManager] Lock acquired on daemon addresses registry.
2026-09-03T18:49:20.670+0700 [DEBUG] [org.gradle.cache.internal.DefaultFileLockManager] Releasing lock on daemon addresses registry.
2026-09-03T18:49:20.678+0700 [DEBUG] [org.gradle.cache.internal.DefaultFileLockManager] Waiting to acquire shared lock on daemon addresses registry.
2026-09-03T18:49:20.679+0700 [DEBUG] [org.gradle.cache.internal.DefaultFileLockManager] Lock acquired on daemon addresses registry.
2026-09-03T18:49:20.684+0700 [DEBUG] [org.gradle.cache.internal.DefaultFileLockManager] Releasing lock on daemon addresses registry.
2026-09-03T18:49:20.744+0700 [DEBUG] [org.gradle.cache.internal.DefaultFileLockManager] Waiting to acquire shared lock on daemon addresses registry.
2026-09-03T18:49:20.746+0700 [DEBUG] [org.gradle.cache.internal.DefaultFileLockManager] Lock acquired on daemon addresses registry.
2026-09-03T18:49:20.752+0700 [DEBUG] [org.gradle.cache.internal.DefaultFileLockManager] Releasing lock on daemon addresses registry.
2026-09-03T18:49:30.705+0700 [DEBUG] [org.gradle.cache.internal.DefaultFileLockManager] Waiting to acquire shared lock on daemon addresses registry.
2026-09-03T18:49:30.705+0700 [DEBUG] [org.gradle.cache.internal.DefaultFileLockManager] Lock acquired on daemon addresses registry.
2026-09-03T18:49:30.706+0700 [DEBUG] [org.gradle.cache.internal.DefaultFileLockManager] Releasing lock on daemon addresses registry.
2026-09-03T18:49:30.711+0700 [DEBUG] [org.gradle.cache.internal.DefaultFileLockManager] Waiting to acquire shared lock on daemon addresses registry.
2026-09-03T18:49:30.712+0700 [DEBUG] [org.gradle.cache.internal.DefaultFileLockManager] Lock acquired on daemon addresses registry.
2026-09-03T18:49:30.714+0700 [DEBUG] [org.gradle.cache.internal.DefaultFileLockManager] Releasing lock on daemon addresses registry.
2026-09-03T18:49:30.718+0700 [DEBUG] [org.gradle.cache.internal.DefaultFileLockManager] Waiting to acquire shared lock on daemon addresses registry.
2026-09-03T18:49:30.718+0700 [DEBUG] [org.gradle.cache.internal.DefaultFileLockManager] Lock acquired on daemon addresses registry.
2026-09-03T18:49:30.719+0700 [DEBUG] [org.gradle.cache.internal.DefaultFileLockManager] Releasing lock on daemon addresses registry.
2026-09-03T18:49:34.811+0700 [DEBUG] [org.gradle.process.internal.health.memory.DefaultMemoryManager] 638754816 physical memory requested, 601288704 free
2026-09-03T18:49:34.814+0700 [DEBUG] [org.gradle.workers.internal.WorkerDaemonExpiration] Will attempt to release 609 of memory
2026-09-03T18:49:34.814+0700 [DEBUG] [org.gradle.process.internal.health.memory.DefaultMemoryManager] 638754816 physical memory requested, 0 released, 601288704 free
2026-09-03T18:49:40.081+0700 [DEBUG] [org.gradle.process.internal.health.memory.DefaultMemoryManager] 638754816 physical memory requested, 551604224 free
2026-09-03T18:49:40.081+0700 [DEBUG] [org.gradle.workers.internal.WorkerDaemonExpiration] Will attempt to release 609 of memory
2026-09-03T18:49:40.081+0700 [DEBUG] [org.gradle.process.internal.health.memory.DefaultMemoryManager] 638754816 physical memory requested, 0 released, 551604224 free
2026-09-03T18:49:40.585+0700 [DEBUG] [org.gradle.cache.internal.DefaultFileLockManager] Waiting to acquire shared lock on daemon addresses registry.
2026-09-03T18:49:40.586+0700 [DEBUG] [org.gradle.cache.internal.DefaultFileLockManager] Lock acquired on daemon addresses registry.
2026-09-03T18:49:40.587+0700 [DEBUG] [org.gradle.cache.internal.DefaultFileLockManager] Releasing lock on daemon addresses registry.
2026-09-03T18:49:40.598+0700 [DEBUG] [org.gradle.cache.internal.DefaultFileLockManager] Waiting to acquire shared lock on daemon addresses registry.
2026-09-03T18:49:40.604+0700 [DEBUG] [org.gradle.cache.internal.DefaultFileLockManager] Lock acquired on daemon addresses registry.
2026-09-03T18:49:40.608+0700 [DEBUG] [org.gradle.cache.internal.DefaultFileLockManager] Releasing lock on daemon addresses registry.
2026-09-03T18:49:40.640+0700 [DEBUG] [org.gradle.cache.internal.DefaultFileLockManager] Waiting to acquire shared lock on daemon addresses registry.
2026-09-03T18:49:40.641+0700 [DEBUG] [org.gradle.cache.internal.DefaultFileLockManager] Lock acquired on daemon addresses registry.
2026-09-03T18:49:40.647+0700 [DEBUG] [org.gradle.cache.internal.DefaultFileLockManager] Releasing lock on daemon addresses registry.
2026-09-03T18:49:44.801+0700 [DEBUG] [org.gradle.process.internal.health.memory.DefaultMemoryManager] 638754816 physical memory requested, 413179904 free
2026-09-03T18:49:44.801+0700 [DEBUG] [org.gradle.workers.internal.WorkerDaemonExpiration] Will attempt to release 609 of memory
2026-09-03T18:49:44.801+0700 [DEBUG] [org.gradle.process.internal.health.memory.DefaultMemoryManager] 638754816 physical memory requested, 0 released, 413179904 free
2026-09-03T18:49:49.803+0700 [DEBUG] [org.gradle.process.internal.health.memory.DefaultMemoryManager] 638754816 physical memory requested, 308879360 free
2026-09-03T18:49:49.804+0700 [DEBUG] [org.gradle.workers.internal.WorkerDaemonExpiration] Will attempt to release 609 of memory
2026-09-03T18:49:49.805+0700 [DEBUG] [org.gradle.process.internal.health.memory.DefaultMemoryManager] 638754816 physical memory requested, 0 released, 308879360 free
2026-09-03T18:49:50.696+0700 [DEBUG] [org.gradle.cache.internal.DefaultFileLockManager] Waiting to acquire shared lock on daemon addresses registry.
2026-09-03T18:49:50.696+0700 [DEBUG] [org.gradle.cache.internal.DefaultFileLockManager] Lock acquired on daemon addresses registry.
2026-09-03T18:49:50.698+0700 [DEBUG] [org.gradle.cache.internal.DefaultFileLockManager] Releasing lock on daemon addresses registry.
2026-09-03T18:49:50.701+0700 [DEBUG] [org.gradle.cache.internal.DefaultFileLockManager] Waiting to acquire shared lock on daemon addresses registry.
2026-09-03T18:49:50.702+0700 [DEBUG] [org.gradle.cache.internal.DefaultFileLockManager] Lock acquired on daemon addresses registry.
2026-09-03T18:49:50.703+0700 [DEBUG] [org.gradle.cache.internal.DefaultFileLockManager] Releasing lock on daemon addresses registry.
2026-09-03T18:49:50.705+0700 [DEBUG] [org.gradle.cache.internal.DefaultFileLockManager] Waiting to acquire shared lock on daemon addresses registry.
2026-09-03T18:49:50.710+0700 [DEBUG] [org.gradle.cache.internal.DefaultFileLockManager] Lock acquired on daemon addresses registry.
2026-09-03T18:49:50.711+0700 [DEBUG] [org.gradle.cache.internal.DefaultFileLockManager] Releasing lock on daemon addresses registry.
2026-09-03T18:49:54.807+0700 [DEBUG] [org.gradle.process.internal.health.memory.DefaultMemoryManager] 638754816 physical memory requested, 301486080 free
2026-09-03T18:49:54.810+0700 [DEBUG] [org.gradle.workers.internal.WorkerDaemonExpiration] Will attempt to release 609 of memory
2026-09-03T18:49:54.810+0700 [DEBUG] [org.gradle.process.internal.health.memory.DefaultMemoryManager] 638754816 physical memory requested, 0 released, 301486080 free
2026-09-03T18:49:59.801+0700 [DEBUG] [org.gradle.process.internal.health.memory.DefaultMemoryManager] 638754816 physical memory requested, 276381696 free
2026-09-03T18:49:59.801+0700 [DEBUG] [org.gradle.workers.internal.WorkerDaemonExpiration] Will attempt to release 609 of memory
2026-09-03T18:49:59.802+0700 [DEBUG] [org.gradle.process.internal.health.memory.DefaultMemoryManager] 638754816 physical memory requested, 0 released, 276381696 free
2026-09-03T18:50:00.578+0700 [DEBUG] [org.gradle.cache.internal.DefaultFileLockManager] Waiting to acquire shared lock on daemon addresses registry.
2026-09-03T18:50:00.579+0700 [DEBUG] [org.gradle.cache.internal.DefaultFileLockManager] Lock acquired on daemon addresses registry.
2026-09-03T18:50:00.581+0700 [DEBUG] [org.gradle.cache.internal.DefaultFileLockManager] Releasing lock on daemon addresses registry.
2026-09-03T18:50:00.584+0700 [DEBUG] [org.gradle.cache.internal.DefaultFileLockManager] Waiting to acquire shared lock on daemon addresses registry.
2026-09-03T18:50:00.585+0700 [DEBUG] [org.gradle.cache.internal.DefaultFileLockManager] Lock acquired on daemon addresses registry.
2026-09-03T18:50:00.585+0700 [DEBUG] [org.gradle.cache.internal.DefaultFileLockManager] Releasing lock on daemon addresses registry.
2026-09-03T18:50:00.587+0700 [DEBUG] [org.gradle.cache.internal.DefaultFileLockManager] Waiting to acquire shared lock on daemon addresses registry.
2026-09-03T18:50:00.587+0700 [DEBUG] [org.gradle.cache.internal.DefaultFileLockManager] Lock acquired on daemon addresses registry.
2026-09-03T18:50:00.588+0700 [DEBUG] [org.gradle.cache.internal.DefaultFileLockManager] Releasing lock on daemon addresses registry.
2026-09-03T18:50:04.806+0700 [DEBUG] [org.gradle.process.internal.health.memory.DefaultMemoryManager] 638754816 physical memory requested, 285679616 free
2026-09-03T18:50:04.807+0700 [DEBUG] [org.gradle.workers.internal.WorkerDaemonExpiration] Will attempt to release 609 of memory
2026-09-03T18:50:04.807+0700 [DEBUG] [org.gradle.process.internal.health.memory.DefaultMemoryManager] 638754816 physical memory requested, 0 released, 285679616 free
2026-09-03T18:50:09.805+0700 [DEBUG] [org.gradle.process.internal.health.memory.DefaultMemoryManager] 638754816 physical memory requested, 563867648 free
2026-09-03T18:50:09.805+0700 [DEBUG] [org.gradle.workers.internal.WorkerDaemonExpiration] Will attempt to release 609 of memory
2026-09-03T18:50:09.806+0700 [DEBUG] [org.gradle.process.internal.health.memory.DefaultMemoryManager] 638754816 physical memory requested, 0 released, 563867648 free
2026-09-03T18:50:10.585+0700 [DEBUG] [org.gradle.cache.internal.DefaultFileLockManager] Waiting to acquire shared lock on daemon addresses registry.
2026-09-03T18:50:10.586+0700 [DEBUG] [org.gradle.cache.internal.DefaultFileLockManager] Lock acquired on daemon addresses registry.
2026-09-03T18:50:10.586+0700 [DEBUG] [org.gradle.cache.internal.DefaultFileLockManager] Releasing lock on daemon addresses registry.
2026-09-03T18:50:10.612+0700 [DEBUG] [org.gradle.cache.internal.DefaultFileLockManager] Waiting to acquire shared lock on daemon addresses registry.
2026-09-03T18:50:10.615+0700 [DEBUG] [org.gradle.cache.internal.DefaultFileLockManager] Lock acquired on daemon addresses registry.
2026-09-03T18:50:10.616+0700 [DEBUG] [org.gradle.cache.internal.DefaultFileLockManager] Releasing lock on daemon addresses registry.
2026-09-03T18:50:10.620+0700 [DEBUG] [org.gradle.cache.internal.DefaultFileLockManager] Waiting to acquire shared lock on daemon addresses registry.
2026-09-03T18:50:10.620+0700 [DEBUG] [org.gradle.cache.internal.DefaultFileLockManager] Lock acquired on daemon addresses registry.
2026-09-03T18:50:10.621+0700 [DEBUG] [org.gradle.cache.internal.DefaultFileLockManager] Releasing lock on daemon addresses registry.
2026-09-03T18:50:14.802+0700 [DEBUG] [org.gradle.process.internal.health.memory.DefaultMemoryManager] 638754816 physical memory requested, 553013248 free
2026-09-03T18:50:14.802+0700 [DEBUG] [org.gradle.workers.internal.WorkerDaemonExpiration] Will attempt to release 609 of memory
2026-09-03T18:50:14.802+0700 [DEBUG] [org.gradle.process.internal.health.memory.DefaultMemoryManager] 638754816 physical memory requested, 0 released, 553013248 free
2026-09-03T18:50:19.810+0700 [DEBUG] [org.gradle.process.internal.health.memory.DefaultMemoryManager] 638754816 physical memory requested, 538574848 free
2026-09-03T18:50:19.811+0700 [DEBUG] [org.gradle.workers.internal.WorkerDaemonExpiration] Will attempt to release 609 of memory
2026-09-03T18:50:19.824+0700 [DEBUG] [org.gradle.process.internal.health.memory.DefaultMemoryManager] 638754816 physical memory requested, 0 released, 538574848 free
2026-09-03T18:50:20.594+0700 [DEBUG] [org.gradle.cache.internal.DefaultFileLockManager] Waiting to acquire shared lock on daemon addresses registry.
2026-09-03T18:50:20.594+0700 [DEBUG] [org.gradle.cache.internal.DefaultFileLockManager] Lock acquired on daemon addresses registry.
2026-09-03T18:50:20.595+0700 [DEBUG] [org.gradle.cache.internal.DefaultFileLockManager] Releasing lock on daemon addresses registry.
2026-09-03T18:50:20.604+0700 [DEBUG] [org.gradle.cache.internal.DefaultFileLockManager] Waiting to acquire shared lock on daemon addresses registry.
2026-09-03T18:50:20.605+0700 [DEBUG] [org.gradle.cache.internal.DefaultFileLockManager] Lock acquired on daemon addresses registry.
2026-09-03T18:50:20.606+0700 [DEBUG] [org.gradle.cache.internal.DefaultFileLockManager] Releasing lock on daemon addresses registry.
2026-09-03T18:50:20.613+0700 [DEBUG] [org.gradle.cache.internal.DefaultFileLockManager] Waiting to acquire shared lock on daemon addresses registry.
2026-09-03T18:50:20.614+0700 [DEBUG] [org.gradle.cache.internal.DefaultFileLockManager] Lock acquired on daemon addresses registry.
2026-09-03T18:50:20.618+0700 [DEBUG] [org.gradle.cache.internal.DefaultFileLockManager] Releasing lock on daemon addresses registry.
2026-09-03T18:50:24.806+0700 [DEBUG] [org.gradle.process.internal.health.memory.DefaultMemoryManager] 638754816 physical memory requested, 533319680 free
2026-09-03T18:50:24.819+0700 [DEBUG] [org.gradle.workers.internal.WorkerDaemonExpiration] Will attempt to release 609 of memory
2026-09-03T18:50:24.820+0700 [DEBUG] [org.gradle.process.internal.health.memory.DefaultMemoryManager] 638754816 physical memory requested, 0 released, 533319680 free
2026-09-03T18:50:29.807+0700 [DEBUG] [org.gradle.process.internal.health.memory.DefaultMemoryManager] 638754816 physical memory requested, 514547712 free
2026-09-03T18:50:29.807+0700 [DEBUG] [org.gradle.workers.internal.WorkerDaemonExpiration] Will attempt to release 609 of memory
2026-09-03T18:50:29.807+0700 [DEBUG] [org.gradle.process.internal.health.memory.DefaultMemoryManager] 638754816 physical memory requested, 0 released, 514547712 free
2026-09-03T18:50:30.594+0700 [DEBUG] [org.gradle.cache.internal.DefaultFileLockManager] Waiting to acquire shared lock on daemon addresses registry.
2026-09-03T18:50:30.595+0700 [DEBUG] [org.gradle.cache.internal.DefaultFileLockManager] Lock acquired on daemon addresses registry.
2026-09-03T18:50:30.595+0700 [DEBUG] [org.gradle.cache.internal.DefaultFileLockManager] Releasing lock on daemon addresses registry.
2026-09-03T18:50:30.598+0700 [DEBUG] [org.gradle.cache.internal.DefaultFileLockManager] Waiting to acquire shared lock on daemon addresses registry.
2026-09-03T18:50:30.598+0700 [DEBUG] [org.gradle.cache.internal.DefaultFileLockManager] Lock acquired on daemon addresses registry.
2026-09-03T18:50:30.599+0700 [DEBUG] [org.gradle.cache.internal.DefaultFileLockManager] Releasing lock on daemon addresses registry.
2026-09-03T18:50:30.601+0700 [DEBUG] [org.gradle.cache.internal.DefaultFileLockManager] Waiting to acquire shared lock on daemon addresses registry.
2026-09-03T18:50:30.601+0700 [DEBUG] [org.gradle.cache.internal.DefaultFileLockManager] Lock acquired on daemon addresses registry.
2026-09-03T18:50:30.602+0700 [DEBUG] [org.gradle.cache.internal.DefaultFileLockManager] Releasing lock on daemon addresses registry.
2026-09-03T18:50:34.797+0700 [DEBUG] [org.gradle.process.internal.health.memory.DefaultMemoryManager] 638754816 physical memory requested, 386588672 free
2026-09-03T18:50:34.797+0700 [DEBUG] [org.gradle.workers.internal.WorkerDaemonExpiration] Will attempt to release 609 of memory
2026-09-03T18:50:34.797+0700 [DEBUG] [org.gradle.process.internal.health.memory.DefaultMemoryManager] 638754816 physical memory requested, 0 released, 386588672 free
2026-09-03T18:50:39.799+0700 [DEBUG] [org.gradle.process.internal.health.memory.DefaultMemoryManager] 638754816 physical memory requested, 411090944 free
2026-09-03T18:50:39.799+0700 [DEBUG] [org.gradle.workers.internal.WorkerDaemonExpiration] Will attempt to release 609 of memory
2026-09-03T18:50:39.799+0700 [DEBUG] [org.gradle.process.internal.health.memory.DefaultMemoryManager] 638754816 physical memory requested, 0 released, 411090944 free
2026-09-03T18:50:40.592+0700 [DEBUG] [org.gradle.cache.internal.DefaultFileLockManager] Waiting to acquire shared lock on daemon addresses registry.
2026-09-03T18:50:40.593+0700 [DEBUG] [org.gradle.cache.internal.DefaultFileLockManager] Lock acquired on daemon addresses registry.
2026-09-03T18:50:40.594+0700 [DEBUG] [org.gradle.cache.internal.DefaultFileLockManager] Releasing lock on daemon addresses registry.
2026-09-03T18:50:40.599+0700 [DEBUG] [org.gradle.cache.internal.DefaultFileLockManager] Waiting to acquire shared lock on daemon addresses registry.
2026-09-03T18:50:40.600+0700 [DEBUG] [org.gradle.cache.internal.DefaultFileLockManager] Lock acquired on daemon addresses registry.
2026-09-03T18:50:40.601+0700 [DEBUG] [org.gradle.cache.internal.DefaultFileLockManager] Releasing lock on daemon addresses registry.
2026-09-03T18:50:40.603+0700 [DEBUG] [org.gradle.cache.internal.DefaultFileLockManager] Waiting to acquire shared lock on daemon addresses registry.
2026-09-03T18:50:40.603+0700 [DEBUG] [org.gradle.cache.internal.DefaultFileLockManager] Lock acquired on daemon addresses registry.
2026-09-03T18:50:40.604+0700 [DEBUG] [org.gradle.cache.internal.DefaultFileLockManager] Releasing lock on daemon addresses registry.
2026-09-03T18:50:44.800+0700 [DEBUG] [org.gradle.process.internal.health.memory.DefaultMemoryManager] 638754816 physical memory requested, 408629248 free
2026-09-03T18:50:44.800+0700 [DEBUG] [org.gradle.workers.internal.WorkerDaemonExpiration] Will attempt to release 609 of memory
2026-09-03T18:50:44.801+0700 [DEBUG] [org.gradle.process.internal.health.memory.DefaultMemoryManager] 638754816 physical memory requested, 0 released, 408629248 free
2026-09-03T18:50:49.810+0700 [DEBUG] [org.gradle.process.internal.health.memory.DefaultMemoryManager] 638754816 physical memory requested, 520978432 free
2026-09-03T18:50:49.810+0700 [DEBUG] [org.gradle.workers.internal.WorkerDaemonExpiration] Will attempt to release 609 of memory
2026-09-03T18:50:49.810+0700 [DEBUG] [org.gradle.process.internal.health.memory.DefaultMemoryManager] 638754816 physical memory requested, 0 released, 520978432 free
2026-09-03T18:50:50.602+0700 [DEBUG] [org.gradle.cache.internal.DefaultFileLockManager] Waiting to acquire shared lock on daemon addresses registry.
2026-09-03T18:50:50.603+0700 [DEBUG] [org.gradle.cache.internal.DefaultFileLockManager] Lock acquired on daemon addresses registry.
2026-09-03T18:50:50.603+0700 [DEBUG] [org.gradle.cache.internal.DefaultFileLockManager] Releasing lock on daemon addresses registry.
2026-09-03T18:50:50.607+0700 [DEBUG] [org.gradle.cache.internal.DefaultFileLockManager] Waiting to acquire shared lock on daemon addresses registry.
2026-09-03T18:50:50.607+0700 [DEBUG] [org.gradle.cache.internal.DefaultFileLockManager] Lock acquired on daemon addresses registry.
2026-09-03T18:50:50.608+0700 [DEBUG] [org.gradle.cache.internal.DefaultFileLockManager] Releasing lock on daemon addresses registry.
2026-09-03T18:50:50.610+0700 [DEBUG] [org.gradle.cache.internal.DefaultFileLockManager] Waiting to acquire shared lock on daemon addresses registry.
2026-09-03T18:50:50.611+0700 [DEBUG] [org.gradle.cache.internal.DefaultFileLockManager] Lock acquired on daemon addresses registry.
2026-09-03T18:50:50.611+0700 [DEBUG] [org.gradle.cache.internal.DefaultFileLockManager] Releasing lock on daemon addresses registry.
2026-09-03T18:51:00.587+0700 [DEBUG] [org.gradle.cache.internal.DefaultFileLockManager] Waiting to acquire shared lock on daemon addresses registry.
2026-09-03T18:51:00.588+0700 [DEBUG] [org.gradle.cache.internal.DefaultFileLockManager] Lock acquired on daemon addresses registry.
2026-09-03T18:51:00.588+0700 [DEBUG] [org.gradle.cache.internal.DefaultFileLockManager] Releasing lock on daemon addresses registry.
2026-09-03T18:51:00.593+0700 [DEBUG] [org.gradle.cache.internal.DefaultFileLockManager] Waiting to acquire shared lock on daemon addresses registry.
2026-09-03T18:51:00.594+0700 [DEBUG] [org.gradle.cache.internal.DefaultFileLockManager] Lock acquired on daemon addresses registry.
2026-09-03T18:51:00.595+0700 [DEBUG] [org.gradle.cache.internal.DefaultFileLockManager] Releasing lock on daemon addresses registry.
2026-09-03T18:51:00.597+0700 [DEBUG] [org.gradle.cache.internal.DefaultFileLockManager] Waiting to acquire shared lock on daemon addresses registry.
2026-09-03T18:51:00.597+0700 [DEBUG] [org.gradle.cache.internal.DefaultFileLockManager] Lock acquired on daemon addresses registry.
2026-09-03T18:51:00.598+0700 [DEBUG] [org.gradle.cache.internal.DefaultFileLockManager] Releasing lock on daemon addresses registry.
2026-09-03T18:51:10.588+0700 [DEBUG] [org.gradle.cache.internal.DefaultFileLockManager] Waiting to acquire shared lock on daemon addresses registry.
2026-09-03T18:51:10.589+0700 [DEBUG] [org.gradle.cache.internal.DefaultFileLockManager] Lock acquired on daemon addresses registry.
2026-09-03T18:51:10.590+0700 [DEBUG] [org.gradle.cache.internal.DefaultFileLockManager] Releasing lock on daemon addresses registry.
2026-09-03T18:51:10.592+0700 [DEBUG] [org.gradle.cache.internal.DefaultFileLockManager] Waiting to acquire shared lock on daemon addresses registry.
2026-09-03T18:51:10.595+0700 [DEBUG] [org.gradle.cache.internal.DefaultFileLockManager] Lock acquired on daemon addresses registry.
2026-09-03T18:51:10.599+0700 [DEBUG] [org.gradle.cache.internal.DefaultFileLockManager] Releasing lock on daemon addresses registry.
2026-09-03T18:51:10.602+0700 [DEBUG] [org.gradle.cache.internal.DefaultFileLockManager] Waiting to acquire shared lock on daemon addresses registry.
2026-09-03T18:51:10.603+0700 [DEBUG] [org.gradle.cache.internal.DefaultFileLockManager] Lock acquired on daemon addresses registry.
2026-09-03T18:51:10.604+0700 [DEBUG] [org.gradle.cache.internal.DefaultFileLockManager] Releasing lock on daemon addresses registry.
2026-09-03T18:51:20.592+0700 [DEBUG] [org.gradle.cache.internal.DefaultFileLockManager] Waiting to acquire shared lock on daemon addresses registry.
2026-09-03T18:51:20.593+0700 [DEBUG] [org.gradle.cache.internal.DefaultFileLockManager] Lock acquired on daemon addresses registry.
2026-09-03T18:51:20.595+0700 [DEBUG] [org.gradle.cache.internal.DefaultFileLockManager] Releasing lock on daemon addresses registry.
2026-09-03T18:51:20.599+0700 [DEBUG] [org.gradle.cache.internal.DefaultFileLockManager] Waiting to acquire shared lock on daemon addresses registry.
2026-09-03T18:51:20.600+0700 [DEBUG] [org.gradle.cache.internal.DefaultFileLockManager] Lock acquired on daemon addresses registry.
2026-09-03T18:51:20.601+0700 [DEBUG] [org.gradle.cache.internal.DefaultFileLockManager] Releasing lock on daemon addresses registry.
2026-09-03T18:51:20.604+0700 [DEBUG] [org.gradle.cache.internal.DefaultFileLockManager] Waiting to acquire shared lock on daemon addresses registry.
2026-09-03T18:51:20.604+0700 [DEBUG] [org.gradle.cache.internal.DefaultFileLockManager] Lock acquired on daemon addresses registry.
2026-09-03T18:51:20.605+0700 [DEBUG] [org.gradle.cache.internal.DefaultFileLockManager] Releasing lock on daemon addresses registry.
2026-09-03T18:51:30.591+0700 [DEBUG] [org.gradle.cache.internal.DefaultFileLockManager] Waiting to acquire shared lock on daemon addresses registry.
2026-09-03T18:51:30.592+0700 [DEBUG] [org.gradle.cache.internal.DefaultFileLockManager] Lock acquired on daemon addresses registry.
2026-09-03T18:51:30.592+0700 [DEBUG] [org.gradle.cache.internal.DefaultFileLockManager] Releasing lock on daemon addresses registry.
2026-09-03T18:51:30.609+0700 [DEBUG] [org.gradle.cache.internal.DefaultFileLockManager] Waiting to acquire shared lock on daemon addresses registry.
2026-09-03T18:51:30.609+0700 [DEBUG] [org.gradle.cache.internal.DefaultFileLockManager] Lock acquired on daemon addresses registry.
2026-09-03T18:51:30.610+0700 [DEBUG] [org.gradle.cache.internal.DefaultFileLockManager] Releasing lock on daemon addresses registry.
2026-09-03T18:51:30.613+0700 [DEBUG] [org.gradle.cache.internal.DefaultFileLockManager] Waiting to acquire shared lock on daemon addresses registry.
2026-09-03T18:51:30.613+0700 [DEBUG] [org.gradle.cache.internal.DefaultFileLockManager] Lock acquired on daemon addresses registry.
2026-09-03T18:51:30.614+0700 [DEBUG] [org.gradle.cache.internal.DefaultFileLockManager] Releasing lock on daemon addresses registry.
2026-09-03T18:51:40.583+0700 [DEBUG] [org.gradle.cache.internal.DefaultFileLockManager] Waiting to acquire shared lock on daemon addresses registry.
2026-09-03T18:51:40.584+0700 [DEBUG] [org.gradle.cache.internal.DefaultFileLockManager] Lock acquired on daemon addresses registry.
2026-09-03T18:51:40.584+0700 [DEBUG] [org.gradle.cache.internal.DefaultFileLockManager] Releasing lock on daemon addresses registry.
2026-09-03T18:51:40.597+0700 [DEBUG] [org.gradle.cache.internal.DefaultFileLockManager] Waiting to acquire shared lock on daemon addresses registry.
2026-09-03T18:51:40.598+0700 [DEBUG] [org.gradle.cache.internal.DefaultFileLockManager] Lock acquired on daemon addresses registry.
2026-09-03T18:51:40.599+0700 [DEBUG] [org.gradle.cache.internal.DefaultFileLockManager] Releasing lock on daemon addresses registry.
2026-09-03T18:51:40.602+0700 [DEBUG] [org.gradle.cache.internal.DefaultFileLockManager] Waiting to acquire shared lock on daemon addresses registry.
2026-09-03T18:51:40.603+0700 [DEBUG] [org.gradle.cache.internal.DefaultFileLockManager] Lock acquired on daemon addresses registry.
2026-09-03T18:51:40.603+0700 [DEBUG] [org.gradle.cache.internal.DefaultFileLockManager] Releasing lock on daemon addresses registry.
2026-09-03T18:51:50.591+0700 [DEBUG] [org.gradle.cache.internal.DefaultFileLockManager] Waiting to acquire shared lock on daemon addresses registry.
2026-09-03T18:51:50.592+0700 [DEBUG] [org.gradle.cache.internal.DefaultFileLockManager] Lock acquired on daemon addresses registry.
2026-09-03T18:51:50.593+0700 [DEBUG] [org.gradle.cache.internal.DefaultFileLockManager] Releasing lock on daemon addresses registry.
2026-09-03T18:51:50.600+0700 [DEBUG] [org.gradle.cache.internal.DefaultFileLockManager] Waiting to acquire shared lock on daemon addresses registry.
2026-09-03T18:51:50.600+0700 [DEBUG] [org.gradle.cache.internal.DefaultFileLockManager] Lock acquired on daemon addresses registry.
2026-09-03T18:51:50.601+0700 [DEBUG] [org.gradle.cache.internal.DefaultFileLockManager] Releasing lock on daemon addresses registry.
2026-09-03T18:51:50.605+0700 [DEBUG] [org.gradle.cache.internal.DefaultFileLockManager] Waiting to acquire shared lock on daemon addresses registry.
2026-09-03T18:51:50.605+0700 [DEBUG] [org.gradle.cache.internal.DefaultFileLockManager] Lock acquired on daemon addresses registry.
2026-09-03T18:51:50.605+0700 [DEBUG] [org.gradle.cache.internal.DefaultFileLockManager] Releasing lock on daemon addresses registry.
2026-09-03T18:52:00.583+0700 [DEBUG] [org.gradle.cache.internal.DefaultFileLockManager] Waiting to acquire shared lock on daemon addresses registry.
2026-09-03T18:52:00.583+0700 [DEBUG] [org.gradle.cache.internal.DefaultFileLockManager] Lock acquired on daemon addresses registry.
2026-09-03T18:52:00.584+0700 [DEBUG] [org.gradle.cache.internal.DefaultFileLockManager] Releasing lock on daemon addresses registry.
2026-09-03T18:52:00.587+0700 [DEBUG] [org.gradle.cache.internal.DefaultFileLockManager] Waiting to acquire shared lock on daemon addresses registry.
2026-09-03T18:52:00.588+0700 [DEBUG] [org.gradle.cache.internal.DefaultFileLockManager] Lock acquired on daemon addresses registry.
2026-09-03T18:52:00.602+0700 [DEBUG] [org.gradle.cache.internal.DefaultFileLockManager] Releasing lock on daemon addresses registry.
2026-09-03T18:52:00.607+0700 [DEBUG] [org.gradle.cache.internal.DefaultFileLockManager] Waiting to acquire shared lock on daemon addresses registry.
2026-09-03T18:52:00.608+0700 [DEBUG] [org.gradle.cache.internal.DefaultFileLockManager] Lock acquired on daemon addresses registry.
2026-09-03T18:52:00.609+0700 [DEBUG] [org.gradle.cache.internal.DefaultFileLockManager] Releasing lock on daemon addresses registry.
2026-09-03T18:52:10.592+0700 [DEBUG] [org.gradle.cache.internal.DefaultFileLockManager] Waiting to acquire shared lock on daemon addresses registry.
2026-09-03T18:52:10.592+0700 [DEBUG] [org.gradle.cache.internal.DefaultFileLockManager] Lock acquired on daemon addresses registry.
2026-09-03T18:52:10.592+0700 [DEBUG] [org.gradle.cache.internal.DefaultFileLockManager] Releasing lock on daemon addresses registry.
2026-09-03T18:52:10.596+0700 [DEBUG] [org.gradle.cache.internal.DefaultFileLockManager] Waiting to acquire shared lock on daemon addresses registry.
2026-09-03T18:52:10.596+0700 [DEBUG] [org.gradle.cache.internal.DefaultFileLockManager] Lock acquired on daemon addresses registry.
2026-09-03T18:52:10.598+0700 [DEBUG] [org.gradle.cache.internal.DefaultFileLockManager] Releasing lock on daemon addresses registry.
2026-09-03T18:52:10.607+0700 [DEBUG] [org.gradle.cache.internal.DefaultFileLockManager] Waiting to acquire shared lock on daemon addresses registry.
2026-09-03T18:52:10.608+0700 [DEBUG] [org.gradle.cache.internal.DefaultFileLockManager] Lock acquired on daemon addresses registry.
2026-09-03T18:52:10.608+0700 [DEBUG] [org.gradle.cache.internal.DefaultFileLockManager] Releasing lock on daemon addresses registry.
2026-09-03T18:52:20.594+0700 [DEBUG] [org.gradle.cache.internal.DefaultFileLockManager] Waiting to acquire shared lock on daemon addresses registry.
2026-09-03T18:52:20.594+0700 [DEBUG] [org.gradle.cache.internal.DefaultFileLockManager] Lock acquired on daemon addresses registry.
2026-09-03T18:52:20.595+0700 [DEBUG] [org.gradle.cache.internal.DefaultFileLockManager] Releasing lock on daemon addresses registry.
2026-09-03T18:52:20.599+0700 [DEBUG] [org.gradle.cache.internal.DefaultFileLockManager] Waiting to acquire shared lock on daemon addresses registry.
2026-09-03T18:52:20.600+0700 [DEBUG] [org.gradle.cache.internal.DefaultFileLockManager] Lock acquired on daemon addresses registry.
2026-09-03T18:52:20.603+0700 [DEBUG] [org.gradle.cache.internal.DefaultFileLockManager] Releasing lock on daemon addresses registry.
2026-09-03T18:52:20.608+0700 [DEBUG] [org.gradle.cache.internal.DefaultFileLockManager] Waiting to acquire shared lock on daemon addresses registry.
2026-09-03T18:52:20.608+0700 [DEBUG] [org.gradle.cache.internal.DefaultFileLockManager] Lock acquired on daemon addresses registry.
2026-09-03T18:52:20.609+0700 [DEBUG] [org.gradle.cache.internal.DefaultFileLockManager] Releasing lock on daemon addresses registry.
2026-09-03T18:52:30.577+0700 [DEBUG] [org.gradle.cache.internal.DefaultFileLockManager] Waiting to acquire shared lock on daemon addresses registry.
2026-09-03T18:52:30.578+0700 [DEBUG] [org.gradle.cache.internal.DefaultFileLockManager] Lock acquired on daemon addresses registry.
2026-09-03T18:52:30.580+0700 [DEBUG] [org.gradle.cache.internal.DefaultFileLockManager] Releasing lock on daemon addresses registry.
2026-09-03T18:52:30.583+0700 [DEBUG] [org.gradle.cache.internal.DefaultFileLockManager] Waiting to acquire shared lock on daemon addresses registry.
2026-09-03T18:52:30.583+0700 [DEBUG] [org.gradle.cache.internal.DefaultFileLockManager] Lock acquired on daemon addresses registry.
2026-09-03T18:52:30.584+0700 [DEBUG] [org.gradle.cache.internal.DefaultFileLockManager] Releasing lock on daemon addresses registry.
2026-09-03T18:52:30.587+0700 [DEBUG] [org.gradle.cache.internal.DefaultFileLockManager] Waiting to acquire shared lock on daemon addresses registry.
2026-09-03T18:52:30.588+0700 [DEBUG] [org.gradle.cache.internal.DefaultFileLockManager] Lock acquired on daemon addresses registry.
2026-09-03T18:52:30.588+0700 [DEBUG] [org.gradle.cache.internal.DefaultFileLockManager] Releasing lock on daemon addresses registry.
2026-09-03T18:52:40.578+0700 [DEBUG] [org.gradle.cache.internal.DefaultFileLockManager] Waiting to acquire shared lock on daemon addresses registry.
2026-09-03T18:52:40.578+0700 [DEBUG] [org.gradle.cache.internal.DefaultFileLockManager] Lock acquired on daemon addresses registry.
2026-09-03T18:52:40.579+0700 [DEBUG] [org.gradle.cache.internal.DefaultFileLockManager] Releasing lock on daemon addresses registry.
2026-09-03T18:52:40.594+0700 [DEBUG] [org.gradle.cache.internal.DefaultFileLockManager] Waiting to acquire shared lock on daemon addresses registry.
2026-09-03T18:52:40.594+0700 [DEBUG] [org.gradle.cache.internal.DefaultFileLockManager] Lock acquired on daemon addresses registry.
2026-09-03T18:52:40.595+0700 [DEBUG] [org.gradle.cache.internal.DefaultFileLockManager] Releasing lock on daemon addresses registry.
2026-09-03T18:52:40.596+0700 [DEBUG] [org.gradle.cache.internal.DefaultFileLockManager] Waiting to acquire shared lock on daemon addresses registry.
2026-09-03T18:52:40.597+0700 [DEBUG] [org.gradle.cache.internal.DefaultFileLockManager] Lock acquired on daemon addresses registry.
2026-09-03T18:52:40.597+0700 [DEBUG] [org.gradle.cache.internal.DefaultFileLockManager] Releasing lock on daemon addresses registry.
2026-09-03T18:52:50.589+0700 [DEBUG] [org.gradle.cache.internal.DefaultFileLockManager] Waiting to acquire shared lock on daemon addresses registry.
2026-09-03T18:52:50.591+0700 [DEBUG] [org.gradle.cache.internal.DefaultFileLockManager] Lock acquired on daemon addresses registry.
2026-09-03T18:52:50.591+0700 [DEBUG] [org.gradle.cache.internal.DefaultFileLockManager] Releasing lock on daemon addresses registry.
2026-09-03T18:52:50.595+0700 [DEBUG] [org.gradle.cache.internal.DefaultFileLockManager] Waiting to acquire shared lock on daemon addresses registry.
2026-09-03T18:52:50.595+0700 [DEBUG] [org.gradle.cache.internal.DefaultFileLockManager] Lock acquired on daemon addresses registry.
2026-09-03T18:52:50.596+0700 [DEBUG] [org.gradle.cache.internal.DefaultFileLockManager] Releasing lock on daemon addresses registry.
2026-09-03T18:52:50.598+0700 [DEBUG] [org.gradle.cache.internal.DefaultFileLockManager] Waiting to acquire shared lock on daemon addresses registry.
2026-09-03T18:52:50.599+0700 [DEBUG] [org.gradle.cache.internal.DefaultFileLockManager] Lock acquired on daemon addresses registry.
2026-09-03T18:52:50.599+0700 [DEBUG] [org.gradle.cache.internal.DefaultFileLockManager] Releasing lock on daemon addresses registry.
2026-09-03T18:53:00.590+0700 [DEBUG] [org.gradle.cache.internal.DefaultFileLockManager] Waiting to acquire shared lock on daemon addresses registry.
2026-09-03T18:53:00.591+0700 [DEBUG] [org.gradle.cache.internal.DefaultFileLockManager] Lock acquired on daemon addresses registry.
2026-09-03T18:53:00.592+0700 [DEBUG] [org.gradle.cache.internal.DefaultFileLockManager] Releasing lock on daemon addresses registry.
2026-09-03T18:53:00.620+0700 [DEBUG] [org.gradle.cache.internal.DefaultFileLockManager] Waiting to acquire shared lock on daemon addresses registry.
2026-09-03T18:53:00.622+0700 [DEBUG] [org.gradle.cache.internal.DefaultFileLockManager] Lock acquired on daemon addresses registry.
2026-09-03T18:53:00.662+0700 [DEBUG] [org.gradle.cache.internal.DefaultFileLockManager] Releasing lock on daemon addresses registry.
2026-09-03T18:53:00.670+0700 [DEBUG] [org.gradle.cache.internal.DefaultFileLockManager] Waiting to acquire shared lock on daemon addresses registry.
2026-09-03T18:53:00.671+0700 [DEBUG] [org.gradle.cache.internal.DefaultFileLockManager] Lock acquired on daemon addresses registry.
2026-09-03T18:53:00.673+0700 [DEBUG] [org.gradle.cache.internal.DefaultFileLockManager] Releasing lock on daemon addresses registry.
2026-09-03T18:58:58.066+0700 [DEBUG] [org.gradle.process.internal.health.memory.DefaultMemoryManager] 638754816 physical memory requested, 620974080 free
2026-09-03T18:58:59.675+0700 [DEBUG] [org.gradle.workers.internal.WorkerDaemonExpiration] Will attempt to release 609 of memory
2026-09-03T18:58:59.675+0700 [DEBUG] [org.gradle.process.internal.health.memory.DefaultMemoryManager] 638754816 physical memory requested, 0 released, 620974080 free
2026-09-03T18:58:59.676+0700 [DEBUG] [org.gradle.process.internal.health.memory.DefaultMemoryManager] 638754816 physical memory requested, 318353408 free
2026-09-03T18:58:59.676+0700 [DEBUG] [org.gradle.workers.internal.WorkerDaemonExpiration] Will attempt to release 609 of memory
2026-09-03T18:58:59.676+0700 [DEBUG] [org.gradle.process.internal.health.memory.DefaultMemoryManager] 638754816 physical memory requested, 0 released, 318353408 free
2026-09-03T18:58:59.677+0700 [DEBUG] [org.gradle.process.internal.health.memory.DefaultMemoryManager] 638754816 physical memory requested, 318230528 free
2026-09-03T18:58:59.734+0700 [DEBUG] [org.gradle.workers.internal.WorkerDaemonExpiration] Will attempt to release 609 of memory
2026-09-03T18:58:59.735+0700 [DEBUG] [org.gradle.process.internal.health.memory.DefaultMemoryManager] 638754816 physical memory requested, 0 released, 318230528 free
2026-09-03T18:58:59.735+0700 [DEBUG] [org.gradle.process.internal.health.memory.DefaultMemoryManager] 638754816 physical memory requested, 317104128 free
2026-09-03T18:58:59.736+0700 [DEBUG] [org.gradle.workers.internal.WorkerDaemonExpiration] Will attempt to release 609 of memory
2026-09-03T18:58:59.783+0700 [DEBUG] [org.gradle.process.internal.health.memory.DefaultMemoryManager] 638754816 physical memory requested, 0 released, 317104128 free
2026-09-03T18:58:59.814+0700 [DEBUG] [org.gradle.process.internal.health.memory.DefaultMemoryManager] 638754816 physical memory requested, 320540672 free
2026-09-03T18:58:59.844+0700 [DEBUG] [org.gradle.workers.internal.WorkerDaemonExpiration] Will attempt to release 609 of memory
2026-09-03T18:58:59.844+0700 [DEBUG] [org.gradle.process.internal.health.memory.DefaultMemoryManager] 638754816 physical memory requested, 0 released, 320540672 free
2026-09-03T18:58:59.845+0700 [DEBUG] [org.gradle.process.internal.health.memory.DefaultMemoryManager] 638754816 physical memory requested, 318427136 free
2026-09-03T18:58:59.845+0700 [DEBUG] [org.gradle.workers.internal.WorkerDaemonExpiration] Will attempt to release 609 of memory
2026-09-03T18:58:59.845+0700 [DEBUG] [org.gradle.process.internal.health.memory.DefaultMemoryManager] 638754816 physical memory requested, 0 released, 318427136 free
2026-09-03T18:58:59.859+0700 [DEBUG] [org.gradle.process.internal.health.memory.DefaultMemoryManager] 638754816 physical memory requested, 312049664 free
2026-09-03T18:58:59.859+0700 [DEBUG] [org.gradle.workers.internal.WorkerDaemonExpiration] Will attempt to release 609 of memory
2026-09-03T18:58:59.865+0700 [DEBUG] [org.gradle.process.internal.health.memory.DefaultMemoryManager] 638754816 physical memory requested, 0 released, 312049664 free
2026-09-03T18:58:59.874+0700 [DEBUG] [org.gradle.process.internal.health.memory.DefaultMemoryManager] 638754816 physical memory requested, 303611904 free
2026-09-03T18:58:59.875+0700 [DEBUG] [org.gradle.workers.internal.WorkerDaemonExpiration] Will attempt to release 609 of memory
2026-09-03T18:58:59.875+0700 [DEBUG] [org.gradle.process.internal.health.memory.DefaultMemoryManager] 638754816 physical memory requested, 0 released, 303611904 free
2026-09-03T18:58:59.875+0700 [DEBUG] [org.gradle.process.internal.health.memory.DefaultMemoryManager] 638754816 physical memory requested, 305606656 free
2026-09-03T18:58:59.875+0700 [DEBUG] [org.gradle.workers.internal.WorkerDaemonExpiration] Will attempt to release 609 of memory
2026-09-03T18:58:59.876+0700 [DEBUG] [org.gradle.process.internal.health.memory.DefaultMemoryManager] 638754816 physical memory requested, 0 released, 305606656 free
2026-09-03T18:58:59.882+0700 [DEBUG] [org.gradle.process.internal.health.memory.DefaultMemoryManager] 638754816 physical memory requested, 308146176 free
2026-09-03T18:58:59.886+0700 [DEBUG] [org.gradle.workers.internal.WorkerDaemonExpiration] Will attempt to release 609 of memory
2026-09-03T18:58:59.895+0700 [DEBUG] [org.gradle.process.internal.health.memory.DefaultMemoryManager] 638754816 physical memory requested, 0 released, 308146176 free
2026-09-03T18:58:59.902+0700 [DEBUG] [org.gradle.process.internal.health.memory.DefaultMemoryManager] 638754816 physical memory requested, 303251456 free
2026-09-03T18:58:59.902+0700 [DEBUG] [org.gradle.workers.internal.WorkerDaemonExpiration] Will attempt to release 609 of memory
2026-09-03T18:58:59.903+0700 [DEBUG] [org.gradle.process.internal.health.memory.DefaultMemoryManager] 638754816 physical memory requested, 0 released, 303251456 free
2026-09-03T18:58:59.909+0700 [DEBUG] [org.gradle.process.internal.health.memory.DefaultMemoryManager] 638754816 physical memory requested, 297197568 free
2026-09-03T18:58:59.915+0700 [DEBUG] [org.gradle.workers.internal.WorkerDaemonExpiration] Will attempt to release 609 of memory
2026-09-03T18:58:59.918+0700 [DEBUG] [org.gradle.process.internal.health.memory.DefaultMemoryManager] 638754816 physical memory requested, 0 released, 297197568 free
2026-09-03T18:58:59.919+0700 [DEBUG] [org.gradle.process.internal.health.memory.DefaultMemoryManager] 638754816 physical memory requested, 294871040 free
2026-09-03T18:58:59.924+0700 [DEBUG] [org.gradle.workers.internal.WorkerDaemonExpiration] Will attempt to release 609 of memory
2026-09-03T18:58:59.924+0700 [DEBUG] [org.gradle.process.internal.health.memory.DefaultMemoryManager] 638754816 physical memory requested, 0 released, 294871040 free
2026-09-03T18:58:59.929+0700 [DEBUG] [org.gradle.process.internal.health.memory.DefaultMemoryManager] 638754816 physical memory requested, 297320448 free
2026-09-03T18:58:59.929+0700 [DEBUG] [org.gradle.workers.internal.WorkerDaemonExpiration] Will attempt to release 609 of memory
2026-09-03T18:58:59.960+0700 [DEBUG] [org.gradle.process.internal.health.memory.DefaultMemoryManager] 638754816 physical memory requested, 0 released, 297320448 free
2026-09-03T18:58:59.966+0700 [DEBUG] [org.gradle.process.internal.health.memory.DefaultMemoryManager] 638754816 physical memory requested, 327057408 free
2026-09-03T18:58:59.969+0700 [DEBUG] [org.gradle.workers.internal.WorkerDaemonExpiration] Will attempt to release 609 of memory
2026-09-03T18:58:59.983+0700 [DEBUG] [org.gradle.process.internal.health.memory.DefaultMemoryManager] 638754816 physical memory requested, 0 released, 327057408 free
2026-09-03T18:58:59.994+0700 [DEBUG] [org.gradle.process.internal.health.memory.DefaultMemoryManager] 638754816 physical memory requested, 350281728 free
2026-09-03T18:58:59.994+0700 [DEBUG] [org.gradle.workers.internal.WorkerDaemonExpiration] Will attempt to release 609 of memory
2026-09-03T18:58:59.997+0700 [DEBUG] [org.gradle.process.internal.health.memory.DefaultMemoryManager] 638754816 physical memory requested, 0 released, 350281728 free
2026-09-03T18:59:00.022+0700 [DEBUG] [org.gradle.process.internal.health.memory.DefaultMemoryManager] 638754816 physical memory requested, 352727040 free
2026-09-03T18:59:00.023+0700 [DEBUG] [org.gradle.workers.internal.WorkerDaemonExpiration] Will attempt to release 609 of memory
2026-09-03T18:59:00.024+0700 [DEBUG] [org.gradle.process.internal.health.memory.DefaultMemoryManager] 638754816 physical memory requested, 0 released, 352727040 free
2026-09-03T18:59:00.025+0700 [DEBUG] [org.gradle.process.internal.health.memory.DefaultMemoryManager] 638754816 physical memory requested, 349220864 free
2026-09-03T18:59:00.025+0700 [DEBUG] [org.gradle.workers.internal.WorkerDaemonExpiration] Will attempt to release 609 of memory
2026-09-03T18:59:00.059+0700 [DEBUG] [org.gradle.process.internal.health.memory.DefaultMemoryManager] 638754816 physical memory requested, 0 released, 349220864 free
2026-09-03T18:59:00.061+0700 [DEBUG] [org.gradle.process.internal.health.memory.DefaultMemoryManager] 638754816 physical memory requested, 350220288 free
2026-09-03T18:59:00.081+0700 [DEBUG] [org.gradle.workers.internal.WorkerDaemonExpiration] Will attempt to release 609 of memory
2026-09-03T18:59:00.082+0700 [DEBUG] [org.gradle.process.internal.health.memory.DefaultMemoryManager] 638754816 physical memory requested, 0 released, 350220288 free
2026-09-03T18:59:00.091+0700 [DEBUG] [org.gradle.process.internal.health.memory.DefaultMemoryManager] 638754816 physical memory requested, 341815296 free
2026-09-03T18:59:00.091+0700 [DEBUG] [org.gradle.workers.internal.WorkerDaemonExpiration] Will attempt to release 609 of memory
2026-09-03T18:59:00.091+0700 [DEBUG] [org.gradle.process.internal.health.memory.DefaultMemoryManager] 638754816 physical memory requested, 0 released, 341815296 free
2026-09-03T18:59:00.092+0700 [DEBUG] [org.gradle.process.internal.health.memory.DefaultMemoryManager] 638754816 physical memory requested, 342298624 free
2026-09-03T18:59:00.092+0700 [DEBUG] [org.gradle.workers.internal.WorkerDaemonExpiration] Will attempt to release 609 of memory
2026-09-03T18:59:00.128+0700 [DEBUG] [org.gradle.process.internal.health.memory.DefaultMemoryManager] 638754816 physical memory requested, 0 released, 342298624 free
2026-09-03T18:59:00.157+0700 [DEBUG] [org.gradle.process.internal.health.memory.DefaultMemoryManager] 638754816 physical memory requested, 336379904 free
2026-09-03T18:59:00.158+0700 [DEBUG] [org.gradle.workers.internal.WorkerDaemonExpiration] Will attempt to release 609 of memory
2026-09-03T18:59:00.158+0700 [DEBUG] [org.gradle.process.internal.health.memory.DefaultMemoryManager] 638754816 physical memory requested, 0 released, 336379904 free
2026-09-03T18:59:00.162+0700 [DEBUG] [org.gradle.process.internal.health.memory.DefaultMemoryManager] 638754816 physical memory requested, 325783552 free
2026-09-03T18:59:00.162+0700 [DEBUG] [org.gradle.workers.internal.WorkerDaemonExpiration] Will attempt to release 609 of memory
2026-09-03T18:59:00.177+0700 [DEBUG] [org.gradle.process.internal.health.memory.DefaultMemoryManager] 638754816 physical memory requested, 0 released, 325783552 free
2026-09-03T18:59:00.178+0700 [DEBUG] [org.gradle.process.internal.health.memory.DefaultMemoryManager] 638754816 physical memory requested, 326389760 free
2026-09-03T18:59:00.179+0700 [DEBUG] [org.gradle.workers.internal.WorkerDaemonExpiration] Will attempt to release 609 of memory
2026-09-03T18:59:00.180+0700 [DEBUG] [org.gradle.process.internal.health.memory.DefaultMemoryManager] 638754816 physical memory requested, 0 released, 326389760 free
2026-09-03T18:59:00.181+0700 [DEBUG] [org.gradle.process.internal.health.memory.DefaultMemoryManager] 638754816 physical memory requested, 324395008 free
2026-09-03T18:59:00.181+0700 [DEBUG] [org.gradle.workers.internal.WorkerDaemonExpiration] Will attempt to release 609 of memory
2026-09-03T18:59:00.182+0700 [DEBUG] [org.gradle.process.internal.health.memory.DefaultMemoryManager] 638754816 physical memory requested, 0 released, 324395008 free
2026-09-03T18:59:00.182+0700 [DEBUG] [org.gradle.process.internal.health.memory.DefaultMemoryManager] 638754816 physical memory requested, 324091904 free
2026-09-03T18:59:00.182+0700 [DEBUG] [org.gradle.workers.internal.WorkerDaemonExpiration] Will attempt to release 609 of memory
2026-09-03T18:59:00.183+0700 [DEBUG] [org.gradle.process.internal.health.memory.DefaultMemoryManager] 638754816 physical memory requested, 0 released, 324091904 free
2026-09-03T18:59:00.451+0700 [DEBUG] [org.gradle.process.internal.health.memory.DefaultMemoryManager] 638754816 physical memory requested, 267894784 free
2026-09-03T18:59:00.465+0700 [DEBUG] [org.gradle.workers.internal.WorkerDaemonExpiration] Will attempt to release 609 of memory
2026-09-03T18:59:00.467+0700 [DEBUG] [org.gradle.process.internal.health.memory.DefaultMemoryManager] 638754816 physical memory requested, 0 released, 267894784 free
2026-09-03T18:59:00.473+0700 [DEBUG] [org.gradle.process.internal.health.memory.DefaultMemoryManager] 638754816 physical memory requested, 266891264 free
2026-09-03T18:59:00.474+0700 [DEBUG] [org.gradle.workers.internal.WorkerDaemonExpiration] Will attempt to release 609 of memory
2026-09-03T18:59:00.475+0700 [DEBUG] [org.gradle.process.internal.health.memory.DefaultMemoryManager] 638754816 physical memory requested, 0 released, 266891264 free
2026-09-03T18:59:00.476+0700 [DEBUG] [org.gradle.process.internal.health.memory.DefaultMemoryManager] 638754816 physical memory requested, 267718656 free
2026-09-03T18:59:00.477+0700 [DEBUG] [org.gradle.workers.internal.WorkerDaemonExpiration] Will attempt to release 609 of memory
2026-09-03T18:59:00.477+0700 [DEBUG] [org.gradle.process.internal.health.memory.DefaultMemoryManager] 638754816 physical memory requested, 0 released, 267718656 free
2026-09-03T18:59:00.478+0700 [DEBUG] [org.gradle.process.internal.health.memory.DefaultMemoryManager] 638754816 physical memory requested, 268083200 free
2026-09-03T18:59:00.478+0700 [DEBUG] [org.gradle.workers.internal.WorkerDaemonExpiration] Will attempt to release 609 of memory
2026-09-03T18:59:00.478+0700 [DEBUG] [org.gradle.process.internal.health.memory.DefaultMemoryManager] 638754816 physical memory requested, 0 released, 268083200 free
2026-09-03T18:59:00.481+0700 [DEBUG] [org.gradle.process.internal.health.memory.DefaultMemoryManager] 638754816 physical memory requested, 267370496 free
2026-09-03T18:59:00.485+0700 [DEBUG] [org.gradle.workers.internal.WorkerDaemonExpiration] Will attempt to release 609 of memory
2026-09-03T18:59:00.485+0700 [DEBUG] [org.gradle.process.internal.health.memory.DefaultMemoryManager] 638754816 physical memory requested, 0 released, 267370496 free
2026-09-03T18:59:00.485+0700 [DEBUG] [org.gradle.process.internal.health.memory.DefaultMemoryManager] 638754816 physical memory requested, 258613248 free
2026-09-03T18:59:00.486+0700 [DEBUG] [org.gradle.workers.internal.WorkerDaemonExpiration] Will attempt to release 609 of memory
2026-09-03T18:59:00.486+0700 [DEBUG] [org.gradle.process.internal.health.memory.DefaultMemoryManager] 638754816 physical memory requested, 0 released, 258613248 free
2026-09-03T18:59:00.486+0700 [DEBUG] [org.gradle.process.internal.health.memory.DefaultMemoryManager] 638754816 physical memory requested, 257703936 free
2026-09-03T18:59:00.487+0700 [DEBUG] [org.gradle.workers.internal.WorkerDaemonExpiration] Will attempt to release 609 of memory
2026-09-03T18:59:00.487+0700 [DEBUG] [org.gradle.process.internal.health.memory.DefaultMemoryManager] 638754816 physical memory requested, 0 released, 257703936 free
2026-09-03T18:59:00.488+0700 [DEBUG] [org.gradle.process.internal.health.memory.DefaultMemoryManager] 638754816 physical memory requested, 257347584 free
2026-09-03T18:59:00.488+0700 [DEBUG] [org.gradle.workers.internal.WorkerDaemonExpiration] Will attempt to release 609 of memory
2026-09-03T18:59:00.488+0700 [DEBUG] [org.gradle.process.internal.health.memory.DefaultMemoryManager] 638754816 physical memory requested, 0 released, 257347584 free
2026-09-03T18:59:00.492+0700 [DEBUG] [org.gradle.process.internal.health.memory.DefaultMemoryManager] 638754816 physical memory requested, 258842624 free
2026-09-03T18:59:00.504+0700 [DEBUG] [org.gradle.workers.internal.WorkerDaemonExpiration] Will attempt to release 609 of memory
2026-09-03T18:59:00.505+0700 [DEBUG] [org.gradle.process.internal.health.memory.DefaultMemoryManager] 638754816 physical memory requested, 0 released, 258842624 free
2026-09-03T18:59:00.509+0700 [DEBUG] [org.gradle.process.internal.health.memory.DefaultMemoryManager] 638754816 physical memory requested, 261419008 free
2026-09-03T18:59:00.510+0700 [DEBUG] [org.gradle.workers.internal.WorkerDaemonExpiration] Will attempt to release 609 of memory
2026-09-03T18:59:00.513+0700 [DEBUG] [org.gradle.process.internal.health.memory.DefaultMemoryManager] 638754816 physical memory requested, 0 released, 261419008 free
2026-09-03T18:59:00.657+0700 [DEBUG] [org.gradle.process.internal.health.memory.DefaultMemoryManager] 638754816 physical memory requested, 250793984 free
2026-09-03T18:59:00.708+0700 [DEBUG] [org.gradle.workers.internal.WorkerDaemonExpiration] Will attempt to release 609 of memory
2026-09-03T18:59:00.741+0700 [DEBUG] [org.gradle.process.internal.health.memory.DefaultMemoryManager] 638754816 physical memory requested, 0 released, 250793984 free
2026-09-03T18:59:00.743+0700 [DEBUG] [org.gradle.process.internal.health.memory.DefaultMemoryManager] 638754816 physical memory requested, 232038400 free
2026-09-03T18:59:00.745+0700 [DEBUG] [org.gradle.workers.internal.WorkerDaemonExpiration] Will attempt to release 609 of memory
2026-09-03T18:59:00.746+0700 [DEBUG] [org.gradle.process.internal.health.memory.DefaultMemoryManager] 638754816 physical memory requested, 0 released, 232038400 free
2026-09-03T18:59:00.756+0700 [DEBUG] [org.gradle.process.internal.health.memory.DefaultMemoryManager] 638754816 physical memory requested, 224940032 free
2026-09-03T18:59:00.773+0700 [DEBUG] [org.gradle.workers.internal.WorkerDaemonExpiration] Will attempt to release 609 of memory
2026-09-03T18:59:00.775+0700 [DEBUG] [org.gradle.process.internal.health.memory.DefaultMemoryManager] 638754816 physical memory requested, 0 released, 224940032 free
2026-09-03T18:59:00.788+0700 [DEBUG] [org.gradle.process.internal.health.memory.DefaultMemoryManager] 638754816 physical memory requested, 211996672 free
2026-09-03T18:59:00.789+0700 [DEBUG] [org.gradle.workers.internal.WorkerDaemonExpiration] Will attempt to release 609 of memory
2026-09-03T18:59:00.789+0700 [DEBUG] [org.gradle.process.internal.health.memory.DefaultMemoryManager] 638754816 physical memory requested, 0 released, 211996672 free
2026-09-03T18:59:00.791+0700 [DEBUG] [org.gradle.process.internal.health.memory.DefaultMemoryManager] 638754816 physical memory requested, 210763776 free
2026-09-03T18:59:00.791+0700 [DEBUG] [org.gradle.workers.internal.WorkerDaemonExpiration] Will attempt to release 609 of memory
2026-09-03T18:59:00.792+0700 [DEBUG] [org.gradle.process.internal.health.memory.DefaultMemoryManager] 638754816 physical memory requested, 0 released, 210763776 free
2026-09-03T18:59:00.796+0700 [DEBUG] [org.gradle.process.internal.health.memory.DefaultMemoryManager] 638754816 physical memory requested, 212492288 free
2026-09-03T18:59:00.843+0700 [DEBUG] [org.gradle.workers.internal.WorkerDaemonExpiration] Will attempt to release 609 of memory
2026-09-03T18:59:00.846+0700 [DEBUG] [org.gradle.process.internal.health.memory.DefaultMemoryManager] 638754816 physical memory requested, 0 released, 212492288 free
2026-09-03T18:59:00.848+0700 [DEBUG] [org.gradle.process.internal.health.memory.DefaultMemoryManager] 638754816 physical memory requested, 210337792 free
2026-09-03T18:59:00.851+0700 [DEBUG] [org.gradle.workers.internal.WorkerDaemonExpiration] Will attempt to release 609 of memory
2026-09-03T18:59:00.855+0700 [DEBUG] [org.gradle.process.internal.health.memory.DefaultMemoryManager] 638754816 physical memory requested, 0 released, 210337792 free
2026-09-03T18:59:00.879+0700 [DEBUG] [org.gradle.process.internal.health.memory.DefaultMemoryManager] 638754816 physical memory requested, 197226496 free
2026-09-03T18:59:00.886+0700 [DEBUG] [org.gradle.workers.internal.WorkerDaemonExpiration] Will attempt to release 609 of memory
2026-09-03T18:59:01.976+0700 [DEBUG] [org.gradle.process.internal.health.memory.DefaultMemoryManager] 638754816 physical memory requested, 0 released, 197226496 free
2026-09-03T18:59:02.002+0700 [DEBUG] [org.gradle.process.internal.health.memory.DefaultMemoryManager] 638754816 physical memory requested, 110395392 free
2026-09-03T18:59:03.409+0700 [DEBUG] [org.gradle.cache.internal.DefaultFileLockManager] Waiting to acquire shared lock on daemon addresses registry.
2026-09-03T18:59:03.409+0700 [DEBUG] [org.gradle.cache.internal.DefaultFileLockManager] Lock acquired on daemon addresses registry.
2026-09-03T18:59:03.411+0700 [DEBUG] [org.gradle.cache.internal.DefaultFileLockManager] Releasing lock on daemon addresses registry.
2026-09-03T18:59:03.417+0700 [DEBUG] [org.gradle.cache.internal.DefaultFileLockManager] Waiting to acquire shared lock on daemon addresses registry.
2026-09-03T18:59:03.418+0700 [DEBUG] [org.gradle.cache.internal.DefaultFileLockManager] Lock acquired on daemon addresses registry.
2026-09-03T18:59:03.418+0700 [DEBUG] [org.gradle.cache.internal.DefaultFileLockManager] Releasing lock on daemon addresses registry.
2026-09-03T18:59:03.463+0700 [DEBUG] [org.gradle.cache.internal.DefaultFileLockManager] Waiting to acquire shared lock on daemon addresses registry.
2026-09-03T18:59:03.498+0700 [DEBUG] [org.gradle.cache.internal.DefaultFileLockManager] Lock acquired on daemon addresses registry.
2026-09-03T18:59:03.517+0700 [DEBUG] [org.gradle.cache.internal.DefaultFileLockManager] Releasing lock on daemon addresses registry.
2026-09-03T18:59:03.524+0700 [DEBUG] [org.gradle.cache.internal.DefaultFileLockManager] Waiting to acquire shared lock on daemon addresses registry.
2026-09-03T18:59:03.525+0700 [DEBUG] [org.gradle.cache.internal.DefaultFileLockManager] Lock acquired on daemon addresses registry.
2026-09-03T18:59:03.526+0700 [DEBUG] [org.gradle.cache.internal.DefaultFileLockManager] Releasing lock on daemon addresses registry.
2026-09-03T18:59:03.534+0700 [DEBUG] [org.gradle.cache.internal.DefaultFileLockManager] Waiting to acquire shared lock on daemon addresses registry.
2026-09-03T18:59:03.535+0700 [DEBUG] [org.gradle.cache.internal.DefaultFileLockManager] Lock acquired on daemon addresses registry.
2026-09-03T18:59:03.544+0700 [DEBUG] [org.gradle.cache.internal.DefaultFileLockManager] Releasing lock on daemon addresses registry.
2026-09-03T18:59:03.548+0700 [DEBUG] [org.gradle.cache.internal.DefaultFileLockManager] Waiting to acquire shared lock on daemon addresses registry.
2026-09-03T18:59:03.552+0700 [DEBUG] [org.gradle.cache.internal.DefaultFileLockManager] Lock acquired on daemon addresses registry.
2026-09-03T18:59:03.566+0700 [DEBUG] [org.gradle.cache.internal.DefaultFileLockManager] Releasing lock on daemon addresses registry.
2026-09-03T18:59:03.598+0700 [DEBUG] [org.gradle.cache.internal.DefaultFileLockManager] Waiting to acquire shared lock on daemon addresses registry.
2026-09-03T18:59:03.622+0700 [DEBUG] [org.gradle.cache.internal.DefaultFileLockManager] Lock acquired on daemon addresses registry.
2026-09-03T18:59:03.644+0700 [DEBUG] [org.gradle.cache.internal.DefaultFileLockManager] Releasing lock on daemon addresses registry.
2026-09-03T18:59:03.651+0700 [DEBUG] [org.gradle.cache.internal.DefaultFileLockManager] Waiting to acquire shared lock on daemon addresses registry.
2026-09-03T18:59:03.652+0700 [DEBUG] [org.gradle.cache.internal.DefaultFileLockManager] Lock acquired on daemon addresses registry.
2026-09-03T18:59:03.652+0700 [DEBUG] [org.gradle.cache.internal.DefaultFileLockManager] Releasing lock on daemon addresses registry.
2026-09-03T18:59:03.656+0700 [DEBUG] [org.gradle.cache.internal.DefaultFileLockManager] Waiting to acquire shared lock on daemon addresses registry.
2026-09-03T18:59:03.657+0700 [DEBUG] [org.gradle.cache.internal.DefaultFileLockManager] Lock acquired on daemon addresses registry.
2026-09-03T18:59:03.657+0700 [DEBUG] [org.gradle.cache.internal.DefaultFileLockManager] Releasing lock on daemon addresses registry.
2026-09-03T18:59:03.659+0700 [DEBUG] [org.gradle.cache.internal.DefaultFileLockManager] Waiting to acquire shared lock on daemon addresses registry.
2026-09-03T18:59:03.660+0700 [DEBUG] [org.gradle.cache.internal.DefaultFileLockManager] Lock acquired on daemon addresses registry.
2026-09-03T18:59:03.660+0700 [DEBUG] [org.gradle.cache.internal.DefaultFileLockManager] Releasing lock on daemon addresses registry.
2026-09-03T18:59:03.729+0700 [DEBUG] [org.gradle.cache.internal.DefaultFileLockManager] Waiting to acquire shared lock on daemon addresses registry.
2026-09-03T18:59:03.732+0700 [DEBUG] [org.gradle.cache.internal.DefaultFileLockManager] Lock acquired on daemon addresses registry.
2026-09-03T18:59:03.791+0700 [DEBUG] [org.gradle.cache.internal.DefaultFileLockManager] Releasing lock on daemon addresses registry.
2026-09-03T18:59:03.816+0700 [DEBUG] [org.gradle.cache.internal.DefaultFileLockManager] Waiting to acquire shared lock on daemon addresses registry.
2026-09-03T18:59:03.817+0700 [DEBUG] [org.gradle.cache.internal.DefaultFileLockManager] Lock acquired on daemon addresses registry.
2026-09-03T18:59:03.819+0700 [DEBUG] [org.gradle.cache.internal.DefaultFileLockManager] Releasing lock on daemon addresses registry.
2026-09-03T18:59:03.847+0700 [DEBUG] [org.gradle.cache.internal.DefaultFileLockManager] Waiting to acquire shared lock on daemon addresses registry.
2026-09-03T18:59:03.849+0700 [DEBUG] [org.gradle.cache.internal.DefaultFileLockManager] Lock acquired on daemon addresses registry.
2026-09-03T18:59:03.851+0700 [DEBUG] [org.gradle.cache.internal.DefaultFileLockManager] Releasing lock on daemon addresses registry.
2026-09-03T18:59:03.859+0700 [DEBUG] [org.gradle.cache.internal.DefaultFileLockManager] Waiting to acquire shared lock on daemon addresses registry.
2026-09-03T18:59:03.871+0700 [DEBUG] [org.gradle.cache.internal.DefaultFileLockManager] Lock acquired on daemon addresses registry.
2026-09-03T18:59:03.888+0700 [DEBUG] [org.gradle.cache.internal.DefaultFileLockManager] Releasing lock on daemon addresses registry.
2026-09-03T18:59:03.899+0700 [DEBUG] [org.gradle.cache.internal.DefaultFileLockManager] Waiting to acquire shared lock on daemon addresses registry.
2026-09-03T18:59:03.902+0700 [DEBUG] [org.gradle.cache.internal.DefaultFileLockManager] Lock acquired on daemon addresses registry.
2026-09-03T18:59:03.904+0700 [DEBUG] [org.gradle.cache.internal.DefaultFileLockManager] Releasing lock on daemon addresses registry.
2026-09-03T18:59:03.908+0700 [DEBUG] [org.gradle.cache.internal.DefaultFileLockManager] Waiting to acquire shared lock on daemon addresses registry.
2026-09-03T18:59:03.909+0700 [DEBUG] [org.gradle.cache.internal.DefaultFileLockManager] Lock acquired on daemon addresses registry.
2026-09-03T18:59:03.910+0700 [DEBUG] [org.gradle.cache.internal.DefaultFileLockManager] Releasing lock on daemon addresses registry.
2026-09-03T18:59:03.916+0700 [DEBUG] [org.gradle.cache.internal.DefaultFileLockManager] Waiting to acquire shared lock on daemon addresses registry.
2026-09-03T18:59:03.917+0700 [DEBUG] [org.gradle.cache.internal.DefaultFileLockManager] Lock acquired on daemon addresses registry.
2026-09-03T18:59:03.918+0700 [DEBUG] [org.gradle.cache.internal.DefaultFileLockManager] Releasing lock on daemon addresses registry.
2026-09-03T18:59:03.923+0700 [DEBUG] [org.gradle.cache.internal.DefaultFileLockManager] Waiting to acquire shared lock on daemon addresses registry.
2026-09-03T18:59:03.923+0700 [DEBUG] [org.gradle.cache.internal.DefaultFileLockManager] Lock acquired on daemon addresses registry.
2026-09-03T18:59:03.924+0700 [DEBUG] [org.gradle.cache.internal.DefaultFileLockManager] Releasing lock on daemon addresses registry.
2026-09-03T18:59:03.927+0700 [DEBUG] [org.gradle.cache.internal.DefaultFileLockManager] Waiting to acquire shared lock on daemon addresses registry.
2026-09-03T18:59:03.928+0700 [DEBUG] [org.gradle.cache.internal.DefaultFileLockManager] Lock acquired on daemon addresses registry.
2026-09-03T18:59:03.929+0700 [DEBUG] [org.gradle.cache.internal.DefaultFileLockManager] Releasing lock on daemon addresses registry.
2026-09-03T18:59:03.935+0700 [DEBUG] [org.gradle.cache.internal.DefaultFileLockManager] Waiting to acquire shared lock on daemon addresses registry.
2026-09-03T18:59:03.935+0700 [DEBUG] [org.gradle.cache.internal.DefaultFileLockManager] Lock acquired on daemon addresses registry.
2026-09-03T18:59:03.936+0700 [DEBUG] [org.gradle.cache.internal.DefaultFileLockManager] Releasing lock on daemon addresses registry.
2026-09-03T18:59:03.943+0700 [DEBUG] [org.gradle.cache.internal.DefaultFileLockManager] Waiting to acquire shared lock on daemon addresses registry.
2026-09-03T18:59:03.944+0700 [DEBUG] [org.gradle.cache.internal.DefaultFileLockManager] Lock acquired on daemon addresses registry.
2026-09-03T18:59:03.945+0700 [DEBUG] [org.gradle.cache.internal.DefaultFileLockManager] Releasing lock on daemon addresses registry.
2026-09-03T18:59:03.972+0700 [DEBUG] [org.gradle.cache.internal.DefaultFileLockManager] Waiting to acquire shared lock on daemon addresses registry.
2026-09-03T18:59:03.973+0700 [DEBUG] [org.gradle.cache.internal.DefaultFileLockManager] Lock acquired on daemon addresses registry.
2026-09-03T18:59:03.974+0700 [DEBUG] [org.gradle.cache.internal.DefaultFileLockManager] Releasing lock on daemon addresses registry.
2026-09-03T18:59:03.987+0700 [DEBUG] [org.gradle.cache.internal.DefaultFileLockManager] Waiting to acquire shared lock on daemon addresses registry.
2026-09-03T18:59:03.987+0700 [DEBUG] [org.gradle.cache.internal.DefaultFileLockManager] Lock acquired on daemon addresses registry.
2026-09-03T18:59:03.989+0700 [DEBUG] [org.gradle.cache.internal.DefaultFileLockManager] Releasing lock on daemon addresses registry.
2026-09-03T18:59:03.994+0700 [DEBUG] [org.gradle.cache.internal.DefaultFileLockManager] Waiting to acquire shared lock on daemon addresses registry.
2026-09-03T18:59:03.995+0700 [DEBUG] [org.gradle.cache.internal.DefaultFileLockManager] Lock acquired on daemon addresses registry.
2026-09-03T18:59:03.997+0700 [DEBUG] [org.gradle.cache.internal.DefaultFileLockManager] Releasing lock on daemon addresses registry.
2026-09-03T18:59:04.011+0700 [DEBUG] [org.gradle.cache.internal.DefaultFileLockManager] Waiting to acquire shared lock on daemon addresses registry.
2026-09-03T18:59:04.013+0700 [DEBUG] [org.gradle.cache.internal.DefaultFileLockManager] Lock acquired on daemon addresses registry.
2026-09-03T18:59:04.015+0700 [DEBUG] [org.gradle.cache.internal.DefaultFileLockManager] Releasing lock on daemon addresses registry.
2026-09-03T18:59:04.021+0700 [DEBUG] [org.gradle.cache.internal.DefaultFileLockManager] Waiting to acquire shared lock on daemon addresses registry.
2026-09-03T18:59:04.022+0700 [DEBUG] [org.gradle.cache.internal.DefaultFileLockManager] Lock acquired on daemon addresses registry.
2026-09-03T18:59:04.043+0700 [DEBUG] [org.gradle.cache.internal.DefaultFileLockManager] Releasing lock on daemon addresses registry.
2026-09-03T18:59:04.047+0700 [DEBUG] [org.gradle.cache.internal.DefaultFileLockManager] Waiting to acquire shared lock on daemon addresses registry.
2026-09-03T18:59:04.048+0700 [DEBUG] [org.gradle.cache.internal.DefaultFileLockManager] Lock acquired on daemon addresses registry.
2026-09-03T18:59:04.049+0700 [DEBUG] [org.gradle.cache.internal.DefaultFileLockManager] Releasing lock on daemon addresses registry.
2026-09-03T18:59:04.054+0700 [DEBUG] [org.gradle.cache.internal.DefaultFileLockManager] Waiting to acquire shared lock on daemon addresses registry.
2026-09-03T18:59:04.055+0700 [DEBUG] [org.gradle.cache.internal.DefaultFileLockManager] Lock acquired on daemon addresses registry.
2026-09-03T18:59:04.056+0700 [DEBUG] [org.gradle.cache.internal.DefaultFileLockManager] Releasing lock on daemon addresses registry.
2026-09-03T18:59:04.066+0700 [DEBUG] [org.gradle.cache.internal.DefaultFileLockManager] Waiting to acquire shared lock on daemon addresses registry.
2026-09-03T18:59:04.066+0700 [DEBUG] [org.gradle.cache.internal.DefaultFileLockManager] Lock acquired on daemon addresses registry.
2026-09-03T18:59:04.068+0700 [DEBUG] [org.gradle.cache.internal.DefaultFileLockManager] Releasing lock on daemon addresses registry.
2026-09-03T18:59:04.073+0700 [DEBUG] [org.gradle.cache.internal.DefaultFileLockManager] Waiting to acquire shared lock on daemon addresses registry.
2026-09-03T18:59:04.074+0700 [DEBUG] [org.gradle.cache.internal.DefaultFileLockManager] Lock acquired on daemon addresses registry.
2026-09-03T18:59:04.087+0700 [DEBUG] [org.gradle.cache.internal.DefaultFileLockManager] Releasing lock on daemon addresses registry.
2026-09-03T18:59:04.098+0700 [DEBUG] [org.gradle.cache.internal.DefaultFileLockManager] Waiting to acquire shared lock on daemon addresses registry.
2026-09-03T18:59:04.099+0700 [DEBUG] [org.gradle.cache.internal.DefaultFileLockManager] Lock acquired on daemon addresses registry.
2026-09-03T18:59:04.105+0700 [DEBUG] [org.gradle.cache.internal.DefaultFileLockManager] Releasing lock on daemon addresses registry.
2026-09-03T18:59:04.149+0700 [DEBUG] [org.gradle.cache.internal.DefaultFileLockManager] Waiting to acquire shared lock on daemon addresses registry.
2026-09-03T18:59:04.151+0700 [DEBUG] [org.gradle.cache.internal.DefaultFileLockManager] Lock acquired on daemon addresses registry.
2026-09-03T18:59:04.152+0700 [DEBUG] [org.gradle.cache.internal.DefaultFileLockManager] Releasing lock on daemon addresses registry.
2026-09-03T18:59:04.200+0700 [DEBUG] [org.gradle.cache.internal.DefaultFileLockManager] Waiting to acquire shared lock on daemon addresses registry.
2026-09-03T18:59:04.201+0700 [DEBUG] [org.gradle.cache.internal.DefaultFileLockManager] Lock acquired on daemon addresses registry.
2026-09-03T18:59:04.216+0700 [DEBUG] [org.gradle.cache.internal.DefaultFileLockManager] Releasing lock on daemon addresses registry.
2026-09-03T18:59:04.221+0700 [DEBUG] [org.gradle.cache.internal.DefaultFileLockManager] Waiting to acquire shared lock on daemon addresses registry.
2026-09-03T18:59:04.222+0700 [DEBUG] [org.gradle.cache.internal.DefaultFileLockManager] Lock acquired on daemon addresses registry.
2026-09-03T18:59:04.235+0700 [DEBUG] [org.gradle.cache.internal.DefaultFileLockManager] Releasing lock on daemon addresses registry.
2026-09-03T18:59:04.252+0700 [DEBUG] [org.gradle.cache.internal.DefaultFileLockManager] Waiting to acquire shared lock on daemon addresses registry.
2026-09-03T18:59:04.254+0700 [DEBUG] [org.gradle.cache.internal.DefaultFileLockManager] Lock acquired on daemon addresses registry.
2026-09-03T18:59:04.256+0700 [DEBUG] [org.gradle.cache.internal.DefaultFileLockManager] Releasing lock on daemon addresses registry.
2026-09-03T18:59:04.264+0700 [DEBUG] [org.gradle.cache.internal.DefaultFileLockManager] Waiting to acquire shared lock on daemon addresses registry.
2026-09-03T18:59:04.265+0700 [DEBUG] [org.gradle.cache.internal.DefaultFileLockManager] Lock acquired on daemon addresses registry.
2026-09-03T18:59:04.266+0700 [DEBUG] [org.gradle.cache.internal.DefaultFileLockManager] Releasing lock on daemon addresses registry.
2026-09-03T18:59:04.269+0700 [DEBUG] [org.gradle.cache.internal.DefaultFileLockManager] Waiting to acquire shared lock on daemon addresses registry.
2026-09-03T18:59:04.270+0700 [DEBUG] [org.gradle.cache.internal.DefaultFileLockManager] Lock acquired on daemon addresses registry.
2026-09-03T18:59:04.271+0700 [DEBUG] [org.gradle.cache.internal.DefaultFileLockManager] Releasing lock on daemon addresses registry.
2026-09-03T18:59:04.276+0700 [DEBUG] [org.gradle.cache.internal.DefaultFileLockManager] Waiting to acquire shared lock on daemon addresses registry.
2026-09-03T18:59:04.280+0700 [DEBUG] [org.gradle.cache.internal.DefaultFileLockManager] Lock acquired on daemon addresses registry.
2026-09-03T18:59:04.281+0700 [DEBUG] [org.gradle.cache.internal.DefaultFileLockManager] Releasing lock on daemon addresses registry.
2026-09-03T18:59:04.290+0700 [DEBUG] [org.gradle.cache.internal.DefaultFileLockManager] Waiting to acquire shared lock on daemon addresses registry.
2026-09-03T18:59:04.290+0700 [DEBUG] [org.gradle.cache.internal.DefaultFileLockManager] Lock acquired on daemon addresses registry.
2026-09-03T18:59:04.292+0700 [DEBUG] [org.gradle.cache.internal.DefaultFileLockManager] Releasing lock on daemon addresses registry.
2026-09-03T18:59:04.298+0700 [DEBUG] [org.gradle.cache.internal.DefaultFileLockManager] Waiting to acquire shared lock on daemon addresses registry.
2026-09-03T18:59:04.299+0700 [DEBUG] [org.gradle.cache.internal.DefaultFileLockManager] Lock acquired on daemon addresses registry.
2026-09-03T18:59:04.300+0700 [DEBUG] [org.gradle.cache.internal.DefaultFileLockManager] Releasing lock on daemon addresses registry.
2026-09-03T18:59:04.306+0700 [DEBUG] [org.gradle.cache.internal.DefaultFileLockManager] Waiting to acquire shared lock on daemon addresses registry.
2026-09-03T18:59:04.307+0700 [DEBUG] [org.gradle.cache.internal.DefaultFileLockManager] Lock acquired on daemon addresses registry.
2026-09-03T18:59:04.309+0700 [DEBUG] [org.gradle.cache.internal.DefaultFileLockManager] Releasing lock on daemon addresses registry.
2026-09-03T18:59:04.319+0700 [DEBUG] [org.gradle.cache.internal.DefaultFileLockManager] Waiting to acquire shared lock on daemon addresses registry.
2026-09-03T18:59:04.322+0700 [DEBUG] [org.gradle.cache.internal.DefaultFileLockManager] Lock acquired on daemon addresses registry.
2026-09-03T18:59:04.323+0700 [DEBUG] [org.gradle.cache.internal.DefaultFileLockManager] Releasing lock on daemon addresses registry.
2026-09-03T18:59:04.327+0700 [DEBUG] [org.gradle.cache.internal.DefaultFileLockManager] Waiting to acquire shared lock on daemon addresses registry.
2026-09-03T18:59:04.329+0700 [DEBUG] [org.gradle.cache.internal.DefaultFileLockManager] Lock acquired on daemon addresses registry.
2026-09-03T18:59:04.330+0700 [DEBUG] [org.gradle.cache.internal.DefaultFileLockManager] Releasing lock on daemon addresses registry.
2026-09-03T18:59:04.338+0700 [DEBUG] [org.gradle.cache.internal.DefaultFileLockManager] Waiting to acquire shared lock on daemon addresses registry.
2026-09-03T18:59:04.339+0700 [DEBUG] [org.gradle.cache.internal.DefaultFileLockManager] Lock acquired on daemon addresses registry.
2026-09-03T18:59:04.339+0700 [DEBUG] [org.gradle.cache.internal.DefaultFileLockManager] Releasing lock on daemon addresses registry.
2026-09-03T18:59:04.349+0700 [DEBUG] [org.gradle.cache.internal.DefaultFileLockManager] Waiting to acquire shared lock on daemon addresses registry.
2026-09-03T18:59:04.350+0700 [DEBUG] [org.gradle.cache.internal.DefaultFileLockManager] Lock acquired on daemon addresses registry.
2026-09-03T18:59:04.354+0700 [DEBUG] [org.gradle.cache.internal.DefaultFileLockManager] Releasing lock on daemon addresses registry.
2026-09-03T18:59:04.356+0700 [DEBUG] [org.gradle.cache.internal.DefaultFileLockManager] Waiting to acquire shared lock on daemon addresses registry.
2026-09-03T18:59:04.357+0700 [DEBUG] [org.gradle.cache.internal.DefaultFileLockManager] Lock acquired on daemon addresses registry.
2026-09-03T18:59:04.359+0700 [DEBUG] [org.gradle.cache.internal.DefaultFileLockManager] Releasing lock on daemon addresses registry.
2026-09-03T18:59:04.365+0700 [DEBUG] [org.gradle.cache.internal.DefaultFileLockManager] Waiting to acquire shared lock on daemon addresses registry.
2026-09-03T18:59:04.366+0700 [DEBUG] [org.gradle.cache.internal.DefaultFileLockManager] Lock acquired on daemon addresses registry.
2026-09-03T18:59:04.367+0700 [DEBUG] [org.gradle.cache.internal.DefaultFileLockManager] Releasing lock on daemon addresses registry.
2026-09-03T18:59:04.371+0700 [DEBUG] [org.gradle.cache.internal.DefaultFileLockManager] Waiting to acquire shared lock on daemon addresses registry.
2026-09-03T18:59:04.372+0700 [DEBUG] [org.gradle.cache.internal.DefaultFileLockManager] Lock acquired on daemon addresses registry.
2026-09-03T18:59:04.373+0700 [DEBUG] [org.gradle.cache.internal.DefaultFileLockManager] Releasing lock on daemon addresses registry.
2026-09-03T18:59:04.377+0700 [DEBUG] [org.gradle.cache.internal.DefaultFileLockManager] Waiting to acquire shared lock on daemon addresses registry.
2026-09-03T18:59:04.418+0700 [DEBUG] [org.gradle.cache.internal.DefaultFileLockManager] Lock acquired on daemon addresses registry.
2026-09-03T18:59:04.419+0700 [DEBUG] [org.gradle.cache.internal.DefaultFileLockManager] Releasing lock on daemon addresses registry.
2026-09-03T18:59:04.425+0700 [DEBUG] [org.gradle.cache.internal.DefaultFileLockManager] Waiting to acquire shared lock on daemon addresses registry.
2026-09-03T18:59:04.426+0700 [DEBUG] [org.gradle.cache.internal.DefaultFileLockManager] Lock acquired on daemon addresses registry.
2026-09-03T18:59:04.429+0700 [DEBUG] [org.gradle.cache.internal.DefaultFileLockManager] Releasing lock on daemon addresses registry.
2026-09-03T18:59:04.436+0700 [DEBUG] [org.gradle.cache.internal.DefaultFileLockManager] Waiting to acquire shared lock on daemon addresses registry.
2026-09-03T18:59:04.443+0700 [DEBUG] [org.gradle.cache.internal.DefaultFileLockManager] Lock acquired on daemon addresses registry.
2026-09-03T18:59:04.444+0700 [DEBUG] [org.gradle.cache.internal.DefaultFileLockManager] Releasing lock on daemon addresses registry.
2026-09-03T18:59:04.451+0700 [DEBUG] [org.gradle.cache.internal.DefaultFileLockManager] Waiting to acquire shared lock on daemon addresses registry.
2026-09-03T18:59:04.452+0700 [DEBUG] [org.gradle.cache.internal.DefaultFileLockManager] Lock acquired on daemon addresses registry.
2026-09-03T18:59:04.454+0700 [DEBUG] [org.gradle.cache.internal.DefaultFileLockManager] Releasing lock on daemon addresses registry.
2026-09-03T18:59:04.463+0700 [DEBUG] [org.gradle.cache.internal.DefaultFileLockManager] Waiting to acquire shared lock on daemon addresses registry.
2026-09-03T18:59:04.464+0700 [DEBUG] [org.gradle.cache.internal.DefaultFileLockManager] Lock acquired on daemon addresses registry.
2026-09-03T18:59:04.466+0700 [DEBUG] [org.gradle.cache.internal.DefaultFileLockManager] Releasing lock on daemon addresses registry.
2026-09-03T18:59:04.469+0700 [DEBUG] [org.gradle.cache.internal.DefaultFileLockManager] Waiting to acquire shared lock on daemon addresses registry.
2026-09-03T18:59:04.473+0700 [DEBUG] [org.gradle.cache.internal.DefaultFileLockManager] Lock acquired on daemon addresses registry.
2026-09-03T18:59:04.475+0700 [DEBUG] [org.gradle.cache.internal.DefaultFileLockManager] Releasing lock on daemon addresses registry.
2026-09-03T18:59:04.478+0700 [DEBUG] [org.gradle.cache.internal.DefaultFileLockManager] Waiting to acquire shared lock on daemon addresses registry.
2026-09-03T18:59:04.479+0700 [DEBUG] [org.gradle.cache.internal.DefaultFileLockManager] Lock acquired on daemon addresses registry.
2026-09-03T18:59:04.482+0700 [DEBUG] [org.gradle.cache.internal.DefaultFileLockManager] Releasing lock on daemon addresses registry.
2026-09-03T18:59:04.572+0700 [DEBUG] [org.gradle.workers.internal.WorkerDaemonExpiration] Will attempt to release 609 of memory
2026-09-03T18:59:04.573+0700 [DEBUG] [org.gradle.process.internal.health.memory.DefaultMemoryManager] 638754816 physical memory requested, 0 released, 110395392 free
2026-09-03T18:59:04.573+0700 [DEBUG] [org.gradle.cache.internal.DefaultFileLockManager] Waiting to acquire shared lock on daemon addresses registry.
2026-09-03T18:59:04.574+0700 [DEBUG] [org.gradle.process.internal.health.memory.DefaultMemoryManager] 638754816 physical memory requested, 337911808 free
2026-09-03T18:59:04.576+0700 [DEBUG] [org.gradle.cache.internal.DefaultFileLockManager] Lock acquired on daemon addresses registry.
2026-09-03T18:59:04.579+0700 [DEBUG] [org.gradle.workers.internal.WorkerDaemonExpiration] Will attempt to release 609 of memory
2026-09-03T18:59:04.579+0700 [DEBUG] [org.gradle.cache.internal.DefaultFileLockManager] Releasing lock on daemon addresses registry.
2026-09-03T18:59:04.580+0700 [DEBUG] [org.gradle.process.internal.health.memory.DefaultMemoryManager] 638754816 physical memory requested, 0 released, 337911808 free
2026-09-03T18:59:04.584+0700 [DEBUG] [org.gradle.cache.internal.DefaultFileLockManager] Waiting to acquire shared lock on daemon addresses registry.
2026-09-03T18:59:04.584+0700 [DEBUG] [org.gradle.process.internal.health.memory.DefaultMemoryManager] 638754816 physical memory requested, 338481152 free
2026-09-03T18:59:04.584+0700 [DEBUG] [org.gradle.cache.internal.DefaultFileLockManager] Lock acquired on daemon addresses registry.
2026-09-03T18:59:04.584+0700 [DEBUG] [org.gradle.workers.internal.WorkerDaemonExpiration] Will attempt to release 609 of memory
2026-09-03T18:59:04.589+0700 [DEBUG] [org.gradle.cache.internal.DefaultFileLockManager] Releasing lock on daemon addresses registry.
2026-09-03T18:59:04.589+0700 [DEBUG] [org.gradle.process.internal.health.memory.DefaultMemoryManager] 638754816 physical memory requested, 0 released, 338481152 free
2026-09-03T18:59:04.592+0700 [DEBUG] [org.gradle.cache.internal.DefaultFileLockManager] Waiting to acquire shared lock on daemon addresses registry.
2026-09-03T18:59:04.594+0700 [DEBUG] [org.gradle.cache.internal.DefaultFileLockManager] Lock acquired on daemon addresses registry.
2026-09-03T18:59:04.595+0700 [DEBUG] [org.gradle.cache.internal.DefaultFileLockManager] Releasing lock on daemon addresses registry.
2026-09-03T18:59:04.594+0700 [DEBUG] [org.gradle.process.internal.health.memory.DefaultMemoryManager] 638754816 physical memory requested, 338673664 free
2026-09-03T18:59:04.596+0700 [DEBUG] [org.gradle.workers.internal.WorkerDaemonExpiration] Will attempt to release 609 of memory
2026-09-03T18:59:04.600+0700 [DEBUG] [org.gradle.process.internal.health.memory.DefaultMemoryManager] 638754816 physical memory requested, 0 released, 338673664 free
2026-09-03T18:59:04.601+0700 [DEBUG] [org.gradle.process.internal.health.memory.DefaultMemoryManager] 638754816 physical memory requested, 331853824 free
2026-09-03T18:59:04.601+0700 [DEBUG] [org.gradle.cache.internal.DefaultFileLockManager] Waiting to acquire shared lock on daemon addresses registry.
2026-09-03T18:59:04.601+0700 [DEBUG] [org.gradle.workers.internal.WorkerDaemonExpiration] Will attempt to release 609 of memory
2026-09-03T18:59:04.601+0700 [DEBUG] [org.gradle.cache.internal.DefaultFileLockManager] Lock acquired on daemon addresses registry.
2026-09-03T18:59:04.602+0700 [DEBUG] [org.gradle.process.internal.health.memory.DefaultMemoryManager] 638754816 physical memory requested, 0 released, 331853824 free
2026-09-03T18:59:04.603+0700 [DEBUG] [org.gradle.process.internal.health.memory.DefaultMemoryManager] 638754816 physical memory requested, 331739136 free
2026-09-03T18:59:04.603+0700 [DEBUG] [org.gradle.workers.internal.WorkerDaemonExpiration] Will attempt to release 609 of memory
2026-09-03T18:59:04.603+0700 [DEBUG] [org.gradle.process.internal.health.memory.DefaultMemoryManager] 638754816 physical memory requested, 0 released, 331739136 free
2026-09-03T18:59:04.604+0700 [DEBUG] [org.gradle.cache.internal.DefaultFileLockManager] Releasing lock on daemon addresses registry.
2026-09-03T18:59:04.608+0700 [DEBUG] [org.gradle.process.internal.health.memory.DefaultMemoryManager] 638754816 physical memory requested, 331870208 free
2026-09-03T18:59:04.609+0700 [DEBUG] [org.gradle.workers.internal.WorkerDaemonExpiration] Will attempt to release 609 of memory
2026-09-03T18:59:04.610+0700 [DEBUG] [org.gradle.cache.internal.DefaultFileLockManager] Waiting to acquire shared lock on daemon addresses registry.
2026-09-03T18:59:04.620+0700 [DEBUG] [org.gradle.cache.internal.DefaultFileLockManager] Lock acquired on daemon addresses registry.
2026-09-03T18:59:04.621+0700 [DEBUG] [org.gradle.cache.internal.DefaultFileLockManager] Releasing lock on daemon addresses registry.
2026-09-03T18:59:04.626+0700 [DEBUG] [org.gradle.cache.internal.DefaultFileLockManager] Waiting to acquire shared lock on daemon addresses registry.
2026-09-03T18:59:04.629+0700 [DEBUG] [org.gradle.cache.internal.DefaultFileLockManager] Lock acquired on daemon addresses registry.
2026-09-03T18:59:04.632+0700 [DEBUG] [org.gradle.cache.internal.DefaultFileLockManager] Releasing lock on daemon addresses registry.
2026-09-03T18:59:04.651+0700 [DEBUG] [org.gradle.cache.internal.DefaultFileLockManager] Waiting to acquire shared lock on daemon addresses registry.
2026-09-03T18:59:04.653+0700 [DEBUG] [org.gradle.cache.internal.DefaultFileLockManager] Lock acquired on daemon addresses registry.
2026-09-03T18:59:04.660+0700 [DEBUG] [org.gradle.cache.internal.DefaultFileLockManager] Releasing lock on daemon addresses registry.
2026-09-03T18:59:04.664+0700 [DEBUG] [org.gradle.cache.internal.DefaultFileLockManager] Waiting to acquire shared lock on daemon addresses registry.
2026-09-03T18:59:04.665+0700 [DEBUG] [org.gradle.cache.internal.DefaultFileLockManager] Lock acquired on daemon addresses registry.
2026-09-03T18:59:04.667+0700 [DEBUG] [org.gradle.process.internal.health.memory.DefaultMemoryManager] 638754816 physical memory requested, 0 released, 331870208 free
2026-09-03T18:59:04.668+0700 [DEBUG] [org.gradle.cache.internal.DefaultFileLockManager] Releasing lock on daemon addresses registry.
2026-09-03T18:59:04.687+0700 [DEBUG] [org.gradle.process.internal.health.memory.DefaultMemoryManager] 638754816 physical memory requested, 328441856 free
2026-09-03T18:59:04.705+0700 [DEBUG] [org.gradle.cache.internal.DefaultFileLockManager] Waiting to acquire shared lock on daemon addresses registry.
2026-09-03T18:59:04.710+0700 [DEBUG] [org.gradle.cache.internal.DefaultFileLockManager] Lock acquired on daemon addresses registry.
2026-09-03T18:59:04.710+0700 [DEBUG] [org.gradle.workers.internal.WorkerDaemonExpiration] Will attempt to release 609 of memory
2026-09-03T18:59:04.715+0700 [DEBUG] [org.gradle.process.internal.health.memory.DefaultMemoryManager] 638754816 physical memory requested, 0 released, 328441856 free
2026-09-03T18:59:04.716+0700 [DEBUG] [org.gradle.cache.internal.DefaultFileLockManager] Releasing lock on daemon addresses registry.
2026-09-03T18:59:04.717+0700 [DEBUG] [org.gradle.process.internal.health.memory.DefaultMemoryManager] 638754816 physical memory requested, 327479296 free
2026-09-03T18:59:04.717+0700 [DEBUG] [org.gradle.workers.internal.WorkerDaemonExpiration] Will attempt to release 609 of memory
2026-09-03T18:59:04.720+0700 [DEBUG] [org.gradle.process.internal.health.memory.DefaultMemoryManager] 638754816 physical memory requested, 0 released, 327479296 free
2026-09-03T18:59:04.725+0700 [DEBUG] [org.gradle.process.internal.health.memory.DefaultMemoryManager] 638754816 physical memory requested, 327643136 free
2026-09-03T18:59:04.738+0700 [DEBUG] [org.gradle.workers.internal.WorkerDaemonExpiration] Will attempt to release 609 of memory
2026-09-03T18:59:04.742+0700 [DEBUG] [org.gradle.cache.internal.DefaultFileLockManager] Waiting to acquire shared lock on daemon addresses registry.
2026-09-03T18:59:04.743+0700 [DEBUG] [org.gradle.cache.internal.DefaultFileLockManager] Lock acquired on daemon addresses registry.
2026-09-03T18:59:04.747+0700 [DEBUG] [org.gradle.cache.internal.DefaultFileLockManager] Releasing lock on daemon addresses registry.
2026-09-03T18:59:04.752+0700 [DEBUG] [org.gradle.process.internal.health.memory.DefaultMemoryManager] 638754816 physical memory requested, 0 released, 327643136 free
2026-09-03T18:59:04.760+0700 [DEBUG] [org.gradle.cache.internal.DefaultFileLockManager] Waiting to acquire shared lock on daemon addresses registry.
2026-09-03T18:59:04.788+0700 [DEBUG] [org.gradle.cache.internal.DefaultFileLockManager] Lock acquired on daemon addresses registry.
2026-09-03T18:59:04.791+0700 [DEBUG] [org.gradle.process.internal.health.memory.DefaultMemoryManager] 638754816 physical memory requested, 330792960 free
2026-09-03T18:59:04.806+0700 [DEBUG] [org.gradle.cache.internal.DefaultFileLockManager] Releasing lock on daemon addresses registry.
2026-09-03T18:59:04.806+0700 [DEBUG] [org.gradle.workers.internal.WorkerDaemonExpiration] Will attempt to release 609 of memory
2026-09-03T18:59:04.819+0700 [DEBUG] [org.gradle.process.internal.health.memory.DefaultMemoryManager] 638754816 physical memory requested, 0 released, 330792960 free
2026-09-03T18:59:04.821+0700 [DEBUG] [org.gradle.process.internal.health.memory.DefaultMemoryManager] 638754816 physical memory requested, 321982464 free
2026-09-03T18:59:04.821+0700 [DEBUG] [org.gradle.workers.internal.WorkerDaemonExpiration] Will attempt to release 609 of memory
2026-09-03T18:59:04.823+0700 [DEBUG] [org.gradle.process.internal.health.memory.DefaultMemoryManager] 638754816 physical memory requested, 0 released, 321982464 free
2026-09-03T18:59:04.821+0700 [DEBUG] [org.gradle.cache.internal.DefaultFileLockManager] Waiting to acquire shared lock on daemon addresses registry.
2026-09-03T18:59:04.825+0700 [DEBUG] [org.gradle.process.internal.health.memory.DefaultMemoryManager] 638754816 physical memory requested, 324182016 free
2026-09-03T18:59:04.825+0700 [DEBUG] [org.gradle.cache.internal.DefaultFileLockManager] Lock acquired on daemon addresses registry.
2026-09-03T18:59:04.828+0700 [DEBUG] [org.gradle.cache.internal.DefaultFileLockManager] Releasing lock on daemon addresses registry.
2026-09-03T18:59:04.837+0700 [DEBUG] [org.gradle.cache.internal.DefaultFileLockManager] Waiting to acquire shared lock on daemon addresses registry.
2026-09-03T18:59:04.837+0700 [DEBUG] [org.gradle.cache.internal.DefaultFileLockManager] Lock acquired on daemon addresses registry.
2026-09-03T18:59:04.838+0700 [DEBUG] [org.gradle.cache.internal.DefaultFileLockManager] Releasing lock on daemon addresses registry.
2026-09-03T18:59:04.846+0700 [DEBUG] [org.gradle.cache.internal.DefaultFileLockManager] Waiting to acquire shared lock on daemon addresses registry.
2026-09-03T18:59:04.846+0700 [DEBUG] [org.gradle.cache.internal.DefaultFileLockManager] Lock acquired on daemon addresses registry.
2026-09-03T18:59:04.847+0700 [DEBUG] [org.gradle.cache.internal.DefaultFileLockManager] Releasing lock on daemon addresses registry.
2026-09-03T18:59:04.850+0700 [DEBUG] [org.gradle.cache.internal.DefaultFileLockManager] Waiting to acquire shared lock on daemon addresses registry.
2026-09-03T18:59:04.850+0700 [DEBUG] [org.gradle.cache.internal.DefaultFileLockManager] Lock acquired on daemon addresses registry.
2026-09-03T18:59:04.825+0700 [DEBUG] [org.gradle.workers.internal.WorkerDaemonExpiration] Will attempt to release 609 of memory
2026-09-03T18:59:04.854+0700 [DEBUG] [org.gradle.cache.internal.DefaultFileLockManager] Releasing lock on daemon addresses registry.
2026-09-03T18:59:04.880+0700 [DEBUG] [org.gradle.process.internal.health.memory.DefaultMemoryManager] 638754816 physical memory requested, 0 released, 324182016 free
2026-09-03T18:59:04.881+0700 [DEBUG] [org.gradle.cache.internal.DefaultFileLockManager] Waiting to acquire shared lock on daemon addresses registry.
2026-09-03T18:59:04.904+0700 [DEBUG] [org.gradle.cache.internal.DefaultFileLockManager] Lock acquired on daemon addresses registry.
2026-09-03T18:59:04.904+0700 [DEBUG] [org.gradle.process.internal.health.memory.DefaultMemoryManager] 638754816 physical memory requested, 319598592 free
2026-09-03T18:59:04.908+0700 [DEBUG] [org.gradle.cache.internal.DefaultFileLockManager] Releasing lock on daemon addresses registry.
2026-09-03T18:59:05.093+0700 [DEBUG] [org.gradle.cache.internal.DefaultFileLockManager] Waiting to acquire shared lock on daemon addresses registry.
2026-09-03T18:59:05.093+0700 [DEBUG] [org.gradle.cache.internal.DefaultFileLockManager] Lock acquired on daemon addresses registry.
2026-09-03T18:59:05.089+0700 [DEBUG] [org.gradle.workers.internal.WorkerDaemonExpiration] Will attempt to release 609 of memory
2026-09-03T18:59:05.103+0700 [DEBUG] [org.gradle.process.internal.health.memory.DefaultMemoryManager] 638754816 physical memory requested, 0 released, 319598592 free
2026-09-03T18:59:05.103+0700 [DEBUG] [org.gradle.process.internal.health.memory.DefaultMemoryManager] 638754816 physical memory requested, 348065792 free
2026-09-03T18:59:05.104+0700 [DEBUG] [org.gradle.workers.internal.WorkerDaemonExpiration] Will attempt to release 609 of memory
2026-09-03T18:59:05.122+0700 [DEBUG] [org.gradle.cache.internal.DefaultFileLockManager] Releasing lock on daemon addresses registry.
2026-09-03T18:59:05.122+0700 [DEBUG] [org.gradle.process.internal.health.memory.DefaultMemoryManager] 638754816 physical memory requested, 0 released, 348065792 free
2026-09-03T18:59:05.123+0700 [DEBUG] [org.gradle.process.internal.health.memory.DefaultMemoryManager] 638754816 physical memory requested, 348766208 free
2026-09-03T18:59:05.127+0700 [DEBUG] [org.gradle.cache.internal.DefaultFileLockManager] Waiting to acquire shared lock on daemon addresses registry.
2026-09-03T18:59:05.148+0700 [DEBUG] [org.gradle.cache.internal.DefaultFileLockManager] Lock acquired on daemon addresses registry.
2026-09-03T18:59:05.149+0700 [DEBUG] [org.gradle.cache.internal.DefaultFileLockManager] Releasing lock on daemon addresses registry.
2026-09-03T18:59:05.127+0700 [DEBUG] [org.gradle.workers.internal.WorkerDaemonExpiration] Will attempt to release 609 of memory
2026-09-03T18:59:05.155+0700 [DEBUG] [org.gradle.process.internal.health.memory.DefaultMemoryManager] 638754816 physical memory requested, 0 released, 348766208 free
2026-09-03T18:59:05.178+0700 [DEBUG] [org.gradle.process.internal.health.memory.DefaultMemoryManager] 638754816 physical memory requested, 342069248 free
2026-09-03T18:59:05.179+0700 [DEBUG] [org.gradle.workers.internal.WorkerDaemonExpiration] Will attempt to release 609 of memory
2026-09-03T18:59:05.179+0700 [DEBUG] [org.gradle.process.internal.health.memory.DefaultMemoryManager] 638754816 physical memory requested, 0 released, 342069248 free
2026-09-03T18:59:05.180+0700 [DEBUG] [org.gradle.process.internal.health.memory.DefaultMemoryManager] 638754816 physical memory requested, 342294528 free
2026-09-03T18:59:05.180+0700 [DEBUG] [org.gradle.workers.internal.WorkerDaemonExpiration] Will attempt to release 609 of memory
2026-09-03T18:59:05.181+0700 [DEBUG] [org.gradle.process.internal.health.memory.DefaultMemoryManager] 638754816 physical memory requested, 0 released, 342294528 free
2026-09-03T18:59:05.182+0700 [DEBUG] [org.gradle.process.internal.health.memory.DefaultMemoryManager] 638754816 physical memory requested, 342274048 free
2026-09-03T18:59:05.182+0700 [DEBUG] [org.gradle.workers.internal.WorkerDaemonExpiration] Will attempt to release 609 of memory
2026-09-03T18:59:05.182+0700 [DEBUG] [org.gradle.process.internal.health.memory.DefaultMemoryManager] 638754816 physical memory requested, 0 released, 342274048 free
2026-09-03T18:59:05.183+0700 [DEBUG] [org.gradle.process.internal.health.memory.DefaultMemoryManager] 638754816 physical memory requested, 342568960 free
2026-09-03T18:59:05.183+0700 [DEBUG] [org.gradle.workers.internal.WorkerDaemonExpiration] Will attempt to release 609 of memory
2026-09-03T18:59:05.184+0700 [DEBUG] [org.gradle.process.internal.health.memory.DefaultMemoryManager] 638754816 physical memory requested, 0 released, 342568960 free
2026-09-03T18:59:05.184+0700 [DEBUG] [org.gradle.process.internal.health.memory.DefaultMemoryManager] 638754816 physical memory requested, 342556672 free
2026-09-03T18:59:05.184+0700 [DEBUG] [org.gradle.workers.internal.WorkerDaemonExpiration] Will attempt to release 609 of memory
2026-09-03T18:59:05.185+0700 [DEBUG] [org.gradle.process.internal.health.memory.DefaultMemoryManager] 638754816 physical memory requested, 0 released, 342556672 free
2026-09-03T18:59:05.185+0700 [DEBUG] [org.gradle.process.internal.health.memory.DefaultMemoryManager] 638754816 physical memory requested, 342556672 free
2026-09-03T18:59:05.186+0700 [DEBUG] [org.gradle.workers.internal.WorkerDaemonExpiration] Will attempt to release 609 of memory
2026-09-03T18:59:05.186+0700 [DEBUG] [org.gradle.process.internal.health.memory.DefaultMemoryManager] 638754816 physical memory requested, 0 released, 342556672 free
2026-09-03T18:59:05.186+0700 [DEBUG] [org.gradle.process.internal.health.memory.DefaultMemoryManager] 638754816 physical memory requested, 342687744 free
2026-09-03T18:59:05.187+0700 [DEBUG] [org.gradle.workers.internal.WorkerDaemonExpiration] Will attempt to release 609 of memory
2026-09-03T18:59:05.187+0700 [DEBUG] [org.gradle.process.internal.health.memory.DefaultMemoryManager] 638754816 physical memory requested, 0 released, 342687744 free
2026-09-03T18:59:05.187+0700 [DEBUG] [org.gradle.process.internal.health.memory.DefaultMemoryManager] 638754816 physical memory requested, 342740992 free
2026-09-03T18:59:05.187+0700 [DEBUG] [org.gradle.workers.internal.WorkerDaemonExpiration] Will attempt to release 609 of memory
2026-09-03T18:59:05.188+0700 [DEBUG] [org.gradle.process.internal.health.memory.DefaultMemoryManager] 638754816 physical memory requested, 0 released, 342740992 free
2026-09-03T18:59:05.188+0700 [DEBUG] [org.gradle.process.internal.health.memory.DefaultMemoryManager] 638754816 physical memory requested, 342732800 free
2026-09-03T18:59:05.188+0700 [DEBUG] [org.gradle.workers.internal.WorkerDaemonExpiration] Will attempt to release 609 of memory
2026-09-03T18:59:05.217+0700 [DEBUG] [org.gradle.process.internal.health.memory.DefaultMemoryManager] 638754816 physical memory requested, 0 released, 342732800 free
2026-09-03T18:59:05.218+0700 [DEBUG] [org.gradle.process.internal.health.memory.DefaultMemoryManager] 638754816 physical memory requested, 346447872 free
2026-09-03T18:59:05.218+0700 [DEBUG] [org.gradle.workers.internal.WorkerDaemonExpiration] Will attempt to release 609 of memory
2026-09-03T18:59:05.218+0700 [DEBUG] [org.gradle.process.internal.health.memory.DefaultMemoryManager] 638754816 physical memory requested, 0 released, 346447872 free
2026-09-03T18:59:05.261+0700 [DEBUG] [org.gradle.process.internal.health.memory.DefaultMemoryManager] 638754816 physical memory requested, 346505216 free
2026-09-03T18:59:05.261+0700 [DEBUG] [org.gradle.workers.internal.WorkerDaemonExpiration] Will attempt to release 609 of memory
2026-09-03T18:59:05.262+0700 [DEBUG] [org.gradle.process.internal.health.memory.DefaultMemoryManager] 638754816 physical memory requested, 0 released, 346505216 free
2026-09-03T18:59:05.262+0700 [DEBUG] [org.gradle.process.internal.health.memory.DefaultMemoryManager] 638754816 physical memory requested, 353607680 free
2026-09-03T18:59:05.262+0700 [DEBUG] [org.gradle.workers.internal.WorkerDaemonExpiration] Will attempt to release 609 of memory
2026-09-03T18:59:05.262+0700 [DEBUG] [org.gradle.process.internal.health.memory.DefaultMemoryManager] 638754816 physical memory requested, 0 released, 353607680 free
2026-09-03T18:59:05.262+0700 [DEBUG] [org.gradle.process.internal.health.memory.DefaultMemoryManager] 638754816 physical memory requested, 353566720 free
2026-09-03T18:59:05.263+0700 [DEBUG] [org.gradle.workers.internal.WorkerDaemonExpiration] Will attempt to release 609 of memory
2026-09-03T18:59:05.263+0700 [DEBUG] [org.gradle.process.internal.health.memory.DefaultMemoryManager] 638754816 physical memory requested, 0 released, 353566720 free
2026-09-03T18:59:05.312+0700 [DEBUG] [org.gradle.cache.internal.DefaultFileLockManager] Waiting to acquire shared lock on daemon addresses registry.
2026-09-03T18:59:05.313+0700 [DEBUG] [org.gradle.cache.internal.DefaultFileLockManager] Lock acquired on daemon addresses registry.
2026-09-03T18:59:05.335+0700 [DEBUG] [org.gradle.cache.internal.DefaultFileLockManager] Releasing lock on daemon addresses registry.
2026-09-03T18:59:05.337+0700 [DEBUG] [org.gradle.cache.internal.DefaultFileLockManager] Waiting to acquire shared lock on daemon addresses registry.
2026-09-03T18:59:05.337+0700 [DEBUG] [org.gradle.cache.internal.DefaultFileLockManager] Lock acquired on daemon addresses registry.
2026-09-03T18:59:05.338+0700 [DEBUG] [org.gradle.cache.internal.DefaultFileLockManager] Releasing lock on daemon addresses registry.
2026-09-03T18:59:05.339+0700 [DEBUG] [org.gradle.cache.internal.DefaultFileLockManager] Waiting to acquire shared lock on daemon addresses registry.
2026-09-03T18:59:05.382+0700 [DEBUG] [org.gradle.cache.internal.DefaultFileLockManager] Lock acquired on daemon addresses registry.
2026-09-03T18:59:05.383+0700 [DEBUG] [org.gradle.cache.internal.DefaultFileLockManager] Releasing lock on daemon addresses registry.
2026-09-03T18:59:05.406+0700 [DEBUG] [org.gradle.cache.internal.DefaultFileLockManager] Waiting to acquire shared lock on daemon addresses registry.
2026-09-03T18:59:05.409+0700 [DEBUG] [org.gradle.cache.internal.DefaultFileLockManager] Lock acquired on daemon addresses registry.
2026-09-03T18:59:05.411+0700 [DEBUG] [org.gradle.cache.internal.DefaultFileLockManager] Releasing lock on daemon addresses registry.
2026-09-03T18:59:05.453+0700 [DEBUG] [org.gradle.cache.internal.DefaultFileLockManager] Waiting to acquire shared lock on daemon addresses registry.
2026-09-03T18:59:05.453+0700 [DEBUG] [org.gradle.cache.internal.DefaultFileLockManager] Lock acquired on daemon addresses registry.
2026-09-03T18:59:05.504+0700 [DEBUG] [org.gradle.cache.internal.DefaultFileLockManager] Releasing lock on daemon addresses registry.
2026-09-03T18:59:05.533+0700 [DEBUG] [org.gradle.cache.internal.DefaultFileLockManager] Waiting to acquire shared lock on daemon addresses registry.
2026-09-03T18:59:05.533+0700 [DEBUG] [org.gradle.cache.internal.DefaultFileLockManager] Lock acquired on daemon addresses registry.
2026-09-03T18:59:05.534+0700 [DEBUG] [org.gradle.cache.internal.DefaultFileLockManager] Releasing lock on daemon addresses registry.
2026-09-03T18:59:05.536+0700 [DEBUG] [org.gradle.cache.internal.DefaultFileLockManager] Waiting to acquire shared lock on daemon addresses registry.
2026-09-03T18:59:05.536+0700 [DEBUG] [org.gradle.cache.internal.DefaultFileLockManager] Lock acquired on daemon addresses registry.
2026-09-03T18:59:05.537+0700 [DEBUG] [org.gradle.cache.internal.DefaultFileLockManager] Releasing lock on daemon addresses registry.
2026-09-03T18:59:05.559+0700 [DEBUG] [org.gradle.cache.internal.DefaultFileLockManager] Waiting to acquire shared lock on daemon addresses registry.
2026-09-03T18:59:05.559+0700 [DEBUG] [org.gradle.cache.internal.DefaultFileLockManager] Lock acquired on daemon addresses registry.
2026-09-03T18:59:05.559+0700 [DEBUG] [org.gradle.cache.internal.DefaultFileLockManager] Releasing lock on daemon addresses registry.
2026-09-03T18:59:05.560+0700 [DEBUG] [org.gradle.cache.internal.DefaultFileLockManager] Waiting to acquire shared lock on daemon addresses registry.
2026-09-03T18:59:05.561+0700 [DEBUG] [org.gradle.cache.internal.DefaultFileLockManager] Lock acquired on daemon addresses registry.
2026-09-03T18:59:05.561+0700 [DEBUG] [org.gradle.cache.internal.DefaultFileLockManager] Releasing lock on daemon addresses registry.
2026-09-03T18:59:05.563+0700 [DEBUG] [org.gradle.cache.internal.DefaultFileLockManager] Waiting to acquire shared lock on daemon addresses registry.
2026-09-03T18:59:05.563+0700 [DEBUG] [org.gradle.cache.internal.DefaultFileLockManager] Lock acquired on daemon addresses registry.
2026-09-03T18:59:05.563+0700 [DEBUG] [org.gradle.cache.internal.DefaultFileLockManager] Releasing lock on daemon addresses registry.
2026-09-03T18:59:05.666+0700 [DEBUG] [org.gradle.cache.internal.DefaultFileLockManager] Waiting to acquire shared lock on daemon addresses registry.
2026-09-03T18:59:05.666+0700 [DEBUG] [org.gradle.cache.internal.DefaultFileLockManager] Lock acquired on daemon addresses registry.
2026-09-03T18:59:05.667+0700 [DEBUG] [org.gradle.cache.internal.DefaultFileLockManager] Releasing lock on daemon addresses registry.
2026-09-03T18:59:05.670+0700 [DEBUG] [org.gradle.cache.internal.DefaultFileLockManager] Waiting to acquire shared lock on daemon addresses registry.
2026-09-03T18:59:05.671+0700 [DEBUG] [org.gradle.cache.internal.DefaultFileLockManager] Lock acquired on daemon addresses registry.
2026-09-03T18:59:05.672+0700 [DEBUG] [org.gradle.cache.internal.DefaultFileLockManager] Releasing lock on daemon addresses registry.
2026-09-03T18:59:05.675+0700 [DEBUG] [org.gradle.cache.internal.DefaultFileLockManager] Waiting to acquire shared lock on daemon addresses registry.
2026-09-03T18:59:05.676+0700 [DEBUG] [org.gradle.cache.internal.DefaultFileLockManager] Lock acquired on daemon addresses registry.
2026-09-03T18:59:05.694+0700 [DEBUG] [org.gradle.cache.internal.DefaultFileLockManager] Releasing lock on daemon addresses registry.
2026-09-03T18:59:05.696+0700 [DEBUG] [org.gradle.cache.internal.DefaultFileLockManager] Waiting to acquire shared lock on daemon addresses registry.
2026-09-03T18:59:05.697+0700 [DEBUG] [org.gradle.cache.internal.DefaultFileLockManager] Lock acquired on daemon addresses registry.
2026-09-03T18:59:05.798+0700 [DEBUG] [org.gradle.cache.internal.DefaultFileLockManager] Releasing lock on daemon addresses registry.
2026-09-03T18:59:05.800+0700 [DEBUG] [org.gradle.cache.internal.DefaultFileLockManager] Waiting to acquire shared lock on daemon addresses registry.
2026-09-03T18:59:05.800+0700 [DEBUG] [org.gradle.cache.internal.DefaultFileLockManager] Lock acquired on daemon addresses registry.
2026-09-03T18:59:05.896+0700 [DEBUG] [org.gradle.cache.internal.DefaultFileLockManager] Releasing lock on daemon addresses registry.
2026-09-03T18:59:05.901+0700 [DEBUG] [org.gradle.cache.internal.DefaultFileLockManager] Waiting to acquire shared lock on daemon addresses registry.
2026-09-03T18:59:05.902+0700 [DEBUG] [org.gradle.cache.internal.DefaultFileLockManager] Lock acquired on daemon addresses registry.
2026-09-03T18:59:05.928+0700 [DEBUG] [org.gradle.cache.internal.DefaultFileLockManager] Releasing lock on daemon addresses registry.
2026-09-03T18:59:05.956+0700 [DEBUG] [org.gradle.cache.internal.DefaultFileLockManager] Waiting to acquire shared lock on daemon addresses registry.
2026-09-03T18:59:05.957+0700 [DEBUG] [org.gradle.cache.internal.DefaultFileLockManager] Lock acquired on daemon addresses registry.
2026-09-03T18:59:05.958+0700 [DEBUG] [org.gradle.cache.internal.DefaultFileLockManager] Releasing lock on daemon addresses registry.
2026-09-03T18:59:05.962+0700 [DEBUG] [org.gradle.cache.internal.DefaultFileLockManager] Waiting to acquire shared lock on daemon addresses registry.
2026-09-03T18:59:05.962+0700 [DEBUG] [org.gradle.cache.internal.DefaultFileLockManager] Lock acquired on daemon addresses registry.
2026-09-03T18:59:05.964+0700 [DEBUG] [org.gradle.cache.internal.DefaultFileLockManager] Releasing lock on daemon addresses registry.
2026-09-03T18:59:06.037+0700 [DEBUG] [org.gradle.cache.internal.DefaultFileLockManager] Waiting to acquire shared lock on daemon addresses registry.
2026-09-03T18:59:06.038+0700 [DEBUG] [org.gradle.cache.internal.DefaultFileLockManager] Lock acquired on daemon addresses registry.
2026-09-03T18:59:06.040+0700 [DEBUG] [org.gradle.cache.internal.DefaultFileLockManager] Releasing lock on daemon addresses registry.
2026-09-03T18:59:06.051+0700 [DEBUG] [org.gradle.cache.internal.DefaultFileLockManager] Waiting to acquire shared lock on daemon addresses registry.
2026-09-03T18:59:06.052+0700 [DEBUG] [org.gradle.cache.internal.DefaultFileLockManager] Lock acquired on daemon addresses registry.
2026-09-03T18:59:06.056+0700 [DEBUG] [org.gradle.cache.internal.DefaultFileLockManager] Releasing lock on daemon addresses registry.
2026-09-03T18:59:06.070+0700 [DEBUG] [org.gradle.cache.internal.DefaultFileLockManager] Waiting to acquire shared lock on daemon addresses registry.
2026-09-03T18:59:06.071+0700 [DEBUG] [org.gradle.cache.internal.DefaultFileLockManager] Lock acquired on daemon addresses registry.
2026-09-03T18:59:06.073+0700 [DEBUG] [org.gradle.cache.internal.DefaultFileLockManager] Releasing lock on daemon addresses registry.
2026-09-03T18:59:06.088+0700 [DEBUG] [org.gradle.cache.internal.DefaultFileLockManager] Waiting to acquire shared lock on daemon addresses registry.
2026-09-03T18:59:06.089+0700 [DEBUG] [org.gradle.cache.internal.DefaultFileLockManager] Lock acquired on daemon addresses registry.
2026-09-03T18:59:06.100+0700 [DEBUG] [org.gradle.cache.internal.DefaultFileLockManager] Releasing lock on daemon addresses registry.
2026-09-03T18:59:06.117+0700 [DEBUG] [org.gradle.cache.internal.DefaultFileLockManager] Waiting to acquire shared lock on daemon addresses registry.
2026-09-03T18:59:06.117+0700 [DEBUG] [org.gradle.cache.internal.DefaultFileLockManager] Lock acquired on daemon addresses registry.
2026-09-03T18:59:06.119+0700 [DEBUG] [org.gradle.cache.internal.DefaultFileLockManager] Releasing lock on daemon addresses registry.
2026-09-03T18:59:06.125+0700 [DEBUG] [org.gradle.cache.internal.DefaultFileLockManager] Waiting to acquire shared lock on daemon addresses registry.
2026-09-03T18:59:06.125+0700 [DEBUG] [org.gradle.cache.internal.DefaultFileLockManager] Lock acquired on daemon addresses registry.
2026-09-03T18:59:06.126+0700 [DEBUG] [org.gradle.cache.internal.DefaultFileLockManager] Releasing lock on daemon addresses registry.
2026-09-03T18:59:06.137+0700 [DEBUG] [org.gradle.cache.internal.DefaultFileLockManager] Waiting to acquire shared lock on daemon addresses registry.
2026-09-03T18:59:06.139+0700 [DEBUG] [org.gradle.cache.internal.DefaultFileLockManager] Lock acquired on daemon addresses registry.
2026-09-03T18:59:06.140+0700 [DEBUG] [org.gradle.cache.internal.DefaultFileLockManager] Releasing lock on daemon addresses registry.
2026-09-03T18:59:06.144+0700 [DEBUG] [org.gradle.cache.internal.DefaultFileLockManager] Waiting to acquire shared lock on daemon addresses registry.
2026-09-03T18:59:06.145+0700 [DEBUG] [org.gradle.cache.internal.DefaultFileLockManager] Lock acquired on daemon addresses registry.
2026-09-03T18:59:06.147+0700 [DEBUG] [org.gradle.cache.internal.DefaultFileLockManager] Releasing lock on daemon addresses registry.
2026-09-03T18:59:06.150+0700 [DEBUG] [org.gradle.cache.internal.DefaultFileLockManager] Waiting to acquire shared lock on daemon addresses registry.
2026-09-03T18:59:06.167+0700 [DEBUG] [org.gradle.cache.internal.DefaultFileLockManager] Lock acquired on daemon addresses registry.
2026-09-03T18:59:06.170+0700 [DEBUG] [org.gradle.cache.internal.DefaultFileLockManager] Releasing lock on daemon addresses registry.
2026-09-03T18:59:06.189+0700 [DEBUG] [org.gradle.cache.internal.DefaultFileLockManager] Waiting to acquire shared lock on daemon addresses registry.
2026-09-03T18:59:06.190+0700 [DEBUG] [org.gradle.cache.internal.DefaultFileLockManager] Lock acquired on daemon addresses registry.
2026-09-03T18:59:06.192+0700 [DEBUG] [org.gradle.cache.internal.DefaultFileLockManager] Releasing lock on daemon addresses registry.
2026-09-03T18:59:06.230+0700 [DEBUG] [org.gradle.cache.internal.DefaultFileLockManager] Waiting to acquire shared lock on daemon addresses registry.
2026-09-03T18:59:06.231+0700 [DEBUG] [org.gradle.cache.internal.DefaultFileLockManager] Lock acquired on daemon addresses registry.
2026-09-03T18:59:06.233+0700 [DEBUG] [org.gradle.cache.internal.DefaultFileLockManager] Releasing lock on daemon addresses registry.
2026-09-03T18:59:06.236+0700 [DEBUG] [org.gradle.cache.internal.DefaultFileLockManager] Waiting to acquire shared lock on daemon addresses registry.
2026-09-03T18:59:06.236+0700 [DEBUG] [org.gradle.cache.internal.DefaultFileLockManager] Lock acquired on daemon addresses registry.
2026-09-03T18:59:06.238+0700 [DEBUG] [org.gradle.cache.internal.DefaultFileLockManager] Releasing lock on daemon addresses registry.
2026-09-03T18:59:06.245+0700 [DEBUG] [org.gradle.cache.internal.DefaultFileLockManager] Waiting to acquire shared lock on daemon addresses registry.
2026-09-03T18:59:06.245+0700 [DEBUG] [org.gradle.cache.internal.DefaultFileLockManager] Lock acquired on daemon addresses registry.
2026-09-03T18:59:06.246+0700 [DEBUG] [org.gradle.cache.internal.DefaultFileLockManager] Releasing lock on daemon addresses registry.
2026-09-03T18:59:06.301+0700 [DEBUG] [org.gradle.cache.internal.DefaultFileLockManager] Waiting to acquire shared lock on daemon addresses registry.
2026-09-03T18:59:06.302+0700 [DEBUG] [org.gradle.cache.internal.DefaultFileLockManager] Lock acquired on daemon addresses registry.
2026-09-03T18:59:06.311+0700 [DEBUG] [org.gradle.cache.internal.DefaultFileLockManager] Releasing lock on daemon addresses registry.
2026-09-03T18:59:06.326+0700 [DEBUG] [org.gradle.cache.internal.DefaultFileLockManager] Waiting to acquire shared lock on daemon addresses registry.
2026-09-03T18:59:06.335+0700 [DEBUG] [org.gradle.cache.internal.DefaultFileLockManager] Lock acquired on daemon addresses registry.
2026-09-03T18:59:06.336+0700 [DEBUG] [org.gradle.cache.internal.DefaultFileLockManager] Releasing lock on daemon addresses registry.
2026-09-03T18:59:06.352+0700 [DEBUG] [org.gradle.cache.internal.DefaultFileLockManager] Waiting to acquire shared lock on daemon addresses registry.
2026-09-03T18:59:06.353+0700 [DEBUG] [org.gradle.cache.internal.DefaultFileLockManager] Lock acquired on daemon addresses registry.
2026-09-03T18:59:06.356+0700 [DEBUG] [org.gradle.cache.internal.DefaultFileLockManager] Releasing lock on daemon addresses registry.
2026-09-03T18:59:06.365+0700 [DEBUG] [org.gradle.cache.internal.DefaultFileLockManager] Waiting to acquire shared lock on daemon addresses registry.
2026-09-03T18:59:06.365+0700 [DEBUG] [org.gradle.cache.internal.DefaultFileLockManager] Lock acquired on daemon addresses registry.
2026-09-03T18:59:06.366+0700 [DEBUG] [org.gradle.cache.internal.DefaultFileLockManager] Releasing lock on daemon addresses registry.
2026-09-03T18:59:10.164+0700 [DEBUG] [org.gradle.process.internal.health.memory.DefaultMemoryManager] 638754816 physical memory requested, 459190272 free
2026-09-03T18:59:10.167+0700 [DEBUG] [org.gradle.workers.internal.WorkerDaemonExpiration] Will attempt to release 609 of memory
2026-09-03T18:59:10.167+0700 [DEBUG] [org.gradle.process.internal.health.memory.DefaultMemoryManager] 638754816 physical memory requested, 0 released, 459190272 free
2026-09-03T18:59:10.757+0700 [DEBUG] [org.gradle.cache.internal.DefaultFileLockManager] Waiting to acquire shared lock on daemon addresses registry.
2026-09-03T18:59:10.769+0700 [DEBUG] [org.gradle.cache.internal.DefaultFileLockManager] Lock acquired on daemon addresses registry.
2026-09-03T18:59:10.771+0700 [DEBUG] [org.gradle.cache.internal.DefaultFileLockManager] Releasing lock on daemon addresses registry.
2026-09-03T18:59:10.790+0700 [DEBUG] [org.gradle.cache.internal.DefaultFileLockManager] Waiting to acquire shared lock on daemon addresses registry.
2026-09-03T18:59:10.791+0700 [DEBUG] [org.gradle.cache.internal.DefaultFileLockManager] Lock acquired on daemon addresses registry.
2026-09-03T18:59:10.791+0700 [DEBUG] [org.gradle.cache.internal.DefaultFileLockManager] Releasing lock on daemon addresses registry.
2026-09-03T18:59:10.793+0700 [DEBUG] [org.gradle.cache.internal.DefaultFileLockManager] Waiting to acquire shared lock on daemon addresses registry.
2026-09-03T18:59:10.794+0700 [DEBUG] [org.gradle.cache.internal.DefaultFileLockManager] Lock acquired on daemon addresses registry.
2026-09-03T18:59:10.794+0700 [DEBUG] [org.gradle.cache.internal.DefaultFileLockManager] Releasing lock on daemon addresses registry.
2026-09-03T18:59:14.992+0700 [DEBUG] [org.gradle.process.internal.health.memory.DefaultMemoryManager] 638754816 physical memory requested, 303022080 free
2026-09-03T18:59:14.993+0700 [DEBUG] [org.gradle.workers.internal.WorkerDaemonExpiration] Will attempt to release 609 of memory
2026-09-03T18:59:15.276+0700 [DEBUG] [org.gradle.process.internal.health.memory.DefaultMemoryManager] 638754816 physical memory requested, 0 released, 303022080 free
2026-09-03T18:59:19.798+0700 [DEBUG] [org.gradle.process.internal.health.memory.DefaultMemoryManager] 638754816 physical memory requested, 414232576 free
2026-09-03T18:59:19.826+0700 [DEBUG] [org.gradle.workers.internal.WorkerDaemonExpiration] Will attempt to release 609 of memory
2026-09-03T18:59:19.826+0700 [DEBUG] [org.gradle.process.internal.health.memory.DefaultMemoryManager] 638754816 physical memory requested, 0 released, 414232576 free
2026-09-03T18:59:20.577+0700 [DEBUG] [org.gradle.cache.internal.DefaultFileLockManager] Waiting to acquire shared lock on daemon addresses registry.
2026-09-03T18:59:20.578+0700 [DEBUG] [org.gradle.cache.internal.DefaultFileLockManager] Lock acquired on daemon addresses registry.
2026-09-03T18:59:20.579+0700 [DEBUG] [org.gradle.cache.internal.DefaultFileLockManager] Releasing lock on daemon addresses registry.
2026-09-03T18:59:20.584+0700 [DEBUG] [org.gradle.cache.internal.DefaultFileLockManager] Waiting to acquire shared lock on daemon addresses registry.
2026-09-03T18:59:20.585+0700 [DEBUG] [org.gradle.cache.internal.DefaultFileLockManager] Lock acquired on daemon addresses registry.
2026-09-03T18:59:20.586+0700 [DEBUG] [org.gradle.cache.internal.DefaultFileLockManager] Releasing lock on daemon addresses registry.
2026-09-03T18:59:20.599+0700 [DEBUG] [org.gradle.cache.internal.DefaultFileLockManager] Waiting to acquire shared lock on daemon addresses registry.
2026-09-03T18:59:20.599+0700 [DEBUG] [org.gradle.cache.internal.DefaultFileLockManager] Lock acquired on daemon addresses registry.
2026-09-03T18:59:20.600+0700 [DEBUG] [org.gradle.cache.internal.DefaultFileLockManager] Releasing lock on daemon addresses registry.
2026-09-03T18:59:24.794+0700 [DEBUG] [org.gradle.process.internal.health.memory.DefaultMemoryManager] 638754816 physical memory requested, 306122752 free
2026-09-03T18:59:24.795+0700 [DEBUG] [org.gradle.workers.internal.WorkerDaemonExpiration] Will attempt to release 609 of memory
2026-09-03T18:59:24.795+0700 [DEBUG] [org.gradle.process.internal.health.memory.DefaultMemoryManager] 638754816 physical memory requested, 0 released, 306122752 free
2026-09-03T18:59:29.793+0700 [DEBUG] [org.gradle.process.internal.health.memory.DefaultMemoryManager] 638754816 physical memory requested, 293765120 free
2026-09-03T18:59:29.795+0700 [DEBUG] [org.gradle.workers.internal.WorkerDaemonExpiration] Will attempt to release 609 of memory
2026-09-03T18:59:29.796+0700 [DEBUG] [org.gradle.process.internal.health.memory.DefaultMemoryManager] 638754816 physical memory requested, 0 released, 293765120 free
2026-09-03T18:59:30.575+0700 [DEBUG] [org.gradle.cache.internal.DefaultFileLockManager] Waiting to acquire shared lock on daemon addresses registry.
2026-09-03T18:59:30.575+0700 [DEBUG] [org.gradle.cache.internal.DefaultFileLockManager] Lock acquired on daemon addresses registry.
2026-09-03T18:59:30.628+0700 [DEBUG] [org.gradle.cache.internal.DefaultFileLockManager] Releasing lock on daemon addresses registry.
2026-09-03T18:59:30.633+0700 [DEBUG] [org.gradle.cache.internal.DefaultFileLockManager] Waiting to acquire shared lock on daemon addresses registry.
2026-09-03T18:59:30.635+0700 [DEBUG] [org.gradle.cache.internal.DefaultFileLockManager] Lock acquired on daemon addresses registry.
2026-09-03T18:59:30.636+0700 [DEBUG] [org.gradle.cache.internal.DefaultFileLockManager] Releasing lock on daemon addresses registry.
2026-09-03T18:59:30.641+0700 [DEBUG] [org.gradle.cache.internal.DefaultFileLockManager] Waiting to acquire shared lock on daemon addresses registry.
2026-09-03T18:59:30.641+0700 [DEBUG] [org.gradle.cache.internal.DefaultFileLockManager] Lock acquired on daemon addresses registry.
2026-09-03T18:59:30.646+0700 [DEBUG] [org.gradle.cache.internal.DefaultFileLockManager] Releasing lock on daemon addresses registry.
2026-09-03T18:59:34.785+0700 [DEBUG] [org.gradle.process.internal.health.memory.DefaultMemoryManager] 638754816 physical memory requested, 376926208 free
2026-09-03T18:59:34.795+0700 [DEBUG] [org.gradle.workers.internal.WorkerDaemonExpiration] Will attempt to release 609 of memory
2026-09-03T18:59:34.795+0700 [DEBUG] [org.gradle.process.internal.health.memory.DefaultMemoryManager] 638754816 physical memory requested, 0 released, 376926208 free
2026-09-03T18:59:37.804+0700 [DEBUG] [org.gradle.internal.remote.internal.inet.TcpIncomingConnector] Accepted connection from /127.0.0.1:57713 to /127.0.0.1:54027.
2026-09-03T18:59:38.424+0700 [DEBUG] [org.gradle.launcher.daemon.server.SynchronizedDispatchConnection] thread 160: received class org.gradle.launcher.daemon.protocol.Build
2026-09-03T18:59:38.437+0700 [DEBUG] [org.gradle.launcher.daemon.server.DefaultDaemonConnection] thread 160: Received non-IO message from client: Build{id=465024f4-6fad-44a1-a8a3-a549fbcd2aeb, currentDir=D:\AbsensiSeleksi}
2026-09-03T18:59:38.442+0700 [INFO] [org.gradle.launcher.daemon.server.DefaultIncomingConnectionHandler] Received command: Build{id=465024f4-6fad-44a1-a8a3-a549fbcd2aeb, currentDir=D:\AbsensiSeleksi}.
2026-09-03T18:59:38.447+0700 [DEBUG] [org.gradle.launcher.daemon.server.DefaultIncomingConnectionHandler] Starting executing command: Build{id=465024f4-6fad-44a1-a8a3-a549fbcd2aeb, currentDir=D:\AbsensiSeleksi} with connection: socket connection from /127.0.0.1:54027 to /127.0.0.1:57713.
2026-09-03T18:59:38.487+0700 [DEBUG] [org.gradle.launcher.daemon.server.DaemonStateCoordinator] Command execution: started DaemonCommandExecution[command = Build{id=465024f4-6fad-44a1-a8a3-a549fbcd2aeb, currentDir=D:\AbsensiSeleksi}, connection = DefaultDaemonConnection: socket connection from /127.0.0.1:54027 to /127.0.0.1:57713] after 12.946633333333333 minutes of idle
2026-09-03T18:59:38.493+0700 [INFO] [org.gradle.launcher.daemon.server.DaemonRegistryUpdater] Marking the daemon as busy, address: [f2f1712e-f482-409b-b31d-d4d926729cf0 port:54027, addresses:[localhost/127.0.0.1]]
2026-09-03T18:59:38.494+0700 [DEBUG] [org.gradle.launcher.daemon.registry.PersistentDaemonRegistry] Marking busy by address: [f2f1712e-f482-409b-b31d-d4d926729cf0 port:54027, addresses:[localhost/127.0.0.1]]
2026-09-03T18:59:38.518+0700 [DEBUG] [org.gradle.cache.internal.DefaultFileLockManager] Waiting to acquire exclusive lock on daemon addresses registry.
2026-09-03T18:59:38.538+0700 [DEBUG] [org.gradle.cache.internal.DefaultFileLockManager] Lock acquired on daemon addresses registry.
2026-09-03T18:59:38.598+0700 [DEBUG] [org.gradle.cache.internal.DefaultFileLockManager] Releasing lock on daemon addresses registry.
2026-09-03T18:59:38.626+0700 [DEBUG] [org.gradle.launcher.daemon.server.DaemonStateCoordinator] resetting idle timer
2026-09-03T18:59:38.647+0700 [DEBUG] [org.gradle.launcher.daemon.server.DaemonStateCoordinator] daemon is running. Sleeping until state changes.
2026-09-03T18:59:38.686+0700 [INFO] [org.gradle.launcher.daemon.server.exec.StartBuildOrRespondWithBusy] Daemon is about to start building Build{id=465024f4-6fad-44a1-a8a3-a549fbcd2aeb, currentDir=D:\AbsensiSeleksi}. Dispatching build started information...
2026-09-03T18:59:38.689+0700 [DEBUG] [org.gradle.launcher.daemon.server.SynchronizedDispatchConnection] thread 162: dispatching org.gradle.launcher.daemon.protocol.BuildStarted@2eeba034
2026-09-03T18:59:38.754+0700 [DEBUG] [org.gradle.launcher.daemon.server.exec.EstablishBuildEnvironment] Configuring env variables: [USERDOMAIN_ROAMINGPROFILE, LOCALAPPDATA, ChocolateyLastPathUpdate, PROCESSOR_LEVEL, USERDOMAIN, EFC_2376_1592913036, LOGONSERVER, SESSIONNAME, ALLUSERSPROFILE, PROCESSOR_ARCHITECTURE, PSModulePath, SystemDrive, asl.log, OneDrive, APPDATA, USERNAME, ChocolateyInstall, ProgramFiles(x86), CommonProgramFiles, Path, PATHEXT, DriverData, OS, OneDriveConsumer, COMPUTERNAME, EFC_2376_4126798990, EFC_2376_2946480783, PROCESSOR_REVISION, CommonProgramW6432, ComSpec, ProgramData, ProgramW6432, TEMP, HOMEPATH, SystemRoot, PROCESSOR_IDENTIFIER, HOMEDRIVE, USERPROFILE, TMP, CommonProgramFiles(x86), ProgramFiles, PUBLIC, windir, NUMBER_OF_PROCESSORS, =::]
2026-09-03T18:59:39.111+0700 [DEBUG] [org.gradle.launcher.daemon.server.exec.LogToClient] About to start relaying all logs to the client via the connection.
2026-09-03T18:59:39.117+0700 [INFO] [org.gradle.launcher.daemon.server.exec.LogToClient] The client will now receive all logging from the daemon (pid: 13916). The daemon log file: D:\AbsensiSeleksi\daemon\8.9\daemon-13916.out.log
2026-09-03T18:59:39.459+0700 [INFO] [org.gradle.launcher.daemon.server.exec.LogAndCheckHealth] Starting 2nd build in daemon [uptime: 27 mins 29.261 secs, performance: 100%, GC rate: 0.00/s, heap usage: 0% of 2 GiB]
2026-09-03T18:59:39.473+0700 [DEBUG] [org.gradle.launcher.daemon.server.exec.ExecuteBuild] The daemon has started executing the build.
2026-09-03T18:59:39.476+0700 [DEBUG] [org.gradle.launcher.daemon.server.exec.ExecuteBuild] Executing build with daemon context: DefaultDaemonContext[uid=df18d942-da82-4165-9d75-043944abae8f,javaHome=C:\Users\AsusA416jp\.jdks\jbr-21.0.11,javaVersion=21,daemonRegistryDir=D:\AbsensiSeleksi\daemon,pid=13916,idleTimeout=10800000,priority=NORMAL,applyInstrumentationAgent=true,nativeServicesMode=ENABLED,daemonOpts=--add-opens=java.base/java.util=ALL-UNNAMED,--add-opens=java.base/java.lang=ALL-UNNAMED,--add-opens=java.base/java.lang.invoke=ALL-UNNAMED,--add-opens=java.prefs/java.util.prefs=ALL-UNNAMED,--add-exports=jdk.compiler/com.sun.tools.javac.api=ALL-UNNAMED,--add-exports=jdk.compiler/com.sun.tools.javac.util=ALL-UNNAMED,--add-opens=java.base/java.nio.charset=ALL-UNNAMED,--add-opens=java.base/java.net=ALL-UNNAMED,--add-opens=java.base/java.util.concurrent.atomic=ALL-UNNAMED,-Xmx2048m,-Dfile.encoding=UTF-8,-Duser.country=ID,-Duser.language=en,-Duser.variant]
Calculating task graph as no cached configuration is available for tasks: clean

BUILD SUCCESSFUL in 42s
1 actionable task: 1 executed
Configuration cache entry stored.
2026-09-03T19:00:21.034+0700 [DEBUG] [org.gradle.launcher.daemon.server.exec.ExecuteBuild] The daemon has finished executing the build.
2026-09-03T19:00:21.082+0700 [DEBUG] [org.gradle.launcher.daemon.server.DaemonStateCoordinator] daemon is running. Sleeping until state changes.
2026-09-03T19:00:21.088+0700 [DEBUG] [org.gradle.launcher.daemon.server.DaemonStateCoordinator] Command execution: finished waiting for DaemonCommandExecution[command = Build{id=465024f4-6fad-44a1-a8a3-a549fbcd2aeb, currentDir=D:\AbsensiSeleksi}, connection = DefaultDaemonConnection: socket connection from /127.0.0.1:54027 to /127.0.0.1:57713]. Result org.gradle.launcher.daemon.server.DaemonStateCoordinator@27a4541e with state Busy
2026-09-03T19:00:21.091+0700 [DEBUG] [org.gradle.launcher.daemon.server.DaemonStateCoordinator] Command execution: completed DaemonCommandExecution[command = Build{id=465024f4-6fad-44a1-a8a3-a549fbcd2aeb, currentDir=D:\AbsensiSeleksi}, connection = DefaultDaemonConnection: socket connection from /127.0.0.1:54027 to /127.0.0.1:57713]
2026-09-03T19:00:21.093+0700 [DEBUG] [org.gradle.launcher.daemon.server.DaemonStateCoordinator] resetting idle timer
2026-09-03T19:00:21.094+0700 [INFO] [org.gradle.launcher.daemon.server.DaemonRegistryUpdater] Marking the daemon as idle, address: [f2f1712e-f482-409b-b31d-d4d926729cf0 port:54027, addresses:[localhost/127.0.0.1]]
2026-09-03T19:00:21.094+0700 [DEBUG] [org.gradle.launcher.daemon.registry.PersistentDaemonRegistry] Marking busy by address: [f2f1712e-f482-409b-b31d-d4d926729cf0 port:54027, addresses:[localhost/127.0.0.1]]
2026-09-03T19:00:21.101+0700 [DEBUG] [org.gradle.cache.internal.DefaultFileLockManager] Waiting to acquire exclusive lock on daemon addresses registry.
2026-09-03T19:00:21.103+0700 [DEBUG] [org.gradle.cache.internal.DefaultFileLockManager] Lock acquired on daemon addresses registry.
2026-09-03T19:00:21.111+0700 [DEBUG] [org.gradle.cache.internal.DefaultFileLockManager] Releasing lock on daemon addresses registry.
2026-09-03T19:00:21.115+0700 [DEBUG] [org.gradle.launcher.daemon.server.DaemonStateCoordinator] daemon is running. Sleeping until state changes.
2026-09-03T19:00:21.115+0700 [DEBUG] [org.gradle.launcher.daemon.server.exec.ReturnResult] Daemon is dispatching the build result: Success[value=org.gradle.launcher.exec.BuildActionResult@5ac60f01]
2026-09-03T19:00:21.120+0700 [DEBUG] [org.gradle.launcher.daemon.server.SynchronizedDispatchConnection] thread 159: dispatching Success[value=org.gradle.launcher.exec.BuildActionResult@5ac60f01]
2026-09-03T19:00:21.134+0700 [DEBUG] [org.gradle.launcher.daemon.server.SynchronizedDispatchConnection] thread 160: received class org.gradle.launcher.daemon.protocol.CloseInput
2026-09-03T19:00:21.136+0700 [DEBUG] [org.gradle.launcher.daemon.server.DefaultDaemonConnection] thread 160: Received IO message from client: org.gradle.launcher.daemon.protocol.CloseInput@3b48c0c9
2026-09-03T19:00:21.137+0700 [DEBUG] [org.gradle.launcher.daemon.server.SynchronizedDispatchConnection] thread 160: received class org.gradle.launcher.daemon.protocol.Finished
2026-09-03T19:00:21.137+0700 [DEBUG] [org.gradle.launcher.daemon.server.DefaultDaemonConnection] thread 160: Received non-IO message from client: org.gradle.launcher.daemon.protocol.Finished@358f29d0
2026-09-03T19:00:21.138+0700 [DEBUG] [org.gradle.internal.remote.internal.inet.SocketConnection] Discarding EOFException: java.io.EOFException
2026-09-03T19:00:21.138+0700 [DEBUG] [org.gradle.launcher.daemon.server.SynchronizedDispatchConnection] thread 160: received null
2026-09-03T19:00:21.138+0700 [DEBUG] [org.gradle.launcher.daemon.server.DefaultDaemonConnection] thread 160: Received end-of-input from client.
2026-09-03T19:00:21.149+0700 [DEBUG] [org.gradle.launcher.daemon.server.DefaultIncomingConnectionHandler] Finishing executing command: Build{id=465024f4-6fad-44a1-a8a3-a549fbcd2aeb, currentDir=D:\AbsensiSeleksi}
2026-09-03T19:00:21.152+0700 [WARN] [org.gradle.launcher.daemon.server.DefaultIncomingConnectionHandler] Timed out waiting for finished message from client socket connection from /127.0.0.1:54027 to /127.0.0.1:57713. Discarding connection.
2026-09-03T19:00:21.152+0700 [DEBUG] [org.gradle.launcher.daemon.server.SynchronizedDispatchConnection] thread 159: stopping connection
2026-09-03T19:00:21.164+0700 [DEBUG] [org.gradle.launcher.daemon.server.exec.CleanUpVirtualFileSystemAfterBuild] Cleaning virtual file system after build finished
2026-09-03T19:00:21.171+0700 [DEBUG] [org.gradle.launcher.daemon.server.SynchronizedDispatchConnection] thread 159: stopping connection
2026-09-03T19:00:24.791+0700 [DEBUG] [org.gradle.process.internal.health.memory.DefaultMemoryManager] 638754816 physical memory requested, 315838464 free
2026-09-03T19:00:24.792+0700 [DEBUG] [org.gradle.workers.internal.WorkerDaemonExpiration] Will attempt to release 609 of memory
2026-09-03T19:00:24.793+0700 [DEBUG] [org.gradle.process.internal.health.memory.DefaultMemoryManager] 638754816 physical memory requested, 0 released, 315838464 free
2026-09-03T19:00:29.793+0700 [DEBUG] [org.gradle.process.internal.health.memory.DefaultMemoryManager] 638754816 physical memory requested, 197165056 free
2026-09-03T19:00:29.794+0700 [DEBUG] [org.gradle.workers.internal.WorkerDaemonExpiration] Will attempt to release 609 of memory
2026-09-03T19:00:29.795+0700 [DEBUG] [org.gradle.process.internal.health.memory.DefaultMemoryManager] 638754816 physical memory requested, 0 released, 197165056 free
2026-09-03T19:00:30.592+0700 [DEBUG] [org.gradle.cache.internal.DefaultFileLockManager] Waiting to acquire shared lock on daemon addresses registry.
2026-09-03T19:00:30.593+0700 [DEBUG] [org.gradle.cache.internal.DefaultFileLockManager] Lock acquired on daemon addresses registry.
2026-09-03T19:00:30.599+0700 [DEBUG] [org.gradle.cache.internal.DefaultFileLockManager] Releasing lock on daemon addresses registry.
2026-09-03T19:00:30.610+0700 [DEBUG] [org.gradle.cache.internal.DefaultFileLockManager] Waiting to acquire shared lock on daemon addresses registry.
2026-09-03T19:00:30.623+0700 [DEBUG] [org.gradle.cache.internal.DefaultFileLockManager] Lock acquired on daemon addresses registry.
2026-09-03T19:00:30.629+0700 [DEBUG] [org.gradle.cache.internal.DefaultFileLockManager] Releasing lock on daemon addresses registry.
2026-09-03T19:00:34.800+0700 [DEBUG] [org.gradle.process.internal.health.memory.DefaultMemoryManager] 638754816 physical memory requested, 290062336 free
2026-09-03T19:00:34.804+0700 [DEBUG] [org.gradle.workers.internal.WorkerDaemonExpiration] Will attempt to release 609 of memory
2026-09-03T19:00:34.805+0700 [DEBUG] [org.gradle.process.internal.health.memory.DefaultMemoryManager] 638754816 physical memory requested, 0 released, 290062336 free
2026-09-03T19:00:39.893+0700 [DEBUG] [org.gradle.process.internal.health.memory.DefaultMemoryManager] 638754816 physical memory requested, 49147904 free
2026-09-03T19:00:39.893+0700 [DEBUG] [org.gradle.workers.internal.WorkerDaemonExpiration] Will attempt to release 609 of memory
2026-09-03T19:00:39.894+0700 [DEBUG] [org.gradle.process.internal.health.memory.DefaultMemoryManager] 638754816 physical memory requested, 0 released, 49147904 free
2026-09-03T19:00:40.682+0700 [DEBUG] [org.gradle.cache.internal.DefaultFileLockManager] Waiting to acquire shared lock on daemon addresses registry.
2026-09-03T19:00:40.692+0700 [DEBUG] [org.gradle.cache.internal.DefaultFileLockManager] Lock acquired on daemon addresses registry.
2026-09-03T19:00:40.768+0700 [DEBUG] [org.gradle.cache.internal.DefaultFileLockManager] Releasing lock on daemon addresses registry.
2026-09-03T19:00:40.777+0700 [DEBUG] [org.gradle.cache.internal.DefaultFileLockManager] Waiting to acquire shared lock on daemon addresses registry.
2026-09-03T19:00:40.777+0700 [DEBUG] [org.gradle.cache.internal.DefaultFileLockManager] Lock acquired on daemon addresses registry.
2026-09-03T19:00:40.778+0700 [DEBUG] [org.gradle.cache.internal.DefaultFileLockManager] Releasing lock on daemon addresses registry.
2026-09-03T19:00:40.790+0700 [DEBUG] [org.gradle.cache.internal.DefaultFileLockManager] Waiting to acquire shared lock on daemon addresses registry.
2026-09-03T19:00:40.792+0700 [DEBUG] [org.gradle.cache.internal.DefaultFileLockManager] Lock acquired on daemon addresses registry.
2026-09-03T19:00:40.793+0700 [DEBUG] [org.gradle.cache.internal.DefaultFileLockManager] Releasing lock on daemon addresses registry.
2026-09-03T19:00:44.803+0700 [DEBUG] [org.gradle.process.internal.health.memory.DefaultMemoryManager] 638754816 physical memory requested, 52060160 free
2026-09-03T19:00:44.803+0700 [DEBUG] [org.gradle.workers.internal.WorkerDaemonExpiration] Will attempt to release 609 of memory
2026-09-03T19:00:44.803+0700 [DEBUG] [org.gradle.process.internal.health.memory.DefaultMemoryManager] 638754816 physical memory requested, 0 released, 52060160 free
2026-09-03T19:00:49.801+0700 [DEBUG] [org.gradle.process.internal.health.memory.DefaultMemoryManager] 638754816 physical memory requested, 83615744 free
2026-09-03T19:00:49.803+0700 [DEBUG] [org.gradle.workers.internal.WorkerDaemonExpiration] Will attempt to release 609 of memory
2026-09-03T19:00:49.805+0700 [DEBUG] [org.gradle.process.internal.health.memory.DefaultMemoryManager] 638754816 physical memory requested, 0 released, 83615744 free
2026-09-03T19:00:50.817+0700 [DEBUG] [org.gradle.cache.internal.DefaultFileLockManager] Waiting to acquire shared lock on daemon addresses registry.
2026-09-03T19:00:50.821+0700 [DEBUG] [org.gradle.cache.internal.DefaultFileLockManager] Lock acquired on daemon addresses registry.
2026-09-03T19:00:50.844+0700 [DEBUG] [org.gradle.cache.internal.DefaultFileLockManager] Releasing lock on daemon addresses registry.
2026-09-03T19:00:50.935+0700 [DEBUG] [org.gradle.cache.internal.DefaultFileLockManager] Waiting to acquire shared lock on daemon addresses registry.
2026-09-03T19:00:50.941+0700 [DEBUG] [org.gradle.cache.internal.DefaultFileLockManager] Lock acquired on daemon addresses registry.
2026-09-03T19:00:50.944+0700 [DEBUG] [org.gradle.cache.internal.DefaultFileLockManager] Releasing lock on daemon addresses registry.
2026-09-03T19:00:51.172+0700 [DEBUG] [org.gradle.cache.internal.DefaultFileLockManager] Waiting to acquire shared lock on daemon addresses registry.
2026-09-03T19:00:51.499+0700 [DEBUG] [org.gradle.cache.internal.DefaultFileLockManager] Lock acquired on daemon addresses registry.
2026-09-03T19:00:51.511+0700 [DEBUG] [org.gradle.cache.internal.DefaultFileLockManager] Releasing lock on daemon addresses registry.
2026-09-03T19:00:54.799+0700 [DEBUG] [org.gradle.process.internal.health.memory.DefaultMemoryManager] 638754816 physical memory requested, 50745344 free
2026-09-03T19:00:54.800+0700 [DEBUG] [org.gradle.workers.internal.WorkerDaemonExpiration] Will attempt to release 609 of memory
2026-09-03T19:00:54.802+0700 [DEBUG] [org.gradle.process.internal.health.memory.DefaultMemoryManager] 638754816 physical memory requested, 0 released, 50745344 free
2026-09-03T19:00:59.799+0700 [DEBUG] [org.gradle.process.internal.health.memory.DefaultMemoryManager] 638754816 physical memory requested, 424476672 free
2026-09-03T19:00:59.801+0700 [DEBUG] [org.gradle.workers.internal.WorkerDaemonExpiration] Will attempt to release 609 of memory
2026-09-03T19:00:59.803+0700 [DEBUG] [org.gradle.process.internal.health.memory.DefaultMemoryManager] 638754816 physical memory requested, 0 released, 424476672 free
2026-09-03T19:01:00.573+0700 [DEBUG] [org.gradle.cache.internal.DefaultFileLockManager] Waiting to acquire shared lock on daemon addresses registry.
2026-09-03T19:01:00.573+0700 [DEBUG] [org.gradle.cache.internal.DefaultFileLockManager] Lock acquired on daemon addresses registry.
2026-09-03T19:01:00.591+0700 [DEBUG] [org.gradle.cache.internal.DefaultFileLockManager] Releasing lock on daemon addresses registry.
2026-09-03T19:01:00.595+0700 [DEBUG] [org.gradle.cache.internal.DefaultFileLockManager] Waiting to acquire shared lock on daemon addresses registry.
2026-09-03T19:01:00.595+0700 [DEBUG] [org.gradle.cache.internal.DefaultFileLockManager] Lock acquired on daemon addresses registry.
2026-09-03T19:01:00.599+0700 [DEBUG] [org.gradle.cache.internal.DefaultFileLockManager] Releasing lock on daemon addresses registry.
2026-09-03T19:01:00.601+0700 [DEBUG] [org.gradle.cache.internal.DefaultFileLockManager] Waiting to acquire shared lock on daemon addresses registry.
2026-09-03T19:01:00.602+0700 [DEBUG] [org.gradle.cache.internal.DefaultFileLockManager] Lock acquired on daemon addresses registry.
2026-09-03T19:01:00.602+0700 [DEBUG] [org.gradle.cache.internal.DefaultFileLockManager] Releasing lock on daemon addresses registry.
2026-09-03T19:01:10.571+0700 [DEBUG] [org.gradle.cache.internal.DefaultFileLockManager] Waiting to acquire shared lock on daemon addresses registry.
2026-09-03T19:01:10.572+0700 [DEBUG] [org.gradle.cache.internal.DefaultFileLockManager] Lock acquired on daemon addresses registry.
2026-09-03T19:01:10.573+0700 [DEBUG] [org.gradle.cache.internal.DefaultFileLockManager] Releasing lock on daemon addresses registry.
2026-09-03T19:01:10.578+0700 [DEBUG] [org.gradle.cache.internal.DefaultFileLockManager] Waiting to acquire shared lock on daemon addresses registry.
2026-09-03T19:01:10.579+0700 [DEBUG] [org.gradle.cache.internal.DefaultFileLockManager] Lock acquired on daemon addresses registry.
2026-09-03T19:01:10.580+0700 [DEBUG] [org.gradle.cache.internal.DefaultFileLockManager] Releasing lock on daemon addresses registry.
2026-09-03T19:01:10.585+0700 [DEBUG] [org.gradle.cache.internal.DefaultFileLockManager] Waiting to acquire shared lock on daemon addresses registry.
2026-09-03T19:01:10.586+0700 [DEBUG] [org.gradle.cache.internal.DefaultFileLockManager] Lock acquired on daemon addresses registry.
2026-09-03T19:01:10.587+0700 [DEBUG] [org.gradle.cache.internal.DefaultFileLockManager] Releasing lock on daemon addresses registry.
2026-09-03T19:01:20.579+0700 [DEBUG] [org.gradle.cache.internal.DefaultFileLockManager] Waiting to acquire shared lock on daemon addresses registry.
2026-09-03T19:01:20.579+0700 [DEBUG] [org.gradle.cache.internal.DefaultFileLockManager] Lock acquired on daemon addresses registry.
2026-09-03T19:01:20.580+0700 [DEBUG] [org.gradle.cache.internal.DefaultFileLockManager] Releasing lock on daemon addresses registry.
2026-09-03T19:01:20.583+0700 [DEBUG] [org.gradle.cache.internal.DefaultFileLockManager] Waiting to acquire shared lock on daemon addresses registry.
2026-09-03T19:01:20.583+0700 [DEBUG] [org.gradle.cache.internal.DefaultFileLockManager] Lock acquired on daemon addresses registry.
2026-09-03T19:01:20.583+0700 [DEBUG] [org.gradle.cache.internal.DefaultFileLockManager] Releasing lock on daemon addresses registry.
2026-09-03T19:01:20.585+0700 [DEBUG] [org.gradle.cache.internal.DefaultFileLockManager] Waiting to acquire shared lock on daemon addresses registry.
2026-09-03T19:01:20.586+0700 [DEBUG] [org.gradle.cache.internal.DefaultFileLockManager] Lock acquired on daemon addresses registry.
2026-09-03T19:01:20.586+0700 [DEBUG] [org.gradle.cache.internal.DefaultFileLockManager] Releasing lock on daemon addresses registry.
2026-09-03T19:01:30.571+0700 [DEBUG] [org.gradle.cache.internal.DefaultFileLockManager] Waiting to acquire shared lock on daemon addresses registry.
2026-09-03T19:01:30.572+0700 [DEBUG] [org.gradle.cache.internal.DefaultFileLockManager] Lock acquired on daemon addresses registry.
2026-09-03T19:01:30.573+0700 [DEBUG] [org.gradle.cache.internal.DefaultFileLockManager] Releasing lock on daemon addresses registry.
2026-09-03T19:01:30.604+0700 [DEBUG] [org.gradle.cache.internal.DefaultFileLockManager] Waiting to acquire shared lock on daemon addresses registry.
2026-09-03T19:01:30.605+0700 [DEBUG] [org.gradle.cache.internal.DefaultFileLockManager] Lock acquired on daemon addresses registry.
2026-09-03T19:01:30.605+0700 [DEBUG] [org.gradle.cache.internal.DefaultFileLockManager] Releasing lock on daemon addresses registry.
2026-09-03T19:01:30.607+0700 [DEBUG] [org.gradle.cache.internal.DefaultFileLockManager] Waiting to acquire shared lock on daemon addresses registry.
2026-09-03T19:01:30.608+0700 [DEBUG] [org.gradle.cache.internal.DefaultFileLockManager] Lock acquired on daemon addresses registry.
2026-09-03T19:01:30.608+0700 [DEBUG] [org.gradle.cache.internal.DefaultFileLockManager] Releasing lock on daemon addresses registry.
2026-09-03T19:01:40.577+0700 [DEBUG] [org.gradle.cache.internal.DefaultFileLockManager] Waiting to acquire shared lock on daemon addresses registry.
2026-09-03T19:01:40.577+0700 [DEBUG] [org.gradle.cache.internal.DefaultFileLockManager] Lock acquired on daemon addresses registry.
2026-09-03T19:01:40.577+0700 [DEBUG] [org.gradle.cache.internal.DefaultFileLockManager] Releasing lock on daemon addresses registry.
2026-09-03T19:01:40.580+0700 [DEBUG] [org.gradle.cache.internal.DefaultFileLockManager] Waiting to acquire shared lock on daemon addresses registry.
2026-09-03T19:01:40.580+0700 [DEBUG] [org.gradle.cache.internal.DefaultFileLockManager] Lock acquired on daemon addresses registry.
2026-09-03T19:01:40.581+0700 [DEBUG] [org.gradle.cache.internal.DefaultFileLockManager] Releasing lock on daemon addresses registry.
2026-09-03T19:01:40.583+0700 [DEBUG] [org.gradle.cache.internal.DefaultFileLockManager] Waiting to acquire shared lock on daemon addresses registry.
2026-09-03T19:01:40.584+0700 [DEBUG] [org.gradle.cache.internal.DefaultFileLockManager] Lock acquired on daemon addresses registry.
2026-09-03T19:01:40.584+0700 [DEBUG] [org.gradle.cache.internal.DefaultFileLockManager] Releasing lock on daemon addresses registry.
2026-09-03T19:01:50.574+0700 [DEBUG] [org.gradle.cache.internal.DefaultFileLockManager] Waiting to acquire shared lock on daemon addresses registry.
2026-09-03T19:01:50.575+0700 [DEBUG] [org.gradle.cache.internal.DefaultFileLockManager] Lock acquired on daemon addresses registry.
2026-09-03T19:01:50.577+0700 [DEBUG] [org.gradle.cache.internal.DefaultFileLockManager] Releasing lock on daemon addresses registry.
2026-09-03T19:01:50.581+0700 [DEBUG] [org.gradle.cache.internal.DefaultFileLockManager] Waiting to acquire shared lock on daemon addresses registry.
2026-09-03T19:01:50.582+0700 [DEBUG] [org.gradle.cache.internal.DefaultFileLockManager] Lock acquired on daemon addresses registry.
2026-09-03T19:01:50.582+0700 [DEBUG] [org.gradle.cache.internal.DefaultFileLockManager] Releasing lock on daemon addresses registry.
2026-09-03T19:01:50.586+0700 [DEBUG] [org.gradle.cache.internal.DefaultFileLockManager] Waiting to acquire shared lock on daemon addresses registry.
2026-09-03T19:01:50.587+0700 [DEBUG] [org.gradle.cache.internal.DefaultFileLockManager] Lock acquired on daemon addresses registry.
2026-09-03T19:01:50.588+0700 [DEBUG] [org.gradle.cache.internal.DefaultFileLockManager] Releasing lock on daemon addresses registry.
2026-09-03T19:02:00.580+0700 [DEBUG] [org.gradle.cache.internal.DefaultFileLockManager] Waiting to acquire shared lock on daemon addresses registry.
2026-09-03T19:02:00.580+0700 [DEBUG] [org.gradle.cache.internal.DefaultFileLockManager] Lock acquired on daemon addresses registry.
2026-09-03T19:02:00.581+0700 [DEBUG] [org.gradle.cache.internal.DefaultFileLockManager] Releasing lock on daemon addresses registry.
2026-09-03T19:02:00.585+0700 [DEBUG] [org.gradle.cache.internal.DefaultFileLockManager] Waiting to acquire shared lock on daemon addresses registry.
2026-09-03T19:02:00.586+0700 [DEBUG] [org.gradle.cache.internal.DefaultFileLockManager] Lock acquired on daemon addresses registry.
2026-09-03T19:02:00.588+0700 [DEBUG] [org.gradle.cache.internal.DefaultFileLockManager] Releasing lock on daemon addresses registry.
2026-09-03T19:02:00.591+0700 [DEBUG] [org.gradle.cache.internal.DefaultFileLockManager] Waiting to acquire shared lock on daemon addresses registry.
2026-09-03T19:02:00.592+0700 [DEBUG] [org.gradle.cache.internal.DefaultFileLockManager] Lock acquired on daemon addresses registry.
2026-09-03T19:02:00.593+0700 [DEBUG] [org.gradle.cache.internal.DefaultFileLockManager] Releasing lock on daemon addresses registry.
2026-09-03T19:02:04.538+0700 [DEBUG] [org.gradle.internal.remote.internal.inet.TcpIncomingConnector] Accepted connection from /127.0.0.1:57816 to /127.0.0.1:54027.
2026-09-03T19:02:05.139+0700 [DEBUG] [org.gradle.process.internal.health.memory.DefaultMemoryManager] 638754816 physical memory requested, 518025216 free
2026-09-03T19:02:05.139+0700 [DEBUG] [org.gradle.workers.internal.WorkerDaemonExpiration] Will attempt to release 609 of memory
2026-09-03T19:02:05.139+0700 [DEBUG] [org.gradle.process.internal.health.memory.DefaultMemoryManager] 638754816 physical memory requested, 0 released, 518025216 free
2026-09-03T19:02:05.177+0700 [DEBUG] [org.gradle.launcher.daemon.server.SynchronizedDispatchConnection] thread 217: received class org.gradle.launcher.daemon.protocol.Build
2026-09-03T19:02:05.178+0700 [DEBUG] [org.gradle.launcher.daemon.server.DefaultDaemonConnection] thread 217: Received non-IO message from client: Build{id=74437930-f38a-4b72-b6df-13c011db112a, currentDir=D:\AbsensiSeleksi}
2026-09-03T19:02:05.179+0700 [INFO] [org.gradle.launcher.daemon.server.DefaultIncomingConnectionHandler] Received command: Build{id=74437930-f38a-4b72-b6df-13c011db112a, currentDir=D:\AbsensiSeleksi}.
2026-09-03T19:02:05.180+0700 [DEBUG] [org.gradle.launcher.daemon.server.DefaultIncomingConnectionHandler] Starting executing command: Build{id=74437930-f38a-4b72-b6df-13c011db112a, currentDir=D:\AbsensiSeleksi} with connection: socket connection from /127.0.0.1:54027 to /127.0.0.1:57816.
2026-09-03T19:02:05.184+0700 [DEBUG] [org.gradle.launcher.daemon.server.DaemonStateCoordinator] Command execution: started DaemonCommandExecution[command = Build{id=74437930-f38a-4b72-b6df-13c011db112a, currentDir=D:\AbsensiSeleksi}, connection = DefaultDaemonConnection: socket connection from /127.0.0.1:54027 to /127.0.0.1:57816] after 1.7348166666666667 minutes of idle
2026-09-03T19:02:05.184+0700 [INFO] [org.gradle.launcher.daemon.server.DaemonRegistryUpdater] Marking the daemon as busy, address: [f2f1712e-f482-409b-b31d-d4d926729cf0 port:54027, addresses:[localhost/127.0.0.1]]
2026-09-03T19:02:05.184+0700 [DEBUG] [org.gradle.launcher.daemon.registry.PersistentDaemonRegistry] Marking busy by address: [f2f1712e-f482-409b-b31d-d4d926729cf0 port:54027, addresses:[localhost/127.0.0.1]]
2026-09-03T19:02:05.188+0700 [DEBUG] [org.gradle.cache.internal.DefaultFileLockManager] Waiting to acquire exclusive lock on daemon addresses registry.
2026-09-03T19:02:05.190+0700 [DEBUG] [org.gradle.cache.internal.DefaultFileLockManager] Lock acquired on daemon addresses registry.
2026-09-03T19:02:05.249+0700 [DEBUG] [org.gradle.cache.internal.DefaultFileLockManager] Releasing lock on daemon addresses registry.
2026-09-03T19:02:05.249+0700 [DEBUG] [org.gradle.launcher.daemon.server.DaemonStateCoordinator] resetting idle timer
2026-09-03T19:02:05.250+0700 [DEBUG] [org.gradle.launcher.daemon.server.DaemonStateCoordinator] daemon is running. Sleeping until state changes.
2026-09-03T19:02:05.251+0700 [INFO] [org.gradle.launcher.daemon.server.exec.StartBuildOrRespondWithBusy] Daemon is about to start building Build{id=74437930-f38a-4b72-b6df-13c011db112a, currentDir=D:\AbsensiSeleksi}. Dispatching build started information...
2026-09-03T19:02:05.251+0700 [DEBUG] [org.gradle.launcher.daemon.server.SynchronizedDispatchConnection] thread 219: dispatching org.gradle.launcher.daemon.protocol.BuildStarted@781c63f
2026-09-03T19:02:05.260+0700 [DEBUG] [org.gradle.launcher.daemon.server.exec.EstablishBuildEnvironment] Configuring env variables: [USERDOMAIN_ROAMINGPROFILE, LOCALAPPDATA, ChocolateyLastPathUpdate, PROCESSOR_LEVEL, USERDOMAIN, EFC_2376_1592913036, LOGONSERVER, SESSIONNAME, ALLUSERSPROFILE, PROCESSOR_ARCHITECTURE, PSModulePath, SystemDrive, asl.log, OneDrive, APPDATA, USERNAME, ChocolateyInstall, ProgramFiles(x86), CommonProgramFiles, Path, ANDROID_STUDIO_AGENT, PATHEXT, DriverData, OS, OneDriveConsumer, COMPUTERNAME, EFC_2376_4126798990, EFC_2376_2946480783, PROCESSOR_REVISION, CommonProgramW6432, ComSpec, ProgramData, ProgramW6432, TEMP, HOMEPATH, SystemRoot, PROCESSOR_IDENTIFIER, HOMEDRIVE, USERPROFILE, TMP, CommonProgramFiles(x86), ProgramFiles, PUBLIC, windir, NUMBER_OF_PROCESSORS, =::]
2026-09-03T19:02:05.267+0700 [DEBUG] [org.gradle.launcher.daemon.server.exec.LogToClient] About to start relaying all logs to the client via the connection.
2026-09-03T19:02:05.268+0700 [INFO] [org.gradle.launcher.daemon.server.exec.LogToClient] The client will now receive all logging from the daemon (pid: 13916). The daemon log file: D:\AbsensiSeleksi\daemon\8.9\daemon-13916.out.log
2026-09-03T19:02:05.277+0700 [INFO] [org.gradle.launcher.daemon.server.exec.LogAndCheckHealth] Starting 3rd build in daemon [uptime: 29 mins 55.392 secs, performance: 100%, GC rate: 0.00/s, heap usage: 0% of 2 GiB]
2026-09-03T19:02:05.278+0700 [DEBUG] [org.gradle.launcher.daemon.server.exec.ExecuteBuild] The daemon has started executing the build.
2026-09-03T19:02:05.280+0700 [DEBUG] [org.gradle.launcher.daemon.server.exec.ExecuteBuild] Executing build with daemon context: DefaultDaemonContext[uid=df18d942-da82-4165-9d75-043944abae8f,javaHome=C:\Users\AsusA416jp\.jdks\jbr-21.0.11,javaVersion=21,daemonRegistryDir=D:\AbsensiSeleksi\daemon,pid=13916,idleTimeout=10800000,priority=NORMAL,applyInstrumentationAgent=true,nativeServicesMode=ENABLED,daemonOpts=--add-opens=java.base/java.util=ALL-UNNAMED,--add-opens=java.base/java.lang=ALL-UNNAMED,--add-opens=java.base/java.lang.invoke=ALL-UNNAMED,--add-opens=java.prefs/java.util.prefs=ALL-UNNAMED,--add-exports=jdk.compiler/com.sun.tools.javac.api=ALL-UNNAMED,--add-exports=jdk.compiler/com.sun.tools.javac.util=ALL-UNNAMED,--add-opens=java.base/java.nio.charset=ALL-UNNAMED,--add-opens=java.base/java.net=ALL-UNNAMED,--add-opens=java.base/java.util.concurrent.atomic=ALL-UNNAMED,-Xmx2048m,-Dfile.encoding=UTF-8,-Duser.country=ID,-Duser.language=en,-Duser.variant]

BUILD SUCCESSFUL in 43s
2026-09-03T19:02:48.171+0700 [DEBUG] [org.gradle.launcher.daemon.server.exec.ExecuteBuild] The daemon has finished executing the build.
2026-09-03T19:02:48.194+0700 [DEBUG] [org.gradle.launcher.daemon.server.DaemonStateCoordinator] daemon is running. Sleeping until state changes.
2026-09-03T19:02:48.195+0700 [DEBUG] [org.gradle.launcher.daemon.server.DaemonStateCoordinator] Command execution: finished waiting for DaemonCommandExecution[command = Build{id=74437930-f38a-4b72-b6df-13c011db112a, currentDir=D:\AbsensiSeleksi}, connection = DefaultDaemonConnection: socket connection from /127.0.0.1:54027 to /127.0.0.1:57816]. Result org.gradle.launcher.daemon.server.DaemonStateCoordinator@27a4541e with state Busy
2026-09-03T19:02:48.195+0700 [DEBUG] [org.gradle.launcher.daemon.server.DaemonStateCoordinator] Command execution: completed DaemonCommandExecution[command = Build{id=74437930-f38a-4b72-b6df-13c011db112a, currentDir=D:\AbsensiSeleksi}, connection = DefaultDaemonConnection: socket connection from /127.0.0.1:54027 to /127.0.0.1:57816]
2026-09-03T19:02:48.195+0700 [DEBUG] [org.gradle.launcher.daemon.server.DaemonStateCoordinator] resetting idle timer
2026-09-03T19:02:48.196+0700 [INFO] [org.gradle.launcher.daemon.server.DaemonRegistryUpdater] Marking the daemon as idle, address: [f2f1712e-f482-409b-b31d-d4d926729cf0 port:54027, addresses:[localhost/127.0.0.1]]
2026-09-03T19:02:48.196+0700 [DEBUG] [org.gradle.launcher.daemon.registry.PersistentDaemonRegistry] Marking busy by address: [f2f1712e-f482-409b-b31d-d4d926729cf0 port:54027, addresses:[localhost/127.0.0.1]]
2026-09-03T19:02:48.199+0700 [DEBUG] [org.gradle.cache.internal.DefaultFileLockManager] Waiting to acquire exclusive lock on daemon addresses registry.
2026-09-03T19:02:48.200+0700 [DEBUG] [org.gradle.cache.internal.DefaultFileLockManager] Lock acquired on daemon addresses registry.
2026-09-03T19:02:48.206+0700 [DEBUG] [org.gradle.cache.internal.DefaultFileLockManager] Releasing lock on daemon addresses registry.
2026-09-03T19:02:48.208+0700 [DEBUG] [org.gradle.launcher.daemon.server.exec.ReturnResult] Daemon is dispatching the build result: Success[value=org.gradle.launcher.exec.BuildActionResult@37cf7c8f]
2026-09-03T19:02:48.208+0700 [DEBUG] [org.gradle.launcher.daemon.server.DaemonStateCoordinator] daemon is running. Sleeping until state changes.
2026-09-03T19:02:48.210+0700 [DEBUG] [org.gradle.launcher.daemon.server.SynchronizedDispatchConnection] thread 216: dispatching Success[value=org.gradle.launcher.exec.BuildActionResult@37cf7c8f]
2026-09-03T19:02:48.217+0700 [DEBUG] [org.gradle.launcher.daemon.server.exec.CleanUpVirtualFileSystemAfterBuild] Cleaning virtual file system after build finished
2026-09-03T19:02:48.225+0700 [DEBUG] [org.gradle.launcher.daemon.server.DefaultIncomingConnectionHandler] Finishing executing command: Build{id=74437930-f38a-4b72-b6df-13c011db112a, currentDir=D:\AbsensiSeleksi}
2026-09-03T19:02:49.658+0700 [DEBUG] [org.gradle.launcher.daemon.server.SynchronizedDispatchConnection] thread 217: received class org.gradle.launcher.daemon.protocol.CloseInput
2026-09-03T19:02:49.658+0700 [DEBUG] [org.gradle.launcher.daemon.server.DefaultDaemonConnection] thread 217: Received IO message from client: org.gradle.launcher.daemon.protocol.CloseInput@ce6968d
2026-09-03T19:02:49.659+0700 [DEBUG] [org.gradle.launcher.daemon.server.SynchronizedDispatchConnection] thread 217: received class org.gradle.launcher.daemon.protocol.Finished
2026-09-03T19:02:49.659+0700 [DEBUG] [org.gradle.launcher.daemon.server.DefaultDaemonConnection] thread 217: Received non-IO message from client: org.gradle.launcher.daemon.protocol.Finished@2217961
2026-09-03T19:02:49.660+0700 [DEBUG] [org.gradle.launcher.daemon.server.DefaultIncomingConnectionHandler] Received finished message: org.gradle.launcher.daemon.protocol.Finished@2217961
2026-09-03T19:02:49.660+0700 [DEBUG] [org.gradle.launcher.daemon.server.SynchronizedDispatchConnection] thread 216: stopping connection
2026-09-03T19:02:49.664+0700 [DEBUG] [org.gradle.internal.remote.internal.inet.SocketConnection] Discarding EOFException: java.io.EOFException
2026-09-03T19:02:49.664+0700 [DEBUG] [org.gradle.launcher.daemon.server.SynchronizedDispatchConnection] thread 217: received null
2026-09-03T19:02:49.664+0700 [DEBUG] [org.gradle.launcher.daemon.server.DefaultDaemonConnection] thread 217: Received end-of-input from client.
2026-09-03T19:02:49.671+0700 [DEBUG] [org.gradle.launcher.daemon.server.SynchronizedDispatchConnection] thread 216: stopping connection
2026-09-03T19:02:50.578+0700 [DEBUG] [org.gradle.cache.internal.DefaultFileLockManager] Waiting to acquire shared lock on daemon addresses registry.
2026-09-03T19:02:50.579+0700 [DEBUG] [org.gradle.cache.internal.DefaultFileLockManager] Lock acquired on daemon addresses registry.
2026-09-03T19:02:50.580+0700 [DEBUG] [org.gradle.cache.internal.DefaultFileLockManager] Releasing lock on daemon addresses registry.
2026-09-03T19:02:50.584+0700 [DEBUG] [org.gradle.cache.internal.DefaultFileLockManager] Waiting to acquire shared lock on daemon addresses registry.
2026-09-03T19:02:50.584+0700 [DEBUG] [org.gradle.cache.internal.DefaultFileLockManager] Lock acquired on daemon addresses registry.
2026-09-03T19:02:50.585+0700 [DEBUG] [org.gradle.cache.internal.DefaultFileLockManager] Releasing lock on daemon addresses registry.
2026-09-03T19:02:54.809+0700 [DEBUG] [org.gradle.process.internal.health.memory.DefaultMemoryManager] 638754816 physical memory requested, 395096064 free
2026-09-03T19:02:54.830+0700 [DEBUG] [org.gradle.workers.internal.WorkerDaemonExpiration] Will attempt to release 609 of memory
2026-09-03T19:02:54.832+0700 [DEBUG] [org.gradle.process.internal.health.memory.DefaultMemoryManager] 638754816 physical memory requested, 0 released, 395096064 free
2026-09-03T19:03:00.603+0700 [DEBUG] [org.gradle.cache.internal.DefaultFileLockManager] Waiting to acquire shared lock on daemon addresses registry.
2026-09-03T19:03:00.624+0700 [DEBUG] [org.gradle.cache.internal.DefaultFileLockManager] Lock acquired on daemon addresses registry.
2026-09-03T19:03:00.625+0700 [DEBUG] [org.gradle.cache.internal.DefaultFileLockManager] Releasing lock on daemon addresses registry.
2026-09-03T19:03:00.794+0700 [DEBUG] [org.gradle.cache.internal.DefaultFileLockManager] Waiting to acquire shared lock on daemon addresses registry.
2026-09-03T19:03:00.795+0700 [DEBUG] [org.gradle.cache.internal.DefaultFileLockManager] Lock acquired on daemon addresses registry.
2026-09-03T19:03:00.795+0700 [DEBUG] [org.gradle.cache.internal.DefaultFileLockManager] Releasing lock on daemon addresses registry.
2026-09-03T19:03:00.798+0700 [DEBUG] [org.gradle.cache.internal.DefaultFileLockManager] Waiting to acquire shared lock on daemon addresses registry.
2026-09-03T19:03:00.798+0700 [DEBUG] [org.gradle.cache.internal.DefaultFileLockManager] Lock acquired on daemon addresses registry.
2026-09-03T19:03:00.798+0700 [DEBUG] [org.gradle.cache.internal.DefaultFileLockManager] Releasing lock on daemon addresses registry.
2026-09-03T19:03:04.793+0700 [DEBUG] [org.gradle.process.internal.health.memory.DefaultMemoryManager] 638754816 physical memory requested, 380751872 free
2026-09-03T19:03:04.800+0700 [DEBUG] [org.gradle.workers.internal.WorkerDaemonExpiration] Will attempt to release 609 of memory
2026-09-03T19:03:04.800+0700 [DEBUG] [org.gradle.process.internal.health.memory.DefaultMemoryManager] 638754816 physical memory requested, 0 released, 380751872 free
2026-09-03T19:03:09.785+0700 [DEBUG] [org.gradle.process.internal.health.memory.DefaultMemoryManager] 638754816 physical memory requested, 574312448 free
2026-09-03T19:03:09.785+0700 [DEBUG] [org.gradle.workers.internal.WorkerDaemonExpiration] Will attempt to release 609 of memory
2026-09-03T19:03:09.785+0700 [DEBUG] [org.gradle.process.internal.health.memory.DefaultMemoryManager] 638754816 physical memory requested, 0 released, 574312448 free
2026-09-03T19:03:10.582+0700 [DEBUG] [org.gradle.cache.internal.DefaultFileLockManager] Waiting to acquire shared lock on daemon addresses registry.
2026-09-03T19:03:10.583+0700 [DEBUG] [org.gradle.cache.internal.DefaultFileLockManager] Lock acquired on daemon addresses registry.
2026-09-03T19:03:10.585+0700 [DEBUG] [org.gradle.cache.internal.DefaultFileLockManager] Releasing lock on daemon addresses registry.
2026-09-03T19:03:10.616+0700 [DEBUG] [org.gradle.cache.internal.DefaultFileLockManager] Waiting to acquire shared lock on daemon addresses registry.
2026-09-03T19:03:10.617+0700 [DEBUG] [org.gradle.cache.internal.DefaultFileLockManager] Lock acquired on daemon addresses registry.
2026-09-03T19:03:10.618+0700 [DEBUG] [org.gradle.cache.internal.DefaultFileLockManager] Releasing lock on daemon addresses registry.
2026-09-03T19:03:10.626+0700 [DEBUG] [org.gradle.cache.internal.DefaultFileLockManager] Waiting to acquire shared lock on daemon addresses registry.
2026-09-03T19:03:10.627+0700 [DEBUG] [org.gradle.cache.internal.DefaultFileLockManager] Lock acquired on daemon addresses registry.
2026-09-03T19:03:10.631+0700 [DEBUG] [org.gradle.cache.internal.DefaultFileLockManager] Releasing lock on daemon addresses registry.
2026-09-03T19:03:17.433+0700 [DEBUG] [org.gradle.internal.remote.internal.inet.TcpIncomingConnector] Accepted connection from /127.0.0.1:54104 to /127.0.0.1:54027.
2026-09-03T19:03:17.499+0700 [DEBUG] [org.gradle.launcher.daemon.server.SynchronizedDispatchConnection] thread 303: received class org.gradle.launcher.daemon.protocol.Build
2026-09-03T19:03:17.499+0700 [DEBUG] [org.gradle.launcher.daemon.server.DefaultDaemonConnection] thread 303: Received non-IO message from client: Build{id=43ca0813-5113-49ea-8649-ab1fae8f1f99, currentDir=D:\AbsensiSeleksi}
2026-09-03T19:03:17.499+0700 [INFO] [org.gradle.launcher.daemon.server.DefaultIncomingConnectionHandler] Received command: Build{id=43ca0813-5113-49ea-8649-ab1fae8f1f99, currentDir=D:\AbsensiSeleksi}.
2026-09-03T19:03:17.501+0700 [DEBUG] [org.gradle.launcher.daemon.server.DefaultIncomingConnectionHandler] Starting executing command: Build{id=43ca0813-5113-49ea-8649-ab1fae8f1f99, currentDir=D:\AbsensiSeleksi} with connection: socket connection from /127.0.0.1:54027 to /127.0.0.1:54104.
2026-09-03T19:03:17.509+0700 [DEBUG] [org.gradle.launcher.daemon.server.DaemonStateCoordinator] Command execution: started DaemonCommandExecution[command = Build{id=43ca0813-5113-49ea-8649-ab1fae8f1f99, currentDir=D:\AbsensiSeleksi}, connection = DefaultDaemonConnection: socket connection from /127.0.0.1:54027 to /127.0.0.1:54104] after 0.4885333333333334 minutes of idle
2026-09-03T19:03:17.509+0700 [INFO] [org.gradle.launcher.daemon.server.DaemonRegistryUpdater] Marking the daemon as busy, address: [f2f1712e-f482-409b-b31d-d4d926729cf0 port:54027, addresses:[localhost/127.0.0.1]]
2026-09-03T19:03:17.511+0700 [DEBUG] [org.gradle.launcher.daemon.registry.PersistentDaemonRegistry] Marking busy by address: [f2f1712e-f482-409b-b31d-d4d926729cf0 port:54027, addresses:[localhost/127.0.0.1]]
2026-09-03T19:03:17.515+0700 [DEBUG] [org.gradle.cache.internal.DefaultFileLockManager] Waiting to acquire exclusive lock on daemon addresses registry.
2026-09-03T19:03:17.521+0700 [DEBUG] [org.gradle.cache.internal.DefaultFileLockManager] Lock acquired on daemon addresses registry.
2026-09-03T19:03:17.532+0700 [DEBUG] [org.gradle.cache.internal.DefaultFileLockManager] Releasing lock on daemon addresses registry.
2026-09-03T19:03:17.533+0700 [DEBUG] [org.gradle.launcher.daemon.server.DaemonStateCoordinator] resetting idle timer
2026-09-03T19:03:17.535+0700 [INFO] [org.gradle.launcher.daemon.server.exec.StartBuildOrRespondWithBusy] Daemon is about to start building Build{id=43ca0813-5113-49ea-8649-ab1fae8f1f99, currentDir=D:\AbsensiSeleksi}. Dispatching build started information...
2026-09-03T19:03:17.536+0700 [DEBUG] [org.gradle.launcher.daemon.server.DaemonStateCoordinator] daemon is running. Sleeping until state changes.
2026-09-03T19:03:17.538+0700 [DEBUG] [org.gradle.launcher.daemon.server.SynchronizedDispatchConnection] thread 219: dispatching org.gradle.launcher.daemon.protocol.BuildStarted@2a0ec67c
2026-09-03T19:03:17.550+0700 [DEBUG] [org.gradle.launcher.daemon.server.exec.EstablishBuildEnvironment] Configuring env variables: [USERDOMAIN_ROAMINGPROFILE, LOCALAPPDATA, ChocolateyLastPathUpdate, PROCESSOR_LEVEL, USERDOMAIN, EFC_2376_1592913036, LOGONSERVER, SESSIONNAME, ALLUSERSPROFILE, PROCESSOR_ARCHITECTURE, PSModulePath, SystemDrive, asl.log, OneDrive, APPDATA, USERNAME, ChocolateyInstall, ProgramFiles(x86), CommonProgramFiles, Path, ANDROID_STUDIO_AGENT, PATHEXT, DriverData, OS, OneDriveConsumer, COMPUTERNAME, EFC_2376_4126798990, EFC_2376_2946480783, PROCESSOR_REVISION, CommonProgramW6432, ComSpec, ProgramData, ProgramW6432, TEMP, HOMEPATH, SystemRoot, PROCESSOR_IDENTIFIER, HOMEDRIVE, USERPROFILE, TMP, CommonProgramFiles(x86), ProgramFiles, PUBLIC, windir, NUMBER_OF_PROCESSORS, =::]
2026-09-03T19:03:17.581+0700 [DEBUG] [org.gradle.launcher.daemon.server.exec.LogToClient] About to start relaying all logs to the client via the connection.
2026-09-03T19:03:17.584+0700 [INFO] [org.gradle.launcher.daemon.server.exec.LogToClient] The client will now receive all logging from the daemon (pid: 13916). The daemon log file: D:\AbsensiSeleksi\daemon\8.9\daemon-13916.out.log
2026-09-03T19:03:17.612+0700 [INFO] [org.gradle.launcher.daemon.server.exec.LogAndCheckHealth] Starting 4th build in daemon [uptime: 31 mins 7.71 secs, performance: 100%, GC rate: 0.00/s, heap usage: 0% of 2 GiB]
2026-09-03T19:03:17.618+0700 [DEBUG] [org.gradle.launcher.daemon.server.exec.ExecuteBuild] The daemon has started executing the build.
2026-09-03T19:03:17.631+0700 [DEBUG] [org.gradle.launcher.daemon.server.exec.ExecuteBuild] Executing build with daemon context: DefaultDaemonContext[uid=df18d942-da82-4165-9d75-043944abae8f,javaHome=C:\Users\AsusA416jp\.jdks\jbr-21.0.11,javaVersion=21,daemonRegistryDir=D:\AbsensiSeleksi\daemon,pid=13916,idleTimeout=10800000,priority=NORMAL,applyInstrumentationAgent=true,nativeServicesMode=ENABLED,daemonOpts=--add-opens=java.base/java.util=ALL-UNNAMED,--add-opens=java.base/java.lang=ALL-UNNAMED,--add-opens=java.base/java.lang.invoke=ALL-UNNAMED,--add-opens=java.prefs/java.util.prefs=ALL-UNNAMED,--add-exports=jdk.compiler/com.sun.tools.javac.api=ALL-UNNAMED,--add-exports=jdk.compiler/com.sun.tools.javac.util=ALL-UNNAMED,--add-opens=java.base/java.nio.charset=ALL-UNNAMED,--add-opens=java.base/java.net=ALL-UNNAMED,--add-opens=java.base/java.util.concurrent.atomic=ALL-UNNAMED,-Xmx2048m,-Dfile.encoding=UTF-8,-Duser.country=ID,-Duser.language=en,-Duser.variant]
Calculating task graph as no cached configuration is available for tasks: :app:assembleDebug
Unable to strip the following libraries, packaging them as they are: libface_detector_v2_jni.so, libimage_processing_util_jni.so.
Unable to strip the following libraries, packaging them as they are: libface_detector_v2_jni.so, libimage_processing_util_jni.so.
w: [ksp] D:/AbsensiSeleksi/app/src/main/java/com/absensiseleksi/data/local/AppDatabase.kt:9: Schema export directory was not provided to the annotation processor so Room cannot export the schema. You can either provide `room.schemaLocation` annotation processor argument by applying the Room Gradle plugin (id 'androidx.room') OR set exportSchema to false.
w: [ksp] D:/AbsensiSeleksi/app/src/main/java/com/absensiseleksi/data/local/AppDatabase.kt:9: Schema export directory was not provided to the annotation processor so Room cannot export the schema. You can either provide `room.schemaLocation` annotation processor argument by applying the Room Gradle plugin (id 'androidx.room') OR set exportSchema to false.
w: file:///D:/AbsensiSeleksi/app/src/main/java/com/absensiseleksi/ui/attendance/AttendanceActivity.kt:64:9 Parameter 'permissions' is never used, could be renamed to _
w: file:///D:/AbsensiSeleksi/app/src/main/java/com/absensiseleksi/ui/attendance/AttendanceActivity.kt:276:13 'onBackPressed(): Unit' is deprecated. This method has been deprecated in favor of using the
      {@link OnBackPressedDispatcher} via {@link #getOnBackPressedDispatcher()}.
      The OnBackPressedDispatcher controls how back button events are dispatched
      to one or more {@link OnBackPressedCallback} objects.
w: file:///D:/AbsensiSeleksi/app/src/main/java/com/absensiseleksi/ui/attendance/AttendanceDetailActivity.kt:111:13 'onBackPressed(): Unit' is deprecated. This method has been deprecated in favor of using the
      {@link OnBackPressedDispatcher} via {@link #getOnBackPressedDispatcher()}.
      The OnBackPressedDispatcher controls how back button events are dispatched
      to one or more {@link OnBackPressedCallback} objects.
w: file:///D:/AbsensiSeleksi/app/src/main/java/com/absensiseleksi/ui/attendance/AttendanceSuccessActivity.kt:49:13 'onBackPressed(): Unit' is deprecated. This method has been deprecated in favor of using the
      {@link OnBackPressedDispatcher} via {@link #getOnBackPressedDispatcher()}.
      The OnBackPressedDispatcher controls how back button events are dispatched
      to one or more {@link OnBackPressedCallback} objects.
w: file:///D:/AbsensiSeleksi/app/src/main/java/com/absensiseleksi/ui/riwayat/RiwayatDetailActivity.kt:56:13 'onBackPressed(): Unit' is deprecated. This method has been deprecated in favor of using the
      {@link OnBackPressedDispatcher} via {@link #getOnBackPressedDispatcher()}.
      The OnBackPressedDispatcher controls how back button events are dispatched
      to one or more {@link OnBackPressedCallback} objects.
w: file:///D:/AbsensiSeleksi/app/src/main/java/com/absensiseleksi/ui/attendance/AttendanceActivity.kt:64:9 Parameter 'permissions' is never used, could be renamed to _
w: file:///D:/AbsensiSeleksi/app/src/main/java/com/absensiseleksi/ui/attendance/AttendanceActivity.kt:276:13 'onBackPressed(): Unit' is deprecated. This method has been deprecated in favor of using the
      {@link OnBackPressedDispatcher} via {@link #getOnBackPressedDispatcher()}.
      The OnBackPressedDispatcher controls how back button events are dispatched
      to one or more {@link OnBackPressedCallback} objects.
w: file:///D:/AbsensiSeleksi/app/src/main/java/com/absensiseleksi/ui/attendance/AttendanceDetailActivity.kt:111:13 'onBackPressed(): Unit' is deprecated. This method has been deprecated in favor of using the
      {@link OnBackPressedDispatcher} via {@link #getOnBackPressedDispatcher()}.
      The OnBackPressedDispatcher controls how back button events are dispatched
      to one or more {@link OnBackPressedCallback} objects.
w: file:///D:/AbsensiSeleksi/app/src/main/java/com/absensiseleksi/ui/attendance/AttendanceSuccessActivity.kt:49:13 'onBackPressed(): Unit' is deprecated. This method has been deprecated in favor of using the
      {@link OnBackPressedDispatcher} via {@link #getOnBackPressedDispatcher()}.
      The OnBackPressedDispatcher controls how back button events are dispatched
      to one or more {@link OnBackPressedCallback} objects.
w: file:///D:/AbsensiSeleksi/app/src/main/java/com/absensiseleksi/ui/riwayat/RiwayatDetailActivity.kt:56:13 'onBackPressed(): Unit' is deprecated. This method has been deprecated in favor of using the
      {@link OnBackPressedDispatcher} via {@link #getOnBackPressedDispatcher()}.
      The OnBackPressedDispatcher controls how back button events are dispatched
      to one or more {@link OnBackPressedCallback} objects.
WARNING: [Processor] Library 'D:\AbsensiSeleksi\caches\8.9\transforms\c510b795866a7df757905ff380881294\transformed\core-1.15.0-api.jar' contains references to both AndroidX and old support library. This seems like the library is partially migrated. Jetifier will try to rewrite the library anyway.
 Example of androidX reference: 'androidx/core/util/Supplier'
 Example of support library reference: 'android/support/v4/app/INotificationSideChannel$Default'

BUILD SUCCESSFUL in 9m 20s
85 actionable tasks: 85 executed
Configuration cache entry stored.
2026-09-03T19:12:40.836+0700 [DEBUG] [org.gradle.launcher.daemon.server.exec.ExecuteBuild] The daemon has finished executing the build.
2026-09-03T19:12:41.163+0700 [DEBUG] [org.gradle.launcher.daemon.server.DaemonStateCoordinator] Command execution: finished waiting for DaemonCommandExecution[command = Build{id=43ca0813-5113-49ea-8649-ab1fae8f1f99, currentDir=D:\AbsensiSeleksi}, connection = DefaultDaemonConnection: socket connection from /127.0.0.1:54027 to /127.0.0.1:54104]. Result org.gradle.launcher.daemon.server.DaemonStateCoordinator@27a4541e with state Busy
2026-09-03T19:12:41.187+0700 [DEBUG] [org.gradle.launcher.daemon.server.DaemonStateCoordinator] Command execution: completed DaemonCommandExecution[command = Build{id=43ca0813-5113-49ea-8649-ab1fae8f1f99, currentDir=D:\AbsensiSeleksi}, connection = DefaultDaemonConnection: socket connection from /127.0.0.1:54027 to /127.0.0.1:54104]
2026-09-03T19:12:41.187+0700 [DEBUG] [org.gradle.launcher.daemon.server.DaemonStateCoordinator] resetting idle timer
2026-09-03T19:12:41.187+0700 [INFO] [org.gradle.launcher.daemon.server.DaemonRegistryUpdater] Marking the daemon as idle, address: [f2f1712e-f482-409b-b31d-d4d926729cf0 port:54027, addresses:[localhost/127.0.0.1]]
2026-09-03T19:12:41.187+0700 [DEBUG] [org.gradle.launcher.daemon.registry.PersistentDaemonRegistry] Marking busy by address: [f2f1712e-f482-409b-b31d-d4d926729cf0 port:54027, addresses:[localhost/127.0.0.1]]
2026-09-03T19:12:41.189+0700 [DEBUG] [org.gradle.cache.internal.DefaultFileLockManager] Waiting to acquire exclusive lock on daemon addresses registry.
2026-09-03T19:12:41.189+0700 [DEBUG] [org.gradle.cache.internal.DefaultFileLockManager] Lock acquired on daemon addresses registry.
2026-09-03T19:12:41.245+0700 [DEBUG] [org.gradle.cache.internal.DefaultFileLockManager] Releasing lock on daemon addresses registry.
2026-09-03T19:12:41.247+0700 [DEBUG] [org.gradle.launcher.daemon.server.DaemonStateCoordinator] daemon is running. Sleeping until state changes.
2026-09-03T19:12:41.247+0700 [DEBUG] [org.gradle.launcher.daemon.server.exec.ReturnResult] Daemon is dispatching the build result: Success[value=org.gradle.launcher.exec.BuildActionResult@3edce02]
2026-09-03T19:12:41.295+0700 [DEBUG] [org.gradle.launcher.daemon.server.SynchronizedDispatchConnection] thread 216: dispatching Success[value=org.gradle.launcher.exec.BuildActionResult@3edce02]
2026-09-03T19:12:41.392+0700 [DEBUG] [org.gradle.launcher.daemon.server.exec.CleanUpVirtualFileSystemAfterBuild] Cleaning virtual file system after build finished
2026-09-03T19:12:41.418+0700 [DEBUG] [org.gradle.launcher.daemon.server.DefaultIncomingConnectionHandler] Finishing executing command: Build{id=43ca0813-5113-49ea-8649-ab1fae8f1f99, currentDir=D:\AbsensiSeleksi}
2026-09-03T19:12:41.980+0700 [DEBUG] [org.gradle.launcher.daemon.server.SynchronizedDispatchConnection] thread 303: received class org.gradle.launcher.daemon.protocol.CloseInput
2026-09-03T19:12:41.980+0700 [DEBUG] [org.gradle.launcher.daemon.server.DefaultDaemonConnection] thread 303: Received IO message from client: org.gradle.launcher.daemon.protocol.CloseInput@4e0836fe
2026-09-03T19:12:41.981+0700 [DEBUG] [org.gradle.launcher.daemon.server.SynchronizedDispatchConnection] thread 303: received class org.gradle.launcher.daemon.protocol.Finished
2026-09-03T19:12:41.983+0700 [DEBUG] [org.gradle.launcher.daemon.server.DefaultDaemonConnection] thread 303: Received non-IO message from client: org.gradle.launcher.daemon.protocol.Finished@40cfd14f
2026-09-03T19:12:41.984+0700 [DEBUG] [org.gradle.launcher.daemon.server.DefaultIncomingConnectionHandler] Received finished message: org.gradle.launcher.daemon.protocol.Finished@40cfd14f
2026-09-03T19:12:41.985+0700 [DEBUG] [org.gradle.launcher.daemon.server.SynchronizedDispatchConnection] thread 216: stopping connection
2026-09-03T19:12:42.023+0700 [DEBUG] [org.gradle.internal.remote.internal.inet.SocketConnection] Discarding EOFException: java.io.EOFException
2026-09-03T19:12:42.023+0700 [DEBUG] [org.gradle.launcher.daemon.server.SynchronizedDispatchConnection] thread 303: received null
2026-09-03T19:12:42.024+0700 [DEBUG] [org.gradle.launcher.daemon.server.DefaultDaemonConnection] thread 303: Received end-of-input from client.
2026-09-03T19:12:42.168+0700 [DEBUG] [org.gradle.launcher.daemon.server.SynchronizedDispatchConnection] thread 216: stopping connection
2026-09-03T19:12:44.800+0700 [DEBUG] [org.gradle.process.internal.health.memory.DefaultMemoryManager] 638754816 physical memory requested, 428081152 free
2026-09-03T19:12:44.800+0700 [DEBUG] [org.gradle.workers.internal.WorkerDaemonExpiration] Will attempt to release 609 of memory
2026-09-03T19:12:44.801+0700 [DEBUG] [org.gradle.process.internal.health.memory.DefaultMemoryManager] 638754816 physical memory requested, 0 released, 428081152 free
2026-09-03T19:12:49.791+0700 [DEBUG] [org.gradle.process.internal.health.memory.DefaultMemoryManager] 638754816 physical memory requested, 273018880 free
2026-09-03T19:12:49.791+0700 [DEBUG] [org.gradle.workers.internal.WorkerDaemonExpiration] Will attempt to release 609 of memory
2026-09-03T19:12:49.791+0700 [DEBUG] [org.gradle.process.internal.health.memory.DefaultMemoryManager] 638754816 physical memory requested, 0 released, 273018880 free
2026-09-03T19:12:50.566+0700 [DEBUG] [org.gradle.cache.internal.DefaultFileLockManager] Waiting to acquire shared lock on daemon addresses registry.
2026-09-03T19:12:50.566+0700 [DEBUG] [org.gradle.cache.internal.DefaultFileLockManager] Lock acquired on daemon addresses registry.
2026-09-03T19:12:50.567+0700 [DEBUG] [org.gradle.cache.internal.DefaultFileLockManager] Releasing lock on daemon addresses registry.
2026-09-03T19:12:50.705+0700 [DEBUG] [org.gradle.cache.internal.DefaultFileLockManager] Waiting to acquire shared lock on daemon addresses registry.
2026-09-03T19:12:50.706+0700 [DEBUG] [org.gradle.cache.internal.DefaultFileLockManager] Lock acquired on daemon addresses registry.
2026-09-03T19:12:50.707+0700 [DEBUG] [org.gradle.cache.internal.DefaultFileLockManager] Releasing lock on daemon addresses registry.
2026-09-03T19:12:54.787+0700 [DEBUG] [org.gradle.process.internal.health.memory.DefaultMemoryManager] 638754816 physical memory requested, 129859584 free
2026-09-03T19:12:54.787+0700 [DEBUG] [org.gradle.workers.internal.WorkerDaemonExpiration] Will attempt to release 609 of memory
2026-09-03T19:12:54.788+0700 [DEBUG] [org.gradle.process.internal.health.memory.DefaultMemoryManager] 638754816 physical memory requested, 0 released, 129859584 free
2026-09-03T19:12:59.795+0700 [DEBUG] [org.gradle.process.internal.health.memory.DefaultMemoryManager] 638754816 physical memory requested, 250048512 free
2026-09-03T19:12:59.796+0700 [DEBUG] [org.gradle.workers.internal.WorkerDaemonExpiration] Will attempt to release 609 of memory
2026-09-03T19:12:59.796+0700 [DEBUG] [org.gradle.process.internal.health.memory.DefaultMemoryManager] 638754816 physical memory requested, 0 released, 250048512 free
2026-09-03T19:13:00.578+0700 [DEBUG] [org.gradle.cache.internal.DefaultFileLockManager] Waiting to acquire shared lock on daemon addresses registry.
2026-09-03T19:13:00.578+0700 [DEBUG] [org.gradle.cache.internal.DefaultFileLockManager] Lock acquired on daemon addresses registry.
2026-09-03T19:13:00.694+0700 [DEBUG] [org.gradle.cache.internal.DefaultFileLockManager] Releasing lock on daemon addresses registry.
2026-09-03T19:13:00.699+0700 [DEBUG] [org.gradle.cache.internal.DefaultFileLockManager] Waiting to acquire shared lock on daemon addresses registry.
2026-09-03T19:13:00.699+0700 [DEBUG] [org.gradle.cache.internal.DefaultFileLockManager] Lock acquired on daemon addresses registry.
2026-09-03T19:13:00.700+0700 [DEBUG] [org.gradle.cache.internal.DefaultFileLockManager] Releasing lock on daemon addresses registry.
2026-09-03T19:13:00.702+0700 [DEBUG] [org.gradle.cache.internal.DefaultFileLockManager] Waiting to acquire shared lock on daemon addresses registry.
2026-09-03T19:13:00.702+0700 [DEBUG] [org.gradle.cache.internal.DefaultFileLockManager] Lock acquired on daemon addresses registry.
2026-09-03T19:13:00.703+0700 [DEBUG] [org.gradle.cache.internal.DefaultFileLockManager] Releasing lock on daemon addresses registry.
2026-09-03T19:13:04.796+0700 [DEBUG] [org.gradle.process.internal.health.memory.DefaultMemoryManager] 638754816 physical memory requested, 441253888 free
2026-09-03T19:13:04.796+0700 [DEBUG] [org.gradle.workers.internal.WorkerDaemonExpiration] Will attempt to release 609 of memory
2026-09-03T19:13:04.797+0700 [DEBUG] [org.gradle.process.internal.health.memory.DefaultMemoryManager] 638754816 physical memory requested, 0 released, 441253888 free
2026-09-03T19:13:09.799+0700 [DEBUG] [org.gradle.process.internal.health.memory.DefaultMemoryManager] 638754816 physical memory requested, 587771904 free
2026-09-03T19:13:09.799+0700 [DEBUG] [org.gradle.workers.internal.WorkerDaemonExpiration] Will attempt to release 609 of memory
2026-09-03T19:13:09.799+0700 [DEBUG] [org.gradle.process.internal.health.memory.DefaultMemoryManager] 638754816 physical memory requested, 0 released, 587771904 free
2026-09-03T19:13:10.574+0700 [DEBUG] [org.gradle.cache.internal.DefaultFileLockManager] Waiting to acquire shared lock on daemon addresses registry.
2026-09-03T19:13:10.575+0700 [DEBUG] [org.gradle.cache.internal.DefaultFileLockManager] Lock acquired on daemon addresses registry.
2026-09-03T19:13:10.575+0700 [DEBUG] [org.gradle.cache.internal.DefaultFileLockManager] Releasing lock on daemon addresses registry.
2026-09-03T19:13:10.579+0700 [DEBUG] [org.gradle.cache.internal.DefaultFileLockManager] Waiting to acquire shared lock on daemon addresses registry.
2026-09-03T19:13:10.580+0700 [DEBUG] [org.gradle.cache.internal.DefaultFileLockManager] Lock acquired on daemon addresses registry.
2026-09-03T19:13:10.581+0700 [DEBUG] [org.gradle.cache.internal.DefaultFileLockManager] Releasing lock on daemon addresses registry.
2026-09-03T19:13:10.584+0700 [DEBUG] [org.gradle.cache.internal.DefaultFileLockManager] Waiting to acquire shared lock on daemon addresses registry.
2026-09-03T19:13:10.585+0700 [DEBUG] [org.gradle.cache.internal.DefaultFileLockManager] Lock acquired on daemon addresses registry.
2026-09-03T19:13:10.585+0700 [DEBUG] [org.gradle.cache.internal.DefaultFileLockManager] Releasing lock on daemon addresses registry.
2026-09-03T19:13:20.571+0700 [DEBUG] [org.gradle.cache.internal.DefaultFileLockManager] Waiting to acquire shared lock on daemon addresses registry.
2026-09-03T19:13:20.571+0700 [DEBUG] [org.gradle.cache.internal.DefaultFileLockManager] Lock acquired on daemon addresses registry.
2026-09-03T19:13:20.573+0700 [DEBUG] [org.gradle.cache.internal.DefaultFileLockManager] Releasing lock on daemon addresses registry.
2026-09-03T19:13:20.575+0700 [DEBUG] [org.gradle.cache.internal.DefaultFileLockManager] Waiting to acquire shared lock on daemon addresses registry.
2026-09-03T19:13:20.575+0700 [DEBUG] [org.gradle.cache.internal.DefaultFileLockManager] Lock acquired on daemon addresses registry.
2026-09-03T19:13:20.575+0700 [DEBUG] [org.gradle.cache.internal.DefaultFileLockManager] Releasing lock on daemon addresses registry.
2026-09-03T19:13:20.576+0700 [DEBUG] [org.gradle.cache.internal.DefaultFileLockManager] Waiting to acquire shared lock on daemon addresses registry.
2026-09-03T19:13:20.577+0700 [DEBUG] [org.gradle.cache.internal.DefaultFileLockManager] Lock acquired on daemon addresses registry.
2026-09-03T19:13:20.577+0700 [DEBUG] [org.gradle.cache.internal.DefaultFileLockManager] Releasing lock on daemon addresses registry.
2026-09-03T19:13:24.797+0700 [DEBUG] [org.gradle.process.internal.health.memory.DefaultMemoryManager] 638754816 physical memory requested, 467083264 free
2026-09-03T19:13:24.797+0700 [DEBUG] [org.gradle.workers.internal.WorkerDaemonExpiration] Will attempt to release 609 of memory
2026-09-03T19:13:24.798+0700 [DEBUG] [org.gradle.process.internal.health.memory.DefaultMemoryManager] 638754816 physical memory requested, 0 released, 467083264 free
2026-09-03T19:13:29.798+0700 [DEBUG] [org.gradle.process.internal.health.memory.DefaultMemoryManager] 638754816 physical memory requested, 171073536 free
2026-09-03T19:13:29.798+0700 [DEBUG] [org.gradle.workers.internal.WorkerDaemonExpiration] Will attempt to release 609 of memory
2026-09-03T19:13:29.798+0700 [DEBUG] [org.gradle.process.internal.health.memory.DefaultMemoryManager] 638754816 physical memory requested, 0 released, 171073536 free
2026-09-03T19:13:30.578+0700 [DEBUG] [org.gradle.cache.internal.DefaultFileLockManager] Waiting to acquire shared lock on daemon addresses registry.
2026-09-03T19:13:30.579+0700 [DEBUG] [org.gradle.cache.internal.DefaultFileLockManager] Lock acquired on daemon addresses registry.
2026-09-03T19:13:30.597+0700 [DEBUG] [org.gradle.cache.internal.DefaultFileLockManager] Releasing lock on daemon addresses registry.
2026-09-03T19:13:30.602+0700 [DEBUG] [org.gradle.cache.internal.DefaultFileLockManager] Waiting to acquire shared lock on daemon addresses registry.
2026-09-03T19:13:30.602+0700 [DEBUG] [org.gradle.cache.internal.DefaultFileLockManager] Lock acquired on daemon addresses registry.
2026-09-03T19:13:30.603+0700 [DEBUG] [org.gradle.cache.internal.DefaultFileLockManager] Releasing lock on daemon addresses registry.
2026-09-03T19:13:30.605+0700 [DEBUG] [org.gradle.cache.internal.DefaultFileLockManager] Waiting to acquire shared lock on daemon addresses registry.
2026-09-03T19:13:30.605+0700 [DEBUG] [org.gradle.cache.internal.DefaultFileLockManager] Lock acquired on daemon addresses registry.
2026-09-03T19:13:30.606+0700 [DEBUG] [org.gradle.cache.internal.DefaultFileLockManager] Releasing lock on daemon addresses registry.
2026-09-03T19:13:34.792+0700 [DEBUG] [org.gradle.process.internal.health.memory.DefaultMemoryManager] 638754816 physical memory requested, 379351040 free
2026-09-03T19:13:34.792+0700 [DEBUG] [org.gradle.workers.internal.WorkerDaemonExpiration] Will attempt to release 609 of memory
2026-09-03T19:13:34.793+0700 [DEBUG] [org.gradle.process.internal.health.memory.DefaultMemoryManager] 638754816 physical memory requested, 0 released, 379351040 free
2026-09-03T19:13:40.569+0700 [DEBUG] [org.gradle.cache.internal.DefaultFileLockManager] Waiting to acquire shared lock on daemon addresses registry.
2026-09-03T19:13:40.569+0700 [DEBUG] [org.gradle.cache.internal.DefaultFileLockManager] Lock acquired on daemon addresses registry.
2026-09-03T19:13:40.569+0700 [DEBUG] [org.gradle.cache.internal.DefaultFileLockManager] Releasing lock on daemon addresses registry.
2026-09-03T19:13:40.571+0700 [DEBUG] [org.gradle.cache.internal.DefaultFileLockManager] Waiting to acquire shared lock on daemon addresses registry.
2026-09-03T19:13:40.572+0700 [DEBUG] [org.gradle.cache.internal.DefaultFileLockManager] Lock acquired on daemon addresses registry.
2026-09-03T19:13:40.572+0700 [DEBUG] [org.gradle.cache.internal.DefaultFileLockManager] Releasing lock on daemon addresses registry.
2026-09-03T19:13:40.573+0700 [DEBUG] [org.gradle.cache.internal.DefaultFileLockManager] Waiting to acquire shared lock on daemon addresses registry.
2026-09-03T19:13:40.573+0700 [DEBUG] [org.gradle.cache.internal.DefaultFileLockManager] Lock acquired on daemon addresses registry.
2026-09-03T19:13:40.574+0700 [DEBUG] [org.gradle.cache.internal.DefaultFileLockManager] Releasing lock on daemon addresses registry.
2026-09-03T19:13:44.794+0700 [DEBUG] [org.gradle.process.internal.health.memory.DefaultMemoryManager] 638754816 physical memory requested, 552312832 free
2026-09-03T19:13:44.795+0700 [DEBUG] [org.gradle.workers.internal.WorkerDaemonExpiration] Will attempt to release 609 of memory
2026-09-03T19:13:44.796+0700 [DEBUG] [org.gradle.process.internal.health.memory.DefaultMemoryManager] 638754816 physical memory requested, 0 released, 552312832 free
2026-09-03T19:13:49.787+0700 [DEBUG] [org.gradle.process.internal.health.memory.DefaultMemoryManager] 638754816 physical memory requested, 469336064 free
2026-09-03T19:13:49.788+0700 [DEBUG] [org.gradle.workers.internal.WorkerDaemonExpiration] Will attempt to release 609 of memory
2026-09-03T19:13:49.788+0700 [DEBUG] [org.gradle.process.internal.health.memory.DefaultMemoryManager] 638754816 physical memory requested, 0 released, 469336064 free
2026-09-03T19:13:50.679+0700 [DEBUG] [org.gradle.cache.internal.DefaultFileLockManager] Waiting to acquire shared lock on daemon addresses registry.
2026-09-03T19:13:50.679+0700 [DEBUG] [org.gradle.cache.internal.DefaultFileLockManager] Lock acquired on daemon addresses registry.
2026-09-03T19:13:50.680+0700 [DEBUG] [org.gradle.cache.internal.DefaultFileLockManager] Releasing lock on daemon addresses registry.
2026-09-03T19:13:50.681+0700 [DEBUG] [org.gradle.cache.internal.DefaultFileLockManager] Waiting to acquire shared lock on daemon addresses registry.
2026-09-03T19:13:50.682+0700 [DEBUG] [org.gradle.cache.internal.DefaultFileLockManager] Lock acquired on daemon addresses registry.
2026-09-03T19:13:50.682+0700 [DEBUG] [org.gradle.cache.internal.DefaultFileLockManager] Releasing lock on daemon addresses registry.
2026-09-03T19:13:50.683+0700 [DEBUG] [org.gradle.cache.internal.DefaultFileLockManager] Waiting to acquire shared lock on daemon addresses registry.
2026-09-03T19:13:50.683+0700 [DEBUG] [org.gradle.cache.internal.DefaultFileLockManager] Lock acquired on daemon addresses registry.
2026-09-03T19:13:50.683+0700 [DEBUG] [org.gradle.cache.internal.DefaultFileLockManager] Releasing lock on daemon addresses registry.
2026-09-03T19:14:00.570+0700 [DEBUG] [org.gradle.cache.internal.DefaultFileLockManager] Waiting to acquire shared lock on daemon addresses registry.
2026-09-03T19:14:00.570+0700 [DEBUG] [org.gradle.cache.internal.DefaultFileLockManager] Lock acquired on daemon addresses registry.
2026-09-03T19:14:00.571+0700 [DEBUG] [org.gradle.cache.internal.DefaultFileLockManager] Releasing lock on daemon addresses registry.
2026-09-03T19:14:00.572+0700 [DEBUG] [org.gradle.cache.internal.DefaultFileLockManager] Waiting to acquire shared lock on daemon addresses registry.
2026-09-03T19:14:00.573+0700 [DEBUG] [org.gradle.cache.internal.DefaultFileLockManager] Lock acquired on daemon addresses registry.
2026-09-03T19:14:00.573+0700 [DEBUG] [org.gradle.cache.internal.DefaultFileLockManager] Releasing lock on daemon addresses registry.
2026-09-03T19:14:00.574+0700 [DEBUG] [org.gradle.cache.internal.DefaultFileLockManager] Waiting to acquire shared lock on daemon addresses registry.
2026-09-03T19:14:00.574+0700 [DEBUG] [org.gradle.cache.internal.DefaultFileLockManager] Lock acquired on daemon addresses registry.
2026-09-03T19:14:00.575+0700 [DEBUG] [org.gradle.cache.internal.DefaultFileLockManager] Releasing lock on daemon addresses registry.
2026-09-03T19:14:10.564+0700 [DEBUG] [org.gradle.cache.internal.DefaultFileLockManager] Waiting to acquire shared lock on daemon addresses registry.
2026-09-03T19:14:10.565+0700 [DEBUG] [org.gradle.cache.internal.DefaultFileLockManager] Lock acquired on daemon addresses registry.
2026-09-03T19:14:10.567+0700 [DEBUG] [org.gradle.cache.internal.DefaultFileLockManager] Releasing lock on daemon addresses registry.
2026-09-03T19:14:10.568+0700 [DEBUG] [org.gradle.cache.internal.DefaultFileLockManager] Waiting to acquire shared lock on daemon addresses registry.
2026-09-03T19:14:10.569+0700 [DEBUG] [org.gradle.cache.internal.DefaultFileLockManager] Lock acquired on daemon addresses registry.
2026-09-03T19:14:10.569+0700 [DEBUG] [org.gradle.cache.internal.DefaultFileLockManager] Releasing lock on daemon addresses registry.
2026-09-03T19:14:10.570+0700 [DEBUG] [org.gradle.cache.internal.DefaultFileLockManager] Waiting to acquire shared lock on daemon addresses registry.
2026-09-03T19:14:10.570+0700 [DEBUG] [org.gradle.cache.internal.DefaultFileLockManager] Lock acquired on daemon addresses registry.
2026-09-03T19:14:10.570+0700 [DEBUG] [org.gradle.cache.internal.DefaultFileLockManager] Releasing lock on daemon addresses registry.
2026-09-03T19:14:14.824+0700 [DEBUG] [sun.rmi.transport.tcp] RMI TCP Connection(12)-127.0.0.1: accepted socket from [127.0.0.1:61488]
2026-09-03T19:14:14.824+0700 [DEBUG] [sun.rmi.transport.tcp] RMI TCP Connection(11)-127.0.0.1: accepted socket from [127.0.0.1:61487]
2026-09-03T19:14:14.914+0700 [DEBUG] [sun.rmi.transport.tcp] RMI TCP Connection(11)-127.0.0.1: (port 63431) op = 80
2026-09-03T19:14:14.914+0700 [DEBUG] [sun.rmi.transport.tcp] RMI TCP Connection(12)-127.0.0.1: (port 63431) op = 80
2026-09-03T19:14:14.939+0700 [DEBUG] [sun.rmi.loader] RMI TCP Connection(12)-127.0.0.1: name = "[Ljava.rmi.server.ObjID;", codebase = "", defaultLoader = jdk.internal.loader.ClassLoaders$PlatformClassLoader@792935a4
2026-09-03T19:14:14.939+0700 [DEBUG] [sun.rmi.loader] RMI TCP Connection(11)-127.0.0.1: name = "[Ljava.rmi.server.ObjID;", codebase = "", defaultLoader = jdk.internal.loader.ClassLoaders$PlatformClassLoader@792935a4
2026-09-03T19:14:14.945+0700 [DEBUG] [sun.rmi.loader] RMI TCP Connection(12)-127.0.0.1: name = "java.rmi.dgc.Lease", codebase = "", defaultLoader = jdk.internal.loader.ClassLoaders$PlatformClassLoader@792935a4
2026-09-03T19:14:14.945+0700 [DEBUG] [sun.rmi.loader] RMI TCP Connection(11)-127.0.0.1: name = "java.rmi.dgc.Lease", codebase = "", defaultLoader = jdk.internal.loader.ClassLoaders$PlatformClassLoader@792935a4
2026-09-03T19:14:14.951+0700 [DEBUG] [sun.rmi.loader] RMI TCP Connection(11)-127.0.0.1: name = "java.rmi.dgc.VMID", codebase = "", defaultLoader = jdk.internal.loader.ClassLoaders$PlatformClassLoader@792935a4
2026-09-03T19:14:14.951+0700 [DEBUG] [sun.rmi.loader] RMI TCP Connection(12)-127.0.0.1: name = "java.rmi.dgc.VMID", codebase = "", defaultLoader = jdk.internal.loader.ClassLoaders$PlatformClassLoader@792935a4
2026-09-03T19:14:14.952+0700 [DEBUG] [sun.rmi.loader] RMI TCP Connection(12)-127.0.0.1: name = "[B", codebase = "", defaultLoader = jdk.internal.loader.ClassLoaders$PlatformClassLoader@792935a4
2026-09-03T19:14:14.952+0700 [DEBUG] [sun.rmi.loader] RMI TCP Connection(11)-127.0.0.1: name = "[B", codebase = "", defaultLoader = jdk.internal.loader.ClassLoaders$PlatformClassLoader@792935a4
2026-09-03T19:14:14.954+0700 [DEBUG] [sun.rmi.loader] RMI TCP Connection(12)-127.0.0.1: name = "java.rmi.server.UID", codebase = "", defaultLoader = jdk.internal.loader.ClassLoaders$PlatformClassLoader@792935a4
2026-09-03T19:14:14.954+0700 [DEBUG] [sun.rmi.loader] RMI TCP Connection(11)-127.0.0.1: name = "java.rmi.server.UID", codebase = "", defaultLoader = jdk.internal.loader.ClassLoaders$PlatformClassLoader@792935a4
2026-09-03T19:14:20.579+0700 [DEBUG] [org.gradle.cache.internal.DefaultFileLockManager] Waiting to acquire shared lock on daemon addresses registry.
2026-09-03T19:14:20.580+0700 [DEBUG] [org.gradle.cache.internal.DefaultFileLockManager] Lock acquired on daemon addresses registry.
2026-09-03T19:14:20.581+0700 [DEBUG] [org.gradle.cache.internal.DefaultFileLockManager] Releasing lock on daemon addresses registry.
2026-09-03T19:14:20.585+0700 [DEBUG] [org.gradle.cache.internal.DefaultFileLockManager] Waiting to acquire shared lock on daemon addresses registry.
2026-09-03T19:14:20.585+0700 [DEBUG] [org.gradle.cache.internal.DefaultFileLockManager] Lock acquired on daemon addresses registry.
2026-09-03T19:14:20.586+0700 [DEBUG] [org.gradle.cache.internal.DefaultFileLockManager] Releasing lock on daemon addresses registry.
2026-09-03T19:14:20.588+0700 [DEBUG] [org.gradle.cache.internal.DefaultFileLockManager] Waiting to acquire shared lock on daemon addresses registry.
2026-09-03T19:14:20.588+0700 [DEBUG] [org.gradle.cache.internal.DefaultFileLockManager] Lock acquired on daemon addresses registry.
2026-09-03T19:14:20.589+0700 [DEBUG] [org.gradle.cache.internal.DefaultFileLockManager] Releasing lock on daemon addresses registry.
2026-09-03T19:14:30.208+0700 [DEBUG] [sun.rmi.transport.tcp] RMI TCP Connection(12)-127.0.0.1: (port 63431) connection closed
2026-09-03T19:14:30.372+0700 [DEBUG] [sun.rmi.transport.tcp] RMI TCP Connection(11)-127.0.0.1: (port 63431) connection closed
2026-09-03T19:14:30.569+0700 [DEBUG] [org.gradle.cache.internal.DefaultFileLockManager] Waiting to acquire shared lock on daemon addresses registry.
2026-09-03T19:14:30.570+0700 [DEBUG] [org.gradle.cache.internal.DefaultFileLockManager] Lock acquired on daemon addresses registry.
2026-09-03T19:14:30.570+0700 [DEBUG] [org.gradle.cache.internal.DefaultFileLockManager] Releasing lock on daemon addresses registry.
2026-09-03T19:14:30.571+0700 [DEBUG] [org.gradle.cache.internal.DefaultFileLockManager] Waiting to acquire shared lock on daemon addresses registry.
2026-09-03T19:14:30.571+0700 [DEBUG] [org.gradle.cache.internal.DefaultFileLockManager] Lock acquired on daemon addresses registry.
2026-09-03T19:14:30.572+0700 [DEBUG] [org.gradle.cache.internal.DefaultFileLockManager] Releasing lock on daemon addresses registry.
2026-09-03T19:14:30.624+0700 [DEBUG] [sun.rmi.transport.tcp] RMI TCP Connection(11)-127.0.0.1: close connection, socket: Socket[addr=/127.0.0.1,port=61487,localport=63431]
2026-09-03T19:14:30.624+0700 [DEBUG] [sun.rmi.transport.tcp] RMI TCP Connection(12)-127.0.0.1: close connection, socket: Socket[addr=/127.0.0.1,port=61488,localport=63431]
2026-09-03T19:14:30.812+0700 [DEBUG] [org.gradle.cache.internal.DefaultFileLockManager] Waiting to acquire shared lock on daemon addresses registry.
2026-09-03T19:14:30.812+0700 [DEBUG] [org.gradle.cache.internal.DefaultFileLockManager] Lock acquired on daemon addresses registry.
2026-09-03T19:14:30.857+0700 [DEBUG] [sun.rmi.transport.tcp] RMI TCP Connection(11)-127.0.0.1: socket close: Socket[addr=/127.0.0.1,port=61487,localport=63431]
2026-09-03T19:14:30.858+0700 [DEBUG] [org.gradle.cache.internal.DefaultFileLockManager] Releasing lock on daemon addresses registry.
2026-09-03T19:14:30.882+0700 [DEBUG] [sun.rmi.transport.tcp] RMI TCP Connection(12)-127.0.0.1: socket close: Socket[addr=/127.0.0.1,port=61488,localport=63431]
2026-09-03T19:14:40.808+0700 [DEBUG] [org.gradle.cache.internal.DefaultFileLockManager] Waiting to acquire shared lock on daemon addresses registry.
2026-09-03T19:14:40.808+0700 [DEBUG] [org.gradle.cache.internal.DefaultFileLockManager] Lock acquired on daemon addresses registry.
2026-09-03T19:14:40.808+0700 [DEBUG] [org.gradle.cache.internal.DefaultFileLockManager] Releasing lock on daemon addresses registry.
2026-09-03T19:14:40.854+0700 [DEBUG] [org.gradle.cache.internal.DefaultFileLockManager] Waiting to acquire shared lock on daemon addresses registry.
2026-09-03T19:14:40.854+0700 [DEBUG] [org.gradle.cache.internal.DefaultFileLockManager] Lock acquired on daemon addresses registry.
2026-09-03T19:14:40.855+0700 [DEBUG] [org.gradle.cache.internal.DefaultFileLockManager] Releasing lock on daemon addresses registry.
2026-09-03T19:14:40.856+0700 [DEBUG] [org.gradle.cache.internal.DefaultFileLockManager] Waiting to acquire shared lock on daemon addresses registry.
2026-09-03T19:14:40.856+0700 [DEBUG] [org.gradle.cache.internal.DefaultFileLockManager] Lock acquired on daemon addresses registry.
2026-09-03T19:14:40.856+0700 [DEBUG] [org.gradle.cache.internal.DefaultFileLockManager] Releasing lock on daemon addresses registry.
2026-09-03T19:14:41.499+0700 [DEBUG] [org.gradle.internal.watch.vfs.impl.WatchingVirtualFileSystem] Handling VFS change CREATED D:\AbsensiSeleksi\app\src\main\java\com\absensiseleksi\data\local\dao\OnConflictStrate.kt
2026-09-03T19:14:44.789+0700 [DEBUG] [org.gradle.process.internal.health.memory.DefaultMemoryManager] 638754816 physical memory requested, 591233024 free
2026-09-03T19:14:44.789+0700 [DEBUG] [org.gradle.workers.internal.WorkerDaemonExpiration] Will attempt to release 609 of memory
2026-09-03T19:14:44.789+0700 [DEBUG] [org.gradle.process.internal.health.memory.DefaultMemoryManager] 638754816 physical memory requested, 0 released, 591233024 free
2026-09-03T19:14:49.798+0700 [DEBUG] [org.gradle.process.internal.health.memory.DefaultMemoryManager] 638754816 physical memory requested, 577986560 free
2026-09-03T19:14:49.801+0700 [DEBUG] [org.gradle.workers.internal.WorkerDaemonExpiration] Will attempt to release 609 of memory
2026-09-03T19:14:49.812+0700 [DEBUG] [org.gradle.process.internal.health.memory.DefaultMemoryManager] 638754816 physical memory requested, 0 released, 577986560 free
2026-09-03T19:14:50.570+0700 [DEBUG] [org.gradle.cache.internal.DefaultFileLockManager] Waiting to acquire shared lock on daemon addresses registry.
2026-09-03T19:14:50.570+0700 [DEBUG] [org.gradle.cache.internal.DefaultFileLockManager] Lock acquired on daemon addresses registry.
2026-09-03T19:14:50.570+0700 [DEBUG] [org.gradle.cache.internal.DefaultFileLockManager] Releasing lock on daemon addresses registry.
2026-09-03T19:14:50.572+0700 [DEBUG] [org.gradle.cache.internal.DefaultFileLockManager] Waiting to acquire shared lock on daemon addresses registry.
2026-09-03T19:14:50.573+0700 [DEBUG] [org.gradle.cache.internal.DefaultFileLockManager] Lock acquired on daemon addresses registry.
2026-09-03T19:14:50.573+0700 [DEBUG] [org.gradle.cache.internal.DefaultFileLockManager] Releasing lock on daemon addresses registry.
2026-09-03T19:14:50.575+0700 [DEBUG] [org.gradle.cache.internal.DefaultFileLockManager] Waiting to acquire shared lock on daemon addresses registry.
2026-09-03T19:14:50.575+0700 [DEBUG] [org.gradle.cache.internal.DefaultFileLockManager] Lock acquired on daemon addresses registry.
2026-09-03T19:14:50.575+0700 [DEBUG] [org.gradle.cache.internal.DefaultFileLockManager] Releasing lock on daemon addresses registry.
2026-09-03T19:14:54.789+0700 [DEBUG] [org.gradle.process.internal.health.memory.DefaultMemoryManager] 638754816 physical memory requested, 533569536 free
2026-09-03T19:14:54.795+0700 [DEBUG] [org.gradle.workers.internal.WorkerDaemonExpiration] Will attempt to release 609 of memory
2026-09-03T19:14:54.796+0700 [DEBUG] [org.gradle.process.internal.health.memory.DefaultMemoryManager] 638754816 physical memory requested, 0 released, 533569536 free
2026-09-03T19:14:59.645+0700 [DEBUG] [org.gradle.internal.watch.vfs.impl.WatchingVirtualFileSystem] Handling VFS change MODIFIED D:\AbsensiSeleksi\app\src\main\java\com\absensiseleksi\data\local\dao\AbsensiDao.kt
2026-09-03T19:14:59.790+0700 [DEBUG] [org.gradle.process.internal.health.memory.DefaultMemoryManager] 638754816 physical memory requested, 481689600 free
2026-09-03T19:14:59.790+0700 [DEBUG] [org.gradle.workers.internal.WorkerDaemonExpiration] Will attempt to release 609 of memory
2026-09-03T19:14:59.790+0700 [DEBUG] [org.gradle.process.internal.health.memory.DefaultMemoryManager] 638754816 physical memory requested, 0 released, 481689600 free
2026-09-03T19:15:00.572+0700 [DEBUG] [org.gradle.cache.internal.DefaultFileLockManager] Waiting to acquire shared lock on daemon addresses registry.
2026-09-03T19:15:00.572+0700 [DEBUG] [org.gradle.cache.internal.DefaultFileLockManager] Lock acquired on daemon addresses registry.
2026-09-03T19:15:00.607+0700 [DEBUG] [org.gradle.cache.internal.DefaultFileLockManager] Releasing lock on daemon addresses registry.
2026-09-03T19:15:00.609+0700 [DEBUG] [org.gradle.cache.internal.DefaultFileLockManager] Waiting to acquire shared lock on daemon addresses registry.
2026-09-03T19:15:00.609+0700 [DEBUG] [org.gradle.cache.internal.DefaultFileLockManager] Lock acquired on daemon addresses registry.
2026-09-03T19:15:00.609+0700 [DEBUG] [org.gradle.cache.internal.DefaultFileLockManager] Releasing lock on daemon addresses registry.
2026-09-03T19:15:00.610+0700 [DEBUG] [org.gradle.cache.internal.DefaultFileLockManager] Waiting to acquire shared lock on daemon addresses registry.
2026-09-03T19:15:00.610+0700 [DEBUG] [org.gradle.cache.internal.DefaultFileLockManager] Lock acquired on daemon addresses registry.
2026-09-03T19:15:00.653+0700 [DEBUG] [org.gradle.cache.internal.DefaultFileLockManager] Releasing lock on daemon addresses registry.
2026-09-03T19:15:04.878+0700 [DEBUG] [org.gradle.process.internal.health.memory.DefaultMemoryManager] 638754816 physical memory requested, 476311552 free
2026-09-03T19:15:04.878+0700 [DEBUG] [org.gradle.workers.internal.WorkerDaemonExpiration] Will attempt to release 609 of memory
2026-09-03T19:15:04.878+0700 [DEBUG] [org.gradle.process.internal.health.memory.DefaultMemoryManager] 638754816 physical memory requested, 0 released, 476311552 free
2026-09-03T19:15:10.260+0700 [DEBUG] [org.gradle.process.internal.health.memory.DefaultMemoryManager] 638754816 physical memory requested, 163958784 free
2026-09-03T19:15:10.275+0700 [DEBUG] [org.gradle.workers.internal.WorkerDaemonExpiration] Will attempt to release 609 of memory
2026-09-03T19:15:10.275+0700 [DEBUG] [org.gradle.process.internal.health.memory.DefaultMemoryManager] 638754816 physical memory requested, 0 released, 163958784 free
2026-09-03T19:15:10.727+0700 [DEBUG] [org.gradle.cache.internal.DefaultFileLockManager] Waiting to acquire shared lock on daemon addresses registry.
2026-09-03T19:15:10.730+0700 [DEBUG] [org.gradle.cache.internal.DefaultFileLockManager] Lock acquired on daemon addresses registry.
2026-09-03T19:15:10.792+0700 [DEBUG] [org.gradle.cache.internal.DefaultFileLockManager] Releasing lock on daemon addresses registry.
2026-09-03T19:15:10.830+0700 [DEBUG] [org.gradle.cache.internal.DefaultFileLockManager] Waiting to acquire shared lock on daemon addresses registry.
2026-09-03T19:15:10.832+0700 [DEBUG] [org.gradle.cache.internal.DefaultFileLockManager] Lock acquired on daemon addresses registry.
2026-09-03T19:15:10.835+0700 [DEBUG] [org.gradle.cache.internal.DefaultFileLockManager] Releasing lock on daemon addresses registry.
2026-09-03T19:15:10.848+0700 [DEBUG] [org.gradle.cache.internal.DefaultFileLockManager] Waiting to acquire shared lock on daemon addresses registry.
2026-09-03T19:15:10.849+0700 [DEBUG] [org.gradle.cache.internal.DefaultFileLockManager] Lock acquired on daemon addresses registry.
2026-09-03T19:15:10.853+0700 [DEBUG] [org.gradle.cache.internal.DefaultFileLockManager] Releasing lock on daemon addresses registry.
2026-09-03T19:15:14.795+0700 [DEBUG] [org.gradle.process.internal.health.memory.DefaultMemoryManager] 638754816 physical memory requested, 364142592 free
2026-09-03T19:15:14.796+0700 [DEBUG] [org.gradle.workers.internal.WorkerDaemonExpiration] Will attempt to release 609 of memory
2026-09-03T19:15:14.797+0700 [DEBUG] [org.gradle.process.internal.health.memory.DefaultMemoryManager] 638754816 physical memory requested, 0 released, 364142592 free
2026-09-03T19:15:19.791+0700 [DEBUG] [org.gradle.process.internal.health.memory.DefaultMemoryManager] 638754816 physical memory requested, 330010624 free
2026-09-03T19:15:19.792+0700 [DEBUG] [org.gradle.workers.internal.WorkerDaemonExpiration] Will attempt to release 609 of memory
2026-09-03T19:15:19.792+0700 [DEBUG] [org.gradle.process.internal.health.memory.DefaultMemoryManager] 638754816 physical memory requested, 0 released, 330010624 free
2026-09-03T19:15:20.586+0700 [DEBUG] [org.gradle.cache.internal.DefaultFileLockManager] Waiting to acquire shared lock on daemon addresses registry.
2026-09-03T19:15:20.586+0700 [DEBUG] [org.gradle.cache.internal.DefaultFileLockManager] Lock acquired on daemon addresses registry.
2026-09-03T19:15:20.590+0700 [DEBUG] [org.gradle.cache.internal.DefaultFileLockManager] Releasing lock on daemon addresses registry.
2026-09-03T19:15:20.596+0700 [DEBUG] [org.gradle.cache.internal.DefaultFileLockManager] Waiting to acquire shared lock on daemon addresses registry.
2026-09-03T19:15:20.596+0700 [DEBUG] [org.gradle.cache.internal.DefaultFileLockManager] Lock acquired on daemon addresses registry.
2026-09-03T19:15:20.597+0700 [DEBUG] [org.gradle.cache.internal.DefaultFileLockManager] Releasing lock on daemon addresses registry.
2026-09-03T19:15:20.606+0700 [DEBUG] [org.gradle.cache.internal.DefaultFileLockManager] Waiting to acquire shared lock on daemon addresses registry.
2026-09-03T19:15:20.607+0700 [DEBUG] [org.gradle.cache.internal.DefaultFileLockManager] Lock acquired on daemon addresses registry.
2026-09-03T19:15:20.617+0700 [DEBUG] [org.gradle.cache.internal.DefaultFileLockManager] Releasing lock on daemon addresses registry.
2026-09-03T19:15:24.789+0700 [DEBUG] [org.gradle.process.internal.health.memory.DefaultMemoryManager] 638754816 physical memory requested, 356913152 free
2026-09-03T19:15:24.794+0700 [DEBUG] [org.gradle.workers.internal.WorkerDaemonExpiration] Will attempt to release 609 of memory
2026-09-03T19:15:24.794+0700 [DEBUG] [org.gradle.process.internal.health.memory.DefaultMemoryManager] 638754816 physical memory requested, 0 released, 356913152 free
2026-09-03T19:15:29.811+0700 [DEBUG] [org.gradle.process.internal.health.memory.DefaultMemoryManager] 638754816 physical memory requested, 451059712 free
2026-09-03T19:15:29.811+0700 [DEBUG] [org.gradle.workers.internal.WorkerDaemonExpiration] Will attempt to release 609 of memory
2026-09-03T19:15:29.867+0700 [DEBUG] [org.gradle.process.internal.health.memory.DefaultMemoryManager] 638754816 physical memory requested, 0 released, 451059712 free
2026-09-03T19:15:30.617+0700 [DEBUG] [org.gradle.cache.internal.DefaultFileLockManager] Waiting to acquire shared lock on daemon addresses registry.
2026-09-03T19:15:30.617+0700 [DEBUG] [org.gradle.cache.internal.DefaultFileLockManager] Lock acquired on daemon addresses registry.
2026-09-03T19:15:30.634+0700 [DEBUG] [org.gradle.cache.internal.DefaultFileLockManager] Releasing lock on daemon addresses registry.
2026-09-03T19:15:30.639+0700 [DEBUG] [org.gradle.cache.internal.DefaultFileLockManager] Waiting to acquire shared lock on daemon addresses registry.
2026-09-03T19:15:30.639+0700 [DEBUG] [org.gradle.cache.internal.DefaultFileLockManager] Lock acquired on daemon addresses registry.
2026-09-03T19:15:30.640+0700 [DEBUG] [org.gradle.cache.internal.DefaultFileLockManager] Releasing lock on daemon addresses registry.
2026-09-03T19:15:30.644+0700 [DEBUG] [org.gradle.cache.internal.DefaultFileLockManager] Waiting to acquire shared lock on daemon addresses registry.
2026-09-03T19:15:30.644+0700 [DEBUG] [org.gradle.cache.internal.DefaultFileLockManager] Lock acquired on daemon addresses registry.
2026-09-03T19:15:30.645+0700 [DEBUG] [org.gradle.cache.internal.DefaultFileLockManager] Releasing lock on daemon addresses registry.
2026-09-03T19:15:39.797+0700 [DEBUG] [org.gradle.process.internal.health.memory.DefaultMemoryManager] 638754816 physical memory requested, 368422912 free
2026-09-03T19:15:39.798+0700 [DEBUG] [org.gradle.workers.internal.WorkerDaemonExpiration] Will attempt to release 609 of memory
2026-09-03T19:15:39.800+0700 [DEBUG] [org.gradle.process.internal.health.memory.DefaultMemoryManager] 638754816 physical memory requested, 0 released, 368422912 free
2026-09-03T19:15:40.568+0700 [DEBUG] [org.gradle.cache.internal.DefaultFileLockManager] Waiting to acquire shared lock on daemon addresses registry.
2026-09-03T19:15:40.569+0700 [DEBUG] [org.gradle.cache.internal.DefaultFileLockManager] Lock acquired on daemon addresses registry.
2026-09-03T19:15:40.579+0700 [DEBUG] [org.gradle.cache.internal.DefaultFileLockManager] Releasing lock on daemon addresses registry.
2026-09-03T19:15:40.586+0700 [DEBUG] [org.gradle.cache.internal.DefaultFileLockManager] Waiting to acquire shared lock on daemon addresses registry.
2026-09-03T19:15:40.590+0700 [DEBUG] [org.gradle.cache.internal.DefaultFileLockManager] Lock acquired on daemon addresses registry.
2026-09-03T19:15:40.591+0700 [DEBUG] [org.gradle.cache.internal.DefaultFileLockManager] Releasing lock on daemon addresses registry.
2026-09-03T19:15:40.596+0700 [DEBUG] [org.gradle.cache.internal.DefaultFileLockManager] Waiting to acquire shared lock on daemon addresses registry.
2026-09-03T19:15:40.597+0700 [DEBUG] [org.gradle.cache.internal.DefaultFileLockManager] Lock acquired on daemon addresses registry.
2026-09-03T19:15:40.597+0700 [DEBUG] [org.gradle.cache.internal.DefaultFileLockManager] Releasing lock on daemon addresses registry.
2026-09-03T19:15:44.808+0700 [DEBUG] [org.gradle.process.internal.health.memory.DefaultMemoryManager] 638754816 physical memory requested, 315846656 free
2026-09-03T19:15:44.808+0700 [DEBUG] [org.gradle.workers.internal.WorkerDaemonExpiration] Will attempt to release 609 of memory
2026-09-03T19:15:44.808+0700 [DEBUG] [org.gradle.process.internal.health.memory.DefaultMemoryManager] 638754816 physical memory requested, 0 released, 315846656 free
2026-09-03T19:15:49.794+0700 [DEBUG] [org.gradle.process.internal.health.memory.DefaultMemoryManager] 638754816 physical memory requested, 343900160 free
2026-09-03T19:15:49.795+0700 [DEBUG] [org.gradle.workers.internal.WorkerDaemonExpiration] Will attempt to release 609 of memory
2026-09-03T19:15:49.795+0700 [DEBUG] [org.gradle.process.internal.health.memory.DefaultMemoryManager] 638754816 physical memory requested, 0 released, 343900160 free
2026-09-03T19:15:50.568+0700 [DEBUG] [org.gradle.cache.internal.DefaultFileLockManager] Waiting to acquire shared lock on daemon addresses registry.
2026-09-03T19:15:50.570+0700 [DEBUG] [org.gradle.cache.internal.DefaultFileLockManager] Lock acquired on daemon addresses registry.
2026-09-03T19:15:50.602+0700 [DEBUG] [org.gradle.cache.internal.DefaultFileLockManager] Releasing lock on daemon addresses registry.
2026-09-03T19:15:50.614+0700 [DEBUG] [org.gradle.cache.internal.DefaultFileLockManager] Waiting to acquire shared lock on daemon addresses registry.
2026-09-03T19:15:50.615+0700 [DEBUG] [org.gradle.cache.internal.DefaultFileLockManager] Lock acquired on daemon addresses registry.
2026-09-03T19:15:50.619+0700 [DEBUG] [org.gradle.cache.internal.DefaultFileLockManager] Releasing lock on daemon addresses registry.
2026-09-03T19:15:50.623+0700 [DEBUG] [org.gradle.cache.internal.DefaultFileLockManager] Waiting to acquire shared lock on daemon addresses registry.
2026-09-03T19:15:50.623+0700 [DEBUG] [org.gradle.cache.internal.DefaultFileLockManager] Lock acquired on daemon addresses registry.
2026-09-03T19:15:50.624+0700 [DEBUG] [org.gradle.cache.internal.DefaultFileLockManager] Releasing lock on daemon addresses registry.
2026-09-03T19:15:54.793+0700 [DEBUG] [org.gradle.process.internal.health.memory.DefaultMemoryManager] 638754816 physical memory requested, 320499712 free
2026-09-03T19:15:54.793+0700 [DEBUG] [org.gradle.workers.internal.WorkerDaemonExpiration] Will attempt to release 609 of memory
2026-09-03T19:15:54.793+0700 [DEBUG] [org.gradle.process.internal.health.memory.DefaultMemoryManager] 638754816 physical memory requested, 0 released, 320499712 free
2026-09-03T19:15:59.788+0700 [DEBUG] [org.gradle.process.internal.health.memory.DefaultMemoryManager] 638754816 physical memory requested, 160501760 free
2026-09-03T19:15:59.790+0700 [DEBUG] [org.gradle.workers.internal.WorkerDaemonExpiration] Will attempt to release 609 of memory
2026-09-03T19:15:59.790+0700 [DEBUG] [org.gradle.process.internal.health.memory.DefaultMemoryManager] 638754816 physical memory requested, 0 released, 160501760 free
2026-09-03T19:16:00.570+0700 [DEBUG] [org.gradle.cache.internal.DefaultFileLockManager] Waiting to acquire shared lock on daemon addresses registry.
2026-09-03T19:16:00.570+0700 [DEBUG] [org.gradle.cache.internal.DefaultFileLockManager] Lock acquired on daemon addresses registry.
2026-09-03T19:16:00.574+0700 [DEBUG] [org.gradle.cache.internal.DefaultFileLockManager] Releasing lock on daemon addresses registry.
2026-09-03T19:16:00.578+0700 [DEBUG] [org.gradle.cache.internal.DefaultFileLockManager] Waiting to acquire shared lock on daemon addresses registry.
2026-09-03T19:16:00.578+0700 [DEBUG] [org.gradle.cache.internal.DefaultFileLockManager] Lock acquired on daemon addresses registry.
2026-09-03T19:16:00.579+0700 [DEBUG] [org.gradle.cache.internal.DefaultFileLockManager] Releasing lock on daemon addresses registry.
2026-09-03T19:16:00.583+0700 [DEBUG] [org.gradle.cache.internal.DefaultFileLockManager] Waiting to acquire shared lock on daemon addresses registry.
2026-09-03T19:16:00.585+0700 [DEBUG] [org.gradle.cache.internal.DefaultFileLockManager] Lock acquired on daemon addresses registry.
2026-09-03T19:16:00.586+0700 [DEBUG] [org.gradle.cache.internal.DefaultFileLockManager] Releasing lock on daemon addresses registry.
2026-09-03T19:16:04.800+0700 [DEBUG] [org.gradle.process.internal.health.memory.DefaultMemoryManager] 638754816 physical memory requested, 25841664 free
2026-09-03T19:16:04.809+0700 [DEBUG] [org.gradle.workers.internal.WorkerDaemonExpiration] Will attempt to release 609 of memory
2026-09-03T19:16:04.810+0700 [DEBUG] [org.gradle.process.internal.health.memory.DefaultMemoryManager] 638754816 physical memory requested, 0 released, 25841664 free
2026-09-03T19:16:09.789+0700 [DEBUG] [org.gradle.process.internal.health.memory.DefaultMemoryManager] 638754816 physical memory requested, 65679360 free
2026-09-03T19:16:09.832+0700 [DEBUG] [org.gradle.workers.internal.WorkerDaemonExpiration] Will attempt to release 609 of memory
2026-09-03T19:16:09.854+0700 [DEBUG] [org.gradle.process.internal.health.memory.DefaultMemoryManager] 638754816 physical memory requested, 0 released, 65679360 free
2026-09-03T19:16:10.574+0700 [DEBUG] [org.gradle.cache.internal.DefaultFileLockManager] Waiting to acquire shared lock on daemon addresses registry.
2026-09-03T19:16:10.575+0700 [DEBUG] [org.gradle.cache.internal.DefaultFileLockManager] Lock acquired on daemon addresses registry.
2026-09-03T19:16:10.579+0700 [DEBUG] [org.gradle.cache.internal.DefaultFileLockManager] Releasing lock on daemon addresses registry.
2026-09-03T19:16:10.588+0700 [DEBUG] [org.gradle.cache.internal.DefaultFileLockManager] Waiting to acquire shared lock on daemon addresses registry.
2026-09-03T19:16:10.588+0700 [DEBUG] [org.gradle.cache.internal.DefaultFileLockManager] Lock acquired on daemon addresses registry.
2026-09-03T19:16:10.596+0700 [DEBUG] [org.gradle.cache.internal.DefaultFileLockManager] Releasing lock on daemon addresses registry.
2026-09-03T19:16:10.601+0700 [DEBUG] [org.gradle.cache.internal.DefaultFileLockManager] Waiting to acquire shared lock on daemon addresses registry.
2026-09-03T19:16:10.601+0700 [DEBUG] [org.gradle.cache.internal.DefaultFileLockManager] Lock acquired on daemon addresses registry.
2026-09-03T19:16:10.602+0700 [DEBUG] [org.gradle.cache.internal.DefaultFileLockManager] Releasing lock on daemon addresses registry.
2026-09-03T19:16:14.798+0700 [DEBUG] [org.gradle.process.internal.health.memory.DefaultMemoryManager] 638754816 physical memory requested, 156082176 free
2026-09-03T19:16:14.799+0700 [DEBUG] [org.gradle.workers.internal.WorkerDaemonExpiration] Will attempt to release 609 of memory
2026-09-03T19:16:14.804+0700 [DEBUG] [org.gradle.process.internal.health.memory.DefaultMemoryManager] 638754816 physical memory requested, 0 released, 156082176 free
2026-09-03T19:16:19.904+0700 [DEBUG] [org.gradle.process.internal.health.memory.DefaultMemoryManager] 638754816 physical memory requested, 178528256 free
2026-09-03T19:16:19.904+0700 [DEBUG] [org.gradle.workers.internal.WorkerDaemonExpiration] Will attempt to release 609 of memory
2026-09-03T19:16:19.904+0700 [DEBUG] [org.gradle.process.internal.health.memory.DefaultMemoryManager] 638754816 physical memory requested, 0 released, 178528256 free
2026-09-03T19:16:20.574+0700 [DEBUG] [org.gradle.cache.internal.DefaultFileLockManager] Waiting to acquire shared lock on daemon addresses registry.
2026-09-03T19:16:20.575+0700 [DEBUG] [org.gradle.cache.internal.DefaultFileLockManager] Lock acquired on daemon addresses registry.
2026-09-03T19:16:20.612+0700 [DEBUG] [org.gradle.cache.internal.DefaultFileLockManager] Releasing lock on daemon addresses registry.
2026-09-03T19:16:20.620+0700 [DEBUG] [org.gradle.cache.internal.DefaultFileLockManager] Waiting to acquire shared lock on daemon addresses registry.
2026-09-03T19:16:20.621+0700 [DEBUG] [org.gradle.cache.internal.DefaultFileLockManager] Lock acquired on daemon addresses registry.
2026-09-03T19:16:20.621+0700 [DEBUG] [org.gradle.cache.internal.DefaultFileLockManager] Releasing lock on daemon addresses registry.
2026-09-03T19:16:20.630+0700 [DEBUG] [org.gradle.cache.internal.DefaultFileLockManager] Waiting to acquire shared lock on daemon addresses registry.
2026-09-03T19:16:20.630+0700 [DEBUG] [org.gradle.cache.internal.DefaultFileLockManager] Lock acquired on daemon addresses registry.
2026-09-03T19:16:20.631+0700 [DEBUG] [org.gradle.cache.internal.DefaultFileLockManager] Releasing lock on daemon addresses registry.
2026-09-03T19:16:24.800+0700 [DEBUG] [org.gradle.process.internal.health.memory.DefaultMemoryManager] 638754816 physical memory requested, 119123968 free
2026-09-03T19:16:24.801+0700 [DEBUG] [org.gradle.workers.internal.WorkerDaemonExpiration] Will attempt to release 609 of memory
2026-09-03T19:16:24.801+0700 [DEBUG] [org.gradle.process.internal.health.memory.DefaultMemoryManager] 638754816 physical memory requested, 0 released, 119123968 free
2026-09-03T19:16:29.799+0700 [DEBUG] [org.gradle.process.internal.health.memory.DefaultMemoryManager] 638754816 physical memory requested, 57327616 free
2026-09-03T19:16:29.799+0700 [DEBUG] [org.gradle.workers.internal.WorkerDaemonExpiration] Will attempt to release 609 of memory
2026-09-03T19:16:29.799+0700 [DEBUG] [org.gradle.process.internal.health.memory.DefaultMemoryManager] 638754816 physical memory requested, 0 released, 57327616 free
2026-09-03T19:16:30.656+0700 [DEBUG] [org.gradle.cache.internal.DefaultFileLockManager] Waiting to acquire shared lock on daemon addresses registry.
2026-09-03T19:16:30.663+0700 [DEBUG] [org.gradle.cache.internal.DefaultFileLockManager] Lock acquired on daemon addresses registry.
2026-09-03T19:16:30.668+0700 [DEBUG] [org.gradle.cache.internal.DefaultFileLockManager] Releasing lock on daemon addresses registry.
2026-09-03T19:16:30.676+0700 [DEBUG] [org.gradle.cache.internal.DefaultFileLockManager] Waiting to acquire shared lock on daemon addresses registry.
2026-09-03T19:16:30.676+0700 [DEBUG] [org.gradle.cache.internal.DefaultFileLockManager] Lock acquired on daemon addresses registry.
2026-09-03T19:16:30.677+0700 [DEBUG] [org.gradle.cache.internal.DefaultFileLockManager] Releasing lock on daemon addresses registry.
2026-09-03T19:16:30.680+0700 [DEBUG] [org.gradle.cache.internal.DefaultFileLockManager] Waiting to acquire shared lock on daemon addresses registry.
2026-09-03T19:16:30.681+0700 [DEBUG] [org.gradle.cache.internal.DefaultFileLockManager] Lock acquired on daemon addresses registry.
2026-09-03T19:16:30.681+0700 [DEBUG] [org.gradle.cache.internal.DefaultFileLockManager] Releasing lock on daemon addresses registry.
2026-09-03T19:16:34.793+0700 [DEBUG] [org.gradle.process.internal.health.memory.DefaultMemoryManager] 638754816 physical memory requested, 288030720 free
2026-09-03T19:16:34.793+0700 [DEBUG] [org.gradle.workers.internal.WorkerDaemonExpiration] Will attempt to release 609 of memory
2026-09-03T19:16:34.794+0700 [DEBUG] [org.gradle.process.internal.health.memory.DefaultMemoryManager] 638754816 physical memory requested, 0 released, 288030720 free
2026-09-03T19:16:40.592+0700 [DEBUG] [org.gradle.cache.internal.DefaultFileLockManager] Waiting to acquire shared lock on daemon addresses registry.
2026-09-03T19:16:40.592+0700 [DEBUG] [org.gradle.cache.internal.DefaultFileLockManager] Lock acquired on daemon addresses registry.
2026-09-03T19:16:40.609+0700 [DEBUG] [org.gradle.cache.internal.DefaultFileLockManager] Releasing lock on daemon addresses registry.
2026-09-03T19:16:40.617+0700 [DEBUG] [org.gradle.cache.internal.DefaultFileLockManager] Waiting to acquire shared lock on daemon addresses registry.
2026-09-03T19:16:40.618+0700 [DEBUG] [org.gradle.cache.internal.DefaultFileLockManager] Lock acquired on daemon addresses registry.
2026-09-03T19:16:40.618+0700 [DEBUG] [org.gradle.cache.internal.DefaultFileLockManager] Releasing lock on daemon addresses registry.
2026-09-03T19:16:40.621+0700 [DEBUG] [org.gradle.cache.internal.DefaultFileLockManager] Waiting to acquire shared lock on daemon addresses registry.
2026-09-03T19:16:40.621+0700 [DEBUG] [org.gradle.cache.internal.DefaultFileLockManager] Lock acquired on daemon addresses registry.
2026-09-03T19:16:40.622+0700 [DEBUG] [org.gradle.cache.internal.DefaultFileLockManager] Releasing lock on daemon addresses registry.
2026-09-03T19:16:44.797+0700 [DEBUG] [org.gradle.process.internal.health.memory.DefaultMemoryManager] 638754816 physical memory requested, 502009856 free
2026-09-03T19:16:44.797+0700 [DEBUG] [org.gradle.workers.internal.WorkerDaemonExpiration] Will attempt to release 609 of memory
2026-09-03T19:16:44.797+0700 [DEBUG] [org.gradle.process.internal.health.memory.DefaultMemoryManager] 638754816 physical memory requested, 0 released, 502009856 free
2026-09-03T19:16:49.801+0700 [DEBUG] [org.gradle.process.internal.health.memory.DefaultMemoryManager] 638754816 physical memory requested, 393814016 free
2026-09-03T19:16:49.801+0700 [DEBUG] [org.gradle.workers.internal.WorkerDaemonExpiration] Will attempt to release 609 of memory
2026-09-03T19:16:49.801+0700 [DEBUG] [org.gradle.process.internal.health.memory.DefaultMemoryManager] 638754816 physical memory requested, 0 released, 393814016 free
2026-09-03T19:16:50.573+0700 [DEBUG] [org.gradle.cache.internal.DefaultFileLockManager] Waiting to acquire shared lock on daemon addresses registry.
2026-09-03T19:16:50.573+0700 [DEBUG] [org.gradle.cache.internal.DefaultFileLockManager] Lock acquired on daemon addresses registry.
2026-09-03T19:16:50.573+0700 [DEBUG] [org.gradle.cache.internal.DefaultFileLockManager] Releasing lock on daemon addresses registry.
2026-09-03T19:16:50.574+0700 [DEBUG] [org.gradle.cache.internal.DefaultFileLockManager] Waiting to acquire shared lock on daemon addresses registry.
2026-09-03T19:16:50.574+0700 [DEBUG] [org.gradle.cache.internal.DefaultFileLockManager] Lock acquired on daemon addresses registry.
2026-09-03T19:16:50.575+0700 [DEBUG] [org.gradle.cache.internal.DefaultFileLockManager] Releasing lock on daemon addresses registry.
2026-09-03T19:16:50.575+0700 [DEBUG] [org.gradle.cache.internal.DefaultFileLockManager] Waiting to acquire shared lock on daemon addresses registry.
2026-09-03T19:16:50.575+0700 [DEBUG] [org.gradle.cache.internal.DefaultFileLockManager] Lock acquired on daemon addresses registry.
2026-09-03T19:16:50.576+0700 [DEBUG] [org.gradle.cache.internal.DefaultFileLockManager] Releasing lock on daemon addresses registry.
2026-09-03T19:17:00.573+0700 [DEBUG] [org.gradle.cache.internal.DefaultFileLockManager] Waiting to acquire shared lock on daemon addresses registry.
2026-09-03T19:17:00.573+0700 [DEBUG] [org.gradle.cache.internal.DefaultFileLockManager] Lock acquired on daemon addresses registry.
2026-09-03T19:17:00.574+0700 [DEBUG] [org.gradle.cache.internal.DefaultFileLockManager] Releasing lock on daemon addresses registry.
2026-09-03T19:17:00.576+0700 [DEBUG] [org.gradle.cache.internal.DefaultFileLockManager] Waiting to acquire shared lock on daemon addresses registry.
2026-09-03T19:17:00.576+0700 [DEBUG] [org.gradle.cache.internal.DefaultFileLockManager] Lock acquired on daemon addresses registry.
2026-09-03T19:17:00.576+0700 [DEBUG] [org.gradle.cache.internal.DefaultFileLockManager] Releasing lock on daemon addresses registry.
2026-09-03T19:17:00.578+0700 [DEBUG] [org.gradle.cache.internal.DefaultFileLockManager] Waiting to acquire shared lock on daemon addresses registry.
2026-09-03T19:17:00.578+0700 [DEBUG] [org.gradle.cache.internal.DefaultFileLockManager] Lock acquired on daemon addresses registry.
2026-09-03T19:17:00.579+0700 [DEBUG] [org.gradle.cache.internal.DefaultFileLockManager] Releasing lock on daemon addresses registry.
2026-09-03T19:17:08.131+0700 [DEBUG] [org.gradle.internal.remote.internal.inet.TcpIncomingConnector] Accepted connection from /127.0.0.1:59122 to /127.0.0.1:54027.
2026-09-03T19:17:08.226+0700 [DEBUG] [org.gradle.internal.remote.internal.inet.TcpIncomingConnector] Accepted connection from /127.0.0.1:59123 to /127.0.0.1:54027.
2026-09-03T19:17:08.438+0700 [DEBUG] [org.gradle.launcher.daemon.server.SynchronizedDispatchConnection] thread 489: received class org.gradle.launcher.daemon.protocol.Build
2026-09-03T19:17:08.442+0700 [DEBUG] [org.gradle.launcher.daemon.server.DefaultDaemonConnection] thread 489: Received non-IO message from client: Build{id=ecd53294-be53-4967-bed6-65718c47dd67, currentDir=D:\AbsensiSeleksi}
2026-09-03T19:17:08.446+0700 [INFO] [org.gradle.launcher.daemon.server.DefaultIncomingConnectionHandler] Received command: Build{id=ecd53294-be53-4967-bed6-65718c47dd67, currentDir=D:\AbsensiSeleksi}.
2026-09-03T19:17:08.447+0700 [DEBUG] [org.gradle.launcher.daemon.server.DefaultIncomingConnectionHandler] Starting executing command: Build{id=ecd53294-be53-4967-bed6-65718c47dd67, currentDir=D:\AbsensiSeleksi} with connection: socket connection from /127.0.0.1:54027 to /127.0.0.1:59122.
2026-09-03T19:17:08.474+0700 [DEBUG] [org.gradle.launcher.daemon.server.DaemonStateCoordinator] Command execution: started DaemonCommandExecution[command = Build{id=ecd53294-be53-4967-bed6-65718c47dd67, currentDir=D:\AbsensiSeleksi}, connection = DefaultDaemonConnection: socket connection from /127.0.0.1:54027 to /127.0.0.1:59122] after 4.454666666666666 minutes of idle
2026-09-03T19:17:08.476+0700 [INFO] [org.gradle.launcher.daemon.server.DaemonRegistryUpdater] Marking the daemon as busy, address: [f2f1712e-f482-409b-b31d-d4d926729cf0 port:54027, addresses:[localhost/127.0.0.1]]
2026-09-03T19:17:08.477+0700 [DEBUG] [org.gradle.launcher.daemon.registry.PersistentDaemonRegistry] Marking busy by address: [f2f1712e-f482-409b-b31d-d4d926729cf0 port:54027, addresses:[localhost/127.0.0.1]]
2026-09-03T19:17:08.484+0700 [DEBUG] [org.gradle.cache.internal.DefaultFileLockManager] Waiting to acquire exclusive lock on daemon addresses registry.
2026-09-03T19:17:08.498+0700 [DEBUG] [org.gradle.cache.internal.DefaultFileLockManager] Lock acquired on daemon addresses registry.
2026-09-03T19:17:08.508+0700 [DEBUG] [org.gradle.launcher.daemon.server.SynchronizedDispatchConnection] thread 490: received class org.gradle.launcher.daemon.protocol.InvalidateVirtualFileSystemAfterChange
2026-09-03T19:17:08.514+0700 [DEBUG] [org.gradle.launcher.daemon.server.DefaultDaemonConnection] thread 490: Received non-IO message from client: InvalidateVirtualFileSystemAfterChange[id=ebdf2882-ef22-411f-9287-f6a7a967948f]
2026-09-03T19:17:08.514+0700 [INFO] [org.gradle.launcher.daemon.server.DefaultIncomingConnectionHandler] Received command: InvalidateVirtualFileSystemAfterChange[id=ebdf2882-ef22-411f-9287-f6a7a967948f].
2026-09-03T19:17:08.516+0700 [DEBUG] [org.gradle.launcher.daemon.server.DefaultIncomingConnectionHandler] Starting executing command: InvalidateVirtualFileSystemAfterChange[id=ebdf2882-ef22-411f-9287-f6a7a967948f] with connection: socket connection from /127.0.0.1:54027 to /127.0.0.1:59123.
2026-09-03T19:17:08.560+0700 [DEBUG] [org.gradle.cache.internal.DefaultFileLockManager] Releasing lock on daemon addresses registry.
2026-09-03T19:17:08.562+0700 [DEBUG] [org.gradle.launcher.daemon.server.DaemonStateCoordinator] resetting idle timer
2026-09-03T19:17:08.565+0700 [DEBUG] [org.gradle.launcher.daemon.server.DaemonStateCoordinator] daemon is running. Sleeping until state changes.
2026-09-03T19:17:08.588+0700 [INFO] [org.gradle.launcher.daemon.server.exec.StartBuildOrRespondWithBusy] Daemon is about to start building Build{id=ecd53294-be53-4967-bed6-65718c47dd67, currentDir=D:\AbsensiSeleksi}. Dispatching build started information...
2026-09-03T19:17:08.588+0700 [DEBUG] [org.gradle.launcher.daemon.server.SynchronizedDispatchConnection] thread 492: dispatching org.gradle.launcher.daemon.protocol.BuildStarted@24ee0719
2026-09-03T19:17:08.615+0700 [DEBUG] [org.gradle.launcher.daemon.server.exec.EstablishBuildEnvironment] Configuring env variables: [USERDOMAIN_ROAMINGPROFILE, LOCALAPPDATA, ChocolateyLastPathUpdate, PROCESSOR_LEVEL, USERDOMAIN, EFC_2376_1592913036, LOGONSERVER, SESSIONNAME, ALLUSERSPROFILE, PROCESSOR_ARCHITECTURE, PSModulePath, SystemDrive, asl.log, OneDrive, APPDATA, USERNAME, ChocolateyInstall, ProgramFiles(x86), CommonProgramFiles, Path, ANDROID_STUDIO_AGENT, PATHEXT, DriverData, OS, OneDriveConsumer, COMPUTERNAME, EFC_2376_4126798990, EFC_2376_2946480783, PROCESSOR_REVISION, CommonProgramW6432, ComSpec, ProgramData, ProgramW6432, TEMP, HOMEPATH, SystemRoot, PROCESSOR_IDENTIFIER, HOMEDRIVE, USERPROFILE, TMP, CommonProgramFiles(x86), ProgramFiles, PUBLIC, windir, NUMBER_OF_PROCESSORS, =::]
2026-09-03T19:17:08.621+0700 [INFO] [org.gradle.launcher.daemon.server.api.HandleInvalidateVirtualFileSystem] Invalidating [D:\AbsensiSeleksi\app\src\main\java\com\absensiseleksi\data\local\dao\AbsensiDao.kt]
2026-09-03T19:17:08.630+0700 [DEBUG] [org.gradle.internal.vfs.impl.AbstractVirtualFileSystem] Invalidating VFS paths: [D:\AbsensiSeleksi\app\src\main\java\com\absensiseleksi\data\local\dao\AbsensiDao.kt]
2026-09-03T19:17:08.691+0700 [DEBUG] [org.gradle.launcher.daemon.server.exec.LogToClient] About to start relaying all logs to the client via the connection.
2026-09-03T19:17:08.692+0700 [DEBUG] [org.gradle.launcher.daemon.server.SynchronizedDispatchConnection] thread 488: dispatching Success[value=null]
2026-09-03T19:17:08.697+0700 [INFO] [org.gradle.launcher.daemon.server.exec.LogToClient] The client will now receive all logging from the daemon (pid: 13916). The daemon log file: D:\AbsensiSeleksi\daemon\8.9\daemon-13916.out.log
2026-09-03T19:17:08.702+0700 [DEBUG] [org.gradle.launcher.daemon.server.DefaultIncomingConnectionHandler] Finishing executing command: InvalidateVirtualFileSystemAfterChange[id=ebdf2882-ef22-411f-9287-f6a7a967948f]
2026-09-03T19:17:08.703+0700 [DEBUG] [org.gradle.launcher.daemon.server.SynchronizedDispatchConnection] thread 490: received class org.gradle.launcher.daemon.protocol.Finished
2026-09-03T19:17:08.703+0700 [DEBUG] [org.gradle.launcher.daemon.server.DefaultDaemonConnection] thread 490: Received non-IO message from client: org.gradle.launcher.daemon.protocol.Finished@49567fa2
2026-09-03T19:17:08.703+0700 [DEBUG] [org.gradle.launcher.daemon.server.DefaultIncomingConnectionHandler] Received finished message: org.gradle.launcher.daemon.protocol.Finished@49567fa2
2026-09-03T19:17:08.705+0700 [DEBUG] [org.gradle.launcher.daemon.server.SynchronizedDispatchConnection] thread 488: stopping connection
2026-09-03T19:17:08.710+0700 [DEBUG] [org.gradle.internal.remote.internal.inet.SocketConnection] Discarding EOFException: java.io.EOFException
2026-09-03T19:17:08.711+0700 [DEBUG] [org.gradle.launcher.daemon.server.SynchronizedDispatchConnection] thread 490: received null
2026-09-03T19:17:08.711+0700 [DEBUG] [org.gradle.launcher.daemon.server.DefaultDaemonConnection] thread 490: Received end-of-input from client.
2026-09-03T19:17:08.716+0700 [DEBUG] [org.gradle.launcher.daemon.server.SynchronizedDispatchConnection] thread 488: stopping connection
2026-09-03T19:17:08.744+0700 [INFO] [org.gradle.launcher.daemon.server.exec.LogAndCheckHealth] Starting 5th build in daemon [uptime: 44 mins 58.824 secs, performance: 98%, GC rate: 0.00/s, heap usage: 0% of 2 GiB]
2026-09-03T19:17:08.748+0700 [DEBUG] [org.gradle.launcher.daemon.server.exec.ExecuteBuild] The daemon has started executing the build.
2026-09-03T19:17:08.750+0700 [DEBUG] [org.gradle.launcher.daemon.server.exec.ExecuteBuild] Executing build with daemon context: DefaultDaemonContext[uid=df18d942-da82-4165-9d75-043944abae8f,javaHome=C:\Users\AsusA416jp\.jdks\jbr-21.0.11,javaVersion=21,daemonRegistryDir=D:\AbsensiSeleksi\daemon,pid=13916,idleTimeout=10800000,priority=NORMAL,applyInstrumentationAgent=true,nativeServicesMode=ENABLED,daemonOpts=--add-opens=java.base/java.util=ALL-UNNAMED,--add-opens=java.base/java.lang=ALL-UNNAMED,--add-opens=java.base/java.lang.invoke=ALL-UNNAMED,--add-opens=java.prefs/java.util.prefs=ALL-UNNAMED,--add-exports=jdk.compiler/com.sun.tools.javac.api=ALL-UNNAMED,--add-exports=jdk.compiler/com.sun.tools.javac.util=ALL-UNNAMED,--add-opens=java.base/java.nio.charset=ALL-UNNAMED,--add-opens=java.base/java.net=ALL-UNNAMED,--add-opens=java.base/java.util.concurrent.atomic=ALL-UNNAMED,-Xmx2048m,-Dfile.encoding=UTF-8,-Duser.country=ID,-Duser.language=en,-Duser.variant]

BUILD SUCCESSFUL in 20s
2026-09-03T19:17:29.766+0700 [DEBUG] [org.gradle.launcher.daemon.server.exec.ExecuteBuild] The daemon has finished executing the build.
2026-09-03T19:17:29.787+0700 [DEBUG] [org.gradle.launcher.daemon.server.DaemonStateCoordinator] daemon is running. Sleeping until state changes.
2026-09-03T19:17:29.787+0700 [DEBUG] [org.gradle.launcher.daemon.server.DaemonStateCoordinator] Command execution: finished waiting for DaemonCommandExecution[command = Build{id=ecd53294-be53-4967-bed6-65718c47dd67, currentDir=D:\AbsensiSeleksi}, connection = DefaultDaemonConnection: socket connection from /127.0.0.1:54027 to /127.0.0.1:59122]. Result org.gradle.launcher.daemon.server.DaemonStateCoordinator@27a4541e with state Busy
2026-09-03T19:17:29.788+0700 [DEBUG] [org.gradle.launcher.daemon.server.DaemonStateCoordinator] Command execution: completed DaemonCommandExecution[command = Build{id=ecd53294-be53-4967-bed6-65718c47dd67, currentDir=D:\AbsensiSeleksi}, connection = DefaultDaemonConnection: socket connection from /127.0.0.1:54027 to /127.0.0.1:59122]
2026-09-03T19:17:29.788+0700 [DEBUG] [org.gradle.launcher.daemon.server.DaemonStateCoordinator] resetting idle timer
2026-09-03T19:17:29.788+0700 [INFO] [org.gradle.launcher.daemon.server.DaemonRegistryUpdater] Marking the daemon as idle, address: [f2f1712e-f482-409b-b31d-d4d926729cf0 port:54027, addresses:[localhost/127.0.0.1]]
2026-09-03T19:17:29.788+0700 [DEBUG] [org.gradle.launcher.daemon.registry.PersistentDaemonRegistry] Marking busy by address: [f2f1712e-f482-409b-b31d-d4d926729cf0 port:54027, addresses:[localhost/127.0.0.1]]
2026-09-03T19:17:29.790+0700 [DEBUG] [org.gradle.cache.internal.DefaultFileLockManager] Waiting to acquire exclusive lock on daemon addresses registry.
2026-09-03T19:17:29.792+0700 [DEBUG] [org.gradle.cache.internal.DefaultFileLockManager] Lock acquired on daemon addresses registry.
2026-09-03T19:17:29.797+0700 [DEBUG] [org.gradle.cache.internal.DefaultFileLockManager] Releasing lock on daemon addresses registry.
2026-09-03T19:17:29.799+0700 [DEBUG] [org.gradle.process.internal.health.memory.DefaultMemoryManager] 638754816 physical memory requested, 265293824 free
2026-09-03T19:17:29.801+0700 [DEBUG] [org.gradle.workers.internal.WorkerDaemonExpiration] Will attempt to release 609 of memory
2026-09-03T19:17:29.801+0700 [DEBUG] [org.gradle.process.internal.health.memory.DefaultMemoryManager] 638754816 physical memory requested, 0 released, 265293824 free
2026-09-03T19:17:29.802+0700 [DEBUG] [org.gradle.launcher.daemon.server.exec.ReturnResult] Daemon is dispatching the build result: Success[value=org.gradle.launcher.exec.BuildActionResult@6d5659cd]
2026-09-03T19:17:29.802+0700 [DEBUG] [org.gradle.launcher.daemon.server.SynchronizedDispatchConnection] thread 487: dispatching Success[value=org.gradle.launcher.exec.BuildActionResult@6d5659cd]
2026-09-03T19:17:29.802+0700 [DEBUG] [org.gradle.launcher.daemon.server.DaemonStateCoordinator] daemon is running. Sleeping until state changes.
2026-09-03T19:17:29.804+0700 [DEBUG] [org.gradle.launcher.daemon.server.SynchronizedDispatchConnection] thread 489: received class org.gradle.launcher.daemon.protocol.CloseInput
2026-09-03T19:17:29.805+0700 [DEBUG] [org.gradle.launcher.daemon.server.DefaultDaemonConnection] thread 489: Received IO message from client: org.gradle.launcher.daemon.protocol.CloseInput@5cb32a23
2026-09-03T19:17:29.805+0700 [DEBUG] [org.gradle.launcher.daemon.server.SynchronizedDispatchConnection] thread 489: received class org.gradle.launcher.daemon.protocol.Finished
2026-09-03T19:17:29.805+0700 [DEBUG] [org.gradle.launcher.daemon.server.DefaultDaemonConnection] thread 489: Received non-IO message from client: org.gradle.launcher.daemon.protocol.Finished@5274cfc5
2026-09-03T19:17:29.806+0700 [DEBUG] [org.gradle.internal.remote.internal.inet.SocketConnection] Discarding EOFException: java.io.EOFException
2026-09-03T19:17:29.807+0700 [DEBUG] [org.gradle.launcher.daemon.server.SynchronizedDispatchConnection] thread 489: received null
2026-09-03T19:17:29.807+0700 [DEBUG] [org.gradle.launcher.daemon.server.DefaultDaemonConnection] thread 489: Received end-of-input from client.
2026-09-03T19:17:29.807+0700 [DEBUG] [org.gradle.launcher.daemon.server.DefaultIncomingConnectionHandler] Finishing executing command: Build{id=ecd53294-be53-4967-bed6-65718c47dd67, currentDir=D:\AbsensiSeleksi}
2026-09-03T19:17:29.808+0700 [WARN] [org.gradle.launcher.daemon.server.DefaultIncomingConnectionHandler] Timed out waiting for finished message from client socket connection from /127.0.0.1:54027 to /127.0.0.1:59122. Discarding connection.
2026-09-03T19:17:29.808+0700 [DEBUG] [org.gradle.launcher.daemon.server.SynchronizedDispatchConnection] thread 487: stopping connection
2026-09-03T19:17:29.808+0700 [DEBUG] [org.gradle.launcher.daemon.server.exec.CleanUpVirtualFileSystemAfterBuild] Cleaning virtual file system after build finished
2026-09-03T19:17:29.810+0700 [DEBUG] [org.gradle.launcher.daemon.server.SynchronizedDispatchConnection] thread 487: stopping connection
2026-09-03T19:17:30.786+0700 [DEBUG] [org.gradle.cache.internal.DefaultFileLockManager] Waiting to acquire shared lock on daemon addresses registry.
2026-09-03T19:17:30.786+0700 [DEBUG] [org.gradle.cache.internal.DefaultFileLockManager] Lock acquired on daemon addresses registry.
2026-09-03T19:17:30.787+0700 [DEBUG] [org.gradle.cache.internal.DefaultFileLockManager] Releasing lock on daemon addresses registry.
2026-09-03T19:17:30.820+0700 [DEBUG] [org.gradle.cache.internal.DefaultFileLockManager] Waiting to acquire shared lock on daemon addresses registry.
2026-09-03T19:17:30.820+0700 [DEBUG] [org.gradle.cache.internal.DefaultFileLockManager] Lock acquired on daemon addresses registry.
2026-09-03T19:17:30.848+0700 [DEBUG] [org.gradle.cache.internal.DefaultFileLockManager] Releasing lock on daemon addresses registry.
2026-09-03T19:17:34.855+0700 [DEBUG] [org.gradle.process.internal.health.memory.DefaultMemoryManager] 638754816 physical memory requested, 269209600 free
2026-09-03T19:17:34.870+0700 [DEBUG] [org.gradle.workers.internal.WorkerDaemonExpiration] Will attempt to release 609 of memory
2026-09-03T19:17:34.882+0700 [DEBUG] [org.gradle.process.internal.health.memory.DefaultMemoryManager] 638754816 physical memory requested, 0 released, 269209600 free
2026-09-03T19:17:39.784+0700 [DEBUG] [org.gradle.process.internal.health.memory.DefaultMemoryManager] 638754816 physical memory requested, 391094272 free
2026-09-03T19:17:39.784+0700 [DEBUG] [org.gradle.workers.internal.WorkerDaemonExpiration] Will attempt to release 609 of memory
2026-09-03T19:17:39.785+0700 [DEBUG] [org.gradle.process.internal.health.memory.DefaultMemoryManager] 638754816 physical memory requested, 0 released, 391094272 free
2026-09-03T19:17:40.570+0700 [DEBUG] [org.gradle.cache.internal.DefaultFileLockManager] Waiting to acquire shared lock on daemon addresses registry.
2026-09-03T19:17:40.570+0700 [DEBUG] [org.gradle.cache.internal.DefaultFileLockManager] Lock acquired on daemon addresses registry.
2026-09-03T19:17:40.570+0700 [DEBUG] [org.gradle.cache.internal.DefaultFileLockManager] Releasing lock on daemon addresses registry.
2026-09-03T19:17:40.573+0700 [DEBUG] [org.gradle.cache.internal.DefaultFileLockManager] Waiting to acquire shared lock on daemon addresses registry.
2026-09-03T19:17:40.573+0700 [DEBUG] [org.gradle.cache.internal.DefaultFileLockManager] Lock acquired on daemon addresses registry.
2026-09-03T19:17:40.573+0700 [DEBUG] [org.gradle.cache.internal.DefaultFileLockManager] Releasing lock on daemon addresses registry.
2026-09-03T19:17:40.576+0700 [DEBUG] [org.gradle.cache.internal.DefaultFileLockManager] Waiting to acquire shared lock on daemon addresses registry.
2026-09-03T19:17:40.576+0700 [DEBUG] [org.gradle.cache.internal.DefaultFileLockManager] Lock acquired on daemon addresses registry.
2026-09-03T19:17:40.576+0700 [DEBUG] [org.gradle.cache.internal.DefaultFileLockManager] Releasing lock on daemon addresses registry.
2026-09-03T19:17:44.795+0700 [DEBUG] [org.gradle.process.internal.health.memory.DefaultMemoryManager] 638754816 physical memory requested, 584863744 free
2026-09-03T19:17:44.795+0700 [DEBUG] [org.gradle.workers.internal.WorkerDaemonExpiration] Will attempt to release 609 of memory
2026-09-03T19:17:44.795+0700 [DEBUG] [org.gradle.process.internal.health.memory.DefaultMemoryManager] 638754816 physical memory requested, 0 released, 584863744 free
2026-09-03T19:17:49.787+0700 [DEBUG] [org.gradle.process.internal.health.memory.DefaultMemoryManager] 638754816 physical memory requested, 391221248 free
2026-09-03T19:17:49.788+0700 [DEBUG] [org.gradle.workers.internal.WorkerDaemonExpiration] Will attempt to release 609 of memory
2026-09-03T19:17:49.788+0700 [DEBUG] [org.gradle.process.internal.health.memory.DefaultMemoryManager] 638754816 physical memory requested, 0 released, 391221248 free
2026-09-03T19:17:50.568+0700 [DEBUG] [org.gradle.cache.internal.DefaultFileLockManager] Waiting to acquire shared lock on daemon addresses registry.
2026-09-03T19:17:50.568+0700 [DEBUG] [org.gradle.cache.internal.DefaultFileLockManager] Lock acquired on daemon addresses registry.
2026-09-03T19:17:50.568+0700 [DEBUG] [org.gradle.cache.internal.DefaultFileLockManager] Releasing lock on daemon addresses registry.
2026-09-03T19:17:50.569+0700 [DEBUG] [org.gradle.cache.internal.DefaultFileLockManager] Waiting to acquire shared lock on daemon addresses registry.
2026-09-03T19:17:50.570+0700 [DEBUG] [org.gradle.cache.internal.DefaultFileLockManager] Lock acquired on daemon addresses registry.
2026-09-03T19:17:50.570+0700 [DEBUG] [org.gradle.cache.internal.DefaultFileLockManager] Releasing lock on daemon addresses registry.
2026-09-03T19:17:50.571+0700 [DEBUG] [org.gradle.cache.internal.DefaultFileLockManager] Waiting to acquire shared lock on daemon addresses registry.
2026-09-03T19:17:50.571+0700 [DEBUG] [org.gradle.cache.internal.DefaultFileLockManager] Lock acquired on daemon addresses registry.
2026-09-03T19:17:50.571+0700 [DEBUG] [org.gradle.cache.internal.DefaultFileLockManager] Releasing lock on daemon addresses registry.
2026-09-03T19:18:00.575+0700 [DEBUG] [org.gradle.cache.internal.DefaultFileLockManager] Waiting to acquire shared lock on daemon addresses registry.
2026-09-03T19:18:00.575+0700 [DEBUG] [org.gradle.cache.internal.DefaultFileLockManager] Lock acquired on daemon addresses registry.
2026-09-03T19:18:00.575+0700 [DEBUG] [org.gradle.cache.internal.DefaultFileLockManager] Releasing lock on daemon addresses registry.
2026-09-03T19:18:00.576+0700 [DEBUG] [org.gradle.cache.internal.DefaultFileLockManager] Waiting to acquire shared lock on daemon addresses registry.
2026-09-03T19:18:00.577+0700 [DEBUG] [org.gradle.cache.internal.DefaultFileLockManager] Lock acquired on daemon addresses registry.
2026-09-03T19:18:00.577+0700 [DEBUG] [org.gradle.cache.internal.DefaultFileLockManager] Releasing lock on daemon addresses registry.
2026-09-03T19:18:00.578+0700 [DEBUG] [org.gradle.cache.internal.DefaultFileLockManager] Waiting to acquire shared lock on daemon addresses registry.
2026-09-03T19:18:00.578+0700 [DEBUG] [org.gradle.cache.internal.DefaultFileLockManager] Lock acquired on daemon addresses registry.
2026-09-03T19:18:00.578+0700 [DEBUG] [org.gradle.cache.internal.DefaultFileLockManager] Releasing lock on daemon addresses registry.
2026-09-03T19:18:10.578+0700 [DEBUG] [org.gradle.cache.internal.DefaultFileLockManager] Waiting to acquire shared lock on daemon addresses registry.
2026-09-03T19:18:10.578+0700 [DEBUG] [org.gradle.cache.internal.DefaultFileLockManager] Lock acquired on daemon addresses registry.
2026-09-03T19:18:10.579+0700 [DEBUG] [org.gradle.cache.internal.DefaultFileLockManager] Releasing lock on daemon addresses registry.
2026-09-03T19:18:10.588+0700 [DEBUG] [org.gradle.cache.internal.DefaultFileLockManager] Waiting to acquire shared lock on daemon addresses registry.
2026-09-03T19:18:10.588+0700 [DEBUG] [org.gradle.cache.internal.DefaultFileLockManager] Lock acquired on daemon addresses registry.
2026-09-03T19:18:10.588+0700 [DEBUG] [org.gradle.cache.internal.DefaultFileLockManager] Releasing lock on daemon addresses registry.
2026-09-03T19:18:10.589+0700 [DEBUG] [org.gradle.cache.internal.DefaultFileLockManager] Waiting to acquire shared lock on daemon addresses registry.
2026-09-03T19:18:10.589+0700 [DEBUG] [org.gradle.cache.internal.DefaultFileLockManager] Lock acquired on daemon addresses registry.
2026-09-03T19:18:10.590+0700 [DEBUG] [org.gradle.cache.internal.DefaultFileLockManager] Releasing lock on daemon addresses registry.
2026-09-03T19:18:20.569+0700 [DEBUG] [org.gradle.cache.internal.DefaultFileLockManager] Waiting to acquire shared lock on daemon addresses registry.
2026-09-03T19:18:20.570+0700 [DEBUG] [org.gradle.cache.internal.DefaultFileLockManager] Lock acquired on daemon addresses registry.
2026-09-03T19:18:20.570+0700 [DEBUG] [org.gradle.cache.internal.DefaultFileLockManager] Releasing lock on daemon addresses registry.
2026-09-03T19:18:20.585+0700 [DEBUG] [org.gradle.cache.internal.DefaultFileLockManager] Waiting to acquire shared lock on daemon addresses registry.
2026-09-03T19:18:20.586+0700 [DEBUG] [org.gradle.cache.internal.DefaultFileLockManager] Lock acquired on daemon addresses registry.
2026-09-03T19:18:20.586+0700 [DEBUG] [org.gradle.cache.internal.DefaultFileLockManager] Releasing lock on daemon addresses registry.
2026-09-03T19:18:20.587+0700 [DEBUG] [org.gradle.cache.internal.DefaultFileLockManager] Waiting to acquire shared lock on daemon addresses registry.
2026-09-03T19:18:20.587+0700 [DEBUG] [org.gradle.cache.internal.DefaultFileLockManager] Lock acquired on daemon addresses registry.
2026-09-03T19:18:20.587+0700 [DEBUG] [org.gradle.cache.internal.DefaultFileLockManager] Releasing lock on daemon addresses registry.
2026-09-03T19:18:26.446+0700 [DEBUG] [org.gradle.internal.remote.internal.inet.TcpIncomingConnector] Accepted connection from /127.0.0.1:54647 to /127.0.0.1:54027.
2026-09-03T19:18:26.461+0700 [DEBUG] [org.gradle.launcher.daemon.server.SynchronizedDispatchConnection] thread 576: received class org.gradle.launcher.daemon.protocol.Build
2026-09-03T19:18:26.461+0700 [DEBUG] [org.gradle.launcher.daemon.server.DefaultDaemonConnection] thread 576: Received non-IO message from client: Build{id=67f785da-a019-41b1-9cc9-5b1ec8ae5e00, currentDir=D:\AbsensiSeleksi}
2026-09-03T19:18:26.462+0700 [INFO] [org.gradle.launcher.daemon.server.DefaultIncomingConnectionHandler] Received command: Build{id=67f785da-a019-41b1-9cc9-5b1ec8ae5e00, currentDir=D:\AbsensiSeleksi}.
2026-09-03T19:18:26.462+0700 [DEBUG] [org.gradle.launcher.daemon.server.DefaultIncomingConnectionHandler] Starting executing command: Build{id=67f785da-a019-41b1-9cc9-5b1ec8ae5e00, currentDir=D:\AbsensiSeleksi} with connection: socket connection from /127.0.0.1:54027 to /127.0.0.1:54647.
2026-09-03T19:18:26.463+0700 [DEBUG] [org.gradle.launcher.daemon.server.DaemonStateCoordinator] Command execution: started DaemonCommandExecution[command = Build{id=67f785da-a019-41b1-9cc9-5b1ec8ae5e00, currentDir=D:\AbsensiSeleksi}, connection = DefaultDaemonConnection: socket connection from /127.0.0.1:54027 to /127.0.0.1:54647] after 0.94455 minutes of idle
2026-09-03T19:18:26.463+0700 [INFO] [org.gradle.launcher.daemon.server.DaemonRegistryUpdater] Marking the daemon as busy, address: [f2f1712e-f482-409b-b31d-d4d926729cf0 port:54027, addresses:[localhost/127.0.0.1]]
2026-09-03T19:18:26.463+0700 [DEBUG] [org.gradle.launcher.daemon.registry.PersistentDaemonRegistry] Marking busy by address: [f2f1712e-f482-409b-b31d-d4d926729cf0 port:54027, addresses:[localhost/127.0.0.1]]
2026-09-03T19:18:26.464+0700 [DEBUG] [org.gradle.cache.internal.DefaultFileLockManager] Waiting to acquire exclusive lock on daemon addresses registry.
2026-09-03T19:18:26.465+0700 [DEBUG] [org.gradle.cache.internal.DefaultFileLockManager] Lock acquired on daemon addresses registry.
2026-09-03T19:18:26.467+0700 [DEBUG] [org.gradle.cache.internal.DefaultFileLockManager] Releasing lock on daemon addresses registry.
2026-09-03T19:18:26.468+0700 [DEBUG] [org.gradle.launcher.daemon.server.DaemonStateCoordinator] resetting idle timer
2026-09-03T19:18:26.468+0700 [DEBUG] [org.gradle.launcher.daemon.server.DaemonStateCoordinator] daemon is running. Sleeping until state changes.
2026-09-03T19:18:26.468+0700 [INFO] [org.gradle.launcher.daemon.server.exec.StartBuildOrRespondWithBusy] Daemon is about to start building Build{id=67f785da-a019-41b1-9cc9-5b1ec8ae5e00, currentDir=D:\AbsensiSeleksi}. Dispatching build started information...
2026-09-03T19:18:26.470+0700 [DEBUG] [org.gradle.launcher.daemon.server.SynchronizedDispatchConnection] thread 492: dispatching org.gradle.launcher.daemon.protocol.BuildStarted@664d4963
2026-09-03T19:18:26.472+0700 [DEBUG] [org.gradle.launcher.daemon.server.exec.EstablishBuildEnvironment] Configuring env variables: [USERDOMAIN_ROAMINGPROFILE, LOCALAPPDATA, ChocolateyLastPathUpdate, PROCESSOR_LEVEL, USERDOMAIN, EFC_2376_1592913036, LOGONSERVER, SESSIONNAME, ALLUSERSPROFILE, PROCESSOR_ARCHITECTURE, PSModulePath, SystemDrive, asl.log, OneDrive, APPDATA, USERNAME, ChocolateyInstall, ProgramFiles(x86), CommonProgramFiles, Path, PATHEXT, DriverData, OS, OneDriveConsumer, COMPUTERNAME, EFC_2376_4126798990, EFC_2376_2946480783, PROCESSOR_REVISION, CommonProgramW6432, ComSpec, ProgramData, ProgramW6432, TEMP, HOMEPATH, SystemRoot, PROCESSOR_IDENTIFIER, HOMEDRIVE, USERPROFILE, TMP, CommonProgramFiles(x86), ProgramFiles, PUBLIC, windir, NUMBER_OF_PROCESSORS, =::]
2026-09-03T19:18:26.475+0700 [DEBUG] [org.gradle.launcher.daemon.server.exec.LogToClient] About to start relaying all logs to the client via the connection.
2026-09-03T19:18:26.475+0700 [INFO] [org.gradle.launcher.daemon.server.exec.LogToClient] The client will now receive all logging from the daemon (pid: 13916). The daemon log file: D:\AbsensiSeleksi\daemon\8.9\daemon-13916.out.log
2026-09-03T19:18:26.482+0700 [INFO] [org.gradle.launcher.daemon.server.exec.LogAndCheckHealth] Starting 6th build in daemon [uptime: 46 mins 16.598 secs, performance: 98%, GC rate: 0.00/s, heap usage: 0% of 2 GiB]
2026-09-03T19:18:26.483+0700 [DEBUG] [org.gradle.launcher.daemon.server.exec.ExecuteBuild] The daemon has started executing the build.
2026-09-03T19:18:26.484+0700 [DEBUG] [org.gradle.launcher.daemon.server.exec.ExecuteBuild] Executing build with daemon context: DefaultDaemonContext[uid=df18d942-da82-4165-9d75-043944abae8f,javaHome=C:\Users\AsusA416jp\.jdks\jbr-21.0.11,javaVersion=21,daemonRegistryDir=D:\AbsensiSeleksi\daemon,pid=13916,idleTimeout=10800000,priority=NORMAL,applyInstrumentationAgent=true,nativeServicesMode=ENABLED,daemonOpts=--add-opens=java.base/java.util=ALL-UNNAMED,--add-opens=java.base/java.lang=ALL-UNNAMED,--add-opens=java.base/java.lang.invoke=ALL-UNNAMED,--add-opens=java.prefs/java.util.prefs=ALL-UNNAMED,--add-exports=jdk.compiler/com.sun.tools.javac.api=ALL-UNNAMED,--add-exports=jdk.compiler/com.sun.tools.javac.util=ALL-UNNAMED,--add-opens=java.base/java.nio.charset=ALL-UNNAMED,--add-opens=java.base/java.net=ALL-UNNAMED,--add-opens=java.base/java.util.concurrent.atomic=ALL-UNNAMED,-Xmx2048m,-Dfile.encoding=UTF-8,-Duser.country=ID,-Duser.language=en,-Duser.variant]
Calculating task graph as no cached configuration is available for tasks: :app:assembleDevDebug

BUILD SUCCESSFUL in 14s
43 actionable tasks: 7 executed, 36 up-to-date
Configuration cache entry stored.
2026-09-03T19:18:41.091+0700 [DEBUG] [org.gradle.launcher.daemon.server.exec.ExecuteBuild] The daemon has finished executing the build.
2026-09-03T19:18:41.107+0700 [DEBUG] [org.gradle.launcher.daemon.server.DaemonStateCoordinator] daemon is running. Sleeping until state changes.
2026-09-03T19:18:41.107+0700 [DEBUG] [org.gradle.launcher.daemon.server.DaemonStateCoordinator] Command execution: finished waiting for DaemonCommandExecution[command = Build{id=67f785da-a019-41b1-9cc9-5b1ec8ae5e00, currentDir=D:\AbsensiSeleksi}, connection = DefaultDaemonConnection: socket connection from /127.0.0.1:54027 to /127.0.0.1:54647]. Result org.gradle.launcher.daemon.server.DaemonStateCoordinator@27a4541e with state Busy
2026-09-03T19:18:41.108+0700 [DEBUG] [org.gradle.launcher.daemon.server.DaemonStateCoordinator] Command execution: completed DaemonCommandExecution[command = Build{id=67f785da-a019-41b1-9cc9-5b1ec8ae5e00, currentDir=D:\AbsensiSeleksi}, connection = DefaultDaemonConnection: socket connection from /127.0.0.1:54027 to /127.0.0.1:54647]
2026-09-03T19:18:41.108+0700 [DEBUG] [org.gradle.launcher.daemon.server.DaemonStateCoordinator] resetting idle timer
2026-09-03T19:18:41.108+0700 [INFO] [org.gradle.launcher.daemon.server.DaemonRegistryUpdater] Marking the daemon as idle, address: [f2f1712e-f482-409b-b31d-d4d926729cf0 port:54027, addresses:[localhost/127.0.0.1]]
2026-09-03T19:18:41.108+0700 [DEBUG] [org.gradle.launcher.daemon.registry.PersistentDaemonRegistry] Marking busy by address: [f2f1712e-f482-409b-b31d-d4d926729cf0 port:54027, addresses:[localhost/127.0.0.1]]
2026-09-03T19:18:41.108+0700 [DEBUG] [org.gradle.cache.internal.DefaultFileLockManager] Waiting to acquire exclusive lock on daemon addresses registry.
2026-09-03T19:18:41.109+0700 [DEBUG] [org.gradle.cache.internal.DefaultFileLockManager] Lock acquired on daemon addresses registry.
2026-09-03T19:18:41.110+0700 [DEBUG] [org.gradle.cache.internal.DefaultFileLockManager] Releasing lock on daemon addresses registry.
2026-09-03T19:18:41.110+0700 [DEBUG] [org.gradle.launcher.daemon.server.exec.ReturnResult] Daemon is dispatching the build result: Success[value=org.gradle.launcher.exec.BuildActionResult@61013c9e]
2026-09-03T19:18:41.110+0700 [DEBUG] [org.gradle.launcher.daemon.server.DaemonStateCoordinator] daemon is running. Sleeping until state changes.
2026-09-03T19:18:41.110+0700 [DEBUG] [org.gradle.launcher.daemon.server.SynchronizedDispatchConnection] thread 487: dispatching Success[value=org.gradle.launcher.exec.BuildActionResult@61013c9e]
2026-09-03T19:18:41.111+0700 [DEBUG] [org.gradle.launcher.daemon.server.DefaultIncomingConnectionHandler] Finishing executing command: Build{id=67f785da-a019-41b1-9cc9-5b1ec8ae5e00, currentDir=D:\AbsensiSeleksi}
2026-09-03T19:18:41.112+0700 [DEBUG] [org.gradle.launcher.daemon.server.exec.CleanUpVirtualFileSystemAfterBuild] Cleaning virtual file system after build finished
2026-09-03T19:18:41.112+0700 [DEBUG] [org.gradle.launcher.daemon.server.SynchronizedDispatchConnection] thread 576: received class org.gradle.launcher.daemon.protocol.CloseInput
2026-09-03T19:18:41.112+0700 [DEBUG] [org.gradle.launcher.daemon.server.DefaultDaemonConnection] thread 576: Received IO message from client: org.gradle.launcher.daemon.protocol.CloseInput@26c332ad
2026-09-03T19:18:41.114+0700 [DEBUG] [org.gradle.launcher.daemon.server.SynchronizedDispatchConnection] thread 576: received class org.gradle.launcher.daemon.protocol.Finished
2026-09-03T19:18:41.114+0700 [DEBUG] [org.gradle.launcher.daemon.server.DefaultDaemonConnection] thread 576: Received non-IO message from client: org.gradle.launcher.daemon.protocol.Finished@2804c805
2026-09-03T19:18:41.114+0700 [DEBUG] [org.gradle.launcher.daemon.server.DefaultIncomingConnectionHandler] Received finished message: org.gradle.launcher.daemon.protocol.Finished@2804c805
2026-09-03T19:18:41.114+0700 [DEBUG] [org.gradle.launcher.daemon.server.SynchronizedDispatchConnection] thread 487: stopping connection
2026-09-03T19:18:41.114+0700 [DEBUG] [org.gradle.internal.remote.internal.inet.SocketConnection] Discarding EOFException: java.io.EOFException
2026-09-03T19:18:41.115+0700 [DEBUG] [org.gradle.launcher.daemon.server.SynchronizedDispatchConnection] thread 576: received null
2026-09-03T19:18:41.115+0700 [DEBUG] [org.gradle.launcher.daemon.server.DefaultDaemonConnection] thread 576: Received end-of-input from client.
2026-09-03T19:18:41.115+0700 [DEBUG] [org.gradle.launcher.daemon.server.SynchronizedDispatchConnection] thread 487: stopping connection
2026-09-03T19:18:44.801+0700 [DEBUG] [org.gradle.process.internal.health.memory.DefaultMemoryManager] 638754816 physical memory requested, 352636928 free
2026-09-03T19:18:44.802+0700 [DEBUG] [org.gradle.workers.internal.WorkerDaemonExpiration] Will attempt to release 609 of memory
2026-09-03T19:18:44.802+0700 [DEBUG] [org.gradle.process.internal.health.memory.DefaultMemoryManager] 638754816 physical memory requested, 0 released, 352636928 free
2026-09-03T19:18:49.801+0700 [DEBUG] [org.gradle.process.internal.health.memory.DefaultMemoryManager] 638754816 physical memory requested, 402518016 free
2026-09-03T19:18:49.802+0700 [DEBUG] [org.gradle.workers.internal.WorkerDaemonExpiration] Will attempt to release 609 of memory
2026-09-03T19:18:49.803+0700 [DEBUG] [org.gradle.process.internal.health.memory.DefaultMemoryManager] 638754816 physical memory requested, 0 released, 402518016 free
2026-09-03T19:18:50.573+0700 [DEBUG] [org.gradle.cache.internal.DefaultFileLockManager] Waiting to acquire shared lock on daemon addresses registry.
2026-09-03T19:18:50.573+0700 [DEBUG] [org.gradle.cache.internal.DefaultFileLockManager] Lock acquired on daemon addresses registry.
2026-09-03T19:18:50.585+0700 [DEBUG] [org.gradle.cache.internal.DefaultFileLockManager] Releasing lock on daemon addresses registry.
2026-09-03T19:18:50.589+0700 [DEBUG] [org.gradle.cache.internal.DefaultFileLockManager] Waiting to acquire shared lock on daemon addresses registry.
2026-09-03T19:18:50.589+0700 [DEBUG] [org.gradle.cache.internal.DefaultFileLockManager] Lock acquired on daemon addresses registry.
2026-09-03T19:18:50.590+0700 [DEBUG] [org.gradle.cache.internal.DefaultFileLockManager] Releasing lock on daemon addresses registry.
2026-09-03T19:18:54.799+0700 [DEBUG] [org.gradle.process.internal.health.memory.DefaultMemoryManager] 638754816 physical memory requested, 124375040 free
2026-09-03T19:18:54.799+0700 [DEBUG] [org.gradle.workers.internal.WorkerDaemonExpiration] Will attempt to release 609 of memory
2026-09-03T19:18:54.799+0700 [DEBUG] [org.gradle.process.internal.health.memory.DefaultMemoryManager] 638754816 physical memory requested, 0 released, 124375040 free
2026-09-03T19:18:59.794+0700 [DEBUG] [org.gradle.process.internal.health.memory.DefaultMemoryManager] 638754816 physical memory requested, 185626624 free
2026-09-03T19:18:59.794+0700 [DEBUG] [org.gradle.workers.internal.WorkerDaemonExpiration] Will attempt to release 609 of memory
2026-09-03T19:18:59.794+0700 [DEBUG] [org.gradle.process.internal.health.memory.DefaultMemoryManager] 638754816 physical memory requested, 0 released, 185626624 free
2026-09-03T19:19:00.757+0700 [DEBUG] [org.gradle.cache.internal.DefaultFileLockManager] Waiting to acquire shared lock on daemon addresses registry.
2026-09-03T19:19:00.757+0700 [DEBUG] [org.gradle.cache.internal.DefaultFileLockManager] Lock acquired on daemon addresses registry.
2026-09-03T19:19:00.760+0700 [DEBUG] [org.gradle.cache.internal.DefaultFileLockManager] Releasing lock on daemon addresses registry.
2026-09-03T19:19:00.766+0700 [DEBUG] [org.gradle.cache.internal.DefaultFileLockManager] Waiting to acquire shared lock on daemon addresses registry.
2026-09-03T19:19:00.766+0700 [DEBUG] [org.gradle.cache.internal.DefaultFileLockManager] Lock acquired on daemon addresses registry.
2026-09-03T19:19:00.767+0700 [DEBUG] [org.gradle.cache.internal.DefaultFileLockManager] Releasing lock on daemon addresses registry.
2026-09-03T19:19:00.768+0700 [DEBUG] [org.gradle.cache.internal.DefaultFileLockManager] Waiting to acquire shared lock on daemon addresses registry.
2026-09-03T19:19:00.768+0700 [DEBUG] [org.gradle.cache.internal.DefaultFileLockManager] Lock acquired on daemon addresses registry.
2026-09-03T19:19:00.769+0700 [DEBUG] [org.gradle.cache.internal.DefaultFileLockManager] Releasing lock on daemon addresses registry.
2026-09-03T19:19:04.786+0700 [DEBUG] [org.gradle.process.internal.health.memory.DefaultMemoryManager] 638754816 physical memory requested, 222216192 free
2026-09-03T19:19:04.786+0700 [DEBUG] [org.gradle.workers.internal.WorkerDaemonExpiration] Will attempt to release 609 of memory
2026-09-03T19:19:04.786+0700 [DEBUG] [org.gradle.process.internal.health.memory.DefaultMemoryManager] 638754816 physical memory requested, 0 released, 222216192 free
2026-09-03T19:19:09.795+0700 [DEBUG] [org.gradle.process.internal.health.memory.DefaultMemoryManager] 638754816 physical memory requested, 305700864 free
2026-09-03T19:19:09.796+0700 [DEBUG] [org.gradle.workers.internal.WorkerDaemonExpiration] Will attempt to release 609 of memory
2026-09-03T19:19:09.796+0700 [DEBUG] [org.gradle.process.internal.health.memory.DefaultMemoryManager] 638754816 physical memory requested, 0 released, 305700864 free
2026-09-03T19:19:10.576+0700 [DEBUG] [org.gradle.cache.internal.DefaultFileLockManager] Waiting to acquire shared lock on daemon addresses registry.
2026-09-03T19:19:10.576+0700 [DEBUG] [org.gradle.cache.internal.DefaultFileLockManager] Lock acquired on daemon addresses registry.
2026-09-03T19:19:10.580+0700 [DEBUG] [org.gradle.cache.internal.DefaultFileLockManager] Releasing lock on daemon addresses registry.
2026-09-03T19:19:10.586+0700 [DEBUG] [org.gradle.cache.internal.DefaultFileLockManager] Waiting to acquire shared lock on daemon addresses registry.
2026-09-03T19:19:10.586+0700 [DEBUG] [org.gradle.cache.internal.DefaultFileLockManager] Lock acquired on daemon addresses registry.
2026-09-03T19:19:10.587+0700 [DEBUG] [org.gradle.cache.internal.DefaultFileLockManager] Releasing lock on daemon addresses registry.
2026-09-03T19:19:10.590+0700 [DEBUG] [org.gradle.cache.internal.DefaultFileLockManager] Waiting to acquire shared lock on daemon addresses registry.
2026-09-03T19:19:10.591+0700 [DEBUG] [org.gradle.cache.internal.DefaultFileLockManager] Lock acquired on daemon addresses registry.
2026-09-03T19:19:10.591+0700 [DEBUG] [org.gradle.cache.internal.DefaultFileLockManager] Releasing lock on daemon addresses registry.
2026-09-03T19:19:14.786+0700 [DEBUG] [org.gradle.process.internal.health.memory.DefaultMemoryManager] 638754816 physical memory requested, 529285120 free
2026-09-03T19:19:14.786+0700 [DEBUG] [org.gradle.workers.internal.WorkerDaemonExpiration] Will attempt to release 609 of memory
2026-09-03T19:19:14.786+0700 [DEBUG] [org.gradle.process.internal.health.memory.DefaultMemoryManager] 638754816 physical memory requested, 0 released, 529285120 free
2026-09-03T19:19:15.257+0700 [DEBUG] [sun.rmi.transport.tcp] RMI TCP Connection(13)-127.0.0.1: accepted socket from [127.0.0.1:55926]
2026-09-03T19:19:15.257+0700 [DEBUG] [sun.rmi.transport.tcp] RMI TCP Connection(14)-127.0.0.1: accepted socket from [127.0.0.1:55925]
2026-09-03T19:19:15.285+0700 [DEBUG] [sun.rmi.transport.tcp] RMI TCP Connection(14)-127.0.0.1: (port 63431) op = 80
2026-09-03T19:19:15.285+0700 [DEBUG] [sun.rmi.transport.tcp] RMI TCP Connection(13)-127.0.0.1: (port 63431) op = 80
2026-09-03T19:19:15.307+0700 [DEBUG] [sun.rmi.loader] RMI TCP Connection(14)-127.0.0.1: name = "[Ljava.rmi.server.ObjID;", codebase = "", defaultLoader = jdk.internal.loader.ClassLoaders$PlatformClassLoader@792935a4
2026-09-03T19:19:15.307+0700 [DEBUG] [sun.rmi.loader] RMI TCP Connection(13)-127.0.0.1: name = "[Ljava.rmi.server.ObjID;", codebase = "", defaultLoader = jdk.internal.loader.ClassLoaders$PlatformClassLoader@792935a4
2026-09-03T19:19:15.314+0700 [DEBUG] [sun.rmi.loader] RMI TCP Connection(14)-127.0.0.1: name = "java.rmi.dgc.Lease", codebase = "", defaultLoader = jdk.internal.loader.ClassLoaders$PlatformClassLoader@792935a4
2026-09-03T19:19:15.314+0700 [DEBUG] [sun.rmi.loader] RMI TCP Connection(13)-127.0.0.1: name = "java.rmi.dgc.Lease", codebase = "", defaultLoader = jdk.internal.loader.ClassLoaders$PlatformClassLoader@792935a4
2026-09-03T19:19:15.318+0700 [DEBUG] [sun.rmi.loader] RMI TCP Connection(14)-127.0.0.1: name = "java.rmi.dgc.VMID", codebase = "", defaultLoader = jdk.internal.loader.ClassLoaders$PlatformClassLoader@792935a4
2026-09-03T19:19:15.318+0700 [DEBUG] [sun.rmi.loader] RMI TCP Connection(13)-127.0.0.1: name = "java.rmi.dgc.VMID", codebase = "", defaultLoader = jdk.internal.loader.ClassLoaders$PlatformClassLoader@792935a4
2026-09-03T19:19:15.318+0700 [DEBUG] [sun.rmi.loader] RMI TCP Connection(14)-127.0.0.1: name = "[B", codebase = "", defaultLoader = jdk.internal.loader.ClassLoaders$PlatformClassLoader@792935a4
2026-09-03T19:19:15.318+0700 [DEBUG] [sun.rmi.loader] RMI TCP Connection(13)-127.0.0.1: name = "[B", codebase = "", defaultLoader = jdk.internal.loader.ClassLoaders$PlatformClassLoader@792935a4
2026-09-03T19:19:15.326+0700 [DEBUG] [sun.rmi.loader] RMI TCP Connection(14)-127.0.0.1: name = "java.rmi.server.UID", codebase = "", defaultLoader = jdk.internal.loader.ClassLoaders$PlatformClassLoader@792935a4
2026-09-03T19:19:15.326+0700 [DEBUG] [sun.rmi.loader] RMI TCP Connection(13)-127.0.0.1: name = "java.rmi.server.UID", codebase = "", defaultLoader = jdk.internal.loader.ClassLoaders$PlatformClassLoader@792935a4
2026-09-03T19:19:19.798+0700 [DEBUG] [org.gradle.process.internal.health.memory.DefaultMemoryManager] 638754816 physical memory requested, 375078912 free
2026-09-03T19:19:19.798+0700 [DEBUG] [org.gradle.workers.internal.WorkerDaemonExpiration] Will attempt to release 609 of memory
2026-09-03T19:19:19.798+0700 [DEBUG] [org.gradle.process.internal.health.memory.DefaultMemoryManager] 638754816 physical memory requested, 0 released, 375078912 free
2026-09-03T19:19:20.569+0700 [DEBUG] [org.gradle.cache.internal.DefaultFileLockManager] Waiting to acquire shared lock on daemon addresses registry.
2026-09-03T19:19:20.569+0700 [DEBUG] [org.gradle.cache.internal.DefaultFileLockManager] Lock acquired on daemon addresses registry.
2026-09-03T19:19:20.571+0700 [DEBUG] [org.gradle.cache.internal.DefaultFileLockManager] Releasing lock on daemon addresses registry.
2026-09-03T19:19:20.573+0700 [DEBUG] [org.gradle.cache.internal.DefaultFileLockManager] Waiting to acquire shared lock on daemon addresses registry.
2026-09-03T19:19:20.573+0700 [DEBUG] [org.gradle.cache.internal.DefaultFileLockManager] Lock acquired on daemon addresses registry.
2026-09-03T19:19:20.574+0700 [DEBUG] [org.gradle.cache.internal.DefaultFileLockManager] Releasing lock on daemon addresses registry.
2026-09-03T19:19:20.576+0700 [DEBUG] [org.gradle.cache.internal.DefaultFileLockManager] Waiting to acquire shared lock on daemon addresses registry.
2026-09-03T19:19:20.576+0700 [DEBUG] [org.gradle.cache.internal.DefaultFileLockManager] Lock acquired on daemon addresses registry.
2026-09-03T19:19:20.577+0700 [DEBUG] [org.gradle.cache.internal.DefaultFileLockManager] Releasing lock on daemon addresses registry.
2026-09-03T19:19:24.785+0700 [DEBUG] [org.gradle.process.internal.health.memory.DefaultMemoryManager] 638754816 physical memory requested, 481628160 free
2026-09-03T19:19:24.785+0700 [DEBUG] [org.gradle.workers.internal.WorkerDaemonExpiration] Will attempt to release 609 of memory
2026-09-03T19:19:24.785+0700 [DEBUG] [org.gradle.process.internal.health.memory.DefaultMemoryManager] 638754816 physical memory requested, 0 released, 481628160 free
2026-09-03T19:19:30.487+0700 [DEBUG] [sun.rmi.transport.tcp] RMI TCP Connection(14)-127.0.0.1: (port 63431) connection closed
2026-09-03T19:19:30.488+0700 [DEBUG] [sun.rmi.transport.tcp] RMI TCP Connection(13)-127.0.0.1: (port 63431) connection closed
2026-09-03T19:19:30.517+0700 [DEBUG] [sun.rmi.transport.tcp] RMI TCP Connection(13)-127.0.0.1: close connection, socket: Socket[addr=/127.0.0.1,port=55926,localport=63431]
2026-09-03T19:19:30.517+0700 [DEBUG] [sun.rmi.transport.tcp] RMI TCP Connection(14)-127.0.0.1: close connection, socket: Socket[addr=/127.0.0.1,port=55925,localport=63431]
2026-09-03T19:19:30.519+0700 [DEBUG] [sun.rmi.transport.tcp] RMI TCP Connection(14)-127.0.0.1: socket close: Socket[addr=/127.0.0.1,port=55925,localport=63431]
2026-09-03T19:19:30.580+0700 [DEBUG] [sun.rmi.transport.tcp] RMI TCP Connection(13)-127.0.0.1: socket close: Socket[addr=/127.0.0.1,port=55926,localport=63431]
2026-09-03T19:19:30.587+0700 [DEBUG] [org.gradle.cache.internal.DefaultFileLockManager] Waiting to acquire shared lock on daemon addresses registry.
2026-09-03T19:19:30.587+0700 [DEBUG] [org.gradle.cache.internal.DefaultFileLockManager] Lock acquired on daemon addresses registry.
2026-09-03T19:19:30.587+0700 [DEBUG] [org.gradle.cache.internal.DefaultFileLockManager] Releasing lock on daemon addresses registry.
2026-09-03T19:19:30.589+0700 [DEBUG] [org.gradle.cache.internal.DefaultFileLockManager] Waiting to acquire shared lock on daemon addresses registry.
2026-09-03T19:19:30.589+0700 [DEBUG] [org.gradle.cache.internal.DefaultFileLockManager] Lock acquired on daemon addresses registry.
2026-09-03T19:19:30.589+0700 [DEBUG] [org.gradle.cache.internal.DefaultFileLockManager] Releasing lock on daemon addresses registry.
2026-09-03T19:19:30.590+0700 [DEBUG] [org.gradle.cache.internal.DefaultFileLockManager] Waiting to acquire shared lock on daemon addresses registry.
2026-09-03T19:19:30.590+0700 [DEBUG] [org.gradle.cache.internal.DefaultFileLockManager] Lock acquired on daemon addresses registry.
2026-09-03T19:19:30.590+0700 [DEBUG] [org.gradle.cache.internal.DefaultFileLockManager] Releasing lock on daemon addresses registry.
2026-09-03T19:19:40.577+0700 [DEBUG] [org.gradle.cache.internal.DefaultFileLockManager] Waiting to acquire shared lock on daemon addresses registry.
2026-09-03T19:19:40.577+0700 [DEBUG] [org.gradle.cache.internal.DefaultFileLockManager] Lock acquired on daemon addresses registry.
2026-09-03T19:19:40.577+0700 [DEBUG] [org.gradle.cache.internal.DefaultFileLockManager] Releasing lock on daemon addresses registry.
2026-09-03T19:19:40.580+0700 [DEBUG] [org.gradle.cache.internal.DefaultFileLockManager] Waiting to acquire shared lock on daemon addresses registry.
2026-09-03T19:19:40.580+0700 [DEBUG] [org.gradle.cache.internal.DefaultFileLockManager] Lock acquired on daemon addresses registry.
2026-09-03T19:19:40.580+0700 [DEBUG] [org.gradle.cache.internal.DefaultFileLockManager] Releasing lock on daemon addresses registry.
2026-09-03T19:19:40.581+0700 [DEBUG] [org.gradle.cache.internal.DefaultFileLockManager] Waiting to acquire shared lock on daemon addresses registry.
2026-09-03T19:19:40.582+0700 [DEBUG] [org.gradle.cache.internal.DefaultFileLockManager] Lock acquired on daemon addresses registry.
2026-09-03T19:19:40.582+0700 [DEBUG] [org.gradle.cache.internal.DefaultFileLockManager] Releasing lock on daemon addresses registry.
2026-09-03T19:19:50.590+0700 [DEBUG] [org.gradle.cache.internal.DefaultFileLockManager] Waiting to acquire shared lock on daemon addresses registry.
2026-09-03T19:19:50.590+0700 [DEBUG] [org.gradle.cache.internal.DefaultFileLockManager] Lock acquired on daemon addresses registry.
2026-09-03T19:19:50.590+0700 [DEBUG] [org.gradle.cache.internal.DefaultFileLockManager] Releasing lock on daemon addresses registry.
2026-09-03T19:19:50.591+0700 [DEBUG] [org.gradle.cache.internal.DefaultFileLockManager] Waiting to acquire shared lock on daemon addresses registry.
2026-09-03T19:19:50.591+0700 [DEBUG] [org.gradle.cache.internal.DefaultFileLockManager] Lock acquired on daemon addresses registry.
2026-09-03T19:19:50.594+0700 [DEBUG] [org.gradle.cache.internal.DefaultFileLockManager] Releasing lock on daemon addresses registry.
2026-09-03T19:19:50.595+0700 [DEBUG] [org.gradle.cache.internal.DefaultFileLockManager] Waiting to acquire shared lock on daemon addresses registry.
2026-09-03T19:19:50.595+0700 [DEBUG] [org.gradle.cache.internal.DefaultFileLockManager] Lock acquired on daemon addresses registry.
2026-09-03T19:19:50.595+0700 [DEBUG] [org.gradle.cache.internal.DefaultFileLockManager] Releasing lock on daemon addresses registry.
2026-09-03T19:20:00.570+0700 [DEBUG] [org.gradle.cache.internal.DefaultFileLockManager] Waiting to acquire shared lock on daemon addresses registry.
2026-09-03T19:20:00.570+0700 [DEBUG] [org.gradle.cache.internal.DefaultFileLockManager] Lock acquired on daemon addresses registry.
2026-09-03T19:20:00.570+0700 [DEBUG] [org.gradle.cache.internal.DefaultFileLockManager] Releasing lock on daemon addresses registry.
2026-09-03T19:20:00.571+0700 [DEBUG] [org.gradle.cache.internal.DefaultFileLockManager] Waiting to acquire shared lock on daemon addresses registry.
2026-09-03T19:20:00.571+0700 [DEBUG] [org.gradle.cache.internal.DefaultFileLockManager] Lock acquired on daemon addresses registry.
2026-09-03T19:20:00.572+0700 [DEBUG] [org.gradle.cache.internal.DefaultFileLockManager] Releasing lock on daemon addresses registry.
2026-09-03T19:20:00.572+0700 [DEBUG] [org.gradle.cache.internal.DefaultFileLockManager] Waiting to acquire shared lock on daemon addresses registry.
2026-09-03T19:20:00.573+0700 [DEBUG] [org.gradle.cache.internal.DefaultFileLockManager] Lock acquired on daemon addresses registry.
2026-09-03T19:20:00.573+0700 [DEBUG] [org.gradle.cache.internal.DefaultFileLockManager] Releasing lock on daemon addresses registry.
2026-09-03T19:20:10.567+0700 [DEBUG] [org.gradle.cache.internal.DefaultFileLockManager] Waiting to acquire shared lock on daemon addresses registry.
2026-09-03T19:20:10.568+0700 [DEBUG] [org.gradle.cache.internal.DefaultFileLockManager] Lock acquired on daemon addresses registry.
2026-09-03T19:20:10.568+0700 [DEBUG] [org.gradle.cache.internal.DefaultFileLockManager] Releasing lock on daemon addresses registry.
2026-09-03T19:20:10.574+0700 [DEBUG] [org.gradle.cache.internal.DefaultFileLockManager] Waiting to acquire shared lock on daemon addresses registry.
2026-09-03T19:20:10.574+0700 [DEBUG] [org.gradle.cache.internal.DefaultFileLockManager] Lock acquired on daemon addresses registry.
2026-09-03T19:20:10.574+0700 [DEBUG] [org.gradle.cache.internal.DefaultFileLockManager] Releasing lock on daemon addresses registry.
2026-09-03T19:20:10.575+0700 [DEBUG] [org.gradle.cache.internal.DefaultFileLockManager] Waiting to acquire shared lock on daemon addresses registry.
2026-09-03T19:20:10.575+0700 [DEBUG] [org.gradle.cache.internal.DefaultFileLockManager] Lock acquired on daemon addresses registry.
2026-09-03T19:20:10.575+0700 [DEBUG] [org.gradle.cache.internal.DefaultFileLockManager] Releasing lock on daemon addresses registry.
2026-09-03T19:20:20.572+0700 [DEBUG] [org.gradle.cache.internal.DefaultFileLockManager] Waiting to acquire shared lock on daemon addresses registry.
2026-09-03T19:20:20.572+0700 [DEBUG] [org.gradle.cache.internal.DefaultFileLockManager] Lock acquired on daemon addresses registry.
2026-09-03T19:20:20.572+0700 [DEBUG] [org.gradle.cache.internal.DefaultFileLockManager] Releasing lock on daemon addresses registry.
2026-09-03T19:20:20.575+0700 [DEBUG] [org.gradle.cache.internal.DefaultFileLockManager] Waiting to acquire shared lock on daemon addresses registry.
2026-09-03T19:20:20.575+0700 [DEBUG] [org.gradle.cache.internal.DefaultFileLockManager] Lock acquired on daemon addresses registry.
2026-09-03T19:20:20.576+0700 [DEBUG] [org.gradle.cache.internal.DefaultFileLockManager] Releasing lock on daemon addresses registry.
2026-09-03T19:20:20.578+0700 [DEBUG] [org.gradle.cache.internal.DefaultFileLockManager] Waiting to acquire shared lock on daemon addresses registry.
2026-09-03T19:20:20.578+0700 [DEBUG] [org.gradle.cache.internal.DefaultFileLockManager] Lock acquired on daemon addresses registry.
2026-09-03T19:20:20.578+0700 [DEBUG] [org.gradle.cache.internal.DefaultFileLockManager] Releasing lock on daemon addresses registry.
2026-09-03T19:20:30.566+0700 [DEBUG] [org.gradle.cache.internal.DefaultFileLockManager] Waiting to acquire shared lock on daemon addresses registry.
2026-09-03T19:20:30.566+0700 [DEBUG] [org.gradle.cache.internal.DefaultFileLockManager] Lock acquired on daemon addresses registry.
2026-09-03T19:20:30.567+0700 [DEBUG] [org.gradle.cache.internal.DefaultFileLockManager] Releasing lock on daemon addresses registry.
2026-09-03T19:20:30.569+0700 [DEBUG] [org.gradle.cache.internal.DefaultFileLockManager] Waiting to acquire shared lock on daemon addresses registry.
2026-09-03T19:20:30.569+0700 [DEBUG] [org.gradle.cache.internal.DefaultFileLockManager] Lock acquired on daemon addresses registry.
2026-09-03T19:20:30.570+0700 [DEBUG] [org.gradle.cache.internal.DefaultFileLockManager] Releasing lock on daemon addresses registry.
2026-09-03T19:20:30.571+0700 [DEBUG] [org.gradle.cache.internal.DefaultFileLockManager] Waiting to acquire shared lock on daemon addresses registry.
2026-09-03T19:20:30.572+0700 [DEBUG] [org.gradle.cache.internal.DefaultFileLockManager] Lock acquired on daemon addresses registry.
2026-09-03T19:20:30.573+0700 [DEBUG] [org.gradle.cache.internal.DefaultFileLockManager] Releasing lock on daemon addresses registry.
2026-09-03T19:20:40.568+0700 [DEBUG] [org.gradle.cache.internal.DefaultFileLockManager] Waiting to acquire shared lock on daemon addresses registry.
2026-09-03T19:20:40.568+0700 [DEBUG] [org.gradle.cache.internal.DefaultFileLockManager] Lock acquired on daemon addresses registry.
2026-09-03T19:20:40.568+0700 [DEBUG] [org.gradle.cache.internal.DefaultFileLockManager] Releasing lock on daemon addresses registry.
2026-09-03T19:20:40.570+0700 [DEBUG] [org.gradle.cache.internal.DefaultFileLockManager] Waiting to acquire shared lock on daemon addresses registry.
2026-09-03T19:20:40.570+0700 [DEBUG] [org.gradle.cache.internal.DefaultFileLockManager] Lock acquired on daemon addresses registry.
2026-09-03T19:20:40.571+0700 [DEBUG] [org.gradle.cache.internal.DefaultFileLockManager] Releasing lock on daemon addresses registry.
2026-09-03T19:20:40.572+0700 [DEBUG] [org.gradle.cache.internal.DefaultFileLockManager] Waiting to acquire shared lock on daemon addresses registry.
2026-09-03T19:20:40.572+0700 [DEBUG] [org.gradle.cache.internal.DefaultFileLockManager] Lock acquired on daemon addresses registry.
2026-09-03T19:20:40.573+0700 [DEBUG] [org.gradle.cache.internal.DefaultFileLockManager] Releasing lock on daemon addresses registry.
2026-09-03T19:20:50.578+0700 [DEBUG] [org.gradle.cache.internal.DefaultFileLockManager] Waiting to acquire shared lock on daemon addresses registry.
2026-09-03T19:20:50.578+0700 [DEBUG] [org.gradle.cache.internal.DefaultFileLockManager] Lock acquired on daemon addresses registry.
2026-09-03T19:20:50.579+0700 [DEBUG] [org.gradle.cache.internal.DefaultFileLockManager] Releasing lock on daemon addresses registry.
2026-09-03T19:20:50.580+0700 [DEBUG] [org.gradle.cache.internal.DefaultFileLockManager] Waiting to acquire shared lock on daemon addresses registry.
2026-09-03T19:20:50.580+0700 [DEBUG] [org.gradle.cache.internal.DefaultFileLockManager] Lock acquired on daemon addresses registry.
2026-09-03T19:20:50.581+0700 [DEBUG] [org.gradle.cache.internal.DefaultFileLockManager] Releasing lock on daemon addresses registry.
2026-09-03T19:20:50.582+0700 [DEBUG] [org.gradle.cache.internal.DefaultFileLockManager] Waiting to acquire shared lock on daemon addresses registry.
2026-09-03T19:20:50.583+0700 [DEBUG] [org.gradle.cache.internal.DefaultFileLockManager] Lock acquired on daemon addresses registry.
2026-09-03T19:20:50.583+0700 [DEBUG] [org.gradle.cache.internal.DefaultFileLockManager] Releasing lock on daemon addresses registry.
2026-09-03T19:21:00.578+0700 [DEBUG] [org.gradle.cache.internal.DefaultFileLockManager] Waiting to acquire shared lock on daemon addresses registry.
2026-09-03T19:21:00.578+0700 [DEBUG] [org.gradle.cache.internal.DefaultFileLockManager] Lock acquired on daemon addresses registry.
2026-09-03T19:21:00.579+0700 [DEBUG] [org.gradle.cache.internal.DefaultFileLockManager] Releasing lock on daemon addresses registry.
2026-09-03T19:21:00.580+0700 [DEBUG] [org.gradle.cache.internal.DefaultFileLockManager] Waiting to acquire shared lock on daemon addresses registry.
2026-09-03T19:21:00.581+0700 [DEBUG] [org.gradle.cache.internal.DefaultFileLockManager] Lock acquired on daemon addresses registry.
2026-09-03T19:21:00.581+0700 [DEBUG] [org.gradle.cache.internal.DefaultFileLockManager] Releasing lock on daemon addresses registry.
2026-09-03T19:21:00.582+0700 [DEBUG] [org.gradle.cache.internal.DefaultFileLockManager] Waiting to acquire shared lock on daemon addresses registry.
2026-09-03T19:21:00.582+0700 [DEBUG] [org.gradle.cache.internal.DefaultFileLockManager] Lock acquired on daemon addresses registry.
2026-09-03T19:21:00.583+0700 [DEBUG] [org.gradle.cache.internal.DefaultFileLockManager] Releasing lock on daemon addresses registry.
2026-09-03T19:21:10.572+0700 [DEBUG] [org.gradle.cache.internal.DefaultFileLockManager] Waiting to acquire shared lock on daemon addresses registry.
2026-09-03T19:21:10.574+0700 [DEBUG] [org.gradle.cache.internal.DefaultFileLockManager] Lock acquired on daemon addresses registry.
2026-09-03T19:21:10.575+0700 [DEBUG] [org.gradle.cache.internal.DefaultFileLockManager] Releasing lock on daemon addresses registry.
2026-09-03T19:21:10.578+0700 [DEBUG] [org.gradle.cache.internal.DefaultFileLockManager] Waiting to acquire shared lock on daemon addresses registry.
2026-09-03T19:21:10.578+0700 [DEBUG] [org.gradle.cache.internal.DefaultFileLockManager] Lock acquired on daemon addresses registry.
2026-09-03T19:21:10.579+0700 [DEBUG] [org.gradle.cache.internal.DefaultFileLockManager] Releasing lock on daemon addresses registry.
2026-09-03T19:21:10.581+0700 [DEBUG] [org.gradle.cache.internal.DefaultFileLockManager] Waiting to acquire shared lock on daemon addresses registry.
2026-09-03T19:21:10.581+0700 [DEBUG] [org.gradle.cache.internal.DefaultFileLockManager] Lock acquired on daemon addresses registry.
2026-09-03T19:21:10.581+0700 [DEBUG] [org.gradle.cache.internal.DefaultFileLockManager] Releasing lock on daemon addresses registry.
2026-09-03T19:21:20.574+0700 [DEBUG] [org.gradle.cache.internal.DefaultFileLockManager] Waiting to acquire shared lock on daemon addresses registry.
2026-09-03T19:21:20.574+0700 [DEBUG] [org.gradle.cache.internal.DefaultFileLockManager] Lock acquired on daemon addresses registry.
2026-09-03T19:21:20.574+0700 [DEBUG] [org.gradle.cache.internal.DefaultFileLockManager] Releasing lock on daemon addresses registry.
2026-09-03T19:21:20.577+0700 [DEBUG] [org.gradle.cache.internal.DefaultFileLockManager] Waiting to acquire shared lock on daemon addresses registry.
2026-09-03T19:21:20.577+0700 [DEBUG] [org.gradle.cache.internal.DefaultFileLockManager] Lock acquired on daemon addresses registry.
2026-09-03T19:21:20.577+0700 [DEBUG] [org.gradle.cache.internal.DefaultFileLockManager] Releasing lock on daemon addresses registry.
2026-09-03T19:21:20.580+0700 [DEBUG] [org.gradle.cache.internal.DefaultFileLockManager] Waiting to acquire shared lock on daemon addresses registry.
2026-09-03T19:21:20.580+0700 [DEBUG] [org.gradle.cache.internal.DefaultFileLockManager] Lock acquired on daemon addresses registry.
2026-09-03T19:21:20.581+0700 [DEBUG] [org.gradle.cache.internal.DefaultFileLockManager] Releasing lock on daemon addresses registry.
2026-09-03T19:21:30.575+0700 [DEBUG] [org.gradle.cache.internal.DefaultFileLockManager] Waiting to acquire shared lock on daemon addresses registry.
2026-09-03T19:21:30.575+0700 [DEBUG] [org.gradle.cache.internal.DefaultFileLockManager] Lock acquired on daemon addresses registry.
2026-09-03T19:21:30.575+0700 [DEBUG] [org.gradle.cache.internal.DefaultFileLockManager] Releasing lock on daemon addresses registry.
2026-09-03T19:21:30.577+0700 [DEBUG] [org.gradle.cache.internal.DefaultFileLockManager] Waiting to acquire shared lock on daemon addresses registry.
2026-09-03T19:21:30.577+0700 [DEBUG] [org.gradle.cache.internal.DefaultFileLockManager] Lock acquired on daemon addresses registry.
2026-09-03T19:21:30.577+0700 [DEBUG] [org.gradle.cache.internal.DefaultFileLockManager] Releasing lock on daemon addresses registry.
2026-09-03T19:21:30.579+0700 [DEBUG] [org.gradle.cache.internal.DefaultFileLockManager] Waiting to acquire shared lock on daemon addresses registry.
2026-09-03T19:21:30.579+0700 [DEBUG] [org.gradle.cache.internal.DefaultFileLockManager] Lock acquired on daemon addresses registry.
2026-09-03T19:21:30.579+0700 [DEBUG] [org.gradle.cache.internal.DefaultFileLockManager] Releasing lock on daemon addresses registry.
2026-09-03T19:21:40.571+0700 [DEBUG] [org.gradle.cache.internal.DefaultFileLockManager] Waiting to acquire shared lock on daemon addresses registry.
2026-09-03T19:21:40.571+0700 [DEBUG] [org.gradle.cache.internal.DefaultFileLockManager] Lock acquired on daemon addresses registry.
2026-09-03T19:21:40.571+0700 [DEBUG] [org.gradle.cache.internal.DefaultFileLockManager] Releasing lock on daemon addresses registry.
2026-09-03T19:21:40.574+0700 [DEBUG] [org.gradle.cache.internal.DefaultFileLockManager] Waiting to acquire shared lock on daemon addresses registry.
2026-09-03T19:21:40.574+0700 [DEBUG] [org.gradle.cache.internal.DefaultFileLockManager] Lock acquired on daemon addresses registry.
2026-09-03T19:21:40.575+0700 [DEBUG] [org.gradle.cache.internal.DefaultFileLockManager] Releasing lock on daemon addresses registry.
2026-09-03T19:21:40.577+0700 [DEBUG] [org.gradle.cache.internal.DefaultFileLockManager] Waiting to acquire shared lock on daemon addresses registry.
2026-09-03T19:21:40.577+0700 [DEBUG] [org.gradle.cache.internal.DefaultFileLockManager] Lock acquired on daemon addresses registry.
2026-09-03T19:21:40.578+0700 [DEBUG] [org.gradle.cache.internal.DefaultFileLockManager] Releasing lock on daemon addresses registry.
2026-09-03T19:21:50.571+0700 [DEBUG] [org.gradle.cache.internal.DefaultFileLockManager] Waiting to acquire shared lock on daemon addresses registry.
2026-09-03T19:21:50.571+0700 [DEBUG] [org.gradle.cache.internal.DefaultFileLockManager] Lock acquired on daemon addresses registry.
2026-09-03T19:21:50.572+0700 [DEBUG] [org.gradle.cache.internal.DefaultFileLockManager] Releasing lock on daemon addresses registry.
2026-09-03T19:21:50.575+0700 [DEBUG] [org.gradle.cache.internal.DefaultFileLockManager] Waiting to acquire shared lock on daemon addresses registry.
2026-09-03T19:21:50.576+0700 [DEBUG] [org.gradle.cache.internal.DefaultFileLockManager] Lock acquired on daemon addresses registry.
2026-09-03T19:21:50.577+0700 [DEBUG] [org.gradle.cache.internal.DefaultFileLockManager] Releasing lock on daemon addresses registry.
2026-09-03T19:21:50.578+0700 [DEBUG] [org.gradle.cache.internal.DefaultFileLockManager] Waiting to acquire shared lock on daemon addresses registry.
2026-09-03T19:21:50.579+0700 [DEBUG] [org.gradle.cache.internal.DefaultFileLockManager] Lock acquired on daemon addresses registry.
2026-09-03T19:21:50.579+0700 [DEBUG] [org.gradle.cache.internal.DefaultFileLockManager] Releasing lock on daemon addresses registry.
2026-09-03T19:22:00.568+0700 [DEBUG] [org.gradle.cache.internal.DefaultFileLockManager] Waiting to acquire shared lock on daemon addresses registry.
2026-09-03T19:22:00.568+0700 [DEBUG] [org.gradle.cache.internal.DefaultFileLockManager] Lock acquired on daemon addresses registry.
2026-09-03T19:22:00.568+0700 [DEBUG] [org.gradle.cache.internal.DefaultFileLockManager] Releasing lock on daemon addresses registry.
2026-09-03T19:22:00.571+0700 [DEBUG] [org.gradle.cache.internal.DefaultFileLockManager] Waiting to acquire shared lock on daemon addresses registry.
2026-09-03T19:22:00.571+0700 [DEBUG] [org.gradle.cache.internal.DefaultFileLockManager] Lock acquired on daemon addresses registry.
2026-09-03T19:22:00.572+0700 [DEBUG] [org.gradle.cache.internal.DefaultFileLockManager] Releasing lock on daemon addresses registry.
2026-09-03T19:22:00.574+0700 [DEBUG] [org.gradle.cache.internal.DefaultFileLockManager] Waiting to acquire shared lock on daemon addresses registry.
2026-09-03T19:22:00.574+0700 [DEBUG] [org.gradle.cache.internal.DefaultFileLockManager] Lock acquired on daemon addresses registry.
2026-09-03T19:22:00.574+0700 [DEBUG] [org.gradle.cache.internal.DefaultFileLockManager] Releasing lock on daemon addresses registry.
2026-09-03T19:22:09.785+0700 [DEBUG] [org.gradle.process.internal.health.memory.DefaultMemoryManager] 638754816 physical memory requested, 575012864 free
2026-09-03T19:22:09.786+0700 [DEBUG] [org.gradle.workers.internal.WorkerDaemonExpiration] Will attempt to release 609 of memory
2026-09-03T19:22:09.786+0700 [DEBUG] [org.gradle.process.internal.health.memory.DefaultMemoryManager] 638754816 physical memory requested, 0 released, 575012864 free
2026-09-03T19:22:10.577+0700 [DEBUG] [org.gradle.cache.internal.DefaultFileLockManager] Waiting to acquire shared lock on daemon addresses registry.
2026-09-03T19:22:10.577+0700 [DEBUG] [org.gradle.cache.internal.DefaultFileLockManager] Lock acquired on daemon addresses registry.
2026-09-03T19:22:10.597+0700 [DEBUG] [org.gradle.cache.internal.DefaultFileLockManager] Releasing lock on daemon addresses registry.
2026-09-03T19:22:10.600+0700 [DEBUG] [org.gradle.cache.internal.DefaultFileLockManager] Waiting to acquire shared lock on daemon addresses registry.
2026-09-03T19:22:10.600+0700 [DEBUG] [org.gradle.cache.internal.DefaultFileLockManager] Lock acquired on daemon addresses registry.
2026-09-03T19:22:10.600+0700 [DEBUG] [org.gradle.cache.internal.DefaultFileLockManager] Releasing lock on daemon addresses registry.
2026-09-03T19:22:10.602+0700 [DEBUG] [org.gradle.cache.internal.DefaultFileLockManager] Waiting to acquire shared lock on daemon addresses registry.
2026-09-03T19:22:10.602+0700 [DEBUG] [org.gradle.cache.internal.DefaultFileLockManager] Lock acquired on daemon addresses registry.
2026-09-03T19:22:10.602+0700 [DEBUG] [org.gradle.cache.internal.DefaultFileLockManager] Releasing lock on daemon addresses registry.
2026-09-03T19:22:14.799+0700 [DEBUG] [org.gradle.process.internal.health.memory.DefaultMemoryManager] 638754816 physical memory requested, 527159296 free
2026-09-03T19:22:14.799+0700 [DEBUG] [org.gradle.workers.internal.WorkerDaemonExpiration] Will attempt to release 609 of memory
2026-09-03T19:22:14.800+0700 [DEBUG] [org.gradle.process.internal.health.memory.DefaultMemoryManager] 638754816 physical memory requested, 0 released, 527159296 free
2026-09-03T19:22:19.799+0700 [DEBUG] [org.gradle.process.internal.health.memory.DefaultMemoryManager] 638754816 physical memory requested, 624537600 free
2026-09-03T19:22:19.799+0700 [DEBUG] [org.gradle.workers.internal.WorkerDaemonExpiration] Will attempt to release 609 of memory
2026-09-03T19:22:19.799+0700 [DEBUG] [org.gradle.process.internal.health.memory.DefaultMemoryManager] 638754816 physical memory requested, 0 released, 624537600 free
2026-09-03T19:22:20.576+0700 [DEBUG] [org.gradle.cache.internal.DefaultFileLockManager] Waiting to acquire shared lock on daemon addresses registry.
2026-09-03T19:22:20.576+0700 [DEBUG] [org.gradle.cache.internal.DefaultFileLockManager] Lock acquired on daemon addresses registry.
2026-09-03T19:22:20.577+0700 [DEBUG] [org.gradle.cache.internal.DefaultFileLockManager] Releasing lock on daemon addresses registry.
2026-09-03T19:22:20.579+0700 [DEBUG] [org.gradle.cache.internal.DefaultFileLockManager] Waiting to acquire shared lock on daemon addresses registry.
2026-09-03T19:22:20.580+0700 [DEBUG] [org.gradle.cache.internal.DefaultFileLockManager] Lock acquired on daemon addresses registry.
2026-09-03T19:22:20.580+0700 [DEBUG] [org.gradle.cache.internal.DefaultFileLockManager] Releasing lock on daemon addresses registry.
2026-09-03T19:22:20.584+0700 [DEBUG] [org.gradle.cache.internal.DefaultFileLockManager] Waiting to acquire shared lock on daemon addresses registry.
2026-09-03T19:22:20.584+0700 [DEBUG] [org.gradle.cache.internal.DefaultFileLockManager] Lock acquired on daemon addresses registry.
2026-09-03T19:22:20.584+0700 [DEBUG] [org.gradle.cache.internal.DefaultFileLockManager] Releasing lock on daemon addresses registry.
2026-09-03T19:22:24.785+0700 [DEBUG] [org.gradle.process.internal.health.memory.DefaultMemoryManager] 638754816 physical memory requested, 602214400 free
2026-09-03T19:22:24.785+0700 [DEBUG] [org.gradle.workers.internal.WorkerDaemonExpiration] Will attempt to release 609 of memory
2026-09-03T19:22:24.785+0700 [DEBUG] [org.gradle.process.internal.health.memory.DefaultMemoryManager] 638754816 physical memory requested, 0 released, 602214400 free
2026-09-03T19:22:29.790+0700 [DEBUG] [org.gradle.process.internal.health.memory.DefaultMemoryManager] 638754816 physical memory requested, 587669504 free
2026-09-03T19:22:29.790+0700 [DEBUG] [org.gradle.workers.internal.WorkerDaemonExpiration] Will attempt to release 609 of memory
2026-09-03T19:22:29.803+0700 [DEBUG] [org.gradle.process.internal.health.memory.DefaultMemoryManager] 638754816 physical memory requested, 0 released, 587669504 free
2026-09-03T19:22:30.575+0700 [DEBUG] [org.gradle.cache.internal.DefaultFileLockManager] Waiting to acquire shared lock on daemon addresses registry.
2026-09-03T19:22:30.575+0700 [DEBUG] [org.gradle.cache.internal.DefaultFileLockManager] Lock acquired on daemon addresses registry.
2026-09-03T19:22:30.575+0700 [DEBUG] [org.gradle.cache.internal.DefaultFileLockManager] Releasing lock on daemon addresses registry.
2026-09-03T19:22:30.577+0700 [DEBUG] [org.gradle.cache.internal.DefaultFileLockManager] Waiting to acquire shared lock on daemon addresses registry.
2026-09-03T19:22:30.578+0700 [DEBUG] [org.gradle.cache.internal.DefaultFileLockManager] Lock acquired on daemon addresses registry.
2026-09-03T19:22:30.591+0700 [DEBUG] [org.gradle.cache.internal.DefaultFileLockManager] Releasing lock on daemon addresses registry.
2026-09-03T19:22:30.593+0700 [DEBUG] [org.gradle.cache.internal.DefaultFileLockManager] Waiting to acquire shared lock on daemon addresses registry.
2026-09-03T19:22:30.593+0700 [DEBUG] [org.gradle.cache.internal.DefaultFileLockManager] Lock acquired on daemon addresses registry.
2026-09-03T19:22:30.593+0700 [DEBUG] [org.gradle.cache.internal.DefaultFileLockManager] Releasing lock on daemon addresses registry.
2026-09-03T19:22:34.787+0700 [DEBUG] [org.gradle.process.internal.health.memory.DefaultMemoryManager] 638754816 physical memory requested, 543825920 free
2026-09-03T19:22:34.787+0700 [DEBUG] [org.gradle.workers.internal.WorkerDaemonExpiration] Will attempt to release 609 of memory
2026-09-03T19:22:34.788+0700 [DEBUG] [org.gradle.process.internal.health.memory.DefaultMemoryManager] 638754816 physical memory requested, 0 released, 543825920 free
2026-09-03T19:22:40.571+0700 [DEBUG] [org.gradle.cache.internal.DefaultFileLockManager] Waiting to acquire shared lock on daemon addresses registry.
2026-09-03T19:22:40.571+0700 [DEBUG] [org.gradle.cache.internal.DefaultFileLockManager] Lock acquired on daemon addresses registry.
2026-09-03T19:22:40.572+0700 [DEBUG] [org.gradle.cache.internal.DefaultFileLockManager] Releasing lock on daemon addresses registry.
2026-09-03T19:22:40.574+0700 [DEBUG] [org.gradle.cache.internal.DefaultFileLockManager] Waiting to acquire shared lock on daemon addresses registry.
2026-09-03T19:22:40.575+0700 [DEBUG] [org.gradle.cache.internal.DefaultFileLockManager] Lock acquired on daemon addresses registry.
2026-09-03T19:22:40.584+0700 [DEBUG] [org.gradle.cache.internal.DefaultFileLockManager] Releasing lock on daemon addresses registry.
2026-09-03T19:22:40.604+0700 [DEBUG] [org.gradle.cache.internal.DefaultFileLockManager] Waiting to acquire shared lock on daemon addresses registry.
2026-09-03T19:22:40.604+0700 [DEBUG] [org.gradle.cache.internal.DefaultFileLockManager] Lock acquired on daemon addresses registry.
2026-09-03T19:22:40.604+0700 [DEBUG] [org.gradle.cache.internal.DefaultFileLockManager] Releasing lock on daemon addresses registry.
2026-09-03T19:22:50.576+0700 [DEBUG] [org.gradle.cache.internal.DefaultFileLockManager] Waiting to acquire shared lock on daemon addresses registry.
2026-09-03T19:22:50.576+0700 [DEBUG] [org.gradle.cache.internal.DefaultFileLockManager] Lock acquired on daemon addresses registry.
2026-09-03T19:22:50.577+0700 [DEBUG] [org.gradle.cache.internal.DefaultFileLockManager] Releasing lock on daemon addresses registry.
2026-09-03T19:22:50.580+0700 [DEBUG] [org.gradle.cache.internal.DefaultFileLockManager] Waiting to acquire shared lock on daemon addresses registry.
2026-09-03T19:22:50.581+0700 [DEBUG] [org.gradle.cache.internal.DefaultFileLockManager] Lock acquired on daemon addresses registry.
2026-09-03T19:22:50.581+0700 [DEBUG] [org.gradle.cache.internal.DefaultFileLockManager] Releasing lock on daemon addresses registry.
2026-09-03T19:22:50.583+0700 [DEBUG] [org.gradle.cache.internal.DefaultFileLockManager] Waiting to acquire shared lock on daemon addresses registry.
2026-09-03T19:22:50.583+0700 [DEBUG] [org.gradle.cache.internal.DefaultFileLockManager] Lock acquired on daemon addresses registry.
2026-09-03T19:22:50.583+0700 [DEBUG] [org.gradle.cache.internal.DefaultFileLockManager] Releasing lock on daemon addresses registry.
2026-09-03T19:23:00.583+0700 [DEBUG] [org.gradle.cache.internal.DefaultFileLockManager] Waiting to acquire shared lock on daemon addresses registry.
2026-09-03T19:23:00.583+0700 [DEBUG] [org.gradle.cache.internal.DefaultFileLockManager] Lock acquired on daemon addresses registry.
2026-09-03T19:23:00.583+0700 [DEBUG] [org.gradle.cache.internal.DefaultFileLockManager] Releasing lock on daemon addresses registry.
2026-09-03T19:23:00.587+0700 [DEBUG] [org.gradle.cache.internal.DefaultFileLockManager] Waiting to acquire shared lock on daemon addresses registry.
2026-09-03T19:23:00.587+0700 [DEBUG] [org.gradle.cache.internal.DefaultFileLockManager] Lock acquired on daemon addresses registry.
2026-09-03T19:23:00.588+0700 [DEBUG] [org.gradle.cache.internal.DefaultFileLockManager] Releasing lock on daemon addresses registry.
2026-09-03T19:23:00.589+0700 [DEBUG] [org.gradle.cache.internal.DefaultFileLockManager] Waiting to acquire shared lock on daemon addresses registry.
2026-09-03T19:23:00.589+0700 [DEBUG] [org.gradle.cache.internal.DefaultFileLockManager] Lock acquired on daemon addresses registry.
2026-09-03T19:23:00.590+0700 [DEBUG] [org.gradle.cache.internal.DefaultFileLockManager] Releasing lock on daemon addresses registry.
2026-09-03T19:23:10.576+0700 [DEBUG] [org.gradle.cache.internal.DefaultFileLockManager] Waiting to acquire shared lock on daemon addresses registry.
2026-09-03T19:23:10.576+0700 [DEBUG] [org.gradle.cache.internal.DefaultFileLockManager] Lock acquired on daemon addresses registry.
2026-09-03T19:23:10.577+0700 [DEBUG] [org.gradle.cache.internal.DefaultFileLockManager] Releasing lock on daemon addresses registry.
2026-09-03T19:23:10.579+0700 [DEBUG] [org.gradle.cache.internal.DefaultFileLockManager] Waiting to acquire shared lock on daemon addresses registry.
2026-09-03T19:23:10.579+0700 [DEBUG] [org.gradle.cache.internal.DefaultFileLockManager] Lock acquired on daemon addresses registry.
2026-09-03T19:23:10.580+0700 [DEBUG] [org.gradle.cache.internal.DefaultFileLockManager] Releasing lock on daemon addresses registry.
2026-09-03T19:23:10.594+0700 [DEBUG] [org.gradle.cache.internal.DefaultFileLockManager] Waiting to acquire shared lock on daemon addresses registry.
2026-09-03T19:23:10.594+0700 [DEBUG] [org.gradle.cache.internal.DefaultFileLockManager] Lock acquired on daemon addresses registry.
2026-09-03T19:23:10.595+0700 [DEBUG] [org.gradle.cache.internal.DefaultFileLockManager] Releasing lock on daemon addresses registry.
2026-09-03T19:23:20.578+0700 [DEBUG] [org.gradle.cache.internal.DefaultFileLockManager] Waiting to acquire shared lock on daemon addresses registry.
2026-09-03T19:23:20.578+0700 [DEBUG] [org.gradle.cache.internal.DefaultFileLockManager] Lock acquired on daemon addresses registry.
2026-09-03T19:23:20.580+0700 [DEBUG] [org.gradle.cache.internal.DefaultFileLockManager] Releasing lock on daemon addresses registry.
2026-09-03T19:23:20.584+0700 [DEBUG] [org.gradle.cache.internal.DefaultFileLockManager] Waiting to acquire shared lock on daemon addresses registry.
2026-09-03T19:23:20.585+0700 [DEBUG] [org.gradle.cache.internal.DefaultFileLockManager] Lock acquired on daemon addresses registry.
2026-09-03T19:23:20.585+0700 [DEBUG] [org.gradle.cache.internal.DefaultFileLockManager] Releasing lock on daemon addresses registry.
2026-09-03T19:23:20.589+0700 [DEBUG] [org.gradle.cache.internal.DefaultFileLockManager] Waiting to acquire shared lock on daemon addresses registry.
2026-09-03T19:23:20.590+0700 [DEBUG] [org.gradle.cache.internal.DefaultFileLockManager] Lock acquired on daemon addresses registry.
2026-09-03T19:23:20.592+0700 [DEBUG] [org.gradle.cache.internal.DefaultFileLockManager] Releasing lock on daemon addresses registry.
2026-09-03T19:23:30.566+0700 [DEBUG] [org.gradle.cache.internal.DefaultFileLockManager] Waiting to acquire shared lock on daemon addresses registry.
2026-09-03T19:23:30.566+0700 [DEBUG] [org.gradle.cache.internal.DefaultFileLockManager] Lock acquired on daemon addresses registry.
2026-09-03T19:23:30.567+0700 [DEBUG] [org.gradle.cache.internal.DefaultFileLockManager] Releasing lock on daemon addresses registry.
2026-09-03T19:23:30.570+0700 [DEBUG] [org.gradle.cache.internal.DefaultFileLockManager] Waiting to acquire shared lock on daemon addresses registry.
2026-09-03T19:23:30.570+0700 [DEBUG] [org.gradle.cache.internal.DefaultFileLockManager] Lock acquired on daemon addresses registry.
2026-09-03T19:23:30.571+0700 [DEBUG] [org.gradle.cache.internal.DefaultFileLockManager] Releasing lock on daemon addresses registry.
2026-09-03T19:23:30.572+0700 [DEBUG] [org.gradle.cache.internal.DefaultFileLockManager] Waiting to acquire shared lock on daemon addresses registry.
2026-09-03T19:23:30.572+0700 [DEBUG] [org.gradle.cache.internal.DefaultFileLockManager] Lock acquired on daemon addresses registry.
2026-09-03T19:23:30.572+0700 [DEBUG] [org.gradle.cache.internal.DefaultFileLockManager] Releasing lock on daemon addresses registry.
2026-09-03T19:23:40.579+0700 [DEBUG] [org.gradle.cache.internal.DefaultFileLockManager] Waiting to acquire shared lock on daemon addresses registry.
2026-09-03T19:23:40.579+0700 [DEBUG] [org.gradle.cache.internal.DefaultFileLockManager] Lock acquired on daemon addresses registry.
2026-09-03T19:23:40.579+0700 [DEBUG] [org.gradle.cache.internal.DefaultFileLockManager] Releasing lock on daemon addresses registry.
2026-09-03T19:23:40.581+0700 [DEBUG] [org.gradle.cache.internal.DefaultFileLockManager] Waiting to acquire shared lock on daemon addresses registry.
2026-09-03T19:23:40.582+0700 [DEBUG] [org.gradle.cache.internal.DefaultFileLockManager] Lock acquired on daemon addresses registry.
2026-09-03T19:23:40.582+0700 [DEBUG] [org.gradle.cache.internal.DefaultFileLockManager] Releasing lock on daemon addresses registry.
2026-09-03T19:23:40.585+0700 [DEBUG] [org.gradle.cache.internal.DefaultFileLockManager] Waiting to acquire shared lock on daemon addresses registry.
2026-09-03T19:23:40.585+0700 [DEBUG] [org.gradle.cache.internal.DefaultFileLockManager] Lock acquired on daemon addresses registry.
2026-09-03T19:23:40.585+0700 [DEBUG] [org.gradle.cache.internal.DefaultFileLockManager] Releasing lock on daemon addresses registry.
2026-09-03T19:23:50.565+0700 [DEBUG] [org.gradle.cache.internal.DefaultFileLockManager] Waiting to acquire shared lock on daemon addresses registry.
2026-09-03T19:23:50.566+0700 [DEBUG] [org.gradle.cache.internal.DefaultFileLockManager] Lock acquired on daemon addresses registry.
2026-09-03T19:23:50.567+0700 [DEBUG] [org.gradle.cache.internal.DefaultFileLockManager] Releasing lock on daemon addresses registry.
2026-09-03T19:23:50.571+0700 [DEBUG] [org.gradle.cache.internal.DefaultFileLockManager] Waiting to acquire shared lock on daemon addresses registry.
2026-09-03T19:23:50.571+0700 [DEBUG] [org.gradle.cache.internal.DefaultFileLockManager] Lock acquired on daemon addresses registry.
2026-09-03T19:23:50.572+0700 [DEBUG] [org.gradle.cache.internal.DefaultFileLockManager] Releasing lock on daemon addresses registry.
2026-09-03T19:23:50.574+0700 [DEBUG] [org.gradle.cache.internal.DefaultFileLockManager] Waiting to acquire shared lock on daemon addresses registry.
2026-09-03T19:23:50.575+0700 [DEBUG] [org.gradle.cache.internal.DefaultFileLockManager] Lock acquired on daemon addresses registry.
2026-09-03T19:23:50.576+0700 [DEBUG] [org.gradle.cache.internal.DefaultFileLockManager] Releasing lock on daemon addresses registry.
2026-09-03T19:24:00.588+0700 [DEBUG] [org.gradle.cache.internal.DefaultFileLockManager] Waiting to acquire shared lock on daemon addresses registry.
2026-09-03T19:24:00.589+0700 [DEBUG] [org.gradle.cache.internal.DefaultFileLockManager] Lock acquired on daemon addresses registry.
2026-09-03T19:24:00.589+0700 [DEBUG] [org.gradle.cache.internal.DefaultFileLockManager] Releasing lock on daemon addresses registry.
2026-09-03T19:24:00.591+0700 [DEBUG] [org.gradle.cache.internal.DefaultFileLockManager] Waiting to acquire shared lock on daemon addresses registry.
2026-09-03T19:24:00.592+0700 [DEBUG] [org.gradle.cache.internal.DefaultFileLockManager] Lock acquired on daemon addresses registry.
2026-09-03T19:24:00.592+0700 [DEBUG] [org.gradle.cache.internal.DefaultFileLockManager] Releasing lock on daemon addresses registry.
2026-09-03T19:24:00.593+0700 [DEBUG] [org.gradle.cache.internal.DefaultFileLockManager] Waiting to acquire shared lock on daemon addresses registry.
2026-09-03T19:24:00.594+0700 [DEBUG] [org.gradle.cache.internal.DefaultFileLockManager] Lock acquired on daemon addresses registry.
2026-09-03T19:24:00.594+0700 [DEBUG] [org.gradle.cache.internal.DefaultFileLockManager] Releasing lock on daemon addresses registry.
2026-09-03T19:24:10.572+0700 [DEBUG] [org.gradle.cache.internal.DefaultFileLockManager] Waiting to acquire shared lock on daemon addresses registry.
2026-09-03T19:24:10.572+0700 [DEBUG] [org.gradle.cache.internal.DefaultFileLockManager] Lock acquired on daemon addresses registry.
2026-09-03T19:24:10.573+0700 [DEBUG] [org.gradle.cache.internal.DefaultFileLockManager] Releasing lock on daemon addresses registry.
2026-09-03T19:24:10.574+0700 [DEBUG] [org.gradle.cache.internal.DefaultFileLockManager] Waiting to acquire shared lock on daemon addresses registry.
2026-09-03T19:24:10.575+0700 [DEBUG] [org.gradle.cache.internal.DefaultFileLockManager] Lock acquired on daemon addresses registry.
2026-09-03T19:24:10.575+0700 [DEBUG] [org.gradle.cache.internal.DefaultFileLockManager] Releasing lock on daemon addresses registry.
2026-09-03T19:24:10.577+0700 [DEBUG] [org.gradle.cache.internal.DefaultFileLockManager] Waiting to acquire shared lock on daemon addresses registry.
2026-09-03T19:24:10.578+0700 [DEBUG] [org.gradle.cache.internal.DefaultFileLockManager] Lock acquired on daemon addresses registry.
2026-09-03T19:24:10.579+0700 [DEBUG] [org.gradle.cache.internal.DefaultFileLockManager] Releasing lock on daemon addresses registry.
2026-09-03T19:24:15.162+0700 [DEBUG] [sun.rmi.transport.tcp] RMI TCP Connection(15)-127.0.0.1: accepted socket from [127.0.0.1:64955]
2026-09-03T19:24:15.162+0700 [DEBUG] [sun.rmi.transport.tcp] RMI TCP Connection(16)-127.0.0.1: accepted socket from [127.0.0.1:64956]
2026-09-03T19:24:15.167+0700 [DEBUG] [sun.rmi.transport.tcp] RMI TCP Connection(15)-127.0.0.1: (port 63431) op = 80
2026-09-03T19:24:15.167+0700 [DEBUG] [sun.rmi.transport.tcp] RMI TCP Connection(16)-127.0.0.1: (port 63431) op = 80
2026-09-03T19:24:15.171+0700 [DEBUG] [sun.rmi.loader] RMI TCP Connection(16)-127.0.0.1: name = "[Ljava.rmi.server.ObjID;", codebase = "", defaultLoader = jdk.internal.loader.ClassLoaders$PlatformClassLoader@792935a4
2026-09-03T19:24:15.171+0700 [DEBUG] [sun.rmi.loader] RMI TCP Connection(15)-127.0.0.1: name = "[Ljava.rmi.server.ObjID;", codebase = "", defaultLoader = jdk.internal.loader.ClassLoaders$PlatformClassLoader@792935a4
2026-09-03T19:24:15.172+0700 [DEBUG] [sun.rmi.loader] RMI TCP Connection(15)-127.0.0.1: name = "java.rmi.dgc.Lease", codebase = "", defaultLoader = jdk.internal.loader.ClassLoaders$PlatformClassLoader@792935a4
2026-09-03T19:24:15.172+0700 [DEBUG] [sun.rmi.loader] RMI TCP Connection(16)-127.0.0.1: name = "java.rmi.dgc.Lease", codebase = "", defaultLoader = jdk.internal.loader.ClassLoaders$PlatformClassLoader@792935a4
2026-09-03T19:24:15.173+0700 [DEBUG] [sun.rmi.loader] RMI TCP Connection(16)-127.0.0.1: name = "java.rmi.dgc.VMID", codebase = "", defaultLoader = jdk.internal.loader.ClassLoaders$PlatformClassLoader@792935a4
2026-09-03T19:24:15.173+0700 [DEBUG] [sun.rmi.loader] RMI TCP Connection(15)-127.0.0.1: name = "java.rmi.dgc.VMID", codebase = "", defaultLoader = jdk.internal.loader.ClassLoaders$PlatformClassLoader@792935a4
2026-09-03T19:24:15.174+0700 [DEBUG] [sun.rmi.loader] RMI TCP Connection(15)-127.0.0.1: name = "[B", codebase = "", defaultLoader = jdk.internal.loader.ClassLoaders$PlatformClassLoader@792935a4
2026-09-03T19:24:15.174+0700 [DEBUG] [sun.rmi.loader] RMI TCP Connection(16)-127.0.0.1: name = "[B", codebase = "", defaultLoader = jdk.internal.loader.ClassLoaders$PlatformClassLoader@792935a4
2026-09-03T19:24:15.174+0700 [DEBUG] [sun.rmi.loader] RMI TCP Connection(15)-127.0.0.1: name = "java.rmi.server.UID", codebase = "", defaultLoader = jdk.internal.loader.ClassLoaders$PlatformClassLoader@792935a4
2026-09-03T19:24:15.174+0700 [DEBUG] [sun.rmi.loader] RMI TCP Connection(16)-127.0.0.1: name = "java.rmi.server.UID", codebase = "", defaultLoader = jdk.internal.loader.ClassLoaders$PlatformClassLoader@792935a4
2026-09-03T19:24:20.584+0700 [DEBUG] [org.gradle.cache.internal.DefaultFileLockManager] Waiting to acquire shared lock on daemon addresses registry.
2026-09-03T19:24:20.585+0700 [DEBUG] [org.gradle.cache.internal.DefaultFileLockManager] Lock acquired on daemon addresses registry.
2026-09-03T19:24:20.585+0700 [DEBUG] [org.gradle.cache.internal.DefaultFileLockManager] Releasing lock on daemon addresses registry.
2026-09-03T19:24:20.589+0700 [DEBUG] [org.gradle.cache.internal.DefaultFileLockManager] Waiting to acquire shared lock on daemon addresses registry.
2026-09-03T19:24:20.589+0700 [DEBUG] [org.gradle.cache.internal.DefaultFileLockManager] Lock acquired on daemon addresses registry.
2026-09-03T19:24:20.590+0700 [DEBUG] [org.gradle.cache.internal.DefaultFileLockManager] Releasing lock on daemon addresses registry.
2026-09-03T19:24:20.592+0700 [DEBUG] [org.gradle.cache.internal.DefaultFileLockManager] Waiting to acquire shared lock on daemon addresses registry.
2026-09-03T19:24:20.592+0700 [DEBUG] [org.gradle.cache.internal.DefaultFileLockManager] Lock acquired on daemon addresses registry.
2026-09-03T19:24:20.592+0700 [DEBUG] [org.gradle.cache.internal.DefaultFileLockManager] Releasing lock on daemon addresses registry.
2026-09-03T19:24:30.182+0700 [DEBUG] [sun.rmi.transport.tcp] RMI TCP Connection(16)-127.0.0.1: (port 63431) connection closed
2026-09-03T19:24:30.182+0700 [DEBUG] [sun.rmi.transport.tcp] RMI TCP Connection(16)-127.0.0.1: close connection, socket: Socket[addr=/127.0.0.1,port=64956,localport=63431]
2026-09-03T19:24:30.184+0700 [DEBUG] [sun.rmi.transport.tcp] RMI TCP Connection(15)-127.0.0.1: (port 63431) connection closed
2026-09-03T19:24:30.184+0700 [DEBUG] [sun.rmi.transport.tcp] RMI TCP Connection(16)-127.0.0.1: socket close: Socket[addr=/127.0.0.1,port=64956,localport=63431]
2026-09-03T19:24:30.184+0700 [DEBUG] [sun.rmi.transport.tcp] RMI TCP Connection(15)-127.0.0.1: close connection, socket: Socket[addr=/127.0.0.1,port=64955,localport=63431]
2026-09-03T19:24:30.185+0700 [DEBUG] [sun.rmi.transport.tcp] RMI TCP Connection(15)-127.0.0.1: socket close: Socket[addr=/127.0.0.1,port=64955,localport=63431]
2026-09-03T19:24:30.576+0700 [DEBUG] [org.gradle.cache.internal.DefaultFileLockManager] Waiting to acquire shared lock on daemon addresses registry.
2026-09-03T19:24:30.577+0700 [DEBUG] [org.gradle.cache.internal.DefaultFileLockManager] Lock acquired on daemon addresses registry.
2026-09-03T19:24:30.577+0700 [DEBUG] [org.gradle.cache.internal.DefaultFileLockManager] Releasing lock on daemon addresses registry.
2026-09-03T19:24:30.579+0700 [DEBUG] [org.gradle.cache.internal.DefaultFileLockManager] Waiting to acquire shared lock on daemon addresses registry.
2026-09-03T19:24:30.580+0700 [DEBUG] [org.gradle.cache.internal.DefaultFileLockManager] Lock acquired on daemon addresses registry.
2026-09-03T19:24:30.580+0700 [DEBUG] [org.gradle.cache.internal.DefaultFileLockManager] Releasing lock on daemon addresses registry.
2026-09-03T19:24:30.595+0700 [DEBUG] [org.gradle.cache.internal.DefaultFileLockManager] Waiting to acquire shared lock on daemon addresses registry.
2026-09-03T19:24:30.595+0700 [DEBUG] [org.gradle.cache.internal.DefaultFileLockManager] Lock acquired on daemon addresses registry.
2026-09-03T19:24:30.595+0700 [DEBUG] [org.gradle.cache.internal.DefaultFileLockManager] Releasing lock on daemon addresses registry.
2026-09-03T19:24:40.575+0700 [DEBUG] [org.gradle.cache.internal.DefaultFileLockManager] Waiting to acquire shared lock on daemon addresses registry.
2026-09-03T19:24:40.576+0700 [DEBUG] [org.gradle.cache.internal.DefaultFileLockManager] Lock acquired on daemon addresses registry.
2026-09-03T19:24:40.588+0700 [DEBUG] [org.gradle.cache.internal.DefaultFileLockManager] Releasing lock on daemon addresses registry.
2026-09-03T19:24:40.591+0700 [DEBUG] [org.gradle.cache.internal.DefaultFileLockManager] Waiting to acquire shared lock on daemon addresses registry.
2026-09-03T19:24:40.591+0700 [DEBUG] [org.gradle.cache.internal.DefaultFileLockManager] Lock acquired on daemon addresses registry.
2026-09-03T19:24:40.591+0700 [DEBUG] [org.gradle.cache.internal.DefaultFileLockManager] Releasing lock on daemon addresses registry.
2026-09-03T19:24:40.593+0700 [DEBUG] [org.gradle.cache.internal.DefaultFileLockManager] Waiting to acquire shared lock on daemon addresses registry.
2026-09-03T19:24:40.593+0700 [DEBUG] [org.gradle.cache.internal.DefaultFileLockManager] Lock acquired on daemon addresses registry.
2026-09-03T19:24:40.593+0700 [DEBUG] [org.gradle.cache.internal.DefaultFileLockManager] Releasing lock on daemon addresses registry.
2026-09-03T19:24:50.578+0700 [DEBUG] [org.gradle.cache.internal.DefaultFileLockManager] Waiting to acquire shared lock on daemon addresses registry.
2026-09-03T19:24:50.578+0700 [DEBUG] [org.gradle.cache.internal.DefaultFileLockManager] Lock acquired on daemon addresses registry.
2026-09-03T19:24:50.578+0700 [DEBUG] [org.gradle.cache.internal.DefaultFileLockManager] Releasing lock on daemon addresses registry.
2026-09-03T19:24:50.581+0700 [DEBUG] [org.gradle.cache.internal.DefaultFileLockManager] Waiting to acquire shared lock on daemon addresses registry.
2026-09-03T19:24:50.582+0700 [DEBUG] [org.gradle.cache.internal.DefaultFileLockManager] Lock acquired on daemon addresses registry.
2026-09-03T19:24:50.582+0700 [DEBUG] [org.gradle.cache.internal.DefaultFileLockManager] Releasing lock on daemon addresses registry.
2026-09-03T19:24:50.584+0700 [DEBUG] [org.gradle.cache.internal.DefaultFileLockManager] Waiting to acquire shared lock on daemon addresses registry.
2026-09-03T19:24:50.584+0700 [DEBUG] [org.gradle.cache.internal.DefaultFileLockManager] Lock acquired on daemon addresses registry.
2026-09-03T19:24:50.584+0700 [DEBUG] [org.gradle.cache.internal.DefaultFileLockManager] Releasing lock on daemon addresses registry.
2026-09-03T19:25:00.573+0700 [DEBUG] [org.gradle.cache.internal.DefaultFileLockManager] Waiting to acquire shared lock on daemon addresses registry.
2026-09-03T19:25:00.573+0700 [DEBUG] [org.gradle.cache.internal.DefaultFileLockManager] Lock acquired on daemon addresses registry.
2026-09-03T19:25:00.574+0700 [DEBUG] [org.gradle.cache.internal.DefaultFileLockManager] Releasing lock on daemon addresses registry.
2026-09-03T19:25:00.577+0700 [DEBUG] [org.gradle.cache.internal.DefaultFileLockManager] Waiting to acquire shared lock on daemon addresses registry.
2026-09-03T19:25:00.577+0700 [DEBUG] [org.gradle.cache.internal.DefaultFileLockManager] Lock acquired on daemon addresses registry.
2026-09-03T19:25:00.577+0700 [DEBUG] [org.gradle.cache.internal.DefaultFileLockManager] Releasing lock on daemon addresses registry.
2026-09-03T19:25:00.579+0700 [DEBUG] [org.gradle.cache.internal.DefaultFileLockManager] Waiting to acquire shared lock on daemon addresses registry.
2026-09-03T19:25:00.579+0700 [DEBUG] [org.gradle.cache.internal.DefaultFileLockManager] Lock acquired on daemon addresses registry.
2026-09-03T19:25:00.579+0700 [DEBUG] [org.gradle.cache.internal.DefaultFileLockManager] Releasing lock on daemon addresses registry.
2026-09-03T19:25:04.798+0700 [DEBUG] [org.gradle.process.internal.health.memory.DefaultMemoryManager] 638754816 physical memory requested, 607133696 free
2026-09-03T19:25:04.798+0700 [DEBUG] [org.gradle.workers.internal.WorkerDaemonExpiration] Will attempt to release 609 of memory
2026-09-03T19:25:04.798+0700 [DEBUG] [org.gradle.process.internal.health.memory.DefaultMemoryManager] 638754816 physical memory requested, 0 released, 607133696 free
2026-09-03T19:25:09.799+0700 [DEBUG] [org.gradle.process.internal.health.memory.DefaultMemoryManager] 638754816 physical memory requested, 619438080 free
2026-09-03T19:25:09.799+0700 [DEBUG] [org.gradle.workers.internal.WorkerDaemonExpiration] Will attempt to release 609 of memory
2026-09-03T19:25:09.799+0700 [DEBUG] [org.gradle.process.internal.health.memory.DefaultMemoryManager] 638754816 physical memory requested, 0 released, 619438080 free
2026-09-03T19:25:10.574+0700 [DEBUG] [org.gradle.cache.internal.DefaultFileLockManager] Waiting to acquire shared lock on daemon addresses registry.
2026-09-03T19:25:10.574+0700 [DEBUG] [org.gradle.cache.internal.DefaultFileLockManager] Lock acquired on daemon addresses registry.
2026-09-03T19:25:10.574+0700 [DEBUG] [org.gradle.cache.internal.DefaultFileLockManager] Releasing lock on daemon addresses registry.
2026-09-03T19:25:10.577+0700 [DEBUG] [org.gradle.cache.internal.DefaultFileLockManager] Waiting to acquire shared lock on daemon addresses registry.
2026-09-03T19:25:10.577+0700 [DEBUG] [org.gradle.cache.internal.DefaultFileLockManager] Lock acquired on daemon addresses registry.
2026-09-03T19:25:10.577+0700 [DEBUG] [org.gradle.cache.internal.DefaultFileLockManager] Releasing lock on daemon addresses registry.
2026-09-03T19:25:10.578+0700 [DEBUG] [org.gradle.cache.internal.DefaultFileLockManager] Waiting to acquire shared lock on daemon addresses registry.
2026-09-03T19:25:10.578+0700 [DEBUG] [org.gradle.cache.internal.DefaultFileLockManager] Lock acquired on daemon addresses registry.
2026-09-03T19:25:10.579+0700 [DEBUG] [org.gradle.cache.internal.DefaultFileLockManager] Releasing lock on daemon addresses registry.
2026-09-03T19:25:14.796+0700 [DEBUG] [org.gradle.process.internal.health.memory.DefaultMemoryManager] 638754816 physical memory requested, 583081984 free
2026-09-03T19:25:14.802+0700 [DEBUG] [org.gradle.workers.internal.WorkerDaemonExpiration] Will attempt to release 609 of memory
2026-09-03T19:25:14.803+0700 [DEBUG] [org.gradle.process.internal.health.memory.DefaultMemoryManager] 638754816 physical memory requested, 0 released, 583081984 free
2026-09-03T19:25:19.789+0700 [DEBUG] [org.gradle.process.internal.health.memory.DefaultMemoryManager] 638754816 physical memory requested, 582234112 free
2026-09-03T19:25:19.789+0700 [DEBUG] [org.gradle.workers.internal.WorkerDaemonExpiration] Will attempt to release 609 of memory
2026-09-03T19:25:19.789+0700 [DEBUG] [org.gradle.process.internal.health.memory.DefaultMemoryManager] 638754816 physical memory requested, 0 released, 582234112 free
2026-09-03T19:25:20.575+0700 [DEBUG] [org.gradle.cache.internal.DefaultFileLockManager] Waiting to acquire shared lock on daemon addresses registry.
2026-09-03T19:25:20.576+0700 [DEBUG] [org.gradle.cache.internal.DefaultFileLockManager] Lock acquired on daemon addresses registry.
2026-09-03T19:25:20.577+0700 [DEBUG] [org.gradle.cache.internal.DefaultFileLockManager] Releasing lock on daemon addresses registry.
2026-09-03T19:25:20.580+0700 [DEBUG] [org.gradle.cache.internal.DefaultFileLockManager] Waiting to acquire shared lock on daemon addresses registry.
2026-09-03T19:25:20.580+0700 [DEBUG] [org.gradle.cache.internal.DefaultFileLockManager] Lock acquired on daemon addresses registry.
2026-09-03T19:25:20.580+0700 [DEBUG] [org.gradle.cache.internal.DefaultFileLockManager] Releasing lock on daemon addresses registry.
2026-09-03T19:25:20.582+0700 [DEBUG] [org.gradle.cache.internal.DefaultFileLockManager] Waiting to acquire shared lock on daemon addresses registry.
2026-09-03T19:25:20.582+0700 [DEBUG] [org.gradle.cache.internal.DefaultFileLockManager] Lock acquired on daemon addresses registry.
2026-09-03T19:25:20.583+0700 [DEBUG] [org.gradle.cache.internal.DefaultFileLockManager] Releasing lock on daemon addresses registry.
2026-09-03T19:25:24.787+0700 [DEBUG] [org.gradle.process.internal.health.memory.DefaultMemoryManager] 638754816 physical memory requested, 559267840 free
2026-09-03T19:25:24.787+0700 [DEBUG] [org.gradle.workers.internal.WorkerDaemonExpiration] Will attempt to release 609 of memory
2026-09-03T19:25:24.788+0700 [DEBUG] [org.gradle.process.internal.health.memory.DefaultMemoryManager] 638754816 physical memory requested, 0 released, 559267840 free
2026-09-03T19:25:29.792+0700 [DEBUG] [org.gradle.process.internal.health.memory.DefaultMemoryManager] 638754816 physical memory requested, 498016256 free
2026-09-03T19:25:29.793+0700 [DEBUG] [org.gradle.workers.internal.WorkerDaemonExpiration] Will attempt to release 609 of memory
2026-09-03T19:25:29.793+0700 [DEBUG] [org.gradle.process.internal.health.memory.DefaultMemoryManager] 638754816 physical memory requested, 0 released, 498016256 free
2026-09-03T19:25:30.575+0700 [DEBUG] [org.gradle.cache.internal.DefaultFileLockManager] Waiting to acquire shared lock on daemon addresses registry.
2026-09-03T19:25:30.575+0700 [DEBUG] [org.gradle.cache.internal.DefaultFileLockManager] Lock acquired on daemon addresses registry.
2026-09-03T19:25:30.575+0700 [DEBUG] [org.gradle.cache.internal.DefaultFileLockManager] Releasing lock on daemon addresses registry.
2026-09-03T19:25:30.578+0700 [DEBUG] [org.gradle.cache.internal.DefaultFileLockManager] Waiting to acquire shared lock on daemon addresses registry.
2026-09-03T19:25:30.578+0700 [DEBUG] [org.gradle.cache.internal.DefaultFileLockManager] Lock acquired on daemon addresses registry.
2026-09-03T19:25:30.579+0700 [DEBUG] [org.gradle.cache.internal.DefaultFileLockManager] Releasing lock on daemon addresses registry.
2026-09-03T19:25:30.581+0700 [DEBUG] [org.gradle.cache.internal.DefaultFileLockManager] Waiting to acquire shared lock on daemon addresses registry.
2026-09-03T19:25:30.581+0700 [DEBUG] [org.gradle.cache.internal.DefaultFileLockManager] Lock acquired on daemon addresses registry.
2026-09-03T19:25:30.581+0700 [DEBUG] [org.gradle.cache.internal.DefaultFileLockManager] Releasing lock on daemon addresses registry.
2026-09-03T19:25:34.790+0700 [DEBUG] [org.gradle.process.internal.health.memory.DefaultMemoryManager] 638754816 physical memory requested, 494125056 free
2026-09-03T19:25:34.791+0700 [DEBUG] [org.gradle.workers.internal.WorkerDaemonExpiration] Will attempt to release 609 of memory
2026-09-03T19:25:34.791+0700 [DEBUG] [org.gradle.process.internal.health.memory.DefaultMemoryManager] 638754816 physical memory requested, 0 released, 494125056 free
2026-09-03T19:25:39.800+0700 [DEBUG] [org.gradle.process.internal.health.memory.DefaultMemoryManager] 638754816 physical memory requested, 479735808 free
2026-09-03T19:25:39.802+0700 [DEBUG] [org.gradle.workers.internal.WorkerDaemonExpiration] Will attempt to release 609 of memory
2026-09-03T19:25:39.802+0700 [DEBUG] [org.gradle.process.internal.health.memory.DefaultMemoryManager] 638754816 physical memory requested, 0 released, 479735808 free
2026-09-03T19:25:40.574+0700 [DEBUG] [org.gradle.cache.internal.DefaultFileLockManager] Waiting to acquire shared lock on daemon addresses registry.
2026-09-03T19:25:40.574+0700 [DEBUG] [org.gradle.cache.internal.DefaultFileLockManager] Lock acquired on daemon addresses registry.
2026-09-03T19:25:40.574+0700 [DEBUG] [org.gradle.cache.internal.DefaultFileLockManager] Releasing lock on daemon addresses registry.
2026-09-03T19:25:40.578+0700 [DEBUG] [org.gradle.cache.internal.DefaultFileLockManager] Waiting to acquire shared lock on daemon addresses registry.
2026-09-03T19:25:40.578+0700 [DEBUG] [org.gradle.cache.internal.DefaultFileLockManager] Lock acquired on daemon addresses registry.
2026-09-03T19:25:40.579+0700 [DEBUG] [org.gradle.cache.internal.DefaultFileLockManager] Releasing lock on daemon addresses registry.
2026-09-03T19:25:40.580+0700 [DEBUG] [org.gradle.cache.internal.DefaultFileLockManager] Waiting to acquire shared lock on daemon addresses registry.
2026-09-03T19:25:40.580+0700 [DEBUG] [org.gradle.cache.internal.DefaultFileLockManager] Lock acquired on daemon addresses registry.
2026-09-03T19:25:40.581+0700 [DEBUG] [org.gradle.cache.internal.DefaultFileLockManager] Releasing lock on daemon addresses registry.
2026-09-03T19:25:44.794+0700 [DEBUG] [org.gradle.process.internal.health.memory.DefaultMemoryManager] 638754816 physical memory requested, 448118784 free
2026-09-03T19:25:44.794+0700 [DEBUG] [org.gradle.workers.internal.WorkerDaemonExpiration] Will attempt to release 609 of memory
2026-09-03T19:25:44.795+0700 [DEBUG] [org.gradle.process.internal.health.memory.DefaultMemoryManager] 638754816 physical memory requested, 0 released, 448118784 free
2026-09-03T19:25:49.787+0700 [DEBUG] [org.gradle.process.internal.health.memory.DefaultMemoryManager] 638754816 physical memory requested, 415313920 free
2026-09-03T19:25:49.787+0700 [DEBUG] [org.gradle.workers.internal.WorkerDaemonExpiration] Will attempt to release 609 of memory
2026-09-03T19:25:49.787+0700 [DEBUG] [org.gradle.process.internal.health.memory.DefaultMemoryManager] 638754816 physical memory requested, 0 released, 415313920 free
2026-09-03T19:25:50.574+0700 [DEBUG] [org.gradle.cache.internal.DefaultFileLockManager] Waiting to acquire shared lock on daemon addresses registry.
2026-09-03T19:25:50.574+0700 [DEBUG] [org.gradle.cache.internal.DefaultFileLockManager] Lock acquired on daemon addresses registry.
2026-09-03T19:25:50.574+0700 [DEBUG] [org.gradle.cache.internal.DefaultFileLockManager] Releasing lock on daemon addresses registry.
2026-09-03T19:25:50.577+0700 [DEBUG] [org.gradle.cache.internal.DefaultFileLockManager] Waiting to acquire shared lock on daemon addresses registry.
2026-09-03T19:25:50.577+0700 [DEBUG] [org.gradle.cache.internal.DefaultFileLockManager] Lock acquired on daemon addresses registry.
2026-09-03T19:25:50.577+0700 [DEBUG] [org.gradle.cache.internal.DefaultFileLockManager] Releasing lock on daemon addresses registry.
2026-09-03T19:25:50.578+0700 [DEBUG] [org.gradle.cache.internal.DefaultFileLockManager] Waiting to acquire shared lock on daemon addresses registry.
2026-09-03T19:25:50.579+0700 [DEBUG] [org.gradle.cache.internal.DefaultFileLockManager] Lock acquired on daemon addresses registry.
2026-09-03T19:25:50.591+0700 [DEBUG] [org.gradle.cache.internal.DefaultFileLockManager] Releasing lock on daemon addresses registry.
2026-09-03T19:25:54.794+0700 [DEBUG] [org.gradle.process.internal.health.memory.DefaultMemoryManager] 638754816 physical memory requested, 378736640 free
2026-09-03T19:25:54.795+0700 [DEBUG] [org.gradle.workers.internal.WorkerDaemonExpiration] Will attempt to release 609 of memory
2026-09-03T19:25:54.795+0700 [DEBUG] [org.gradle.process.internal.health.memory.DefaultMemoryManager] 638754816 physical memory requested, 0 released, 378736640 free
2026-09-03T19:25:59.797+0700 [DEBUG] [org.gradle.process.internal.health.memory.DefaultMemoryManager] 638754816 physical memory requested, 596213760 free
2026-09-03T19:25:59.797+0700 [DEBUG] [org.gradle.workers.internal.WorkerDaemonExpiration] Will attempt to release 609 of memory
2026-09-03T19:25:59.797+0700 [DEBUG] [org.gradle.process.internal.health.memory.DefaultMemoryManager] 638754816 physical memory requested, 0 released, 596213760 free
2026-09-03T19:26:00.578+0700 [DEBUG] [org.gradle.cache.internal.DefaultFileLockManager] Waiting to acquire shared lock on daemon addresses registry.
2026-09-03T19:26:00.579+0700 [DEBUG] [org.gradle.cache.internal.DefaultFileLockManager] Lock acquired on daemon addresses registry.
2026-09-03T19:26:00.579+0700 [DEBUG] [org.gradle.cache.internal.DefaultFileLockManager] Releasing lock on daemon addresses registry.
2026-09-03T19:26:00.582+0700 [DEBUG] [org.gradle.cache.internal.DefaultFileLockManager] Waiting to acquire shared lock on daemon addresses registry.
2026-09-03T19:26:00.582+0700 [DEBUG] [org.gradle.cache.internal.DefaultFileLockManager] Lock acquired on daemon addresses registry.
2026-09-03T19:26:00.582+0700 [DEBUG] [org.gradle.cache.internal.DefaultFileLockManager] Releasing lock on daemon addresses registry.
2026-09-03T19:26:00.584+0700 [DEBUG] [org.gradle.cache.internal.DefaultFileLockManager] Waiting to acquire shared lock on daemon addresses registry.
2026-09-03T19:26:00.585+0700 [DEBUG] [org.gradle.cache.internal.DefaultFileLockManager] Lock acquired on daemon addresses registry.
2026-09-03T19:26:00.585+0700 [DEBUG] [org.gradle.cache.internal.DefaultFileLockManager] Releasing lock on daemon addresses registry.
2026-09-03T19:26:04.790+0700 [DEBUG] [org.gradle.process.internal.health.memory.DefaultMemoryManager] 638754816 physical memory requested, 572329984 free
2026-09-03T19:26:04.790+0700 [DEBUG] [org.gradle.workers.internal.WorkerDaemonExpiration] Will attempt to release 609 of memory
2026-09-03T19:26:04.790+0700 [DEBUG] [org.gradle.process.internal.health.memory.DefaultMemoryManager] 638754816 physical memory requested, 0 released, 572329984 free
2026-09-03T19:26:09.785+0700 [DEBUG] [org.gradle.process.internal.health.memory.DefaultMemoryManager] 638754816 physical memory requested, 569909248 free
2026-09-03T19:26:09.785+0700 [DEBUG] [org.gradle.workers.internal.WorkerDaemonExpiration] Will attempt to release 609 of memory
2026-09-03T19:26:09.786+0700 [DEBUG] [org.gradle.process.internal.health.memory.DefaultMemoryManager] 638754816 physical memory requested, 0 released, 569909248 free
2026-09-03T19:26:10.580+0700 [DEBUG] [org.gradle.cache.internal.DefaultFileLockManager] Waiting to acquire shared lock on daemon addresses registry.
2026-09-03T19:26:10.580+0700 [DEBUG] [org.gradle.cache.internal.DefaultFileLockManager] Lock acquired on daemon addresses registry.
2026-09-03T19:26:10.581+0700 [DEBUG] [org.gradle.cache.internal.DefaultFileLockManager] Releasing lock on daemon addresses registry.
2026-09-03T19:26:10.582+0700 [DEBUG] [org.gradle.cache.internal.DefaultFileLockManager] Waiting to acquire shared lock on daemon addresses registry.
2026-09-03T19:26:10.582+0700 [DEBUG] [org.gradle.cache.internal.DefaultFileLockManager] Lock acquired on daemon addresses registry.
2026-09-03T19:26:10.583+0700 [DEBUG] [org.gradle.cache.internal.DefaultFileLockManager] Releasing lock on daemon addresses registry.
2026-09-03T19:26:10.585+0700 [DEBUG] [org.gradle.cache.internal.DefaultFileLockManager] Waiting to acquire shared lock on daemon addresses registry.
2026-09-03T19:26:10.586+0700 [DEBUG] [org.gradle.cache.internal.DefaultFileLockManager] Lock acquired on daemon addresses registry.
2026-09-03T19:26:10.586+0700 [DEBUG] [org.gradle.cache.internal.DefaultFileLockManager] Releasing lock on daemon addresses registry.
2026-09-03T19:26:14.799+0700 [DEBUG] [org.gradle.process.internal.health.memory.DefaultMemoryManager] 638754816 physical memory requested, 564154368 free
2026-09-03T19:26:14.799+0700 [DEBUG] [org.gradle.workers.internal.WorkerDaemonExpiration] Will attempt to release 609 of memory
2026-09-03T19:26:14.799+0700 [DEBUG] [org.gradle.process.internal.health.memory.DefaultMemoryManager] 638754816 physical memory requested, 0 released, 564154368 free
2026-09-03T19:26:19.794+0700 [DEBUG] [org.gradle.process.internal.health.memory.DefaultMemoryManager] 638754816 physical memory requested, 551886848 free
2026-09-03T19:26:19.794+0700 [DEBUG] [org.gradle.workers.internal.WorkerDaemonExpiration] Will attempt to release 609 of memory
2026-09-03T19:26:19.795+0700 [DEBUG] [org.gradle.process.internal.health.memory.DefaultMemoryManager] 638754816 physical memory requested, 0 released, 551886848 free
2026-09-03T19:26:20.565+0700 [DEBUG] [org.gradle.cache.internal.DefaultFileLockManager] Waiting to acquire shared lock on daemon addresses registry.
2026-09-03T19:26:20.567+0700 [DEBUG] [org.gradle.cache.internal.DefaultFileLockManager] Lock acquired on daemon addresses registry.
2026-09-03T19:26:20.567+0700 [DEBUG] [org.gradle.cache.internal.DefaultFileLockManager] Releasing lock on daemon addresses registry.
2026-09-03T19:26:20.570+0700 [DEBUG] [org.gradle.cache.internal.DefaultFileLockManager] Waiting to acquire shared lock on daemon addresses registry.
2026-09-03T19:26:20.570+0700 [DEBUG] [org.gradle.cache.internal.DefaultFileLockManager] Lock acquired on daemon addresses registry.
2026-09-03T19:26:20.570+0700 [DEBUG] [org.gradle.cache.internal.DefaultFileLockManager] Releasing lock on daemon addresses registry.
2026-09-03T19:26:20.572+0700 [DEBUG] [org.gradle.cache.internal.DefaultFileLockManager] Waiting to acquire shared lock on daemon addresses registry.
2026-09-03T19:26:20.572+0700 [DEBUG] [org.gradle.cache.internal.DefaultFileLockManager] Lock acquired on daemon addresses registry.
2026-09-03T19:26:20.573+0700 [DEBUG] [org.gradle.cache.internal.DefaultFileLockManager] Releasing lock on daemon addresses registry.
2026-09-03T19:26:24.790+0700 [DEBUG] [org.gradle.process.internal.health.memory.DefaultMemoryManager] 638754816 physical memory requested, 535932928 free
2026-09-03T19:26:24.791+0700 [DEBUG] [org.gradle.workers.internal.WorkerDaemonExpiration] Will attempt to release 609 of memory
2026-09-03T19:26:24.791+0700 [DEBUG] [org.gradle.process.internal.health.memory.DefaultMemoryManager] 638754816 physical memory requested, 0 released, 535932928 free
2026-09-03T19:26:29.793+0700 [DEBUG] [org.gradle.process.internal.health.memory.DefaultMemoryManager] 638754816 physical memory requested, 592740352 free
2026-09-03T19:26:29.793+0700 [DEBUG] [org.gradle.workers.internal.WorkerDaemonExpiration] Will attempt to release 609 of memory
2026-09-03T19:26:29.793+0700 [DEBUG] [org.gradle.process.internal.health.memory.DefaultMemoryManager] 638754816 physical memory requested, 0 released, 592740352 free
2026-09-03T19:26:30.584+0700 [DEBUG] [org.gradle.cache.internal.DefaultFileLockManager] Waiting to acquire shared lock on daemon addresses registry.
2026-09-03T19:26:30.584+0700 [DEBUG] [org.gradle.cache.internal.DefaultFileLockManager] Lock acquired on daemon addresses registry.
2026-09-03T19:26:30.584+0700 [DEBUG] [org.gradle.cache.internal.DefaultFileLockManager] Releasing lock on daemon addresses registry.
2026-09-03T19:26:30.586+0700 [DEBUG] [org.gradle.cache.internal.DefaultFileLockManager] Waiting to acquire shared lock on daemon addresses registry.
2026-09-03T19:26:30.586+0700 [DEBUG] [org.gradle.cache.internal.DefaultFileLockManager] Lock acquired on daemon addresses registry.
2026-09-03T19:26:30.586+0700 [DEBUG] [org.gradle.cache.internal.DefaultFileLockManager] Releasing lock on daemon addresses registry.
2026-09-03T19:26:30.588+0700 [DEBUG] [org.gradle.cache.internal.DefaultFileLockManager] Waiting to acquire shared lock on daemon addresses registry.
2026-09-03T19:26:30.588+0700 [DEBUG] [org.gradle.cache.internal.DefaultFileLockManager] Lock acquired on daemon addresses registry.
2026-09-03T19:26:30.588+0700 [DEBUG] [org.gradle.cache.internal.DefaultFileLockManager] Releasing lock on daemon addresses registry.
2026-09-03T19:26:40.568+0700 [DEBUG] [org.gradle.cache.internal.DefaultFileLockManager] Waiting to acquire shared lock on daemon addresses registry.
2026-09-03T19:26:40.568+0700 [DEBUG] [org.gradle.cache.internal.DefaultFileLockManager] Lock acquired on daemon addresses registry.
2026-09-03T19:26:40.568+0700 [DEBUG] [org.gradle.cache.internal.DefaultFileLockManager] Releasing lock on daemon addresses registry.
2026-09-03T19:26:40.570+0700 [DEBUG] [org.gradle.cache.internal.DefaultFileLockManager] Waiting to acquire shared lock on daemon addresses registry.
2026-09-03T19:26:40.570+0700 [DEBUG] [org.gradle.cache.internal.DefaultFileLockManager] Lock acquired on daemon addresses registry.
2026-09-03T19:26:40.571+0700 [DEBUG] [org.gradle.cache.internal.DefaultFileLockManager] Releasing lock on daemon addresses registry.
2026-09-03T19:26:40.573+0700 [DEBUG] [org.gradle.cache.internal.DefaultFileLockManager] Waiting to acquire shared lock on daemon addresses registry.
2026-09-03T19:26:40.573+0700 [DEBUG] [org.gradle.cache.internal.DefaultFileLockManager] Lock acquired on daemon addresses registry.
2026-09-03T19:26:40.573+0700 [DEBUG] [org.gradle.cache.internal.DefaultFileLockManager] Releasing lock on daemon addresses registry.
2026-09-03T19:26:49.790+0700 [DEBUG] [org.gradle.process.internal.health.memory.DefaultMemoryManager] 638754816 physical memory requested, 607682560 free
2026-09-03T19:26:49.791+0700 [DEBUG] [org.gradle.workers.internal.WorkerDaemonExpiration] Will attempt to release 609 of memory
2026-09-03T19:26:49.791+0700 [DEBUG] [org.gradle.process.internal.health.memory.DefaultMemoryManager] 638754816 physical memory requested, 0 released, 607682560 free
2026-09-03T19:26:50.564+0700 [DEBUG] [org.gradle.cache.internal.DefaultFileLockManager] Waiting to acquire shared lock on daemon addresses registry.
2026-09-03T19:26:50.565+0700 [DEBUG] [org.gradle.cache.internal.DefaultFileLockManager] Lock acquired on daemon addresses registry.
2026-09-03T19:26:50.565+0700 [DEBUG] [org.gradle.cache.internal.DefaultFileLockManager] Releasing lock on daemon addresses registry.
2026-09-03T19:26:50.568+0700 [DEBUG] [org.gradle.cache.internal.DefaultFileLockManager] Waiting to acquire shared lock on daemon addresses registry.
2026-09-03T19:26:50.569+0700 [DEBUG] [org.gradle.cache.internal.DefaultFileLockManager] Lock acquired on daemon addresses registry.
2026-09-03T19:26:50.569+0700 [DEBUG] [org.gradle.cache.internal.DefaultFileLockManager] Releasing lock on daemon addresses registry.
2026-09-03T19:26:50.571+0700 [DEBUG] [org.gradle.cache.internal.DefaultFileLockManager] Waiting to acquire shared lock on daemon addresses registry.
2026-09-03T19:26:50.572+0700 [DEBUG] [org.gradle.cache.internal.DefaultFileLockManager] Lock acquired on daemon addresses registry.
2026-09-03T19:26:50.572+0700 [DEBUG] [org.gradle.cache.internal.DefaultFileLockManager] Releasing lock on daemon addresses registry.
2026-09-03T19:26:54.788+0700 [DEBUG] [org.gradle.process.internal.health.memory.DefaultMemoryManager] 638754816 physical memory requested, 449740800 free
2026-09-03T19:26:54.789+0700 [DEBUG] [org.gradle.workers.internal.WorkerDaemonExpiration] Will attempt to release 609 of memory
2026-09-03T19:26:54.789+0700 [DEBUG] [org.gradle.process.internal.health.memory.DefaultMemoryManager] 638754816 physical memory requested, 0 released, 449740800 free
2026-09-03T19:26:59.789+0700 [DEBUG] [org.gradle.process.internal.health.memory.DefaultMemoryManager] 638754816 physical memory requested, 562982912 free
2026-09-03T19:26:59.789+0700 [DEBUG] [org.gradle.workers.internal.WorkerDaemonExpiration] Will attempt to release 609 of memory
2026-09-03T19:26:59.789+0700 [DEBUG] [org.gradle.process.internal.health.memory.DefaultMemoryManager] 638754816 physical memory requested, 0 released, 562982912 free
2026-09-03T19:27:00.581+0700 [DEBUG] [org.gradle.cache.internal.DefaultFileLockManager] Waiting to acquire shared lock on daemon addresses registry.
2026-09-03T19:27:00.581+0700 [DEBUG] [org.gradle.cache.internal.DefaultFileLockManager] Lock acquired on daemon addresses registry.
2026-09-03T19:27:00.582+0700 [DEBUG] [org.gradle.cache.internal.DefaultFileLockManager] Releasing lock on daemon addresses registry.
2026-09-03T19:27:00.585+0700 [DEBUG] [org.gradle.cache.internal.DefaultFileLockManager] Waiting to acquire shared lock on daemon addresses registry.
2026-09-03T19:27:00.585+0700 [DEBUG] [org.gradle.cache.internal.DefaultFileLockManager] Lock acquired on daemon addresses registry.
2026-09-03T19:27:00.586+0700 [DEBUG] [org.gradle.cache.internal.DefaultFileLockManager] Releasing lock on daemon addresses registry.
2026-09-03T19:27:00.587+0700 [DEBUG] [org.gradle.cache.internal.DefaultFileLockManager] Waiting to acquire shared lock on daemon addresses registry.
2026-09-03T19:27:00.588+0700 [DEBUG] [org.gradle.cache.internal.DefaultFileLockManager] Lock acquired on daemon addresses registry.
2026-09-03T19:27:00.588+0700 [DEBUG] [org.gradle.cache.internal.DefaultFileLockManager] Releasing lock on daemon addresses registry.
2026-09-03T19:27:04.798+0700 [DEBUG] [org.gradle.process.internal.health.memory.DefaultMemoryManager] 638754816 physical memory requested, 564211712 free
2026-09-03T19:27:04.799+0700 [DEBUG] [org.gradle.workers.internal.WorkerDaemonExpiration] Will attempt to release 609 of memory
2026-09-03T19:27:04.799+0700 [DEBUG] [org.gradle.process.internal.health.memory.DefaultMemoryManager] 638754816 physical memory requested, 0 released, 564211712 free
2026-09-03T19:27:09.799+0700 [DEBUG] [org.gradle.process.internal.health.memory.DefaultMemoryManager] 638754816 physical memory requested, 565006336 free
2026-09-03T19:27:09.800+0700 [DEBUG] [org.gradle.workers.internal.WorkerDaemonExpiration] Will attempt to release 609 of memory
2026-09-03T19:27:09.800+0700 [DEBUG] [org.gradle.process.internal.health.memory.DefaultMemoryManager] 638754816 physical memory requested, 0 released, 565006336 free
2026-09-03T19:27:10.581+0700 [DEBUG] [org.gradle.cache.internal.DefaultFileLockManager] Waiting to acquire shared lock on daemon addresses registry.
2026-09-03T19:27:10.581+0700 [DEBUG] [org.gradle.cache.internal.DefaultFileLockManager] Lock acquired on daemon addresses registry.
2026-09-03T19:27:10.581+0700 [DEBUG] [org.gradle.cache.internal.DefaultFileLockManager] Releasing lock on daemon addresses registry.
2026-09-03T19:27:10.583+0700 [DEBUG] [org.gradle.cache.internal.DefaultFileLockManager] Waiting to acquire shared lock on daemon addresses registry.
2026-09-03T19:27:10.583+0700 [DEBUG] [org.gradle.cache.internal.DefaultFileLockManager] Lock acquired on daemon addresses registry.
2026-09-03T19:27:10.583+0700 [DEBUG] [org.gradle.cache.internal.DefaultFileLockManager] Releasing lock on daemon addresses registry.
2026-09-03T19:27:10.585+0700 [DEBUG] [org.gradle.cache.internal.DefaultFileLockManager] Waiting to acquire shared lock on daemon addresses registry.
2026-09-03T19:27:10.585+0700 [DEBUG] [org.gradle.cache.internal.DefaultFileLockManager] Lock acquired on daemon addresses registry.
2026-09-03T19:27:10.585+0700 [DEBUG] [org.gradle.cache.internal.DefaultFileLockManager] Releasing lock on daemon addresses registry.
2026-09-03T19:27:14.796+0700 [DEBUG] [org.gradle.process.internal.health.memory.DefaultMemoryManager] 638754816 physical memory requested, 538374144 free
2026-09-03T19:27:14.796+0700 [DEBUG] [org.gradle.workers.internal.WorkerDaemonExpiration] Will attempt to release 609 of memory
2026-09-03T19:27:14.796+0700 [DEBUG] [org.gradle.process.internal.health.memory.DefaultMemoryManager] 638754816 physical memory requested, 0 released, 538374144 free
2026-09-03T19:27:19.798+0700 [DEBUG] [org.gradle.process.internal.health.memory.DefaultMemoryManager] 638754816 physical memory requested, 539672576 free
2026-09-03T19:27:19.798+0700 [DEBUG] [org.gradle.workers.internal.WorkerDaemonExpiration] Will attempt to release 609 of memory
2026-09-03T19:27:19.798+0700 [DEBUG] [org.gradle.process.internal.health.memory.DefaultMemoryManager] 638754816 physical memory requested, 0 released, 539672576 free
2026-09-03T19:27:20.565+0700 [DEBUG] [org.gradle.cache.internal.DefaultFileLockManager] Waiting to acquire shared lock on daemon addresses registry.
2026-09-03T19:27:20.565+0700 [DEBUG] [org.gradle.cache.internal.DefaultFileLockManager] Lock acquired on daemon addresses registry.
2026-09-03T19:27:20.566+0700 [DEBUG] [org.gradle.cache.internal.DefaultFileLockManager] Releasing lock on daemon addresses registry.
2026-09-03T19:27:20.569+0700 [DEBUG] [org.gradle.cache.internal.DefaultFileLockManager] Waiting to acquire shared lock on daemon addresses registry.
2026-09-03T19:27:20.569+0700 [DEBUG] [org.gradle.cache.internal.DefaultFileLockManager] Lock acquired on daemon addresses registry.
2026-09-03T19:27:20.569+0700 [DEBUG] [org.gradle.cache.internal.DefaultFileLockManager] Releasing lock on daemon addresses registry.
2026-09-03T19:27:20.573+0700 [DEBUG] [org.gradle.cache.internal.DefaultFileLockManager] Waiting to acquire shared lock on daemon addresses registry.
2026-09-03T19:27:20.573+0700 [DEBUG] [org.gradle.cache.internal.DefaultFileLockManager] Lock acquired on daemon addresses registry.
2026-09-03T19:27:20.574+0700 [DEBUG] [org.gradle.cache.internal.DefaultFileLockManager] Releasing lock on daemon addresses registry.
2026-09-03T19:27:24.788+0700 [DEBUG] [org.gradle.process.internal.health.memory.DefaultMemoryManager] 638754816 physical memory requested, 554606592 free
2026-09-03T19:27:24.788+0700 [DEBUG] [org.gradle.workers.internal.WorkerDaemonExpiration] Will attempt to release 609 of memory
2026-09-03T19:27:24.788+0700 [DEBUG] [org.gradle.process.internal.health.memory.DefaultMemoryManager] 638754816 physical memory requested, 0 released, 554606592 free
2026-09-03T19:27:29.795+0700 [DEBUG] [org.gradle.process.internal.health.memory.DefaultMemoryManager] 638754816 physical memory requested, 533868544 free
2026-09-03T19:27:29.795+0700 [DEBUG] [org.gradle.workers.internal.WorkerDaemonExpiration] Will attempt to release 609 of memory
2026-09-03T19:27:29.795+0700 [DEBUG] [org.gradle.process.internal.health.memory.DefaultMemoryManager] 638754816 physical memory requested, 0 released, 533868544 free
2026-09-03T19:27:30.603+0700 [DEBUG] [org.gradle.cache.internal.DefaultFileLockManager] Waiting to acquire shared lock on daemon addresses registry.
2026-09-03T19:27:30.604+0700 [DEBUG] [org.gradle.cache.internal.DefaultFileLockManager] Lock acquired on daemon addresses registry.
2026-09-03T19:27:30.604+0700 [DEBUG] [org.gradle.cache.internal.DefaultFileLockManager] Releasing lock on daemon addresses registry.
2026-09-03T19:27:30.606+0700 [DEBUG] [org.gradle.cache.internal.DefaultFileLockManager] Waiting to acquire shared lock on daemon addresses registry.
2026-09-03T19:27:30.607+0700 [DEBUG] [org.gradle.cache.internal.DefaultFileLockManager] Lock acquired on daemon addresses registry.
2026-09-03T19:27:30.607+0700 [DEBUG] [org.gradle.cache.internal.DefaultFileLockManager] Releasing lock on daemon addresses registry.
2026-09-03T19:27:30.617+0700 [DEBUG] [org.gradle.cache.internal.DefaultFileLockManager] Waiting to acquire shared lock on daemon addresses registry.
2026-09-03T19:27:30.618+0700 [DEBUG] [org.gradle.cache.internal.DefaultFileLockManager] Lock acquired on daemon addresses registry.
2026-09-03T19:27:30.618+0700 [DEBUG] [org.gradle.cache.internal.DefaultFileLockManager] Releasing lock on daemon addresses registry.
2026-09-03T19:27:40.577+0700 [DEBUG] [org.gradle.cache.internal.DefaultFileLockManager] Waiting to acquire shared lock on daemon addresses registry.
2026-09-03T19:27:40.582+0700 [DEBUG] [org.gradle.cache.internal.DefaultFileLockManager] Lock acquired on daemon addresses registry.
2026-09-03T19:27:40.583+0700 [DEBUG] [org.gradle.cache.internal.DefaultFileLockManager] Releasing lock on daemon addresses registry.
2026-09-03T19:27:40.585+0700 [DEBUG] [org.gradle.cache.internal.DefaultFileLockManager] Waiting to acquire shared lock on daemon addresses registry.
2026-09-03T19:27:40.585+0700 [DEBUG] [org.gradle.cache.internal.DefaultFileLockManager] Lock acquired on daemon addresses registry.
2026-09-03T19:27:40.586+0700 [DEBUG] [org.gradle.cache.internal.DefaultFileLockManager] Releasing lock on daemon addresses registry.
2026-09-03T19:27:40.587+0700 [DEBUG] [org.gradle.cache.internal.DefaultFileLockManager] Waiting to acquire shared lock on daemon addresses registry.
2026-09-03T19:27:40.587+0700 [DEBUG] [org.gradle.cache.internal.DefaultFileLockManager] Lock acquired on daemon addresses registry.
2026-09-03T19:27:40.587+0700 [DEBUG] [org.gradle.cache.internal.DefaultFileLockManager] Releasing lock on daemon addresses registry.
2026-09-03T19:27:48.193+0700 [DEBUG] [org.gradle.internal.watch.vfs.impl.WatchingVirtualFileSystem] Handling VFS change CREATED D:\AbsensiSeleksi\app\src\main\java\com\absensiseleksi\data\local\entity\UserEntity.kt
2026-09-03T19:27:50.566+0700 [DEBUG] [org.gradle.cache.internal.DefaultFileLockManager] Waiting to acquire shared lock on daemon addresses registry.
2026-09-03T19:27:50.566+0700 [DEBUG] [org.gradle.cache.internal.DefaultFileLockManager] Lock acquired on daemon addresses registry.
2026-09-03T19:27:50.567+0700 [DEBUG] [org.gradle.cache.internal.DefaultFileLockManager] Releasing lock on daemon addresses registry.
2026-09-03T19:27:50.572+0700 [DEBUG] [org.gradle.cache.internal.DefaultFileLockManager] Waiting to acquire shared lock on daemon addresses registry.
2026-09-03T19:27:50.572+0700 [DEBUG] [org.gradle.cache.internal.DefaultFileLockManager] Lock acquired on daemon addresses registry.
2026-09-03T19:27:50.573+0700 [DEBUG] [org.gradle.cache.internal.DefaultFileLockManager] Releasing lock on daemon addresses registry.
2026-09-03T19:27:50.576+0700 [DEBUG] [org.gradle.cache.internal.DefaultFileLockManager] Waiting to acquire shared lock on daemon addresses registry.
2026-09-03T19:27:50.576+0700 [DEBUG] [org.gradle.cache.internal.DefaultFileLockManager] Lock acquired on daemon addresses registry.
2026-09-03T19:27:50.577+0700 [DEBUG] [org.gradle.cache.internal.DefaultFileLockManager] Releasing lock on daemon addresses registry.
2026-09-03T19:28:00.578+0700 [DEBUG] [org.gradle.cache.internal.DefaultFileLockManager] Waiting to acquire shared lock on daemon addresses registry.
2026-09-03T19:28:00.579+0700 [DEBUG] [org.gradle.cache.internal.DefaultFileLockManager] Lock acquired on daemon addresses registry.
2026-09-03T19:28:00.579+0700 [DEBUG] [org.gradle.cache.internal.DefaultFileLockManager] Releasing lock on daemon addresses registry.
2026-09-03T19:28:00.580+0700 [DEBUG] [org.gradle.cache.internal.DefaultFileLockManager] Waiting to acquire shared lock on daemon addresses registry.
2026-09-03T19:28:00.580+0700 [DEBUG] [org.gradle.cache.internal.DefaultFileLockManager] Lock acquired on daemon addresses registry.
2026-09-03T19:28:00.581+0700 [DEBUG] [org.gradle.cache.internal.DefaultFileLockManager] Releasing lock on daemon addresses registry.
2026-09-03T19:28:00.581+0700 [DEBUG] [org.gradle.cache.internal.DefaultFileLockManager] Waiting to acquire shared lock on daemon addresses registry.
2026-09-03T19:28:00.582+0700 [DEBUG] [org.gradle.cache.internal.DefaultFileLockManager] Lock acquired on daemon addresses registry.
2026-09-03T19:28:00.582+0700 [DEBUG] [org.gradle.cache.internal.DefaultFileLockManager] Releasing lock on daemon addresses registry.
2026-09-03T19:28:05.124+0700 [DEBUG] [org.gradle.internal.watch.vfs.impl.WatchingVirtualFileSystem] Handling VFS change CREATED D:\AbsensiSeleksi\app\src\main\java\com\absensiseleksi\data\local\dao\UserDao.kt
2026-09-03T19:28:10.578+0700 [DEBUG] [org.gradle.cache.internal.DefaultFileLockManager] Waiting to acquire shared lock on daemon addresses registry.
2026-09-03T19:28:10.578+0700 [DEBUG] [org.gradle.cache.internal.DefaultFileLockManager] Lock acquired on daemon addresses registry.
2026-09-03T19:28:10.578+0700 [DEBUG] [org.gradle.cache.internal.DefaultFileLockManager] Releasing lock on daemon addresses registry.
2026-09-03T19:28:10.581+0700 [DEBUG] [org.gradle.cache.internal.DefaultFileLockManager] Waiting to acquire shared lock on daemon addresses registry.
2026-09-03T19:28:10.582+0700 [DEBUG] [org.gradle.cache.internal.DefaultFileLockManager] Lock acquired on daemon addresses registry.
2026-09-03T19:28:10.583+0700 [DEBUG] [org.gradle.cache.internal.DefaultFileLockManager] Releasing lock on daemon addresses registry.
2026-09-03T19:28:10.584+0700 [DEBUG] [org.gradle.cache.internal.DefaultFileLockManager] Waiting to acquire shared lock on daemon addresses registry.
2026-09-03T19:28:10.585+0700 [DEBUG] [org.gradle.cache.internal.DefaultFileLockManager] Lock acquired on daemon addresses registry.
2026-09-03T19:28:10.585+0700 [DEBUG] [org.gradle.cache.internal.DefaultFileLockManager] Releasing lock on daemon addresses registry.
2026-09-03T19:28:20.570+0700 [DEBUG] [org.gradle.cache.internal.DefaultFileLockManager] Waiting to acquire shared lock on daemon addresses registry.
2026-09-03T19:28:20.571+0700 [DEBUG] [org.gradle.cache.internal.DefaultFileLockManager] Lock acquired on daemon addresses registry.
2026-09-03T19:28:20.571+0700 [DEBUG] [org.gradle.cache.internal.DefaultFileLockManager] Releasing lock on daemon addresses registry.
2026-09-03T19:28:20.573+0700 [DEBUG] [org.gradle.cache.internal.DefaultFileLockManager] Waiting to acquire shared lock on daemon addresses registry.
2026-09-03T19:28:20.573+0700 [DEBUG] [org.gradle.cache.internal.DefaultFileLockManager] Lock acquired on daemon addresses registry.
2026-09-03T19:28:20.574+0700 [DEBUG] [org.gradle.cache.internal.DefaultFileLockManager] Releasing lock on daemon addresses registry.
2026-09-03T19:28:20.575+0700 [DEBUG] [org.gradle.cache.internal.DefaultFileLockManager] Waiting to acquire shared lock on daemon addresses registry.
2026-09-03T19:28:20.576+0700 [DEBUG] [org.gradle.cache.internal.DefaultFileLockManager] Lock acquired on daemon addresses registry.
2026-09-03T19:28:20.577+0700 [DEBUG] [org.gradle.cache.internal.DefaultFileLockManager] Releasing lock on daemon addresses registry.
2026-09-03T19:28:22.938+0700 [DEBUG] [org.gradle.internal.watch.vfs.impl.WatchingVirtualFileSystem] Handling VFS change MODIFIED D:\AbsensiSeleksi\app\src\main\java\com\absensiseleksi\data\local\AppDatabase.kt
2026-09-03T19:28:24.798+0700 [DEBUG] [org.gradle.process.internal.health.memory.DefaultMemoryManager] 638754816 physical memory requested, 592986112 free
2026-09-03T19:28:24.798+0700 [DEBUG] [org.gradle.workers.internal.WorkerDaemonExpiration] Will attempt to release 609 of memory
2026-09-03T19:28:24.798+0700 [DEBUG] [org.gradle.process.internal.health.memory.DefaultMemoryManager] 638754816 physical memory requested, 0 released, 592986112 free
2026-09-03T19:28:30.568+0700 [DEBUG] [org.gradle.cache.internal.DefaultFileLockManager] Waiting to acquire shared lock on daemon addresses registry.
2026-09-03T19:28:30.568+0700 [DEBUG] [org.gradle.cache.internal.DefaultFileLockManager] Lock acquired on daemon addresses registry.
2026-09-03T19:28:30.570+0700 [DEBUG] [org.gradle.cache.internal.DefaultFileLockManager] Releasing lock on daemon addresses registry.
2026-09-03T19:28:30.573+0700 [DEBUG] [org.gradle.cache.internal.DefaultFileLockManager] Waiting to acquire shared lock on daemon addresses registry.
2026-09-03T19:28:30.574+0700 [DEBUG] [org.gradle.cache.internal.DefaultFileLockManager] Lock acquired on daemon addresses registry.
2026-09-03T19:28:30.574+0700 [DEBUG] [org.gradle.cache.internal.DefaultFileLockManager] Releasing lock on daemon addresses registry.
2026-09-03T19:28:30.578+0700 [DEBUG] [org.gradle.cache.internal.DefaultFileLockManager] Waiting to acquire shared lock on daemon addresses registry.
2026-09-03T19:28:30.579+0700 [DEBUG] [org.gradle.cache.internal.DefaultFileLockManager] Lock acquired on daemon addresses registry.
2026-09-03T19:28:30.579+0700 [DEBUG] [org.gradle.cache.internal.DefaultFileLockManager] Releasing lock on daemon addresses registry.
2026-09-03T19:28:31.245+0700 [DEBUG] [org.gradle.internal.watch.vfs.impl.WatchingVirtualFileSystem] Handling VFS change CREATED D:\AbsensiSeleksi\app\src\main\java\com\absensiseleksi\di\DatabaseModule.kt~
2026-09-03T19:28:31.255+0700 [DEBUG] [org.gradle.internal.watch.vfs.impl.WatchingVirtualFileSystem] Handling VFS change MODIFIED D:\AbsensiSeleksi\app\src\main\java\com\absensiseleksi\di\DatabaseModule.kt
2026-09-03T19:28:34.795+0700 [DEBUG] [org.gradle.process.internal.health.memory.DefaultMemoryManager] 638754816 physical memory requested, 618831872 free
2026-09-03T19:28:34.795+0700 [DEBUG] [org.gradle.workers.internal.WorkerDaemonExpiration] Will attempt to release 609 of memory
2026-09-03T19:28:34.795+0700 [DEBUG] [org.gradle.process.internal.health.memory.DefaultMemoryManager] 638754816 physical memory requested, 0 released, 618831872 free
2026-09-03T19:28:39.828+0700 [DEBUG] [org.gradle.process.internal.health.memory.DefaultMemoryManager] 638754816 physical memory requested, 549896192 free
2026-09-03T19:28:39.837+0700 [DEBUG] [org.gradle.workers.internal.WorkerDaemonExpiration] Will attempt to release 609 of memory
2026-09-03T19:28:39.838+0700 [DEBUG] [org.gradle.process.internal.health.memory.DefaultMemoryManager] 638754816 physical memory requested, 0 released, 549896192 free
2026-09-03T19:28:40.572+0700 [DEBUG] [org.gradle.cache.internal.DefaultFileLockManager] Waiting to acquire shared lock on daemon addresses registry.
2026-09-03T19:28:40.572+0700 [DEBUG] [org.gradle.cache.internal.DefaultFileLockManager] Lock acquired on daemon addresses registry.
2026-09-03T19:28:40.573+0700 [DEBUG] [org.gradle.cache.internal.DefaultFileLockManager] Releasing lock on daemon addresses registry.
2026-09-03T19:28:40.578+0700 [DEBUG] [org.gradle.cache.internal.DefaultFileLockManager] Waiting to acquire shared lock on daemon addresses registry.
2026-09-03T19:28:40.580+0700 [DEBUG] [org.gradle.cache.internal.DefaultFileLockManager] Lock acquired on daemon addresses registry.
2026-09-03T19:28:40.583+0700 [DEBUG] [org.gradle.cache.internal.DefaultFileLockManager] Releasing lock on daemon addresses registry.
2026-09-03T19:28:40.587+0700 [DEBUG] [org.gradle.cache.internal.DefaultFileLockManager] Waiting to acquire shared lock on daemon addresses registry.
2026-09-03T19:28:40.588+0700 [DEBUG] [org.gradle.cache.internal.DefaultFileLockManager] Lock acquired on daemon addresses registry.
2026-09-03T19:28:40.589+0700 [DEBUG] [org.gradle.cache.internal.DefaultFileLockManager] Releasing lock on daemon addresses registry.
2026-09-03T19:28:43.905+0700 [DEBUG] [org.gradle.internal.remote.internal.inet.TcpIncomingConnector] Accepted connection from /127.0.0.1:51518 to /127.0.0.1:54027.
2026-09-03T19:28:44.025+0700 [DEBUG] [org.gradle.internal.remote.internal.inet.TcpIncomingConnector] Accepted connection from /127.0.0.1:51519 to /127.0.0.1:54027.
2026-09-03T19:28:44.152+0700 [DEBUG] [org.gradle.launcher.daemon.server.SynchronizedDispatchConnection] thread 662: received class org.gradle.launcher.daemon.protocol.InvalidateVirtualFileSystemAfterChange
2026-09-03T19:28:44.156+0700 [DEBUG] [org.gradle.launcher.daemon.server.DefaultDaemonConnection] thread 662: Received non-IO message from client: InvalidateVirtualFileSystemAfterChange[id=13df90f3-342e-48e0-964a-a822c2103bda]
2026-09-03T19:28:44.159+0700 [INFO] [org.gradle.launcher.daemon.server.DefaultIncomingConnectionHandler] Received command: InvalidateVirtualFileSystemAfterChange[id=13df90f3-342e-48e0-964a-a822c2103bda].
2026-09-03T19:28:44.161+0700 [DEBUG] [org.gradle.launcher.daemon.server.DefaultIncomingConnectionHandler] Starting executing command: InvalidateVirtualFileSystemAfterChange[id=13df90f3-342e-48e0-964a-a822c2103bda] with connection: socket connection from /127.0.0.1:54027 to /127.0.0.1:51518.
2026-09-03T19:28:44.174+0700 [INFO] [org.gradle.launcher.daemon.server.api.HandleInvalidateVirtualFileSystem] Invalidating [D:\AbsensiSeleksi\app\src\main\java\com\absensiseleksi\di\DatabaseModule.kt]
2026-09-03T19:28:44.183+0700 [DEBUG] [org.gradle.internal.vfs.impl.AbstractVirtualFileSystem] Invalidating VFS paths: [D:\AbsensiSeleksi\app\src\main\java\com\absensiseleksi\di\DatabaseModule.kt]
2026-09-03T19:28:44.200+0700 [DEBUG] [org.gradle.launcher.daemon.server.SynchronizedDispatchConnection] thread 659: dispatching Success[value=null]
2026-09-03T19:28:44.206+0700 [DEBUG] [org.gradle.launcher.daemon.server.DefaultIncomingConnectionHandler] Finishing executing command: InvalidateVirtualFileSystemAfterChange[id=13df90f3-342e-48e0-964a-a822c2103bda]
2026-09-03T19:28:44.209+0700 [DEBUG] [org.gradle.launcher.daemon.server.SynchronizedDispatchConnection] thread 662: received class org.gradle.launcher.daemon.protocol.Finished
2026-09-03T19:28:44.209+0700 [DEBUG] [org.gradle.launcher.daemon.server.DefaultDaemonConnection] thread 662: Received non-IO message from client: org.gradle.launcher.daemon.protocol.Finished@5f17f647
2026-09-03T19:28:44.210+0700 [DEBUG] [org.gradle.launcher.daemon.server.DefaultIncomingConnectionHandler] Received finished message: org.gradle.launcher.daemon.protocol.Finished@5f17f647
2026-09-03T19:28:44.212+0700 [DEBUG] [org.gradle.launcher.daemon.server.SynchronizedDispatchConnection] thread 659: stopping connection
2026-09-03T19:28:44.230+0700 [DEBUG] [org.gradle.internal.remote.internal.inet.SocketConnection] Discarding EOFException: java.io.EOFException
2026-09-03T19:28:44.230+0700 [DEBUG] [org.gradle.launcher.daemon.server.SynchronizedDispatchConnection] thread 662: received null
2026-09-03T19:28:44.230+0700 [DEBUG] [org.gradle.launcher.daemon.server.DefaultDaemonConnection] thread 662: Received end-of-input from client.
2026-09-03T19:28:44.235+0700 [DEBUG] [org.gradle.launcher.daemon.server.SynchronizedDispatchConnection] thread 659: stopping connection
2026-09-03T19:28:44.344+0700 [DEBUG] [org.gradle.launcher.daemon.server.SynchronizedDispatchConnection] thread 661: received class org.gradle.launcher.daemon.protocol.Build
2026-09-03T19:28:44.345+0700 [DEBUG] [org.gradle.launcher.daemon.server.DefaultDaemonConnection] thread 661: Received non-IO message from client: Build{id=451b726e-1375-4933-8371-c4bed3415a91, currentDir=D:\AbsensiSeleksi}
2026-09-03T19:28:44.345+0700 [INFO] [org.gradle.launcher.daemon.server.DefaultIncomingConnectionHandler] Received command: Build{id=451b726e-1375-4933-8371-c4bed3415a91, currentDir=D:\AbsensiSeleksi}.
2026-09-03T19:28:44.346+0700 [DEBUG] [org.gradle.launcher.daemon.server.DefaultIncomingConnectionHandler] Starting executing command: Build{id=451b726e-1375-4933-8371-c4bed3415a91, currentDir=D:\AbsensiSeleksi} with connection: socket connection from /127.0.0.1:54027 to /127.0.0.1:51519.
2026-09-03T19:28:44.363+0700 [DEBUG] [org.gradle.launcher.daemon.server.DaemonStateCoordinator] Command execution: started DaemonCommandExecution[command = Build{id=451b726e-1375-4933-8371-c4bed3415a91, currentDir=D:\AbsensiSeleksi}, connection = DefaultDaemonConnection: socket connection from /127.0.0.1:54027 to /127.0.0.1:51519] after 10.05415 minutes of idle
2026-09-03T19:28:44.365+0700 [INFO] [org.gradle.launcher.daemon.server.DaemonRegistryUpdater] Marking the daemon as busy, address: [f2f1712e-f482-409b-b31d-d4d926729cf0 port:54027, addresses:[localhost/127.0.0.1]]
2026-09-03T19:28:44.365+0700 [DEBUG] [org.gradle.launcher.daemon.registry.PersistentDaemonRegistry] Marking busy by address: [f2f1712e-f482-409b-b31d-d4d926729cf0 port:54027, addresses:[localhost/127.0.0.1]]
2026-09-03T19:28:44.372+0700 [DEBUG] [org.gradle.cache.internal.DefaultFileLockManager] Waiting to acquire exclusive lock on daemon addresses registry.
2026-09-03T19:28:44.383+0700 [DEBUG] [org.gradle.cache.internal.DefaultFileLockManager] Lock acquired on daemon addresses registry.
2026-09-03T19:28:44.443+0700 [DEBUG] [org.gradle.cache.internal.DefaultFileLockManager] Releasing lock on daemon addresses registry.
2026-09-03T19:28:44.447+0700 [DEBUG] [org.gradle.launcher.daemon.server.DaemonStateCoordinator] resetting idle timer
2026-09-03T19:28:44.449+0700 [DEBUG] [org.gradle.launcher.daemon.server.DaemonStateCoordinator] daemon is running. Sleeping until state changes.
2026-09-03T19:28:44.456+0700 [INFO] [org.gradle.launcher.daemon.server.exec.StartBuildOrRespondWithBusy] Daemon is about to start building Build{id=451b726e-1375-4933-8371-c4bed3415a91, currentDir=D:\AbsensiSeleksi}. Dispatching build started information...
2026-09-03T19:28:44.456+0700 [DEBUG] [org.gradle.launcher.daemon.server.SynchronizedDispatchConnection] thread 664: dispatching org.gradle.launcher.daemon.protocol.BuildStarted@187686c8
2026-09-03T19:28:44.479+0700 [DEBUG] [org.gradle.launcher.daemon.server.exec.EstablishBuildEnvironment] Configuring env variables: [USERDOMAIN_ROAMINGPROFILE, LOCALAPPDATA, ChocolateyLastPathUpdate, PROCESSOR_LEVEL, USERDOMAIN, EFC_2376_1592913036, LOGONSERVER, SESSIONNAME, ALLUSERSPROFILE, PROCESSOR_ARCHITECTURE, PSModulePath, SystemDrive, asl.log, OneDrive, APPDATA, USERNAME, ChocolateyInstall, ProgramFiles(x86), CommonProgramFiles, Path, ANDROID_STUDIO_AGENT, PATHEXT, DriverData, OS, OneDriveConsumer, COMPUTERNAME, EFC_2376_4126798990, EFC_2376_2946480783, PROCESSOR_REVISION, CommonProgramW6432, ComSpec, ProgramData, ProgramW6432, TEMP, HOMEPATH, SystemRoot, PROCESSOR_IDENTIFIER, HOMEDRIVE, USERPROFILE, TMP, CommonProgramFiles(x86), ProgramFiles, PUBLIC, windir, NUMBER_OF_PROCESSORS, =::]
2026-09-03T19:28:44.524+0700 [DEBUG] [org.gradle.launcher.daemon.server.exec.LogToClient] About to start relaying all logs to the client via the connection.
2026-09-03T19:28:44.530+0700 [INFO] [org.gradle.launcher.daemon.server.exec.LogToClient] The client will now receive all logging from the daemon (pid: 13916). The daemon log file: D:\AbsensiSeleksi\daemon\8.9\daemon-13916.out.log
2026-09-03T19:28:44.582+0700 [INFO] [org.gradle.launcher.daemon.server.exec.LogAndCheckHealth] Starting 7th build in daemon [uptime: 56 mins 34.656 secs, performance: 98%, GC rate: 0.00/s, heap usage: 0% of 2 GiB]
2026-09-03T19:28:44.587+0700 [DEBUG] [org.gradle.launcher.daemon.server.exec.ExecuteBuild] The daemon has started executing the build.
2026-09-03T19:28:44.590+0700 [DEBUG] [org.gradle.launcher.daemon.server.exec.ExecuteBuild] Executing build with daemon context: DefaultDaemonContext[uid=df18d942-da82-4165-9d75-043944abae8f,javaHome=C:\Users\AsusA416jp\.jdks\jbr-21.0.11,javaVersion=21,daemonRegistryDir=D:\AbsensiSeleksi\daemon,pid=13916,idleTimeout=10800000,priority=NORMAL,applyInstrumentationAgent=true,nativeServicesMode=ENABLED,daemonOpts=--add-opens=java.base/java.util=ALL-UNNAMED,--add-opens=java.base/java.lang=ALL-UNNAMED,--add-opens=java.base/java.lang.invoke=ALL-UNNAMED,--add-opens=java.prefs/java.util.prefs=ALL-UNNAMED,--add-exports=jdk.compiler/com.sun.tools.javac.api=ALL-UNNAMED,--add-exports=jdk.compiler/com.sun.tools.javac.util=ALL-UNNAMED,--add-opens=java.base/java.nio.charset=ALL-UNNAMED,--add-opens=java.base/java.net=ALL-UNNAMED,--add-opens=java.base/java.util.concurrent.atomic=ALL-UNNAMED,-Xmx2048m,-Dfile.encoding=UTF-8,-Duser.country=ID,-Duser.language=en,-Duser.variant]

BUILD SUCCESSFUL in 31s
2026-09-03T19:29:17.619+0700 [DEBUG] [org.gradle.launcher.daemon.server.exec.ExecuteBuild] The daemon has finished executing the build.
2026-09-03T19:29:17.638+0700 [DEBUG] [org.gradle.launcher.daemon.server.DaemonStateCoordinator] daemon is running. Sleeping until state changes.
2026-09-03T19:29:17.639+0700 [DEBUG] [org.gradle.launcher.daemon.server.DaemonStateCoordinator] Command execution: finished waiting for DaemonCommandExecution[command = Build{id=451b726e-1375-4933-8371-c4bed3415a91, currentDir=D:\AbsensiSeleksi}, connection = DefaultDaemonConnection: socket connection from /127.0.0.1:54027 to /127.0.0.1:51519]. Result org.gradle.launcher.daemon.server.DaemonStateCoordinator@27a4541e with state Busy
2026-09-03T19:29:17.640+0700 [DEBUG] [org.gradle.launcher.daemon.server.DaemonStateCoordinator] Command execution: completed DaemonCommandExecution[command = Build{id=451b726e-1375-4933-8371-c4bed3415a91, currentDir=D:\AbsensiSeleksi}, connection = DefaultDaemonConnection: socket connection from /127.0.0.1:54027 to /127.0.0.1:51519]
2026-09-03T19:29:17.640+0700 [DEBUG] [org.gradle.launcher.daemon.server.DaemonStateCoordinator] resetting idle timer
2026-09-03T19:29:17.643+0700 [INFO] [org.gradle.launcher.daemon.server.DaemonRegistryUpdater] Marking the daemon as idle, address: [f2f1712e-f482-409b-b31d-d4d926729cf0 port:54027, addresses:[localhost/127.0.0.1]]
2026-09-03T19:29:17.643+0700 [DEBUG] [org.gradle.launcher.daemon.registry.PersistentDaemonRegistry] Marking busy by address: [f2f1712e-f482-409b-b31d-d4d926729cf0 port:54027, addresses:[localhost/127.0.0.1]]
2026-09-03T19:29:17.646+0700 [DEBUG] [org.gradle.cache.internal.DefaultFileLockManager] Waiting to acquire exclusive lock on daemon addresses registry.
2026-09-03T19:29:17.647+0700 [DEBUG] [org.gradle.cache.internal.DefaultFileLockManager] Lock acquired on daemon addresses registry.
2026-09-03T19:29:17.653+0700 [DEBUG] [org.gradle.cache.internal.DefaultFileLockManager] Releasing lock on daemon addresses registry.
2026-09-03T19:29:17.654+0700 [DEBUG] [org.gradle.launcher.daemon.server.DaemonStateCoordinator] daemon is running. Sleeping until state changes.
2026-09-03T19:29:17.654+0700 [DEBUG] [org.gradle.launcher.daemon.server.exec.ReturnResult] Daemon is dispatching the build result: Success[value=org.gradle.launcher.exec.BuildActionResult@13c2da90]
2026-09-03T19:29:17.656+0700 [DEBUG] [org.gradle.launcher.daemon.server.SynchronizedDispatchConnection] thread 660: dispatching Success[value=org.gradle.launcher.exec.BuildActionResult@13c2da90]
2026-09-03T19:29:17.659+0700 [DEBUG] [org.gradle.launcher.daemon.server.SynchronizedDispatchConnection] thread 661: received class org.gradle.launcher.daemon.protocol.CloseInput
2026-09-03T19:29:17.660+0700 [DEBUG] [org.gradle.launcher.daemon.server.DefaultDaemonConnection] thread 661: Received IO message from client: org.gradle.launcher.daemon.protocol.CloseInput@686d48f7
2026-09-03T19:29:17.660+0700 [DEBUG] [org.gradle.launcher.daemon.server.exec.CleanUpVirtualFileSystemAfterBuild] Cleaning virtual file system after build finished
2026-09-03T19:29:17.661+0700 [DEBUG] [org.gradle.launcher.daemon.server.SynchronizedDispatchConnection] thread 661: received class org.gradle.launcher.daemon.protocol.Finished
2026-09-03T19:29:17.660+0700 [DEBUG] [org.gradle.launcher.daemon.server.DefaultIncomingConnectionHandler] Finishing executing command: Build{id=451b726e-1375-4933-8371-c4bed3415a91, currentDir=D:\AbsensiSeleksi}
2026-09-03T19:29:17.661+0700 [DEBUG] [org.gradle.launcher.daemon.server.DefaultDaemonConnection] thread 661: Received non-IO message from client: org.gradle.launcher.daemon.protocol.Finished@6c52d122
2026-09-03T19:29:17.663+0700 [DEBUG] [org.gradle.launcher.daemon.server.DefaultIncomingConnectionHandler] Received finished message: org.gradle.launcher.daemon.protocol.Finished@6c52d122
2026-09-03T19:29:17.663+0700 [DEBUG] [org.gradle.launcher.daemon.server.SynchronizedDispatchConnection] thread 660: stopping connection
2026-09-03T19:29:17.665+0700 [DEBUG] [org.gradle.internal.remote.internal.inet.SocketConnection] Discarding EOFException: java.io.EOFException
2026-09-03T19:29:17.666+0700 [DEBUG] [org.gradle.launcher.daemon.server.SynchronizedDispatchConnection] thread 661: received null
2026-09-03T19:29:17.666+0700 [DEBUG] [org.gradle.launcher.daemon.server.DefaultDaemonConnection] thread 661: Received end-of-input from client.
2026-09-03T19:29:17.666+0700 [DEBUG] [org.gradle.launcher.daemon.server.SynchronizedDispatchConnection] thread 660: stopping connection
2026-09-03T19:29:19.793+0700 [DEBUG] [org.gradle.process.internal.health.memory.DefaultMemoryManager] 638754816 physical memory requested, 466976768 free
2026-09-03T19:29:19.794+0700 [DEBUG] [org.gradle.workers.internal.WorkerDaemonExpiration] Will attempt to release 609 of memory
2026-09-03T19:29:19.814+0700 [DEBUG] [org.gradle.process.internal.health.memory.DefaultMemoryManager] 638754816 physical memory requested, 0 released, 466976768 free
2026-09-03T19:29:20.573+0700 [DEBUG] [org.gradle.cache.internal.DefaultFileLockManager] Waiting to acquire shared lock on daemon addresses registry.
2026-09-03T19:29:20.573+0700 [DEBUG] [org.gradle.cache.internal.DefaultFileLockManager] Lock acquired on daemon addresses registry.
2026-09-03T19:29:20.574+0700 [DEBUG] [org.gradle.cache.internal.DefaultFileLockManager] Releasing lock on daemon addresses registry.
2026-09-03T19:29:20.580+0700 [DEBUG] [org.gradle.cache.internal.DefaultFileLockManager] Waiting to acquire shared lock on daemon addresses registry.
2026-09-03T19:29:20.580+0700 [DEBUG] [org.gradle.cache.internal.DefaultFileLockManager] Lock acquired on daemon addresses registry.
2026-09-03T19:29:20.581+0700 [DEBUG] [org.gradle.cache.internal.DefaultFileLockManager] Releasing lock on daemon addresses registry.
2026-09-03T19:29:24.791+0700 [DEBUG] [org.gradle.process.internal.health.memory.DefaultMemoryManager] 638754816 physical memory requested, 407715840 free
2026-09-03T19:29:24.791+0700 [DEBUG] [org.gradle.workers.internal.WorkerDaemonExpiration] Will attempt to release 609 of memory
2026-09-03T19:29:24.791+0700 [DEBUG] [org.gradle.process.internal.health.memory.DefaultMemoryManager] 638754816 physical memory requested, 0 released, 407715840 free
2026-09-03T19:29:29.798+0700 [DEBUG] [org.gradle.process.internal.health.memory.DefaultMemoryManager] 638754816 physical memory requested, 324239360 free
2026-09-03T19:29:29.798+0700 [DEBUG] [org.gradle.workers.internal.WorkerDaemonExpiration] Will attempt to release 609 of memory
2026-09-03T19:29:29.799+0700 [DEBUG] [org.gradle.process.internal.health.memory.DefaultMemoryManager] 638754816 physical memory requested, 0 released, 324239360 free
2026-09-03T19:29:30.474+0700 [DEBUG] [sun.rmi.transport.tcp] RMI TCP Connection(17)-127.0.0.1: (port 63431) connection closed
2026-09-03T19:29:30.474+0700 [DEBUG] [sun.rmi.transport.tcp] RMI TCP Connection(18)-127.0.0.1: (port 63431) connection closed
2026-09-03T19:29:30.475+0700 [DEBUG] [sun.rmi.transport.tcp] RMI TCP Connection(17)-127.0.0.1: close connection, socket: Socket[addr=/127.0.0.1,port=51522,localport=63431]
2026-09-03T19:29:30.476+0700 [DEBUG] [sun.rmi.transport.tcp] RMI TCP Connection(18)-127.0.0.1: close connection, socket: Socket[addr=/127.0.0.1,port=51523,localport=63431]
2026-09-03T19:29:30.479+0700 [DEBUG] [sun.rmi.transport.tcp] RMI TCP Connection(17)-127.0.0.1: socket close: Socket[addr=/127.0.0.1,port=51522,localport=63431]
2026-09-03T19:29:30.480+0700 [DEBUG] [sun.rmi.transport.tcp] RMI TCP Connection(18)-127.0.0.1: socket close: Socket[addr=/127.0.0.1,port=51523,localport=63431]
2026-09-03T19:29:30.579+0700 [DEBUG] [org.gradle.cache.internal.DefaultFileLockManager] Waiting to acquire shared lock on daemon addresses registry.
2026-09-03T19:29:30.580+0700 [DEBUG] [org.gradle.cache.internal.DefaultFileLockManager] Lock acquired on daemon addresses registry.
2026-09-03T19:29:30.581+0700 [DEBUG] [org.gradle.cache.internal.DefaultFileLockManager] Releasing lock on daemon addresses registry.
2026-09-03T19:29:30.587+0700 [DEBUG] [org.gradle.cache.internal.DefaultFileLockManager] Waiting to acquire shared lock on daemon addresses registry.
2026-09-03T19:29:30.588+0700 [DEBUG] [org.gradle.cache.internal.DefaultFileLockManager] Lock acquired on daemon addresses registry.
2026-09-03T19:29:30.589+0700 [DEBUG] [org.gradle.cache.internal.DefaultFileLockManager] Releasing lock on daemon addresses registry.
2026-09-03T19:29:30.598+0700 [DEBUG] [org.gradle.cache.internal.DefaultFileLockManager] Waiting to acquire shared lock on daemon addresses registry.
2026-09-03T19:29:30.598+0700 [DEBUG] [org.gradle.cache.internal.DefaultFileLockManager] Lock acquired on daemon addresses registry.
2026-09-03T19:29:30.599+0700 [DEBUG] [org.gradle.cache.internal.DefaultFileLockManager] Releasing lock on daemon addresses registry.
2026-09-03T19:29:34.797+0700 [DEBUG] [org.gradle.process.internal.health.memory.DefaultMemoryManager] 638754816 physical memory requested, 402870272 free
2026-09-03T19:29:34.797+0700 [DEBUG] [org.gradle.workers.internal.WorkerDaemonExpiration] Will attempt to release 609 of memory
2026-09-03T19:29:34.798+0700 [DEBUG] [org.gradle.process.internal.health.memory.DefaultMemoryManager] 638754816 physical memory requested, 0 released, 402870272 free
2026-09-03T19:29:39.786+0700 [DEBUG] [org.gradle.process.internal.health.memory.DefaultMemoryManager] 638754816 physical memory requested, 376135680 free
2026-09-03T19:29:39.786+0700 [DEBUG] [org.gradle.workers.internal.WorkerDaemonExpiration] Will attempt to release 609 of memory
2026-09-03T19:29:39.786+0700 [DEBUG] [org.gradle.process.internal.health.memory.DefaultMemoryManager] 638754816 physical memory requested, 0 released, 376135680 free
2026-09-03T19:29:40.572+0700 [DEBUG] [org.gradle.cache.internal.DefaultFileLockManager] Waiting to acquire shared lock on daemon addresses registry.
2026-09-03T19:29:40.573+0700 [DEBUG] [org.gradle.cache.internal.DefaultFileLockManager] Lock acquired on daemon addresses registry.
2026-09-03T19:29:40.573+0700 [DEBUG] [org.gradle.cache.internal.DefaultFileLockManager] Releasing lock on daemon addresses registry.
2026-09-03T19:29:40.576+0700 [DEBUG] [org.gradle.cache.internal.DefaultFileLockManager] Waiting to acquire shared lock on daemon addresses registry.
2026-09-03T19:29:40.576+0700 [DEBUG] [org.gradle.cache.internal.DefaultFileLockManager] Lock acquired on daemon addresses registry.
2026-09-03T19:29:40.577+0700 [DEBUG] [org.gradle.cache.internal.DefaultFileLockManager] Releasing lock on daemon addresses registry.
2026-09-03T19:29:40.580+0700 [DEBUG] [org.gradle.cache.internal.DefaultFileLockManager] Waiting to acquire shared lock on daemon addresses registry.
2026-09-03T19:29:40.580+0700 [DEBUG] [org.gradle.cache.internal.DefaultFileLockManager] Lock acquired on daemon addresses registry.
2026-09-03T19:29:40.581+0700 [DEBUG] [org.gradle.cache.internal.DefaultFileLockManager] Releasing lock on daemon addresses registry.
2026-09-03T19:29:44.800+0700 [DEBUG] [org.gradle.process.internal.health.memory.DefaultMemoryManager] 638754816 physical memory requested, 626163712 free
2026-09-03T19:29:44.800+0700 [DEBUG] [org.gradle.workers.internal.WorkerDaemonExpiration] Will attempt to release 609 of memory
2026-09-03T19:29:44.800+0700 [DEBUG] [org.gradle.process.internal.health.memory.DefaultMemoryManager] 638754816 physical memory requested, 0 released, 626163712 free
2026-09-03T19:29:50.565+0700 [DEBUG] [org.gradle.cache.internal.DefaultFileLockManager] Waiting to acquire shared lock on daemon addresses registry.
2026-09-03T19:29:50.565+0700 [DEBUG] [org.gradle.cache.internal.DefaultFileLockManager] Lock acquired on daemon addresses registry.
2026-09-03T19:29:50.565+0700 [DEBUG] [org.gradle.cache.internal.DefaultFileLockManager] Releasing lock on daemon addresses registry.
2026-09-03T19:29:50.567+0700 [DEBUG] [org.gradle.cache.internal.DefaultFileLockManager] Waiting to acquire shared lock on daemon addresses registry.
2026-09-03T19:29:50.567+0700 [DEBUG] [org.gradle.cache.internal.DefaultFileLockManager] Lock acquired on daemon addresses registry.
2026-09-03T19:29:50.567+0700 [DEBUG] [org.gradle.cache.internal.DefaultFileLockManager] Releasing lock on daemon addresses registry.
2026-09-03T19:29:50.568+0700 [DEBUG] [org.gradle.cache.internal.DefaultFileLockManager] Waiting to acquire shared lock on daemon addresses registry.
2026-09-03T19:29:50.568+0700 [DEBUG] [org.gradle.cache.internal.DefaultFileLockManager] Lock acquired on daemon addresses registry.
2026-09-03T19:29:50.568+0700 [DEBUG] [org.gradle.cache.internal.DefaultFileLockManager] Releasing lock on daemon addresses registry.
2026-09-03T19:29:56.029+0700 [DEBUG] [org.gradle.internal.watch.vfs.impl.WatchingVirtualFileSystem] Handling VFS change CREATED D:\AbsensiSeleksi\app\src\main\java\com\absensiseleksi\data\repository\AuthRepository.kt~
2026-09-03T19:29:56.034+0700 [DEBUG] [org.gradle.internal.watch.vfs.impl.WatchingVirtualFileSystem] Handling VFS change MODIFIED D:\AbsensiSeleksi\app\src\main\java\com\absensiseleksi\data\repository\AuthRepository.kt
2026-09-03T19:30:00.579+0700 [DEBUG] [org.gradle.cache.internal.DefaultFileLockManager] Waiting to acquire shared lock on daemon addresses registry.
2026-09-03T19:30:00.579+0700 [DEBUG] [org.gradle.cache.internal.DefaultFileLockManager] Lock acquired on daemon addresses registry.
2026-09-03T19:30:00.580+0700 [DEBUG] [org.gradle.cache.internal.DefaultFileLockManager] Releasing lock on daemon addresses registry.
2026-09-03T19:30:00.582+0700 [DEBUG] [org.gradle.cache.internal.DefaultFileLockManager] Waiting to acquire shared lock on daemon addresses registry.
2026-09-03T19:30:00.582+0700 [DEBUG] [org.gradle.cache.internal.DefaultFileLockManager] Lock acquired on daemon addresses registry.
2026-09-03T19:30:00.582+0700 [DEBUG] [org.gradle.cache.internal.DefaultFileLockManager] Releasing lock on daemon addresses registry.
2026-09-03T19:30:00.584+0700 [DEBUG] [org.gradle.cache.internal.DefaultFileLockManager] Waiting to acquire shared lock on daemon addresses registry.
2026-09-03T19:30:00.584+0700 [DEBUG] [org.gradle.cache.internal.DefaultFileLockManager] Lock acquired on daemon addresses registry.
2026-09-03T19:30:00.585+0700 [DEBUG] [org.gradle.cache.internal.DefaultFileLockManager] Releasing lock on daemon addresses registry.
2026-09-03T19:30:05.257+0700 [DEBUG] [org.gradle.internal.watch.vfs.impl.WatchingVirtualFileSystem] Handling VFS change CREATED D:\AbsensiSeleksi\app\src\main\java\com\absensiseleksi\ui\login\LoginViewModel.kt~
2026-09-03T19:30:05.258+0700 [DEBUG] [org.gradle.internal.watch.vfs.impl.WatchingVirtualFileSystem] Handling VFS change MODIFIED D:\AbsensiSeleksi\app\src\main\java\com\absensiseleksi\ui\login\LoginViewModel.kt
2026-09-03T19:30:10.576+0700 [DEBUG] [org.gradle.cache.internal.DefaultFileLockManager] Waiting to acquire shared lock on daemon addresses registry.
2026-09-03T19:30:10.583+0700 [DEBUG] [org.gradle.cache.internal.DefaultFileLockManager] Lock acquired on daemon addresses registry.
2026-09-03T19:30:10.583+0700 [DEBUG] [org.gradle.cache.internal.DefaultFileLockManager] Releasing lock on daemon addresses registry.
2026-09-03T19:30:10.586+0700 [DEBUG] [org.gradle.cache.internal.DefaultFileLockManager] Waiting to acquire shared lock on daemon addresses registry.
2026-09-03T19:30:10.586+0700 [DEBUG] [org.gradle.cache.internal.DefaultFileLockManager] Lock acquired on daemon addresses registry.
2026-09-03T19:30:10.586+0700 [DEBUG] [org.gradle.cache.internal.DefaultFileLockManager] Releasing lock on daemon addresses registry.
2026-09-03T19:30:10.588+0700 [DEBUG] [org.gradle.cache.internal.DefaultFileLockManager] Waiting to acquire shared lock on daemon addresses registry.
2026-09-03T19:30:10.588+0700 [DEBUG] [org.gradle.cache.internal.DefaultFileLockManager] Lock acquired on daemon addresses registry.
2026-09-03T19:30:10.589+0700 [DEBUG] [org.gradle.cache.internal.DefaultFileLockManager] Releasing lock on daemon addresses registry.
2026-09-03T19:30:20.578+0700 [DEBUG] [org.gradle.cache.internal.DefaultFileLockManager] Waiting to acquire shared lock on daemon addresses registry.
2026-09-03T19:30:20.579+0700 [DEBUG] [org.gradle.cache.internal.DefaultFileLockManager] Lock acquired on daemon addresses registry.
2026-09-03T19:30:20.579+0700 [DEBUG] [org.gradle.cache.internal.DefaultFileLockManager] Releasing lock on daemon addresses registry.
2026-09-03T19:30:20.582+0700 [DEBUG] [org.gradle.cache.internal.DefaultFileLockManager] Waiting to acquire shared lock on daemon addresses registry.
2026-09-03T19:30:20.582+0700 [DEBUG] [org.gradle.cache.internal.DefaultFileLockManager] Lock acquired on daemon addresses registry.
2026-09-03T19:30:20.583+0700 [DEBUG] [org.gradle.cache.internal.DefaultFileLockManager] Releasing lock on daemon addresses registry.
2026-09-03T19:30:20.584+0700 [DEBUG] [org.gradle.cache.internal.DefaultFileLockManager] Waiting to acquire shared lock on daemon addresses registry.
2026-09-03T19:30:20.585+0700 [DEBUG] [org.gradle.cache.internal.DefaultFileLockManager] Lock acquired on daemon addresses registry.
2026-09-03T19:30:20.585+0700 [DEBUG] [org.gradle.cache.internal.DefaultFileLockManager] Releasing lock on daemon addresses registry.
2026-09-03T19:30:21.599+0700 [DEBUG] [org.gradle.internal.watch.vfs.impl.WatchingVirtualFileSystem] Handling VFS change MODIFIED D:\AbsensiSeleksi\app\src\main\java\com\absensiseleksi\ui\login\LoginActivity.kt
2026-09-03T19:30:24.796+0700 [DEBUG] [org.gradle.process.internal.health.memory.DefaultMemoryManager] 638754816 physical memory requested, 565690368 free
2026-09-03T19:30:24.796+0700 [DEBUG] [org.gradle.workers.internal.WorkerDaemonExpiration] Will attempt to release 609 of memory
2026-09-03T19:30:24.796+0700 [DEBUG] [org.gradle.process.internal.health.memory.DefaultMemoryManager] 638754816 physical memory requested, 0 released, 565690368 free
2026-09-03T19:30:30.576+0700 [DEBUG] [org.gradle.cache.internal.DefaultFileLockManager] Waiting to acquire shared lock on daemon addresses registry.
2026-09-03T19:30:30.576+0700 [DEBUG] [org.gradle.cache.internal.DefaultFileLockManager] Lock acquired on daemon addresses registry.
2026-09-03T19:30:30.576+0700 [DEBUG] [org.gradle.cache.internal.DefaultFileLockManager] Releasing lock on daemon addresses registry.
2026-09-03T19:30:30.577+0700 [DEBUG] [org.gradle.cache.internal.DefaultFileLockManager] Waiting to acquire shared lock on daemon addresses registry.
2026-09-03T19:30:30.578+0700 [DEBUG] [org.gradle.cache.internal.DefaultFileLockManager] Lock acquired on daemon addresses registry.
2026-09-03T19:30:30.578+0700 [DEBUG] [org.gradle.cache.internal.DefaultFileLockManager] Releasing lock on daemon addresses registry.
2026-09-03T19:30:30.579+0700 [DEBUG] [org.gradle.cache.internal.DefaultFileLockManager] Waiting to acquire shared lock on daemon addresses registry.
2026-09-03T19:30:30.579+0700 [DEBUG] [org.gradle.cache.internal.DefaultFileLockManager] Lock acquired on daemon addresses registry.
2026-09-03T19:30:30.580+0700 [DEBUG] [org.gradle.cache.internal.DefaultFileLockManager] Releasing lock on daemon addresses registry.
2026-09-03T19:30:39.790+0700 [DEBUG] [org.gradle.process.internal.health.memory.DefaultMemoryManager] 638754816 physical memory requested, 553938944 free
2026-09-03T19:30:39.790+0700 [DEBUG] [org.gradle.workers.internal.WorkerDaemonExpiration] Will attempt to release 609 of memory
2026-09-03T19:30:39.791+0700 [DEBUG] [org.gradle.process.internal.health.memory.DefaultMemoryManager] 638754816 physical memory requested, 0 released, 553938944 free
2026-09-03T19:30:40.575+0700 [DEBUG] [org.gradle.cache.internal.DefaultFileLockManager] Waiting to acquire shared lock on daemon addresses registry.
2026-09-03T19:30:40.576+0700 [DEBUG] [org.gradle.cache.internal.DefaultFileLockManager] Lock acquired on daemon addresses registry.
2026-09-03T19:30:40.580+0700 [DEBUG] [org.gradle.cache.internal.DefaultFileLockManager] Releasing lock on daemon addresses registry.
2026-09-03T19:30:40.584+0700 [DEBUG] [org.gradle.cache.internal.DefaultFileLockManager] Waiting to acquire shared lock on daemon addresses registry.
2026-09-03T19:30:40.584+0700 [DEBUG] [org.gradle.cache.internal.DefaultFileLockManager] Lock acquired on daemon addresses registry.
2026-09-03T19:30:40.586+0700 [DEBUG] [org.gradle.cache.internal.DefaultFileLockManager] Releasing lock on daemon addresses registry.
2026-09-03T19:30:40.587+0700 [DEBUG] [org.gradle.cache.internal.DefaultFileLockManager] Waiting to acquire shared lock on daemon addresses registry.
2026-09-03T19:30:40.587+0700 [DEBUG] [org.gradle.cache.internal.DefaultFileLockManager] Lock acquired on daemon addresses registry.
2026-09-03T19:30:40.588+0700 [DEBUG] [org.gradle.cache.internal.DefaultFileLockManager] Releasing lock on daemon addresses registry.
2026-09-03T19:30:44.796+0700 [DEBUG] [org.gradle.process.internal.health.memory.DefaultMemoryManager] 638754816 physical memory requested, 521150464 free
2026-09-03T19:30:44.797+0700 [DEBUG] [org.gradle.workers.internal.WorkerDaemonExpiration] Will attempt to release 609 of memory
2026-09-03T19:30:44.797+0700 [DEBUG] [org.gradle.process.internal.health.memory.DefaultMemoryManager] 638754816 physical memory requested, 0 released, 521150464 free
2026-09-03T19:30:49.789+0700 [DEBUG] [org.gradle.process.internal.health.memory.DefaultMemoryManager] 638754816 physical memory requested, 484872192 free
2026-09-03T19:30:49.789+0700 [DEBUG] [org.gradle.workers.internal.WorkerDaemonExpiration] Will attempt to release 609 of memory
2026-09-03T19:30:49.789+0700 [DEBUG] [org.gradle.process.internal.health.memory.DefaultMemoryManager] 638754816 physical memory requested, 0 released, 484872192 free
2026-09-03T19:30:50.574+0700 [DEBUG] [org.gradle.cache.internal.DefaultFileLockManager] Waiting to acquire shared lock on daemon addresses registry.
2026-09-03T19:30:50.574+0700 [DEBUG] [org.gradle.cache.internal.DefaultFileLockManager] Lock acquired on daemon addresses registry.
2026-09-03T19:30:50.576+0700 [DEBUG] [org.gradle.cache.internal.DefaultFileLockManager] Releasing lock on daemon addresses registry.
2026-09-03T19:30:50.592+0700 [DEBUG] [org.gradle.cache.internal.DefaultFileLockManager] Waiting to acquire shared lock on daemon addresses registry.
2026-09-03T19:30:50.593+0700 [DEBUG] [org.gradle.cache.internal.DefaultFileLockManager] Lock acquired on daemon addresses registry.
2026-09-03T19:30:50.594+0700 [DEBUG] [org.gradle.cache.internal.DefaultFileLockManager] Releasing lock on daemon addresses registry.
2026-09-03T19:30:50.602+0700 [DEBUG] [org.gradle.cache.internal.DefaultFileLockManager] Waiting to acquire shared lock on daemon addresses registry.
2026-09-03T19:30:50.603+0700 [DEBUG] [org.gradle.cache.internal.DefaultFileLockManager] Lock acquired on daemon addresses registry.
2026-09-03T19:30:50.604+0700 [DEBUG] [org.gradle.cache.internal.DefaultFileLockManager] Releasing lock on daemon addresses registry.
2026-09-03T19:30:50.864+0700 [DEBUG] [org.gradle.internal.remote.internal.inet.TcpIncomingConnector] Accepted connection from /127.0.0.1:51532 to /127.0.0.1:54027.
2026-09-03T19:30:51.074+0700 [DEBUG] [org.gradle.launcher.daemon.server.SynchronizedDispatchConnection] thread 751: received class org.gradle.launcher.daemon.protocol.Build
2026-09-03T19:30:51.076+0700 [DEBUG] [org.gradle.launcher.daemon.server.DefaultDaemonConnection] thread 751: Received non-IO message from client: Build{id=1c10f95b-4f93-4f8c-8f50-23df63ad60f3, currentDir=D:\AbsensiSeleksi}
2026-09-03T19:30:51.078+0700 [INFO] [org.gradle.launcher.daemon.server.DefaultIncomingConnectionHandler] Received command: Build{id=1c10f95b-4f93-4f8c-8f50-23df63ad60f3, currentDir=D:\AbsensiSeleksi}.
2026-09-03T19:30:51.079+0700 [DEBUG] [org.gradle.launcher.daemon.server.DefaultIncomingConnectionHandler] Starting executing command: Build{id=1c10f95b-4f93-4f8c-8f50-23df63ad60f3, currentDir=D:\AbsensiSeleksi} with connection: socket connection from /127.0.0.1:54027 to /127.0.0.1:51532.
2026-09-03T19:30:51.091+0700 [DEBUG] [org.gradle.launcher.daemon.server.DaemonStateCoordinator] Command execution: started DaemonCommandExecution[command = Build{id=1c10f95b-4f93-4f8c-8f50-23df63ad60f3, currentDir=D:\AbsensiSeleksi}, connection = DefaultDaemonConnection: socket connection from /127.0.0.1:54027 to /127.0.0.1:51532] after 1.5574000000000001 minutes of idle
2026-09-03T19:30:51.092+0700 [INFO] [org.gradle.launcher.daemon.server.DaemonRegistryUpdater] Marking the daemon as busy, address: [f2f1712e-f482-409b-b31d-d4d926729cf0 port:54027, addresses:[localhost/127.0.0.1]]
2026-09-03T19:30:51.093+0700 [DEBUG] [org.gradle.launcher.daemon.registry.PersistentDaemonRegistry] Marking busy by address: [f2f1712e-f482-409b-b31d-d4d926729cf0 port:54027, addresses:[localhost/127.0.0.1]]
2026-09-03T19:30:51.102+0700 [DEBUG] [org.gradle.cache.internal.DefaultFileLockManager] Waiting to acquire exclusive lock on daemon addresses registry.
2026-09-03T19:30:51.110+0700 [DEBUG] [org.gradle.cache.internal.DefaultFileLockManager] Lock acquired on daemon addresses registry.
2026-09-03T19:30:51.138+0700 [DEBUG] [org.gradle.cache.internal.DefaultFileLockManager] Releasing lock on daemon addresses registry.
2026-09-03T19:30:51.140+0700 [DEBUG] [org.gradle.launcher.daemon.server.DaemonStateCoordinator] resetting idle timer
2026-09-03T19:30:51.142+0700 [DEBUG] [org.gradle.launcher.daemon.server.DaemonStateCoordinator] daemon is running. Sleeping until state changes.
2026-09-03T19:30:51.146+0700 [INFO] [org.gradle.launcher.daemon.server.exec.StartBuildOrRespondWithBusy] Daemon is about to start building Build{id=1c10f95b-4f93-4f8c-8f50-23df63ad60f3, currentDir=D:\AbsensiSeleksi}. Dispatching build started information...
2026-09-03T19:30:51.147+0700 [DEBUG] [org.gradle.launcher.daemon.server.SynchronizedDispatchConnection] thread 753: dispatching org.gradle.launcher.daemon.protocol.BuildStarted@10bb93dc
2026-09-03T19:30:51.190+0700 [DEBUG] [org.gradle.launcher.daemon.server.exec.EstablishBuildEnvironment] Configuring env variables: [USERDOMAIN_ROAMINGPROFILE, LOCALAPPDATA, ChocolateyLastPathUpdate, PROCESSOR_LEVEL, USERDOMAIN, EFC_2376_1592913036, LOGONSERVER, SESSIONNAME, ALLUSERSPROFILE, PROCESSOR_ARCHITECTURE, PSModulePath, SystemDrive, asl.log, OneDrive, APPDATA, USERNAME, ChocolateyInstall, ProgramFiles(x86), CommonProgramFiles, Path, ANDROID_STUDIO_AGENT, PATHEXT, DriverData, OS, OneDriveConsumer, COMPUTERNAME, EFC_2376_4126798990, EFC_2376_2946480783, PROCESSOR_REVISION, CommonProgramW6432, ComSpec, ProgramData, ProgramW6432, TEMP, HOMEPATH, SystemRoot, PROCESSOR_IDENTIFIER, HOMEDRIVE, USERPROFILE, TMP, CommonProgramFiles(x86), ProgramFiles, PUBLIC, windir, NUMBER_OF_PROCESSORS, =::]
2026-09-03T19:30:51.230+0700 [DEBUG] [org.gradle.launcher.daemon.server.exec.LogToClient] About to start relaying all logs to the client via the connection.
2026-09-03T19:30:51.235+0700 [INFO] [org.gradle.launcher.daemon.server.exec.LogToClient] The client will now receive all logging from the daemon (pid: 13916). The daemon log file: D:\AbsensiSeleksi\daemon\8.9\daemon-13916.out.log
2026-09-03T19:30:51.321+0700 [INFO] [org.gradle.launcher.daemon.server.exec.LogAndCheckHealth] Starting 8th build in daemon [uptime: 58 mins 41.361 secs, performance: 98%, GC rate: 0.00/s, heap usage: 0% of 2 GiB]
2026-09-03T19:30:51.338+0700 [DEBUG] [org.gradle.launcher.daemon.server.exec.ExecuteBuild] The daemon has started executing the build.
2026-09-03T19:30:51.342+0700 [DEBUG] [org.gradle.launcher.daemon.server.exec.ExecuteBuild] Executing build with daemon context: DefaultDaemonContext[uid=df18d942-da82-4165-9d75-043944abae8f,javaHome=C:\Users\AsusA416jp\.jdks\jbr-21.0.11,javaVersion=21,daemonRegistryDir=D:\AbsensiSeleksi\daemon,pid=13916,idleTimeout=10800000,priority=NORMAL,applyInstrumentationAgent=true,nativeServicesMode=ENABLED,daemonOpts=--add-opens=java.base/java.util=ALL-UNNAMED,--add-opens=java.base/java.lang=ALL-UNNAMED,--add-opens=java.base/java.lang.invoke=ALL-UNNAMED,--add-opens=java.prefs/java.util.prefs=ALL-UNNAMED,--add-exports=jdk.compiler/com.sun.tools.javac.api=ALL-UNNAMED,--add-exports=jdk.compiler/com.sun.tools.javac.util=ALL-UNNAMED,--add-opens=java.base/java.nio.charset=ALL-UNNAMED,--add-opens=java.base/java.net=ALL-UNNAMED,--add-opens=java.base/java.util.concurrent.atomic=ALL-UNNAMED,-Xmx2048m,-Dfile.encoding=UTF-8,-Duser.country=ID,-Duser.language=en,-Duser.variant]
Reusing configuration cache.
w: [ksp] D:/AbsensiSeleksi/app/src/main/java/com/absensiseleksi/data/local/AppDatabase.kt:11: Schema export directory was not provided to the annotation processor so Room cannot export the schema. You can either provide `room.schemaLocation` annotation processor argument by applying the Room Gradle plugin (id 'androidx.room') OR set exportSchema to false.
w: [ksp] D:/AbsensiSeleksi/app/src/main/java/com/absensiseleksi/data/local/AppDatabase.kt:11: Schema export directory was not provided to the annotation processor so Room cannot export the schema. You can either provide `room.schemaLocation` annotation processor argument by applying the Room Gradle plugin (id 'androidx.room') OR set exportSchema to false.

BUILD SUCCESSFUL in 1m 53s
85 actionable tasks: 26 executed, 59 up-to-date
Configuration cache entry reused.
2026-09-03T19:32:44.254+0700 [DEBUG] [org.gradle.launcher.daemon.server.exec.ExecuteBuild] The daemon has finished executing the build.
2026-09-03T19:32:44.271+0700 [DEBUG] [org.gradle.launcher.daemon.server.DaemonStateCoordinator] daemon is running. Sleeping until state changes.
2026-09-03T19:32:44.272+0700 [DEBUG] [org.gradle.launcher.daemon.server.DaemonStateCoordinator] Command execution: finished waiting for DaemonCommandExecution[command = Build{id=1c10f95b-4f93-4f8c-8f50-23df63ad60f3, currentDir=D:\AbsensiSeleksi}, connection = DefaultDaemonConnection: socket connection from /127.0.0.1:54027 to /127.0.0.1:51532]. Result org.gradle.launcher.daemon.server.DaemonStateCoordinator@27a4541e with state Busy
2026-09-03T19:32:44.273+0700 [DEBUG] [org.gradle.launcher.daemon.server.DaemonStateCoordinator] Command execution: completed DaemonCommandExecution[command = Build{id=1c10f95b-4f93-4f8c-8f50-23df63ad60f3, currentDir=D:\AbsensiSeleksi}, connection = DefaultDaemonConnection: socket connection from /127.0.0.1:54027 to /127.0.0.1:51532]
2026-09-03T19:32:44.273+0700 [DEBUG] [org.gradle.launcher.daemon.server.DaemonStateCoordinator] resetting idle timer
2026-09-03T19:32:44.274+0700 [INFO] [org.gradle.launcher.daemon.server.DaemonRegistryUpdater] Marking the daemon as idle, address: [f2f1712e-f482-409b-b31d-d4d926729cf0 port:54027, addresses:[localhost/127.0.0.1]]
2026-09-03T19:32:44.275+0700 [DEBUG] [org.gradle.launcher.daemon.registry.PersistentDaemonRegistry] Marking busy by address: [f2f1712e-f482-409b-b31d-d4d926729cf0 port:54027, addresses:[localhost/127.0.0.1]]
2026-09-03T19:32:44.277+0700 [DEBUG] [org.gradle.cache.internal.DefaultFileLockManager] Waiting to acquire exclusive lock on daemon addresses registry.
2026-09-03T19:32:44.278+0700 [DEBUG] [org.gradle.cache.internal.DefaultFileLockManager] Lock acquired on daemon addresses registry.
2026-09-03T19:32:44.280+0700 [DEBUG] [org.gradle.cache.internal.DefaultFileLockManager] Releasing lock on daemon addresses registry.
2026-09-03T19:32:44.281+0700 [DEBUG] [org.gradle.launcher.daemon.server.exec.ReturnResult] Daemon is dispatching the build result: Success[value=org.gradle.launcher.exec.BuildActionResult@5ddc3f7c]
2026-09-03T19:32:44.281+0700 [DEBUG] [org.gradle.launcher.daemon.server.DaemonStateCoordinator] daemon is running. Sleeping until state changes.
2026-09-03T19:32:44.281+0700 [DEBUG] [org.gradle.launcher.daemon.server.SynchronizedDispatchConnection] thread 750: dispatching Success[value=org.gradle.launcher.exec.BuildActionResult@5ddc3f7c]
2026-09-03T19:32:44.286+0700 [DEBUG] [org.gradle.launcher.daemon.server.exec.CleanUpVirtualFileSystemAfterBuild] Cleaning virtual file system after build finished
2026-09-03T19:32:44.287+0700 [DEBUG] [org.gradle.launcher.daemon.server.DefaultIncomingConnectionHandler] Finishing executing command: Build{id=1c10f95b-4f93-4f8c-8f50-23df63ad60f3, currentDir=D:\AbsensiSeleksi}
2026-09-03T19:32:44.303+0700 [DEBUG] [org.gradle.launcher.daemon.server.SynchronizedDispatchConnection] thread 751: received class org.gradle.launcher.daemon.protocol.CloseInput
2026-09-03T19:32:44.303+0700 [DEBUG] [org.gradle.launcher.daemon.server.DefaultDaemonConnection] thread 751: Received IO message from client: org.gradle.launcher.daemon.protocol.CloseInput@5b8389c3
2026-09-03T19:32:44.307+0700 [DEBUG] [org.gradle.launcher.daemon.server.SynchronizedDispatchConnection] thread 751: received class org.gradle.launcher.daemon.protocol.Finished
2026-09-03T19:32:44.307+0700 [DEBUG] [org.gradle.launcher.daemon.server.DefaultDaemonConnection] thread 751: Received non-IO message from client: org.gradle.launcher.daemon.protocol.Finished@55447cc3
2026-09-03T19:32:44.308+0700 [DEBUG] [org.gradle.launcher.daemon.server.DefaultIncomingConnectionHandler] Received finished message: org.gradle.launcher.daemon.protocol.Finished@55447cc3
2026-09-03T19:32:44.308+0700 [DEBUG] [org.gradle.launcher.daemon.server.SynchronizedDispatchConnection] thread 750: stopping connection
2026-09-03T19:32:44.309+0700 [DEBUG] [org.gradle.internal.remote.internal.inet.SocketConnection] Discarding EOFException: java.io.EOFException
2026-09-03T19:32:44.309+0700 [DEBUG] [org.gradle.launcher.daemon.server.SynchronizedDispatchConnection] thread 751: received null
2026-09-03T19:32:44.309+0700 [DEBUG] [org.gradle.launcher.daemon.server.DefaultDaemonConnection] thread 751: Received end-of-input from client.
2026-09-03T19:32:44.310+0700 [DEBUG] [org.gradle.launcher.daemon.server.SynchronizedDispatchConnection] thread 750: stopping connection
2026-09-03T19:32:44.785+0700 [DEBUG] [org.gradle.process.internal.health.memory.DefaultMemoryManager] 638754816 physical memory requested, 600203264 free
2026-09-03T19:32:44.786+0700 [DEBUG] [org.gradle.workers.internal.WorkerDaemonExpiration] Will attempt to release 609 of memory
2026-09-03T19:32:44.786+0700 [DEBUG] [org.gradle.process.internal.health.memory.DefaultMemoryManager] 638754816 physical memory requested, 0 released, 600203264 free
2026-09-03T19:32:49.799+0700 [DEBUG] [org.gradle.process.internal.health.memory.DefaultMemoryManager] 638754816 physical memory requested, 413974528 free
2026-09-03T19:32:49.799+0700 [DEBUG] [org.gradle.workers.internal.WorkerDaemonExpiration] Will attempt to release 609 of memory
2026-09-03T19:32:49.800+0700 [DEBUG] [org.gradle.process.internal.health.memory.DefaultMemoryManager] 638754816 physical memory requested, 0 released, 413974528 free
2026-09-03T19:32:50.571+0700 [DEBUG] [org.gradle.cache.internal.DefaultFileLockManager] Waiting to acquire shared lock on daemon addresses registry.
2026-09-03T19:32:50.571+0700 [DEBUG] [org.gradle.cache.internal.DefaultFileLockManager] Lock acquired on daemon addresses registry.
2026-09-03T19:32:50.572+0700 [DEBUG] [org.gradle.cache.internal.DefaultFileLockManager] Releasing lock on daemon addresses registry.
2026-09-03T19:32:50.575+0700 [DEBUG] [org.gradle.cache.internal.DefaultFileLockManager] Waiting to acquire shared lock on daemon addresses registry.
2026-09-03T19:32:50.575+0700 [DEBUG] [org.gradle.cache.internal.DefaultFileLockManager] Lock acquired on daemon addresses registry.
2026-09-03T19:32:50.576+0700 [DEBUG] [org.gradle.cache.internal.DefaultFileLockManager] Releasing lock on daemon addresses registry.
2026-09-03T19:32:54.799+0700 [DEBUG] [org.gradle.process.internal.health.memory.DefaultMemoryManager] 638754816 physical memory requested, 336994304 free
2026-09-03T19:32:54.799+0700 [DEBUG] [org.gradle.workers.internal.WorkerDaemonExpiration] Will attempt to release 609 of memory
2026-09-03T19:32:54.799+0700 [DEBUG] [org.gradle.process.internal.health.memory.DefaultMemoryManager] 638754816 physical memory requested, 0 released, 336994304 free
2026-09-03T19:32:59.790+0700 [DEBUG] [org.gradle.process.internal.health.memory.DefaultMemoryManager] 638754816 physical memory requested, 100765696 free
2026-09-03T19:32:59.790+0700 [DEBUG] [org.gradle.workers.internal.WorkerDaemonExpiration] Will attempt to release 609 of memory
2026-09-03T19:32:59.791+0700 [DEBUG] [org.gradle.process.internal.health.memory.DefaultMemoryManager] 638754816 physical memory requested, 0 released, 100765696 free
2026-09-03T19:33:00.577+0700 [DEBUG] [org.gradle.cache.internal.DefaultFileLockManager] Waiting to acquire shared lock on daemon addresses registry.
2026-09-03T19:33:00.577+0700 [DEBUG] [org.gradle.cache.internal.DefaultFileLockManager] Lock acquired on daemon addresses registry.
2026-09-03T19:33:00.608+0700 [DEBUG] [org.gradle.cache.internal.DefaultFileLockManager] Releasing lock on daemon addresses registry.
2026-09-03T19:33:00.612+0700 [DEBUG] [org.gradle.cache.internal.DefaultFileLockManager] Waiting to acquire shared lock on daemon addresses registry.
2026-09-03T19:33:00.613+0700 [DEBUG] [org.gradle.cache.internal.DefaultFileLockManager] Lock acquired on daemon addresses registry.
2026-09-03T19:33:00.613+0700 [DEBUG] [org.gradle.cache.internal.DefaultFileLockManager] Releasing lock on daemon addresses registry.
2026-09-03T19:33:00.615+0700 [DEBUG] [org.gradle.cache.internal.DefaultFileLockManager] Waiting to acquire shared lock on daemon addresses registry.
2026-09-03T19:33:00.616+0700 [DEBUG] [org.gradle.cache.internal.DefaultFileLockManager] Lock acquired on daemon addresses registry.
2026-09-03T19:33:00.616+0700 [DEBUG] [org.gradle.cache.internal.DefaultFileLockManager] Releasing lock on daemon addresses registry.
2026-09-03T19:33:04.788+0700 [DEBUG] [org.gradle.process.internal.health.memory.DefaultMemoryManager] 638754816 physical memory requested, 293867520 free
2026-09-03T19:33:04.788+0700 [DEBUG] [org.gradle.workers.internal.WorkerDaemonExpiration] Will attempt to release 609 of memory
2026-09-03T19:33:04.788+0700 [DEBUG] [org.gradle.process.internal.health.memory.DefaultMemoryManager] 638754816 physical memory requested, 0 released, 293867520 free
2026-09-03T19:33:09.791+0700 [DEBUG] [org.gradle.process.internal.health.memory.DefaultMemoryManager] 638754816 physical memory requested, 118628352 free
2026-09-03T19:33:09.791+0700 [DEBUG] [org.gradle.workers.internal.WorkerDaemonExpiration] Will attempt to release 609 of memory
2026-09-03T19:33:09.791+0700 [DEBUG] [org.gradle.process.internal.health.memory.DefaultMemoryManager] 638754816 physical memory requested, 0 released, 118628352 free
2026-09-03T19:33:10.576+0700 [DEBUG] [org.gradle.cache.internal.DefaultFileLockManager] Waiting to acquire shared lock on daemon addresses registry.
2026-09-03T19:33:10.576+0700 [DEBUG] [org.gradle.cache.internal.DefaultFileLockManager] Lock acquired on daemon addresses registry.
2026-09-03T19:33:10.580+0700 [DEBUG] [org.gradle.cache.internal.DefaultFileLockManager] Releasing lock on daemon addresses registry.
2026-09-03T19:33:10.582+0700 [DEBUG] [org.gradle.cache.internal.DefaultFileLockManager] Waiting to acquire shared lock on daemon addresses registry.
2026-09-03T19:33:10.582+0700 [DEBUG] [org.gradle.cache.internal.DefaultFileLockManager] Lock acquired on daemon addresses registry.
2026-09-03T19:33:10.583+0700 [DEBUG] [org.gradle.cache.internal.DefaultFileLockManager] Releasing lock on daemon addresses registry.
2026-09-03T19:33:10.585+0700 [DEBUG] [org.gradle.cache.internal.DefaultFileLockManager] Waiting to acquire shared lock on daemon addresses registry.
2026-09-03T19:33:10.585+0700 [DEBUG] [org.gradle.cache.internal.DefaultFileLockManager] Lock acquired on daemon addresses registry.
2026-09-03T19:33:10.585+0700 [DEBUG] [org.gradle.cache.internal.DefaultFileLockManager] Releasing lock on daemon addresses registry.
2026-09-03T19:33:14.914+0700 [DEBUG] [org.gradle.process.internal.health.memory.DefaultMemoryManager] 638754816 physical memory requested, 29036544 free
2026-09-03T19:33:14.915+0700 [DEBUG] [org.gradle.workers.internal.WorkerDaemonExpiration] Will attempt to release 609 of memory
2026-09-03T19:33:14.916+0700 [DEBUG] [org.gradle.process.internal.health.memory.DefaultMemoryManager] 638754816 physical memory requested, 0 released, 29036544 free
2026-09-03T19:33:19.794+0700 [DEBUG] [org.gradle.process.internal.health.memory.DefaultMemoryManager] 638754816 physical memory requested, 143224832 free
2026-09-03T19:33:19.794+0700 [DEBUG] [org.gradle.workers.internal.WorkerDaemonExpiration] Will attempt to release 609 of memory
2026-09-03T19:33:19.795+0700 [DEBUG] [org.gradle.process.internal.health.memory.DefaultMemoryManager] 638754816 physical memory requested, 0 released, 143224832 free
2026-09-03T19:33:20.705+0700 [DEBUG] [org.gradle.cache.internal.DefaultFileLockManager] Waiting to acquire shared lock on daemon addresses registry.
2026-09-03T19:33:20.707+0700 [DEBUG] [org.gradle.cache.internal.DefaultFileLockManager] Lock acquired on daemon addresses registry.
2026-09-03T19:33:20.722+0700 [DEBUG] [org.gradle.cache.internal.DefaultFileLockManager] Releasing lock on daemon addresses registry.
2026-09-03T19:33:20.729+0700 [DEBUG] [org.gradle.cache.internal.DefaultFileLockManager] Waiting to acquire shared lock on daemon addresses registry.
2026-09-03T19:33:20.730+0700 [DEBUG] [org.gradle.cache.internal.DefaultFileLockManager] Lock acquired on daemon addresses registry.
2026-09-03T19:33:20.741+0700 [DEBUG] [org.gradle.cache.internal.DefaultFileLockManager] Releasing lock on daemon addresses registry.
2026-09-03T19:33:20.746+0700 [DEBUG] [org.gradle.cache.internal.DefaultFileLockManager] Waiting to acquire shared lock on daemon addresses registry.
2026-09-03T19:33:20.746+0700 [DEBUG] [org.gradle.cache.internal.DefaultFileLockManager] Lock acquired on daemon addresses registry.
2026-09-03T19:33:20.751+0700 [DEBUG] [org.gradle.cache.internal.DefaultFileLockManager] Releasing lock on daemon addresses registry.
2026-09-03T19:33:24.792+0700 [DEBUG] [org.gradle.process.internal.health.memory.DefaultMemoryManager] 638754816 physical memory requested, 151076864 free
2026-09-03T19:33:24.794+0700 [DEBUG] [org.gradle.workers.internal.WorkerDaemonExpiration] Will attempt to release 609 of memory
2026-09-03T19:33:24.794+0700 [DEBUG] [org.gradle.process.internal.health.memory.DefaultMemoryManager] 638754816 physical memory requested, 0 released, 151076864 free
2026-09-03T19:33:30.581+0700 [DEBUG] [org.gradle.cache.internal.DefaultFileLockManager] Waiting to acquire shared lock on daemon addresses registry.
2026-09-03T19:33:30.582+0700 [DEBUG] [org.gradle.cache.internal.DefaultFileLockManager] Lock acquired on daemon addresses registry.
2026-09-03T19:33:30.583+0700 [DEBUG] [org.gradle.cache.internal.DefaultFileLockManager] Releasing lock on daemon addresses registry.
2026-09-03T19:33:30.588+0700 [DEBUG] [org.gradle.cache.internal.DefaultFileLockManager] Waiting to acquire shared lock on daemon addresses registry.
2026-09-03T19:33:30.589+0700 [DEBUG] [org.gradle.cache.internal.DefaultFileLockManager] Lock acquired on daemon addresses registry.
2026-09-03T19:33:30.589+0700 [DEBUG] [org.gradle.cache.internal.DefaultFileLockManager] Releasing lock on daemon addresses registry.
2026-09-03T19:33:30.595+0700 [DEBUG] [org.gradle.cache.internal.DefaultFileLockManager] Waiting to acquire shared lock on daemon addresses registry.
2026-09-03T19:33:30.603+0700 [DEBUG] [org.gradle.cache.internal.DefaultFileLockManager] Lock acquired on daemon addresses registry.
2026-09-03T19:33:30.605+0700 [DEBUG] [org.gradle.cache.internal.DefaultFileLockManager] Releasing lock on daemon addresses registry.
2026-09-03T19:33:40.568+0700 [DEBUG] [org.gradle.cache.internal.DefaultFileLockManager] Waiting to acquire shared lock on daemon addresses registry.
2026-09-03T19:33:40.569+0700 [DEBUG] [org.gradle.cache.internal.DefaultFileLockManager] Lock acquired on daemon addresses registry.
2026-09-03T19:33:40.570+0700 [DEBUG] [org.gradle.cache.internal.DefaultFileLockManager] Releasing lock on daemon addresses registry.
2026-09-03T19:33:40.574+0700 [DEBUG] [org.gradle.cache.internal.DefaultFileLockManager] Waiting to acquire shared lock on daemon addresses registry.
2026-09-03T19:33:40.575+0700 [DEBUG] [org.gradle.cache.internal.DefaultFileLockManager] Lock acquired on daemon addresses registry.
2026-09-03T19:33:40.576+0700 [DEBUG] [org.gradle.cache.internal.DefaultFileLockManager] Releasing lock on daemon addresses registry.
2026-09-03T19:33:40.579+0700 [DEBUG] [org.gradle.cache.internal.DefaultFileLockManager] Waiting to acquire shared lock on daemon addresses registry.
2026-09-03T19:33:40.579+0700 [DEBUG] [org.gradle.cache.internal.DefaultFileLockManager] Lock acquired on daemon addresses registry.
2026-09-03T19:33:40.580+0700 [DEBUG] [org.gradle.cache.internal.DefaultFileLockManager] Releasing lock on daemon addresses registry.
2026-09-03T19:33:50.586+0700 [DEBUG] [org.gradle.cache.internal.DefaultFileLockManager] Waiting to acquire shared lock on daemon addresses registry.
2026-09-03T19:33:50.587+0700 [DEBUG] [org.gradle.cache.internal.DefaultFileLockManager] Lock acquired on daemon addresses registry.
2026-09-03T19:33:50.594+0700 [DEBUG] [org.gradle.cache.internal.DefaultFileLockManager] Releasing lock on daemon addresses registry.
2026-09-03T19:33:50.600+0700 [DEBUG] [org.gradle.cache.internal.DefaultFileLockManager] Waiting to acquire shared lock on daemon addresses registry.
2026-09-03T19:33:50.600+0700 [DEBUG] [org.gradle.cache.internal.DefaultFileLockManager] Lock acquired on daemon addresses registry.
2026-09-03T19:33:50.601+0700 [DEBUG] [org.gradle.cache.internal.DefaultFileLockManager] Releasing lock on daemon addresses registry.
2026-09-03T19:33:50.603+0700 [DEBUG] [org.gradle.cache.internal.DefaultFileLockManager] Waiting to acquire shared lock on daemon addresses registry.
2026-09-03T19:33:50.603+0700 [DEBUG] [org.gradle.cache.internal.DefaultFileLockManager] Lock acquired on daemon addresses registry.
2026-09-03T19:33:50.603+0700 [DEBUG] [org.gradle.cache.internal.DefaultFileLockManager] Releasing lock on daemon addresses registry.
2026-09-03T19:34:00.656+0700 [DEBUG] [org.gradle.cache.internal.DefaultFileLockManager] Waiting to acquire shared lock on daemon addresses registry.
2026-09-03T19:34:00.657+0700 [DEBUG] [org.gradle.cache.internal.DefaultFileLockManager] Lock acquired on daemon addresses registry.
2026-09-03T19:34:00.658+0700 [DEBUG] [org.gradle.cache.internal.DefaultFileLockManager] Releasing lock on daemon addresses registry.
2026-09-03T19:34:00.663+0700 [DEBUG] [org.gradle.cache.internal.DefaultFileLockManager] Waiting to acquire shared lock on daemon addresses registry.
2026-09-03T19:34:00.664+0700 [DEBUG] [org.gradle.cache.internal.DefaultFileLockManager] Lock acquired on daemon addresses registry.
2026-09-03T19:34:00.665+0700 [DEBUG] [org.gradle.cache.internal.DefaultFileLockManager] Releasing lock on daemon addresses registry.
2026-09-03T19:34:00.677+0700 [DEBUG] [org.gradle.cache.internal.DefaultFileLockManager] Waiting to acquire shared lock on daemon addresses registry.
2026-09-03T19:34:00.678+0700 [DEBUG] [org.gradle.cache.internal.DefaultFileLockManager] Lock acquired on daemon addresses registry.
2026-09-03T19:34:00.680+0700 [DEBUG] [org.gradle.cache.internal.DefaultFileLockManager] Releasing lock on daemon addresses registry.
2026-09-03T19:34:10.584+0700 [DEBUG] [org.gradle.cache.internal.DefaultFileLockManager] Waiting to acquire shared lock on daemon addresses registry.
2026-09-03T19:34:10.584+0700 [DEBUG] [org.gradle.cache.internal.DefaultFileLockManager] Lock acquired on daemon addresses registry.
2026-09-03T19:34:10.585+0700 [DEBUG] [org.gradle.cache.internal.DefaultFileLockManager] Releasing lock on daemon addresses registry.
2026-09-03T19:34:10.590+0700 [DEBUG] [org.gradle.cache.internal.DefaultFileLockManager] Waiting to acquire shared lock on daemon addresses registry.
2026-09-03T19:34:10.590+0700 [DEBUG] [org.gradle.cache.internal.DefaultFileLockManager] Lock acquired on daemon addresses registry.
2026-09-03T19:34:10.597+0700 [DEBUG] [org.gradle.cache.internal.DefaultFileLockManager] Releasing lock on daemon addresses registry.
2026-09-03T19:34:10.606+0700 [DEBUG] [org.gradle.cache.internal.DefaultFileLockManager] Waiting to acquire shared lock on daemon addresses registry.
2026-09-03T19:34:10.606+0700 [DEBUG] [org.gradle.cache.internal.DefaultFileLockManager] Lock acquired on daemon addresses registry.
2026-09-03T19:34:10.607+0700 [DEBUG] [org.gradle.cache.internal.DefaultFileLockManager] Releasing lock on daemon addresses registry.
2026-09-03T19:34:20.577+0700 [DEBUG] [org.gradle.cache.internal.DefaultFileLockManager] Waiting to acquire shared lock on daemon addresses registry.
2026-09-03T19:34:20.577+0700 [DEBUG] [org.gradle.cache.internal.DefaultFileLockManager] Lock acquired on daemon addresses registry.
2026-09-03T19:34:20.578+0700 [DEBUG] [org.gradle.cache.internal.DefaultFileLockManager] Releasing lock on daemon addresses registry.
2026-09-03T19:34:20.587+0700 [DEBUG] [org.gradle.cache.internal.DefaultFileLockManager] Waiting to acquire shared lock on daemon addresses registry.
2026-09-03T19:34:20.588+0700 [DEBUG] [org.gradle.cache.internal.DefaultFileLockManager] Lock acquired on daemon addresses registry.
2026-09-03T19:34:20.589+0700 [DEBUG] [org.gradle.cache.internal.DefaultFileLockManager] Releasing lock on daemon addresses registry.
2026-09-03T19:34:20.592+0700 [DEBUG] [org.gradle.cache.internal.DefaultFileLockManager] Waiting to acquire shared lock on daemon addresses registry.
2026-09-03T19:34:20.592+0700 [DEBUG] [org.gradle.cache.internal.DefaultFileLockManager] Lock acquired on daemon addresses registry.
2026-09-03T19:34:20.599+0700 [DEBUG] [org.gradle.cache.internal.DefaultFileLockManager] Releasing lock on daemon addresses registry.
2026-09-03T19:34:30.599+0700 [DEBUG] [org.gradle.cache.internal.DefaultFileLockManager] Waiting to acquire shared lock on daemon addresses registry.
2026-09-03T19:34:30.599+0700 [DEBUG] [org.gradle.cache.internal.DefaultFileLockManager] Lock acquired on daemon addresses registry.
2026-09-03T19:34:30.600+0700 [DEBUG] [org.gradle.cache.internal.DefaultFileLockManager] Releasing lock on daemon addresses registry.
2026-09-03T19:34:30.736+0700 [DEBUG] [org.gradle.cache.internal.DefaultFileLockManager] Waiting to acquire shared lock on daemon addresses registry.
2026-09-03T19:34:30.736+0700 [DEBUG] [org.gradle.cache.internal.DefaultFileLockManager] Lock acquired on daemon addresses registry.
2026-09-03T19:34:30.737+0700 [DEBUG] [org.gradle.cache.internal.DefaultFileLockManager] Releasing lock on daemon addresses registry.
2026-09-03T19:34:30.740+0700 [DEBUG] [org.gradle.cache.internal.DefaultFileLockManager] Waiting to acquire shared lock on daemon addresses registry.
2026-09-03T19:34:30.741+0700 [DEBUG] [org.gradle.cache.internal.DefaultFileLockManager] Lock acquired on daemon addresses registry.
2026-09-03T19:34:30.742+0700 [DEBUG] [org.gradle.cache.internal.DefaultFileLockManager] Releasing lock on daemon addresses registry.
2026-09-03T19:34:40.568+0700 [DEBUG] [org.gradle.cache.internal.DefaultFileLockManager] Waiting to acquire shared lock on daemon addresses registry.
2026-09-03T19:34:40.568+0700 [DEBUG] [org.gradle.cache.internal.DefaultFileLockManager] Lock acquired on daemon addresses registry.
2026-09-03T19:34:40.569+0700 [DEBUG] [org.gradle.cache.internal.DefaultFileLockManager] Releasing lock on daemon addresses registry.
2026-09-03T19:34:40.577+0700 [DEBUG] [org.gradle.cache.internal.DefaultFileLockManager] Waiting to acquire shared lock on daemon addresses registry.
2026-09-03T19:34:40.577+0700 [DEBUG] [org.gradle.cache.internal.DefaultFileLockManager] Lock acquired on daemon addresses registry.
2026-09-03T19:34:40.581+0700 [DEBUG] [org.gradle.cache.internal.DefaultFileLockManager] Releasing lock on daemon addresses registry.
2026-09-03T19:34:40.585+0700 [DEBUG] [org.gradle.cache.internal.DefaultFileLockManager] Waiting to acquire shared lock on daemon addresses registry.
2026-09-03T19:34:40.585+0700 [DEBUG] [org.gradle.cache.internal.DefaultFileLockManager] Lock acquired on daemon addresses registry.
2026-09-03T19:34:40.586+0700 [DEBUG] [org.gradle.cache.internal.DefaultFileLockManager] Releasing lock on daemon addresses registry.
2026-09-03T19:34:50.586+0700 [DEBUG] [org.gradle.cache.internal.DefaultFileLockManager] Waiting to acquire shared lock on daemon addresses registry.
2026-09-03T19:34:50.587+0700 [DEBUG] [org.gradle.cache.internal.DefaultFileLockManager] Lock acquired on daemon addresses registry.
2026-09-03T19:34:50.587+0700 [DEBUG] [org.gradle.cache.internal.DefaultFileLockManager] Releasing lock on daemon addresses registry.
2026-09-03T19:34:50.591+0700 [DEBUG] [org.gradle.cache.internal.DefaultFileLockManager] Waiting to acquire shared lock on daemon addresses registry.
2026-09-03T19:34:50.591+0700 [DEBUG] [org.gradle.cache.internal.DefaultFileLockManager] Lock acquired on daemon addresses registry.
2026-09-03T19:34:50.592+0700 [DEBUG] [org.gradle.cache.internal.DefaultFileLockManager] Releasing lock on daemon addresses registry.
2026-09-03T19:34:50.594+0700 [DEBUG] [org.gradle.cache.internal.DefaultFileLockManager] Waiting to acquire shared lock on daemon addresses registry.
2026-09-03T19:34:50.594+0700 [DEBUG] [org.gradle.cache.internal.DefaultFileLockManager] Lock acquired on daemon addresses registry.
2026-09-03T19:34:50.595+0700 [DEBUG] [org.gradle.cache.internal.DefaultFileLockManager] Releasing lock on daemon addresses registry.
2026-09-03T19:35:00.601+0700 [DEBUG] [org.gradle.cache.internal.DefaultFileLockManager] Waiting to acquire shared lock on daemon addresses registry.
2026-09-03T19:35:00.602+0700 [DEBUG] [org.gradle.cache.internal.DefaultFileLockManager] Lock acquired on daemon addresses registry.
2026-09-03T19:35:00.602+0700 [DEBUG] [org.gradle.cache.internal.DefaultFileLockManager] Releasing lock on daemon addresses registry.
2026-09-03T19:35:00.617+0700 [DEBUG] [org.gradle.cache.internal.DefaultFileLockManager] Waiting to acquire shared lock on daemon addresses registry.
2026-09-03T19:35:00.617+0700 [DEBUG] [org.gradle.cache.internal.DefaultFileLockManager] Lock acquired on daemon addresses registry.
2026-09-03T19:35:00.621+0700 [DEBUG] [org.gradle.cache.internal.DefaultFileLockManager] Releasing lock on daemon addresses registry.
2026-09-03T19:35:00.637+0700 [DEBUG] [org.gradle.cache.internal.DefaultFileLockManager] Waiting to acquire shared lock on daemon addresses registry.
2026-09-03T19:35:00.637+0700 [DEBUG] [org.gradle.cache.internal.DefaultFileLockManager] Lock acquired on daemon addresses registry.
2026-09-03T19:35:00.648+0700 [DEBUG] [org.gradle.cache.internal.DefaultFileLockManager] Releasing lock on daemon addresses registry.
2026-09-03T19:35:10.571+0700 [DEBUG] [org.gradle.cache.internal.DefaultFileLockManager] Waiting to acquire shared lock on daemon addresses registry.
2026-09-03T19:35:10.571+0700 [DEBUG] [org.gradle.cache.internal.DefaultFileLockManager] Lock acquired on daemon addresses registry.
2026-09-03T19:35:10.572+0700 [DEBUG] [org.gradle.cache.internal.DefaultFileLockManager] Releasing lock on daemon addresses registry.
2026-09-03T19:35:10.576+0700 [DEBUG] [org.gradle.cache.internal.DefaultFileLockManager] Waiting to acquire shared lock on daemon addresses registry.
2026-09-03T19:35:10.576+0700 [DEBUG] [org.gradle.cache.internal.DefaultFileLockManager] Lock acquired on daemon addresses registry.
2026-09-03T19:35:10.577+0700 [DEBUG] [org.gradle.cache.internal.DefaultFileLockManager] Releasing lock on daemon addresses registry.
2026-09-03T19:35:10.579+0700 [DEBUG] [org.gradle.cache.internal.DefaultFileLockManager] Waiting to acquire shared lock on daemon addresses registry.
2026-09-03T19:35:10.579+0700 [DEBUG] [org.gradle.cache.internal.DefaultFileLockManager] Lock acquired on daemon addresses registry.
2026-09-03T19:35:10.600+0700 [DEBUG] [org.gradle.cache.internal.DefaultFileLockManager] Releasing lock on daemon addresses registry.
2026-09-03T19:35:20.578+0700 [DEBUG] [org.gradle.cache.internal.DefaultFileLockManager] Waiting to acquire shared lock on daemon addresses registry.
2026-09-03T19:35:20.623+0700 [DEBUG] [org.gradle.cache.internal.DefaultFileLockManager] Lock acquired on daemon addresses registry.
2026-09-03T19:35:20.623+0700 [DEBUG] [org.gradle.cache.internal.DefaultFileLockManager] Releasing lock on daemon addresses registry.
2026-09-03T19:35:20.708+0700 [DEBUG] [org.gradle.cache.internal.DefaultFileLockManager] Waiting to acquire shared lock on daemon addresses registry.
2026-09-03T19:35:20.708+0700 [DEBUG] [org.gradle.cache.internal.DefaultFileLockManager] Lock acquired on daemon addresses registry.
2026-09-03T19:35:20.709+0700 [DEBUG] [org.gradle.cache.internal.DefaultFileLockManager] Releasing lock on daemon addresses registry.
2026-09-03T19:35:20.825+0700 [DEBUG] [org.gradle.cache.internal.DefaultFileLockManager] Waiting to acquire shared lock on daemon addresses registry.
2026-09-03T19:35:20.826+0700 [DEBUG] [org.gradle.cache.internal.DefaultFileLockManager] Lock acquired on daemon addresses registry.
2026-09-03T19:35:20.826+0700 [DEBUG] [org.gradle.cache.internal.DefaultFileLockManager] Releasing lock on daemon addresses registry.
2026-09-03T19:35:30.574+0700 [DEBUG] [org.gradle.cache.internal.DefaultFileLockManager] Waiting to acquire shared lock on daemon addresses registry.
2026-09-03T19:35:30.574+0700 [DEBUG] [org.gradle.cache.internal.DefaultFileLockManager] Lock acquired on daemon addresses registry.
2026-09-03T19:35:30.574+0700 [DEBUG] [org.gradle.cache.internal.DefaultFileLockManager] Releasing lock on daemon addresses registry.
2026-09-03T19:35:30.579+0700 [DEBUG] [org.gradle.cache.internal.DefaultFileLockManager] Waiting to acquire shared lock on daemon addresses registry.
2026-09-03T19:35:30.579+0700 [DEBUG] [org.gradle.cache.internal.DefaultFileLockManager] Lock acquired on daemon addresses registry.
2026-09-03T19:35:30.580+0700 [DEBUG] [org.gradle.cache.internal.DefaultFileLockManager] Releasing lock on daemon addresses registry.
2026-09-03T19:35:30.583+0700 [DEBUG] [org.gradle.cache.internal.DefaultFileLockManager] Waiting to acquire shared lock on daemon addresses registry.
2026-09-03T19:35:30.583+0700 [DEBUG] [org.gradle.cache.internal.DefaultFileLockManager] Lock acquired on daemon addresses registry.
2026-09-03T19:35:30.583+0700 [DEBUG] [org.gradle.cache.internal.DefaultFileLockManager] Releasing lock on daemon addresses registry.
2026-09-03T19:35:40.566+0700 [DEBUG] [org.gradle.cache.internal.DefaultFileLockManager] Waiting to acquire shared lock on daemon addresses registry.
2026-09-03T19:35:40.566+0700 [DEBUG] [org.gradle.cache.internal.DefaultFileLockManager] Lock acquired on daemon addresses registry.
2026-09-03T19:35:40.573+0700 [DEBUG] [org.gradle.cache.internal.DefaultFileLockManager] Releasing lock on daemon addresses registry.
2026-09-03T19:35:40.576+0700 [DEBUG] [org.gradle.cache.internal.DefaultFileLockManager] Waiting to acquire shared lock on daemon addresses registry.
2026-09-03T19:35:40.577+0700 [DEBUG] [org.gradle.cache.internal.DefaultFileLockManager] Lock acquired on daemon addresses registry.
2026-09-03T19:35:40.577+0700 [DEBUG] [org.gradle.cache.internal.DefaultFileLockManager] Releasing lock on daemon addresses registry.
2026-09-03T19:35:40.578+0700 [DEBUG] [org.gradle.cache.internal.DefaultFileLockManager] Waiting to acquire shared lock on daemon addresses registry.
2026-09-03T19:35:40.579+0700 [DEBUG] [org.gradle.cache.internal.DefaultFileLockManager] Lock acquired on daemon addresses registry.
2026-09-03T19:35:40.579+0700 [DEBUG] [org.gradle.cache.internal.DefaultFileLockManager] Releasing lock on daemon addresses registry.
2026-09-03T19:35:50.564+0700 [DEBUG] [org.gradle.cache.internal.DefaultFileLockManager] Waiting to acquire shared lock on daemon addresses registry.
2026-09-03T19:35:50.564+0700 [DEBUG] [org.gradle.cache.internal.DefaultFileLockManager] Lock acquired on daemon addresses registry.
2026-09-03T19:35:50.565+0700 [DEBUG] [org.gradle.cache.internal.DefaultFileLockManager] Releasing lock on daemon addresses registry.
2026-09-03T19:35:50.568+0700 [DEBUG] [org.gradle.cache.internal.DefaultFileLockManager] Waiting to acquire shared lock on daemon addresses registry.
2026-09-03T19:35:50.570+0700 [DEBUG] [org.gradle.cache.internal.DefaultFileLockManager] Lock acquired on daemon addresses registry.
2026-09-03T19:35:50.571+0700 [DEBUG] [org.gradle.cache.internal.DefaultFileLockManager] Releasing lock on daemon addresses registry.
2026-09-03T19:35:50.572+0700 [DEBUG] [org.gradle.cache.internal.DefaultFileLockManager] Waiting to acquire shared lock on daemon addresses registry.
2026-09-03T19:35:50.573+0700 [DEBUG] [org.gradle.cache.internal.DefaultFileLockManager] Lock acquired on daemon addresses registry.
2026-09-03T19:35:50.573+0700 [DEBUG] [org.gradle.cache.internal.DefaultFileLockManager] Releasing lock on daemon addresses registry.
2026-09-03T19:36:00.577+0700 [DEBUG] [org.gradle.cache.internal.DefaultFileLockManager] Waiting to acquire shared lock on daemon addresses registry.
2026-09-03T19:36:00.579+0700 [DEBUG] [org.gradle.cache.internal.DefaultFileLockManager] Lock acquired on daemon addresses registry.
2026-09-03T19:36:00.579+0700 [DEBUG] [org.gradle.cache.internal.DefaultFileLockManager] Releasing lock on daemon addresses registry.
2026-09-03T19:36:00.581+0700 [DEBUG] [org.gradle.cache.internal.DefaultFileLockManager] Waiting to acquire shared lock on daemon addresses registry.
2026-09-03T19:36:00.582+0700 [DEBUG] [org.gradle.cache.internal.DefaultFileLockManager] Lock acquired on daemon addresses registry.
2026-09-03T19:36:00.583+0700 [DEBUG] [org.gradle.cache.internal.DefaultFileLockManager] Releasing lock on daemon addresses registry.
2026-09-03T19:36:00.584+0700 [DEBUG] [org.gradle.cache.internal.DefaultFileLockManager] Waiting to acquire shared lock on daemon addresses registry.
2026-09-03T19:36:00.584+0700 [DEBUG] [org.gradle.cache.internal.DefaultFileLockManager] Lock acquired on daemon addresses registry.
2026-09-03T19:36:00.584+0700 [DEBUG] [org.gradle.cache.internal.DefaultFileLockManager] Releasing lock on daemon addresses registry.
2026-09-03T19:36:07.161+0700 [DEBUG] [sun.rmi.transport.tcp] RMI TCP Connection(27)-127.0.0.1: accepted socket from [127.0.0.1:51568]
2026-09-03T19:36:07.208+0700 [DEBUG] [sun.rmi.transport.tcp] RMI TCP Connection(27)-127.0.0.1: (port 63431) op = 80
2026-09-03T19:36:07.247+0700 [DEBUG] [sun.rmi.loader] RMI TCP Connection(27)-127.0.0.1: name = "[Ljava.rmi.server.ObjID;", codebase = "", defaultLoader = jdk.internal.loader.ClassLoaders$PlatformClassLoader@792935a4
2026-09-03T19:36:07.276+0700 [DEBUG] [sun.rmi.loader] RMI TCP Connection(27)-127.0.0.1: name = "java.rmi.dgc.Lease", codebase = "", defaultLoader = jdk.internal.loader.ClassLoaders$PlatformClassLoader@792935a4
2026-09-03T19:36:07.282+0700 [DEBUG] [sun.rmi.loader] RMI TCP Connection(27)-127.0.0.1: name = "java.rmi.dgc.VMID", codebase = "", defaultLoader = jdk.internal.loader.ClassLoaders$PlatformClassLoader@792935a4
2026-09-03T19:36:07.287+0700 [DEBUG] [sun.rmi.loader] RMI TCP Connection(27)-127.0.0.1: name = "[B", codebase = "", defaultLoader = jdk.internal.loader.ClassLoaders$PlatformClassLoader@792935a4
2026-09-03T19:36:07.295+0700 [DEBUG] [sun.rmi.loader] RMI TCP Connection(27)-127.0.0.1: name = "java.rmi.server.UID", codebase = "", defaultLoader = jdk.internal.loader.ClassLoaders$PlatformClassLoader@792935a4
2026-09-03T19:36:10.574+0700 [DEBUG] [org.gradle.cache.internal.DefaultFileLockManager] Waiting to acquire shared lock on daemon addresses registry.
2026-09-03T19:36:10.575+0700 [DEBUG] [org.gradle.cache.internal.DefaultFileLockManager] Lock acquired on daemon addresses registry.
2026-09-03T19:36:10.575+0700 [DEBUG] [org.gradle.cache.internal.DefaultFileLockManager] Releasing lock on daemon addresses registry.
2026-09-03T19:36:10.579+0700 [DEBUG] [org.gradle.cache.internal.DefaultFileLockManager] Waiting to acquire shared lock on daemon addresses registry.
2026-09-03T19:36:10.579+0700 [DEBUG] [org.gradle.cache.internal.DefaultFileLockManager] Lock acquired on daemon addresses registry.
2026-09-03T19:36:10.580+0700 [DEBUG] [org.gradle.cache.internal.DefaultFileLockManager] Releasing lock on daemon addresses registry.
2026-09-03T19:36:10.581+0700 [DEBUG] [org.gradle.cache.internal.DefaultFileLockManager] Waiting to acquire shared lock on daemon addresses registry.
2026-09-03T19:36:10.582+0700 [DEBUG] [org.gradle.cache.internal.DefaultFileLockManager] Lock acquired on daemon addresses registry.
2026-09-03T19:36:10.582+0700 [DEBUG] [org.gradle.cache.internal.DefaultFileLockManager] Releasing lock on daemon addresses registry.
2026-09-03T19:36:19.605+0700 [DEBUG] [sun.rmi.transport.tcp] RMI TCP Connection(28)-127.0.0.1: accepted socket from [127.0.0.1:51570]
2026-09-03T19:36:19.605+0700 [DEBUG] [sun.rmi.transport.tcp] RMI TCP Connection(28)-127.0.0.1: (port 63431) op = 80
2026-09-03T19:36:19.608+0700 [DEBUG] [sun.rmi.loader] RMI TCP Connection(28)-127.0.0.1: name = "[Ljava.rmi.server.ObjID;", codebase = "", defaultLoader = jdk.internal.loader.ClassLoaders$PlatformClassLoader@792935a4
2026-09-03T19:36:19.608+0700 [DEBUG] [sun.rmi.loader] RMI TCP Connection(28)-127.0.0.1: name = "java.rmi.dgc.Lease", codebase = "", defaultLoader = jdk.internal.loader.ClassLoaders$PlatformClassLoader@792935a4
2026-09-03T19:36:19.608+0700 [DEBUG] [sun.rmi.loader] RMI TCP Connection(28)-127.0.0.1: name = "java.rmi.dgc.VMID", codebase = "", defaultLoader = jdk.internal.loader.ClassLoaders$PlatformClassLoader@792935a4
2026-09-03T19:36:19.609+0700 [DEBUG] [sun.rmi.loader] RMI TCP Connection(28)-127.0.0.1: name = "[B", codebase = "", defaultLoader = jdk.internal.loader.ClassLoaders$PlatformClassLoader@792935a4
2026-09-03T19:36:19.610+0700 [DEBUG] [sun.rmi.loader] RMI TCP Connection(28)-127.0.0.1: name = "java.rmi.server.UID", codebase = "", defaultLoader = jdk.internal.loader.ClassLoaders$PlatformClassLoader@792935a4
2026-09-03T19:36:20.578+0700 [DEBUG] [org.gradle.cache.internal.DefaultFileLockManager] Waiting to acquire shared lock on daemon addresses registry.
2026-09-03T19:36:20.580+0700 [DEBUG] [org.gradle.cache.internal.DefaultFileLockManager] Lock acquired on daemon addresses registry.
2026-09-03T19:36:20.580+0700 [DEBUG] [org.gradle.cache.internal.DefaultFileLockManager] Releasing lock on daemon addresses registry.
2026-09-03T19:36:20.582+0700 [DEBUG] [org.gradle.cache.internal.DefaultFileLockManager] Waiting to acquire shared lock on daemon addresses registry.
2026-09-03T19:36:20.583+0700 [DEBUG] [org.gradle.cache.internal.DefaultFileLockManager] Lock acquired on daemon addresses registry.
2026-09-03T19:36:20.583+0700 [DEBUG] [org.gradle.cache.internal.DefaultFileLockManager] Releasing lock on daemon addresses registry.
2026-09-03T19:36:20.585+0700 [DEBUG] [org.gradle.cache.internal.DefaultFileLockManager] Waiting to acquire shared lock on daemon addresses registry.
2026-09-03T19:36:20.585+0700 [DEBUG] [org.gradle.cache.internal.DefaultFileLockManager] Lock acquired on daemon addresses registry.
2026-09-03T19:36:20.585+0700 [DEBUG] [org.gradle.cache.internal.DefaultFileLockManager] Releasing lock on daemon addresses registry.
2026-09-03T19:36:22.350+0700 [DEBUG] [sun.rmi.transport.tcp] RMI TCP Connection(27)-127.0.0.1: (port 63431) connection closed
2026-09-03T19:36:22.356+0700 [DEBUG] [sun.rmi.transport.tcp] RMI TCP Connection(27)-127.0.0.1: close connection, socket: Socket[addr=/127.0.0.1,port=51568,localport=63431]
2026-09-03T19:36:22.365+0700 [DEBUG] [sun.rmi.transport.tcp] RMI TCP Connection(27)-127.0.0.1: socket close: Socket[addr=/127.0.0.1,port=51568,localport=63431]
2026-09-03T19:36:30.568+0700 [DEBUG] [org.gradle.cache.internal.DefaultFileLockManager] Waiting to acquire shared lock on daemon addresses registry.
2026-09-03T19:36:30.568+0700 [DEBUG] [org.gradle.cache.internal.DefaultFileLockManager] Lock acquired on daemon addresses registry.
2026-09-03T19:36:30.569+0700 [DEBUG] [org.gradle.cache.internal.DefaultFileLockManager] Releasing lock on daemon addresses registry.
2026-09-03T19:36:30.570+0700 [DEBUG] [org.gradle.cache.internal.DefaultFileLockManager] Waiting to acquire shared lock on daemon addresses registry.
2026-09-03T19:36:30.570+0700 [DEBUG] [org.gradle.cache.internal.DefaultFileLockManager] Lock acquired on daemon addresses registry.
2026-09-03T19:36:30.571+0700 [DEBUG] [org.gradle.cache.internal.DefaultFileLockManager] Releasing lock on daemon addresses registry.
2026-09-03T19:36:30.572+0700 [DEBUG] [org.gradle.cache.internal.DefaultFileLockManager] Waiting to acquire shared lock on daemon addresses registry.
2026-09-03T19:36:30.572+0700 [DEBUG] [org.gradle.cache.internal.DefaultFileLockManager] Lock acquired on daemon addresses registry.
2026-09-03T19:36:30.572+0700 [DEBUG] [org.gradle.cache.internal.DefaultFileLockManager] Releasing lock on daemon addresses registry.
2026-09-03T19:36:34.613+0700 [DEBUG] [sun.rmi.transport.tcp] RMI TCP Connection(28)-127.0.0.1: (port 63431) connection closed
2026-09-03T19:36:34.613+0700 [DEBUG] [sun.rmi.transport.tcp] RMI TCP Connection(28)-127.0.0.1: close connection, socket: Socket[addr=/127.0.0.1,port=51570,localport=63431]
2026-09-03T19:36:34.614+0700 [DEBUG] [sun.rmi.transport.tcp] RMI TCP Connection(28)-127.0.0.1: socket close: Socket[addr=/127.0.0.1,port=51570,localport=63431]
2026-09-03T19:36:40.578+0700 [DEBUG] [org.gradle.cache.internal.DefaultFileLockManager] Waiting to acquire shared lock on daemon addresses registry.
2026-09-03T19:36:40.578+0700 [DEBUG] [org.gradle.cache.internal.DefaultFileLockManager] Lock acquired on daemon addresses registry.
2026-09-03T19:36:40.578+0700 [DEBUG] [org.gradle.cache.internal.DefaultFileLockManager] Releasing lock on daemon addresses registry.
2026-09-03T19:36:40.580+0700 [DEBUG] [org.gradle.cache.internal.DefaultFileLockManager] Waiting to acquire shared lock on daemon addresses registry.
2026-09-03T19:36:40.580+0700 [DEBUG] [org.gradle.cache.internal.DefaultFileLockManager] Lock acquired on daemon addresses registry.
2026-09-03T19:36:40.580+0700 [DEBUG] [org.gradle.cache.internal.DefaultFileLockManager] Releasing lock on daemon addresses registry.
2026-09-03T19:36:40.582+0700 [DEBUG] [org.gradle.cache.internal.DefaultFileLockManager] Waiting to acquire shared lock on daemon addresses registry.
2026-09-03T19:36:40.582+0700 [DEBUG] [org.gradle.cache.internal.DefaultFileLockManager] Lock acquired on daemon addresses registry.
2026-09-03T19:36:40.583+0700 [DEBUG] [org.gradle.cache.internal.DefaultFileLockManager] Releasing lock on daemon addresses registry.
2026-09-03T19:36:46.129+0700 [DEBUG] [sun.rmi.transport.tcp] RMI TCP Connection(29)-127.0.0.1: accepted socket from [127.0.0.1:51572]
2026-09-03T19:36:46.129+0700 [DEBUG] [sun.rmi.transport.tcp] RMI TCP Connection(30)-127.0.0.1: accepted socket from [127.0.0.1:51573]
2026-09-03T19:36:46.131+0700 [DEBUG] [sun.rmi.transport.tcp] RMI TCP Connection(29)-127.0.0.1: (port 63431) op = 80
2026-09-03T19:36:46.131+0700 [DEBUG] [sun.rmi.transport.tcp] RMI TCP Connection(30)-127.0.0.1: (port 63431) op = 80
2026-09-03T19:36:46.132+0700 [DEBUG] [sun.rmi.loader] RMI TCP Connection(29)-127.0.0.1: name = "[Ljava.rmi.server.ObjID;", codebase = "", defaultLoader = jdk.internal.loader.ClassLoaders$PlatformClassLoader@792935a4
2026-09-03T19:36:46.132+0700 [DEBUG] [sun.rmi.loader] RMI TCP Connection(30)-127.0.0.1: name = "[Ljava.rmi.server.ObjID;", codebase = "", defaultLoader = jdk.internal.loader.ClassLoaders$PlatformClassLoader@792935a4
2026-09-03T19:36:46.133+0700 [DEBUG] [sun.rmi.loader] RMI TCP Connection(30)-127.0.0.1: name = "java.rmi.dgc.Lease", codebase = "", defaultLoader = jdk.internal.loader.ClassLoaders$PlatformClassLoader@792935a4
2026-09-03T19:36:46.133+0700 [DEBUG] [sun.rmi.loader] RMI TCP Connection(29)-127.0.0.1: name = "java.rmi.dgc.Lease", codebase = "", defaultLoader = jdk.internal.loader.ClassLoaders$PlatformClassLoader@792935a4
2026-09-03T19:36:46.133+0700 [DEBUG] [sun.rmi.loader] RMI TCP Connection(30)-127.0.0.1: name = "java.rmi.dgc.VMID", codebase = "", defaultLoader = jdk.internal.loader.ClassLoaders$PlatformClassLoader@792935a4
2026-09-03T19:36:46.133+0700 [DEBUG] [sun.rmi.loader] RMI TCP Connection(29)-127.0.0.1: name = "java.rmi.dgc.VMID", codebase = "", defaultLoader = jdk.internal.loader.ClassLoaders$PlatformClassLoader@792935a4
2026-09-03T19:36:46.133+0700 [DEBUG] [sun.rmi.loader] RMI TCP Connection(30)-127.0.0.1: name = "[B", codebase = "", defaultLoader = jdk.internal.loader.ClassLoaders$PlatformClassLoader@792935a4
2026-09-03T19:36:46.134+0700 [DEBUG] [sun.rmi.loader] RMI TCP Connection(29)-127.0.0.1: name = "[B", codebase = "", defaultLoader = jdk.internal.loader.ClassLoaders$PlatformClassLoader@792935a4
2026-09-03T19:36:46.134+0700 [DEBUG] [sun.rmi.loader] RMI TCP Connection(30)-127.0.0.1: name = "java.rmi.server.UID", codebase = "", defaultLoader = jdk.internal.loader.ClassLoaders$PlatformClassLoader@792935a4
2026-09-03T19:36:46.134+0700 [DEBUG] [sun.rmi.loader] RMI TCP Connection(29)-127.0.0.1: name = "java.rmi.server.UID", codebase = "", defaultLoader = jdk.internal.loader.ClassLoaders$PlatformClassLoader@792935a4
2026-09-03T19:36:50.574+0700 [DEBUG] [org.gradle.cache.internal.DefaultFileLockManager] Waiting to acquire shared lock on daemon addresses registry.
2026-09-03T19:36:50.574+0700 [DEBUG] [org.gradle.cache.internal.DefaultFileLockManager] Lock acquired on daemon addresses registry.
2026-09-03T19:36:50.574+0700 [DEBUG] [org.gradle.cache.internal.DefaultFileLockManager] Releasing lock on daemon addresses registry.
2026-09-03T19:36:50.576+0700 [DEBUG] [org.gradle.cache.internal.DefaultFileLockManager] Waiting to acquire shared lock on daemon addresses registry.
2026-09-03T19:36:50.576+0700 [DEBUG] [org.gradle.cache.internal.DefaultFileLockManager] Lock acquired on daemon addresses registry.
2026-09-03T19:36:50.576+0700 [DEBUG] [org.gradle.cache.internal.DefaultFileLockManager] Releasing lock on daemon addresses registry.
2026-09-03T19:36:50.577+0700 [DEBUG] [org.gradle.cache.internal.DefaultFileLockManager] Waiting to acquire shared lock on daemon addresses registry.
2026-09-03T19:36:50.577+0700 [DEBUG] [org.gradle.cache.internal.DefaultFileLockManager] Lock acquired on daemon addresses registry.
2026-09-03T19:36:50.578+0700 [DEBUG] [org.gradle.cache.internal.DefaultFileLockManager] Releasing lock on daemon addresses registry.
2026-09-03T19:36:59.792+0700 [DEBUG] [org.gradle.process.internal.health.memory.DefaultMemoryManager] 638754816 physical memory requested, 596586496 free
2026-09-03T19:36:59.792+0700 [DEBUG] [org.gradle.workers.internal.WorkerDaemonExpiration] Will attempt to release 609 of memory
2026-09-03T19:36:59.793+0700 [DEBUG] [org.gradle.process.internal.health.memory.DefaultMemoryManager] 638754816 physical memory requested, 0 released, 596586496 free
2026-09-03T19:37:00.574+0700 [DEBUG] [org.gradle.cache.internal.DefaultFileLockManager] Waiting to acquire shared lock on daemon addresses registry.
2026-09-03T19:37:00.574+0700 [DEBUG] [org.gradle.cache.internal.DefaultFileLockManager] Lock acquired on daemon addresses registry.
2026-09-03T19:37:00.574+0700 [DEBUG] [org.gradle.cache.internal.DefaultFileLockManager] Releasing lock on daemon addresses registry.
2026-09-03T19:37:00.577+0700 [DEBUG] [org.gradle.cache.internal.DefaultFileLockManager] Waiting to acquire shared lock on daemon addresses registry.
2026-09-03T19:37:00.577+0700 [DEBUG] [org.gradle.cache.internal.DefaultFileLockManager] Lock acquired on daemon addresses registry.
2026-09-03T19:37:00.577+0700 [DEBUG] [org.gradle.cache.internal.DefaultFileLockManager] Releasing lock on daemon addresses registry.
2026-09-03T19:37:00.579+0700 [DEBUG] [org.gradle.cache.internal.DefaultFileLockManager] Waiting to acquire shared lock on daemon addresses registry.
2026-09-03T19:37:00.579+0700 [DEBUG] [org.gradle.cache.internal.DefaultFileLockManager] Lock acquired on daemon addresses registry.
2026-09-03T19:37:00.579+0700 [DEBUG] [org.gradle.cache.internal.DefaultFileLockManager] Releasing lock on daemon addresses registry.
2026-09-03T19:37:01.136+0700 [DEBUG] [sun.rmi.transport.tcp] RMI TCP Connection(30)-127.0.0.1: (port 63431) connection closed
2026-09-03T19:37:01.136+0700 [DEBUG] [sun.rmi.transport.tcp] RMI TCP Connection(29)-127.0.0.1: (port 63431) connection closed
2026-09-03T19:37:01.137+0700 [DEBUG] [sun.rmi.transport.tcp] RMI TCP Connection(30)-127.0.0.1: close connection, socket: Socket[addr=/127.0.0.1,port=51573,localport=63431]
2026-09-03T19:37:01.137+0700 [DEBUG] [sun.rmi.transport.tcp] RMI TCP Connection(29)-127.0.0.1: close connection, socket: Socket[addr=/127.0.0.1,port=51572,localport=63431]
2026-09-03T19:37:01.138+0700 [DEBUG] [sun.rmi.transport.tcp] RMI TCP Connection(30)-127.0.0.1: socket close: Socket[addr=/127.0.0.1,port=51573,localport=63431]
2026-09-03T19:37:01.138+0700 [DEBUG] [sun.rmi.transport.tcp] RMI TCP Connection(29)-127.0.0.1: socket close: Socket[addr=/127.0.0.1,port=51572,localport=63431]
2026-09-03T19:37:04.800+0700 [DEBUG] [org.gradle.process.internal.health.memory.DefaultMemoryManager] 638754816 physical memory requested, 584953856 free
2026-09-03T19:37:04.800+0700 [DEBUG] [org.gradle.workers.internal.WorkerDaemonExpiration] Will attempt to release 609 of memory
2026-09-03T19:37:04.800+0700 [DEBUG] [org.gradle.process.internal.health.memory.DefaultMemoryManager] 638754816 physical memory requested, 0 released, 584953856 free
2026-09-03T19:37:09.789+0700 [DEBUG] [org.gradle.process.internal.health.memory.DefaultMemoryManager] 638754816 physical memory requested, 577564672 free
2026-09-03T19:37:09.789+0700 [DEBUG] [org.gradle.workers.internal.WorkerDaemonExpiration] Will attempt to release 609 of memory
2026-09-03T19:37:09.789+0700 [DEBUG] [org.gradle.process.internal.health.memory.DefaultMemoryManager] 638754816 physical memory requested, 0 released, 577564672 free
2026-09-03T19:37:10.576+0700 [DEBUG] [org.gradle.cache.internal.DefaultFileLockManager] Waiting to acquire shared lock on daemon addresses registry.
2026-09-03T19:37:10.576+0700 [DEBUG] [org.gradle.cache.internal.DefaultFileLockManager] Lock acquired on daemon addresses registry.
2026-09-03T19:37:10.577+0700 [DEBUG] [org.gradle.cache.internal.DefaultFileLockManager] Releasing lock on daemon addresses registry.
2026-09-03T19:37:10.578+0700 [DEBUG] [org.gradle.cache.internal.DefaultFileLockManager] Waiting to acquire shared lock on daemon addresses registry.
2026-09-03T19:37:10.579+0700 [DEBUG] [org.gradle.cache.internal.DefaultFileLockManager] Lock acquired on daemon addresses registry.
2026-09-03T19:37:10.580+0700 [DEBUG] [org.gradle.cache.internal.DefaultFileLockManager] Releasing lock on daemon addresses registry.
2026-09-03T19:37:10.581+0700 [DEBUG] [org.gradle.cache.internal.DefaultFileLockManager] Waiting to acquire shared lock on daemon addresses registry.
2026-09-03T19:37:10.582+0700 [DEBUG] [org.gradle.cache.internal.DefaultFileLockManager] Lock acquired on daemon addresses registry.
2026-09-03T19:37:10.582+0700 [DEBUG] [org.gradle.cache.internal.DefaultFileLockManager] Releasing lock on daemon addresses registry.
2026-09-03T19:37:14.789+0700 [DEBUG] [org.gradle.process.internal.health.memory.DefaultMemoryManager] 638754816 physical memory requested, 555184128 free
2026-09-03T19:37:14.789+0700 [DEBUG] [org.gradle.workers.internal.WorkerDaemonExpiration] Will attempt to release 609 of memory
2026-09-03T19:37:14.789+0700 [DEBUG] [org.gradle.process.internal.health.memory.DefaultMemoryManager] 638754816 physical memory requested, 0 released, 555184128 free
2026-09-03T19:37:19.793+0700 [DEBUG] [org.gradle.process.internal.health.memory.DefaultMemoryManager] 638754816 physical memory requested, 544456704 free
2026-09-03T19:37:19.793+0700 [DEBUG] [org.gradle.workers.internal.WorkerDaemonExpiration] Will attempt to release 609 of memory
2026-09-03T19:37:19.793+0700 [DEBUG] [org.gradle.process.internal.health.memory.DefaultMemoryManager] 638754816 physical memory requested, 0 released, 544456704 free
2026-09-03T19:37:20.583+0700 [DEBUG] [org.gradle.cache.internal.DefaultFileLockManager] Waiting to acquire shared lock on daemon addresses registry.
2026-09-03T19:37:20.583+0700 [DEBUG] [org.gradle.cache.internal.DefaultFileLockManager] Lock acquired on daemon addresses registry.
2026-09-03T19:37:20.583+0700 [DEBUG] [org.gradle.cache.internal.DefaultFileLockManager] Releasing lock on daemon addresses registry.
2026-09-03T19:37:20.585+0700 [DEBUG] [org.gradle.cache.internal.DefaultFileLockManager] Waiting to acquire shared lock on daemon addresses registry.
2026-09-03T19:37:20.585+0700 [DEBUG] [org.gradle.cache.internal.DefaultFileLockManager] Lock acquired on daemon addresses registry.
2026-09-03T19:37:20.585+0700 [DEBUG] [org.gradle.cache.internal.DefaultFileLockManager] Releasing lock on daemon addresses registry.
2026-09-03T19:37:20.586+0700 [DEBUG] [org.gradle.cache.internal.DefaultFileLockManager] Waiting to acquire shared lock on daemon addresses registry.
2026-09-03T19:37:20.586+0700 [DEBUG] [org.gradle.cache.internal.DefaultFileLockManager] Lock acquired on daemon addresses registry.
2026-09-03T19:37:20.586+0700 [DEBUG] [org.gradle.cache.internal.DefaultFileLockManager] Releasing lock on daemon addresses registry.
2026-09-03T19:37:24.812+0700 [DEBUG] [org.gradle.process.internal.health.memory.DefaultMemoryManager] 638754816 physical memory requested, 540684288 free
2026-09-03T19:37:24.812+0700 [DEBUG] [org.gradle.workers.internal.WorkerDaemonExpiration] Will attempt to release 609 of memory
2026-09-03T19:37:24.812+0700 [DEBUG] [org.gradle.process.internal.health.memory.DefaultMemoryManager] 638754816 physical memory requested, 0 released, 540684288 free
2026-09-03T19:37:29.790+0700 [DEBUG] [org.gradle.process.internal.health.memory.DefaultMemoryManager] 638754816 physical memory requested, 542138368 free
2026-09-03T19:37:29.790+0700 [DEBUG] [org.gradle.workers.internal.WorkerDaemonExpiration] Will attempt to release 609 of memory
2026-09-03T19:37:29.790+0700 [DEBUG] [org.gradle.process.internal.health.memory.DefaultMemoryManager] 638754816 physical memory requested, 0 released, 542138368 free
2026-09-03T19:37:30.573+0700 [DEBUG] [org.gradle.cache.internal.DefaultFileLockManager] Waiting to acquire shared lock on daemon addresses registry.
2026-09-03T19:37:30.573+0700 [DEBUG] [org.gradle.cache.internal.DefaultFileLockManager] Lock acquired on daemon addresses registry.
2026-09-03T19:37:30.574+0700 [DEBUG] [org.gradle.cache.internal.DefaultFileLockManager] Releasing lock on daemon addresses registry.
2026-09-03T19:37:30.576+0700 [DEBUG] [org.gradle.cache.internal.DefaultFileLockManager] Waiting to acquire shared lock on daemon addresses registry.
2026-09-03T19:37:30.576+0700 [DEBUG] [org.gradle.cache.internal.DefaultFileLockManager] Lock acquired on daemon addresses registry.
2026-09-03T19:37:30.576+0700 [DEBUG] [org.gradle.cache.internal.DefaultFileLockManager] Releasing lock on daemon addresses registry.
2026-09-03T19:37:30.577+0700 [DEBUG] [org.gradle.cache.internal.DefaultFileLockManager] Waiting to acquire shared lock on daemon addresses registry.
2026-09-03T19:37:30.577+0700 [DEBUG] [org.gradle.cache.internal.DefaultFileLockManager] Lock acquired on daemon addresses registry.
2026-09-03T19:37:30.578+0700 [DEBUG] [org.gradle.cache.internal.DefaultFileLockManager] Releasing lock on daemon addresses registry.
2026-09-03T19:37:34.788+0700 [DEBUG] [org.gradle.process.internal.health.memory.DefaultMemoryManager] 638754816 physical memory requested, 536350720 free
2026-09-03T19:37:34.789+0700 [DEBUG] [org.gradle.workers.internal.WorkerDaemonExpiration] Will attempt to release 609 of memory
2026-09-03T19:37:34.789+0700 [DEBUG] [org.gradle.process.internal.health.memory.DefaultMemoryManager] 638754816 physical memory requested, 0 released, 536350720 free
2026-09-03T19:37:40.572+0700 [DEBUG] [org.gradle.cache.internal.DefaultFileLockManager] Waiting to acquire shared lock on daemon addresses registry.
2026-09-03T19:37:40.573+0700 [DEBUG] [org.gradle.cache.internal.DefaultFileLockManager] Lock acquired on daemon addresses registry.
2026-09-03T19:37:40.578+0700 [DEBUG] [org.gradle.cache.internal.DefaultFileLockManager] Releasing lock on daemon addresses registry.
2026-09-03T19:37:40.579+0700 [DEBUG] [org.gradle.cache.internal.DefaultFileLockManager] Waiting to acquire shared lock on daemon addresses registry.
2026-09-03T19:37:40.580+0700 [DEBUG] [org.gradle.cache.internal.DefaultFileLockManager] Lock acquired on daemon addresses registry.
2026-09-03T19:37:40.580+0700 [DEBUG] [org.gradle.cache.internal.DefaultFileLockManager] Releasing lock on daemon addresses registry.
2026-09-03T19:37:40.581+0700 [DEBUG] [org.gradle.cache.internal.DefaultFileLockManager] Waiting to acquire shared lock on daemon addresses registry.
2026-09-03T19:37:40.581+0700 [DEBUG] [org.gradle.cache.internal.DefaultFileLockManager] Lock acquired on daemon addresses registry.
2026-09-03T19:37:40.581+0700 [DEBUG] [org.gradle.cache.internal.DefaultFileLockManager] Releasing lock on daemon addresses registry.
2026-09-03T19:37:49.787+0700 [DEBUG] [org.gradle.process.internal.health.memory.DefaultMemoryManager] 638754816 physical memory requested, 606175232 free
2026-09-03T19:37:49.787+0700 [DEBUG] [org.gradle.workers.internal.WorkerDaemonExpiration] Will attempt to release 609 of memory
2026-09-03T19:37:49.787+0700 [DEBUG] [org.gradle.process.internal.health.memory.DefaultMemoryManager] 638754816 physical memory requested, 0 released, 606175232 free
2026-09-03T19:37:50.574+0700 [DEBUG] [org.gradle.cache.internal.DefaultFileLockManager] Waiting to acquire shared lock on daemon addresses registry.
2026-09-03T19:37:50.574+0700 [DEBUG] [org.gradle.cache.internal.DefaultFileLockManager] Lock acquired on daemon addresses registry.
2026-09-03T19:37:50.574+0700 [DEBUG] [org.gradle.cache.internal.DefaultFileLockManager] Releasing lock on daemon addresses registry.
2026-09-03T19:37:50.576+0700 [DEBUG] [org.gradle.cache.internal.DefaultFileLockManager] Waiting to acquire shared lock on daemon addresses registry.
2026-09-03T19:37:50.577+0700 [DEBUG] [org.gradle.cache.internal.DefaultFileLockManager] Lock acquired on daemon addresses registry.
2026-09-03T19:37:50.577+0700 [DEBUG] [org.gradle.cache.internal.DefaultFileLockManager] Releasing lock on daemon addresses registry.
2026-09-03T19:37:50.578+0700 [DEBUG] [org.gradle.cache.internal.DefaultFileLockManager] Waiting to acquire shared lock on daemon addresses registry.
2026-09-03T19:37:50.579+0700 [DEBUG] [org.gradle.cache.internal.DefaultFileLockManager] Lock acquired on daemon addresses registry.
2026-09-03T19:37:50.579+0700 [DEBUG] [org.gradle.cache.internal.DefaultFileLockManager] Releasing lock on daemon addresses registry.
2026-09-03T19:38:00.569+0700 [DEBUG] [org.gradle.cache.internal.DefaultFileLockManager] Waiting to acquire shared lock on daemon addresses registry.
2026-09-03T19:38:00.569+0700 [DEBUG] [org.gradle.cache.internal.DefaultFileLockManager] Lock acquired on daemon addresses registry.
2026-09-03T19:38:00.569+0700 [DEBUG] [org.gradle.cache.internal.DefaultFileLockManager] Releasing lock on daemon addresses registry.
2026-09-03T19:38:00.572+0700 [DEBUG] [org.gradle.cache.internal.DefaultFileLockManager] Waiting to acquire shared lock on daemon addresses registry.
2026-09-03T19:38:00.573+0700 [DEBUG] [org.gradle.cache.internal.DefaultFileLockManager] Lock acquired on daemon addresses registry.
2026-09-03T19:38:00.573+0700 [DEBUG] [org.gradle.cache.internal.DefaultFileLockManager] Releasing lock on daemon addresses registry.
2026-09-03T19:38:00.575+0700 [DEBUG] [org.gradle.cache.internal.DefaultFileLockManager] Waiting to acquire shared lock on daemon addresses registry.
2026-09-03T19:38:00.575+0700 [DEBUG] [org.gradle.cache.internal.DefaultFileLockManager] Lock acquired on daemon addresses registry.
2026-09-03T19:38:00.576+0700 [DEBUG] [org.gradle.cache.internal.DefaultFileLockManager] Releasing lock on daemon addresses registry.
2026-09-03T19:38:10.565+0700 [DEBUG] [org.gradle.cache.internal.DefaultFileLockManager] Waiting to acquire shared lock on daemon addresses registry.
2026-09-03T19:38:10.565+0700 [DEBUG] [org.gradle.cache.internal.DefaultFileLockManager] Lock acquired on daemon addresses registry.
2026-09-03T19:38:10.565+0700 [DEBUG] [org.gradle.cache.internal.DefaultFileLockManager] Releasing lock on daemon addresses registry.
2026-09-03T19:38:10.568+0700 [DEBUG] [org.gradle.cache.internal.DefaultFileLockManager] Waiting to acquire shared lock on daemon addresses registry.
2026-09-03T19:38:10.568+0700 [DEBUG] [org.gradle.cache.internal.DefaultFileLockManager] Lock acquired on daemon addresses registry.
2026-09-03T19:38:10.573+0700 [DEBUG] [org.gradle.cache.internal.DefaultFileLockManager] Releasing lock on daemon addresses registry.
2026-09-03T19:38:10.574+0700 [DEBUG] [org.gradle.cache.internal.DefaultFileLockManager] Waiting to acquire shared lock on daemon addresses registry.
2026-09-03T19:38:10.575+0700 [DEBUG] [org.gradle.cache.internal.DefaultFileLockManager] Lock acquired on daemon addresses registry.
2026-09-03T19:38:10.575+0700 [DEBUG] [org.gradle.cache.internal.DefaultFileLockManager] Releasing lock on daemon addresses registry.
2026-09-03T19:38:20.125+0700 [DEBUG] [org.gradle.internal.remote.internal.inet.TcpIncomingConnector] Accepted connection from /127.0.0.1:51578 to /127.0.0.1:54027.
2026-09-03T19:38:20.237+0700 [DEBUG] [org.gradle.launcher.daemon.server.SynchronizedDispatchConnection] thread 827: received class org.gradle.launcher.daemon.protocol.Build
2026-09-03T19:38:20.238+0700 [DEBUG] [org.gradle.launcher.daemon.server.DefaultDaemonConnection] thread 827: Received non-IO message from client: Build{id=c383b7c1-20e9-4629-b3be-454e437603c0, currentDir=D:\AbsensiSeleksi}
2026-09-03T19:38:20.240+0700 [INFO] [org.gradle.launcher.daemon.server.DefaultIncomingConnectionHandler] Received command: Build{id=c383b7c1-20e9-4629-b3be-454e437603c0, currentDir=D:\AbsensiSeleksi}.
2026-09-03T19:38:20.242+0700 [DEBUG] [org.gradle.launcher.daemon.server.DefaultIncomingConnectionHandler] Starting executing command: Build{id=c383b7c1-20e9-4629-b3be-454e437603c0, currentDir=D:\AbsensiSeleksi} with connection: socket connection from /127.0.0.1:54027 to /127.0.0.1:51578.
2026-09-03T19:38:20.259+0700 [DEBUG] [org.gradle.launcher.daemon.server.DaemonStateCoordinator] Command execution: started DaemonCommandExecution[command = Build{id=c383b7c1-20e9-4629-b3be-454e437603c0, currentDir=D:\AbsensiSeleksi}, connection = DefaultDaemonConnection: socket connection from /127.0.0.1:54027 to /127.0.0.1:51578] after 5.59965 minutes of idle
2026-09-03T19:38:20.260+0700 [INFO] [org.gradle.launcher.daemon.server.DaemonRegistryUpdater] Marking the daemon as busy, address: [f2f1712e-f482-409b-b31d-d4d926729cf0 port:54027, addresses:[localhost/127.0.0.1]]
2026-09-03T19:38:20.260+0700 [DEBUG] [org.gradle.launcher.daemon.registry.PersistentDaemonRegistry] Marking busy by address: [f2f1712e-f482-409b-b31d-d4d926729cf0 port:54027, addresses:[localhost/127.0.0.1]]
2026-09-03T19:38:20.264+0700 [DEBUG] [org.gradle.cache.internal.DefaultFileLockManager] Waiting to acquire exclusive lock on daemon addresses registry.
2026-09-03T19:38:20.270+0700 [DEBUG] [org.gradle.cache.internal.DefaultFileLockManager] Lock acquired on daemon addresses registry.
2026-09-03T19:38:20.282+0700 [DEBUG] [org.gradle.cache.internal.DefaultFileLockManager] Releasing lock on daemon addresses registry.
2026-09-03T19:38:20.282+0700 [DEBUG] [org.gradle.launcher.daemon.server.DaemonStateCoordinator] resetting idle timer
2026-09-03T19:38:20.283+0700 [DEBUG] [org.gradle.launcher.daemon.server.DaemonStateCoordinator] daemon is running. Sleeping until state changes.
2026-09-03T19:38:20.285+0700 [INFO] [org.gradle.launcher.daemon.server.exec.StartBuildOrRespondWithBusy] Daemon is about to start building Build{id=c383b7c1-20e9-4629-b3be-454e437603c0, currentDir=D:\AbsensiSeleksi}. Dispatching build started information...
2026-09-03T19:38:20.285+0700 [DEBUG] [org.gradle.launcher.daemon.server.SynchronizedDispatchConnection] thread 829: dispatching org.gradle.launcher.daemon.protocol.BuildStarted@1e03a817
2026-09-03T19:38:20.304+0700 [DEBUG] [org.gradle.launcher.daemon.server.exec.EstablishBuildEnvironment] Configuring env variables: [USERDOMAIN_ROAMINGPROFILE, LOCALAPPDATA, ChocolateyLastPathUpdate, PROCESSOR_LEVEL, USERDOMAIN, EFC_2376_1592913036, LOGONSERVER, SESSIONNAME, ALLUSERSPROFILE, PROCESSOR_ARCHITECTURE, PSModulePath, SystemDrive, asl.log, OneDrive, APPDATA, USERNAME, ChocolateyInstall, ProgramFiles(x86), CommonProgramFiles, Path, PATHEXT, DriverData, OS, OneDriveConsumer, COMPUTERNAME, EFC_2376_4126798990, EFC_2376_2946480783, PROCESSOR_REVISION, CommonProgramW6432, ComSpec, ProgramData, ProgramW6432, TEMP, HOMEPATH, SystemRoot, PROCESSOR_IDENTIFIER, HOMEDRIVE, USERPROFILE, TMP, CommonProgramFiles(x86), ProgramFiles, PUBLIC, windir, NUMBER_OF_PROCESSORS, =::]
2026-09-03T19:38:20.333+0700 [DEBUG] [org.gradle.launcher.daemon.server.exec.LogToClient] About to start relaying all logs to the client via the connection.
2026-09-03T19:38:20.336+0700 [INFO] [org.gradle.launcher.daemon.server.exec.LogToClient] The client will now receive all logging from the daemon (pid: 13916). The daemon log file: D:\AbsensiSeleksi\daemon\8.9\daemon-13916.out.log
2026-09-03T19:38:20.379+0700 [INFO] [org.gradle.launcher.daemon.server.exec.LogAndCheckHealth] Starting 9th build in daemon [uptime: 1 hrs 6 mins 10.463 secs, performance: 98%, GC rate: 0.00/s, heap usage: 0% of 2 GiB]
2026-09-03T19:38:20.383+0700 [DEBUG] [org.gradle.launcher.daemon.server.exec.ExecuteBuild] The daemon has started executing the build.
2026-09-03T19:38:20.386+0700 [DEBUG] [org.gradle.launcher.daemon.server.exec.ExecuteBuild] Executing build with daemon context: DefaultDaemonContext[uid=df18d942-da82-4165-9d75-043944abae8f,javaHome=C:\Users\AsusA416jp\.jdks\jbr-21.0.11,javaVersion=21,daemonRegistryDir=D:\AbsensiSeleksi\daemon,pid=13916,idleTimeout=10800000,priority=NORMAL,applyInstrumentationAgent=true,nativeServicesMode=ENABLED,daemonOpts=--add-opens=java.base/java.util=ALL-UNNAMED,--add-opens=java.base/java.lang=ALL-UNNAMED,--add-opens=java.base/java.lang.invoke=ALL-UNNAMED,--add-opens=java.prefs/java.util.prefs=ALL-UNNAMED,--add-exports=jdk.compiler/com.sun.tools.javac.api=ALL-UNNAMED,--add-exports=jdk.compiler/com.sun.tools.javac.util=ALL-UNNAMED,--add-opens=java.base/java.nio.charset=ALL-UNNAMED,--add-opens=java.base/java.net=ALL-UNNAMED,--add-opens=java.base/java.util.concurrent.atomic=ALL-UNNAMED,-Xmx2048m,-Dfile.encoding=UTF-8,-Duser.country=ID,-Duser.language=en,-Duser.variant]
Reusing configuration cache.

BUILD SUCCESSFUL in 7s
1 actionable task: 1 executed
Configuration cache entry reused.
2026-09-03T19:38:28.124+0700 [DEBUG] [org.gradle.launcher.daemon.server.exec.ExecuteBuild] The daemon has finished executing the build.
2026-09-03T19:38:28.143+0700 [DEBUG] [org.gradle.launcher.daemon.server.DaemonStateCoordinator] daemon is running. Sleeping until state changes.
2026-09-03T19:38:28.144+0700 [DEBUG] [org.gradle.launcher.daemon.server.DaemonStateCoordinator] Command execution: finished waiting for DaemonCommandExecution[command = Build{id=c383b7c1-20e9-4629-b3be-454e437603c0, currentDir=D:\AbsensiSeleksi}, connection = DefaultDaemonConnection: socket connection from /127.0.0.1:54027 to /127.0.0.1:51578]. Result org.gradle.launcher.daemon.server.DaemonStateCoordinator@27a4541e with state Busy
2026-09-03T19:38:28.145+0700 [DEBUG] [org.gradle.launcher.daemon.server.DaemonStateCoordinator] Command execution: completed DaemonCommandExecution[command = Build{id=c383b7c1-20e9-4629-b3be-454e437603c0, currentDir=D:\AbsensiSeleksi}, connection = DefaultDaemonConnection: socket connection from /127.0.0.1:54027 to /127.0.0.1:51578]
2026-09-03T19:38:28.145+0700 [DEBUG] [org.gradle.launcher.daemon.server.DaemonStateCoordinator] resetting idle timer
2026-09-03T19:38:28.145+0700 [INFO] [org.gradle.launcher.daemon.server.DaemonRegistryUpdater] Marking the daemon as idle, address: [f2f1712e-f482-409b-b31d-d4d926729cf0 port:54027, addresses:[localhost/127.0.0.1]]
2026-09-03T19:38:28.145+0700 [DEBUG] [org.gradle.launcher.daemon.registry.PersistentDaemonRegistry] Marking busy by address: [f2f1712e-f482-409b-b31d-d4d926729cf0 port:54027, addresses:[localhost/127.0.0.1]]
2026-09-03T19:38:28.146+0700 [DEBUG] [org.gradle.cache.internal.DefaultFileLockManager] Waiting to acquire exclusive lock on daemon addresses registry.
2026-09-03T19:38:28.147+0700 [DEBUG] [org.gradle.cache.internal.DefaultFileLockManager] Lock acquired on daemon addresses registry.
2026-09-03T19:38:28.148+0700 [DEBUG] [org.gradle.cache.internal.DefaultFileLockManager] Releasing lock on daemon addresses registry.
2026-09-03T19:38:28.148+0700 [DEBUG] [org.gradle.launcher.daemon.server.DaemonStateCoordinator] daemon is running. Sleeping until state changes.
2026-09-03T19:38:28.148+0700 [DEBUG] [org.gradle.launcher.daemon.server.exec.ReturnResult] Daemon is dispatching the build result: Success[value=org.gradle.launcher.exec.BuildActionResult@5f6ca922]
2026-09-03T19:38:28.149+0700 [DEBUG] [org.gradle.launcher.daemon.server.SynchronizedDispatchConnection] thread 826: dispatching Success[value=org.gradle.launcher.exec.BuildActionResult@5f6ca922]
2026-09-03T19:38:28.151+0700 [DEBUG] [org.gradle.launcher.daemon.server.SynchronizedDispatchConnection] thread 827: received class org.gradle.launcher.daemon.protocol.CloseInput
2026-09-03T19:38:28.151+0700 [DEBUG] [org.gradle.launcher.daemon.server.DefaultDaemonConnection] thread 827: Received IO message from client: org.gradle.launcher.daemon.protocol.CloseInput@6b641a99
2026-09-03T19:38:28.152+0700 [DEBUG] [org.gradle.launcher.daemon.server.SynchronizedDispatchConnection] thread 827: received class org.gradle.launcher.daemon.protocol.Finished
2026-09-03T19:38:28.152+0700 [DEBUG] [org.gradle.launcher.daemon.server.DefaultDaemonConnection] thread 827: Received non-IO message from client: org.gradle.launcher.daemon.protocol.Finished@65a3f985
2026-09-03T19:38:28.153+0700 [DEBUG] [org.gradle.internal.remote.internal.inet.SocketConnection] Discarding EOFException: java.io.EOFException
2026-09-03T19:38:28.153+0700 [DEBUG] [org.gradle.launcher.daemon.server.SynchronizedDispatchConnection] thread 827: received null
2026-09-03T19:38:28.153+0700 [DEBUG] [org.gradle.launcher.daemon.server.DefaultDaemonConnection] thread 827: Received end-of-input from client.
2026-09-03T19:38:28.153+0700 [DEBUG] [org.gradle.launcher.daemon.server.DefaultIncomingConnectionHandler] Finishing executing command: Build{id=c383b7c1-20e9-4629-b3be-454e437603c0, currentDir=D:\AbsensiSeleksi}
2026-09-03T19:38:28.153+0700 [WARN] [org.gradle.launcher.daemon.server.DefaultIncomingConnectionHandler] Timed out waiting for finished message from client socket connection from /127.0.0.1:54027 to /127.0.0.1:51578. Discarding connection.
2026-09-03T19:38:28.153+0700 [DEBUG] [org.gradle.launcher.daemon.server.SynchronizedDispatchConnection] thread 826: stopping connection
2026-09-03T19:38:28.154+0700 [DEBUG] [org.gradle.launcher.daemon.server.exec.CleanUpVirtualFileSystemAfterBuild] Cleaning virtual file system after build finished
2026-09-03T19:38:28.155+0700 [DEBUG] [org.gradle.launcher.daemon.server.SynchronizedDispatchConnection] thread 826: stopping connection
2026-09-03T19:38:29.801+0700 [DEBUG] [org.gradle.process.internal.health.memory.DefaultMemoryManager] 638754816 physical memory requested, 510611456 free
2026-09-03T19:38:29.802+0700 [DEBUG] [org.gradle.workers.internal.WorkerDaemonExpiration] Will attempt to release 609 of memory
2026-09-03T19:38:29.802+0700 [DEBUG] [org.gradle.process.internal.health.memory.DefaultMemoryManager] 638754816 physical memory requested, 0 released, 510611456 free
2026-09-03T19:38:30.591+0700 [DEBUG] [org.gradle.cache.internal.DefaultFileLockManager] Waiting to acquire shared lock on daemon addresses registry.
2026-09-03T19:38:30.593+0700 [DEBUG] [org.gradle.cache.internal.DefaultFileLockManager] Lock acquired on daemon addresses registry.
2026-09-03T19:38:30.594+0700 [DEBUG] [org.gradle.cache.internal.DefaultFileLockManager] Releasing lock on daemon addresses registry.
2026-09-03T19:38:30.600+0700 [DEBUG] [org.gradle.cache.internal.DefaultFileLockManager] Waiting to acquire shared lock on daemon addresses registry.
2026-09-03T19:38:30.600+0700 [DEBUG] [org.gradle.cache.internal.DefaultFileLockManager] Lock acquired on daemon addresses registry.
2026-09-03T19:38:30.601+0700 [DEBUG] [org.gradle.cache.internal.DefaultFileLockManager] Releasing lock on daemon addresses registry.
2026-09-03T19:38:34.792+0700 [DEBUG] [org.gradle.process.internal.health.memory.DefaultMemoryManager] 638754816 physical memory requested, 450617344 free
2026-09-03T19:38:34.792+0700 [DEBUG] [org.gradle.workers.internal.WorkerDaemonExpiration] Will attempt to release 609 of memory
2026-09-03T19:38:34.792+0700 [DEBUG] [org.gradle.process.internal.health.memory.DefaultMemoryManager] 638754816 physical memory requested, 0 released, 450617344 free
2026-09-03T19:38:39.789+0700 [DEBUG] [org.gradle.process.internal.health.memory.DefaultMemoryManager] 638754816 physical memory requested, 396558336 free
2026-09-03T19:38:39.789+0700 [DEBUG] [org.gradle.workers.internal.WorkerDaemonExpiration] Will attempt to release 609 of memory
2026-09-03T19:38:39.789+0700 [DEBUG] [org.gradle.process.internal.health.memory.DefaultMemoryManager] 638754816 physical memory requested, 0 released, 396558336 free
2026-09-03T19:38:40.576+0700 [DEBUG] [org.gradle.cache.internal.DefaultFileLockManager] Waiting to acquire shared lock on daemon addresses registry.
2026-09-03T19:38:40.577+0700 [DEBUG] [org.gradle.cache.internal.DefaultFileLockManager] Lock acquired on daemon addresses registry.
2026-09-03T19:38:40.607+0700 [DEBUG] [org.gradle.cache.internal.DefaultFileLockManager] Releasing lock on daemon addresses registry.
2026-09-03T19:38:40.610+0700 [DEBUG] [org.gradle.cache.internal.DefaultFileLockManager] Waiting to acquire shared lock on daemon addresses registry.
2026-09-03T19:38:40.610+0700 [DEBUG] [org.gradle.cache.internal.DefaultFileLockManager] Lock acquired on daemon addresses registry.
2026-09-03T19:38:40.610+0700 [DEBUG] [org.gradle.cache.internal.DefaultFileLockManager] Releasing lock on daemon addresses registry.
2026-09-03T19:38:40.612+0700 [DEBUG] [org.gradle.cache.internal.DefaultFileLockManager] Waiting to acquire shared lock on daemon addresses registry.
2026-09-03T19:38:40.612+0700 [DEBUG] [org.gradle.cache.internal.DefaultFileLockManager] Lock acquired on daemon addresses registry.
2026-09-03T19:38:40.612+0700 [DEBUG] [org.gradle.cache.internal.DefaultFileLockManager] Releasing lock on daemon addresses registry.
2026-09-03T19:38:50.574+0700 [DEBUG] [org.gradle.cache.internal.DefaultFileLockManager] Waiting to acquire shared lock on daemon addresses registry.
2026-09-03T19:38:50.574+0700 [DEBUG] [org.gradle.cache.internal.DefaultFileLockManager] Lock acquired on daemon addresses registry.
2026-09-03T19:38:50.575+0700 [DEBUG] [org.gradle.cache.internal.DefaultFileLockManager] Releasing lock on daemon addresses registry.
2026-09-03T19:38:50.577+0700 [DEBUG] [org.gradle.cache.internal.DefaultFileLockManager] Waiting to acquire shared lock on daemon addresses registry.
2026-09-03T19:38:50.577+0700 [DEBUG] [org.gradle.cache.internal.DefaultFileLockManager] Lock acquired on daemon addresses registry.
2026-09-03T19:38:50.578+0700 [DEBUG] [org.gradle.cache.internal.DefaultFileLockManager] Releasing lock on daemon addresses registry.
2026-09-03T19:38:50.579+0700 [DEBUG] [org.gradle.cache.internal.DefaultFileLockManager] Waiting to acquire shared lock on daemon addresses registry.
2026-09-03T19:38:50.579+0700 [DEBUG] [org.gradle.cache.internal.DefaultFileLockManager] Lock acquired on daemon addresses registry.
2026-09-03T19:38:50.579+0700 [DEBUG] [org.gradle.cache.internal.DefaultFileLockManager] Releasing lock on daemon addresses registry.
2026-09-03T19:38:54.642+0700 [DEBUG] [org.gradle.internal.remote.internal.inet.TcpIncomingConnector] Accepted connection from /127.0.0.1:51579 to /127.0.0.1:54027.
2026-09-03T19:38:54.657+0700 [DEBUG] [org.gradle.launcher.daemon.server.SynchronizedDispatchConnection] thread 852: received class org.gradle.launcher.daemon.protocol.Build
2026-09-03T19:38:54.658+0700 [DEBUG] [org.gradle.launcher.daemon.server.DefaultDaemonConnection] thread 852: Received non-IO message from client: Build{id=6446543d-d85f-4b21-bb7c-f581e9e764ae, currentDir=D:\AbsensiSeleksi}
2026-09-03T19:38:54.658+0700 [INFO] [org.gradle.launcher.daemon.server.DefaultIncomingConnectionHandler] Received command: Build{id=6446543d-d85f-4b21-bb7c-f581e9e764ae, currentDir=D:\AbsensiSeleksi}.
2026-09-03T19:38:54.658+0700 [DEBUG] [org.gradle.launcher.daemon.server.DefaultIncomingConnectionHandler] Starting executing command: Build{id=6446543d-d85f-4b21-bb7c-f581e9e764ae, currentDir=D:\AbsensiSeleksi} with connection: socket connection from /127.0.0.1:54027 to /127.0.0.1:51579.
2026-09-03T19:38:54.659+0700 [DEBUG] [org.gradle.launcher.daemon.server.DaemonStateCoordinator] Command execution: started DaemonCommandExecution[command = Build{id=6446543d-d85f-4b21-bb7c-f581e9e764ae, currentDir=D:\AbsensiSeleksi}, connection = DefaultDaemonConnection: socket connection from /127.0.0.1:54027 to /127.0.0.1:51579] after 0.4419 minutes of idle
2026-09-03T19:38:54.659+0700 [INFO] [org.gradle.launcher.daemon.server.DaemonRegistryUpdater] Marking the daemon as busy, address: [f2f1712e-f482-409b-b31d-d4d926729cf0 port:54027, addresses:[localhost/127.0.0.1]]
2026-09-03T19:38:54.660+0700 [DEBUG] [org.gradle.launcher.daemon.registry.PersistentDaemonRegistry] Marking busy by address: [f2f1712e-f482-409b-b31d-d4d926729cf0 port:54027, addresses:[localhost/127.0.0.1]]
2026-09-03T19:38:54.661+0700 [DEBUG] [org.gradle.cache.internal.DefaultFileLockManager] Waiting to acquire exclusive lock on daemon addresses registry.
2026-09-03T19:38:54.661+0700 [DEBUG] [org.gradle.cache.internal.DefaultFileLockManager] Lock acquired on daemon addresses registry.
2026-09-03T19:38:54.662+0700 [DEBUG] [org.gradle.cache.internal.DefaultFileLockManager] Releasing lock on daemon addresses registry.
2026-09-03T19:38:54.663+0700 [DEBUG] [org.gradle.launcher.daemon.server.DaemonStateCoordinator] resetting idle timer
2026-09-03T19:38:54.663+0700 [DEBUG] [org.gradle.launcher.daemon.server.DaemonStateCoordinator] daemon is running. Sleeping until state changes.
2026-09-03T19:38:54.663+0700 [INFO] [org.gradle.launcher.daemon.server.exec.StartBuildOrRespondWithBusy] Daemon is about to start building Build{id=6446543d-d85f-4b21-bb7c-f581e9e764ae, currentDir=D:\AbsensiSeleksi}. Dispatching build started information...
2026-09-03T19:38:54.664+0700 [DEBUG] [org.gradle.launcher.daemon.server.SynchronizedDispatchConnection] thread 829: dispatching org.gradle.launcher.daemon.protocol.BuildStarted@685369f2
2026-09-03T19:38:54.666+0700 [DEBUG] [org.gradle.launcher.daemon.server.exec.EstablishBuildEnvironment] Configuring env variables: [USERDOMAIN_ROAMINGPROFILE, LOCALAPPDATA, ChocolateyLastPathUpdate, PROCESSOR_LEVEL, USERDOMAIN, EFC_2376_1592913036, LOGONSERVER, SESSIONNAME, ALLUSERSPROFILE, PROCESSOR_ARCHITECTURE, PSModulePath, SystemDrive, asl.log, OneDrive, APPDATA, USERNAME, ChocolateyInstall, ProgramFiles(x86), CommonProgramFiles, Path, PATHEXT, DriverData, OS, OneDriveConsumer, COMPUTERNAME, EFC_2376_4126798990, EFC_2376_2946480783, PROCESSOR_REVISION, CommonProgramW6432, ComSpec, ProgramData, ProgramW6432, TEMP, HOMEPATH, SystemRoot, PROCESSOR_IDENTIFIER, HOMEDRIVE, USERPROFILE, TMP, CommonProgramFiles(x86), ProgramFiles, PUBLIC, windir, NUMBER_OF_PROCESSORS, =::]
2026-09-03T19:38:54.668+0700 [DEBUG] [org.gradle.launcher.daemon.server.exec.LogToClient] About to start relaying all logs to the client via the connection.
2026-09-03T19:38:54.668+0700 [INFO] [org.gradle.launcher.daemon.server.exec.LogToClient] The client will now receive all logging from the daemon (pid: 13916). The daemon log file: D:\AbsensiSeleksi\daemon\8.9\daemon-13916.out.log
2026-09-03T19:38:54.672+0700 [INFO] [org.gradle.launcher.daemon.server.exec.LogAndCheckHealth] Starting 10th build in daemon [uptime: 1 hrs 6 mins 44.792 secs, performance: 98%, GC rate: 0.00/s, heap usage: 0% of 2 GiB]
2026-09-03T19:38:54.673+0700 [DEBUG] [org.gradle.launcher.daemon.server.exec.ExecuteBuild] The daemon has started executing the build.
2026-09-03T19:38:54.674+0700 [DEBUG] [org.gradle.launcher.daemon.server.exec.ExecuteBuild] Executing build with daemon context: DefaultDaemonContext[uid=df18d942-da82-4165-9d75-043944abae8f,javaHome=C:\Users\AsusA416jp\.jdks\jbr-21.0.11,javaVersion=21,daemonRegistryDir=D:\AbsensiSeleksi\daemon,pid=13916,idleTimeout=10800000,priority=NORMAL,applyInstrumentationAgent=true,nativeServicesMode=ENABLED,daemonOpts=--add-opens=java.base/java.util=ALL-UNNAMED,--add-opens=java.base/java.lang=ALL-UNNAMED,--add-opens=java.base/java.lang.invoke=ALL-UNNAMED,--add-opens=java.prefs/java.util.prefs=ALL-UNNAMED,--add-exports=jdk.compiler/com.sun.tools.javac.api=ALL-UNNAMED,--add-exports=jdk.compiler/com.sun.tools.javac.util=ALL-UNNAMED,--add-opens=java.base/java.nio.charset=ALL-UNNAMED,--add-opens=java.base/java.net=ALL-UNNAMED,--add-opens=java.base/java.util.concurrent.atomic=ALL-UNNAMED,-Xmx2048m,-Dfile.encoding=UTF-8,-Duser.country=ID,-Duser.language=en,-Duser.variant]
Reusing configuration cache.
Unable to strip the following libraries, packaging them as they are: libface_detector_v2_jni.so, libimage_processing_util_jni.so.
w: [ksp] D:/AbsensiSeleksi/app/src/main/java/com/absensiseleksi/data/local/AppDatabase.kt:9: Schema export directory was not provided to the annotation processor so Room cannot export the schema. You can either provide `room.schemaLocation` annotation processor argument by applying the Room Gradle plugin (id 'androidx.room') OR set exportSchema to false.
w: file:///D:/AbsensiSeleksi/app/src/main/java/com/absensiseleksi/ui/attendance/AttendanceActivity.kt:64:9 Parameter 'permissions' is never used, could be renamed to _
w: file:///D:/AbsensiSeleksi/app/src/main/java/com/absensiseleksi/ui/attendance/AttendanceActivity.kt:276:13 'onBackPressed(): Unit' is deprecated. This method has been deprecated in favor of using the
      {@link OnBackPressedDispatcher} via {@link #getOnBackPressedDispatcher()}.
      The OnBackPressedDispatcher controls how back button events are dispatched
      to one or more {@link OnBackPressedCallback} objects.
w: file:///D:/AbsensiSeleksi/app/src/main/java/com/absensiseleksi/ui/attendance/AttendanceDetailActivity.kt:111:13 'onBackPressed(): Unit' is deprecated. This method has been deprecated in favor of using the
      {@link OnBackPressedDispatcher} via {@link #getOnBackPressedDispatcher()}.
      The OnBackPressedDispatcher controls how back button events are dispatched
      to one or more {@link OnBackPressedCallback} objects.
w: file:///D:/AbsensiSeleksi/app/src/main/java/com/absensiseleksi/ui/attendance/AttendanceSuccessActivity.kt:49:13 'onBackPressed(): Unit' is deprecated. This method has been deprecated in favor of using the
      {@link OnBackPressedDispatcher} via {@link #getOnBackPressedDispatcher()}.
      The OnBackPressedDispatcher controls how back button events are dispatched
      to one or more {@link OnBackPressedCallback} objects.
w: file:///D:/AbsensiSeleksi/app/src/main/java/com/absensiseleksi/ui/riwayat/RiwayatDetailActivity.kt:56:13 'onBackPressed(): Unit' is deprecated. This method has been deprecated in favor of using the
      {@link OnBackPressedDispatcher} via {@link #getOnBackPressedDispatcher()}.
      The OnBackPressedDispatcher controls how back button events are dispatched
      to one or more {@link OnBackPressedCallback} objects.

BUILD SUCCESSFUL in 3m 3s
43 actionable tasks: 43 executed
Configuration cache entry reused.
2026-09-03T19:41:58.776+0700 [DEBUG] [org.gradle.launcher.daemon.server.exec.ExecuteBuild] The daemon has finished executing the build.
2026-09-03T19:41:58.800+0700 [DEBUG] [org.gradle.launcher.daemon.server.DaemonStateCoordinator] daemon is running. Sleeping until state changes.
2026-09-03T19:41:58.805+0700 [DEBUG] [org.gradle.launcher.daemon.server.DaemonStateCoordinator] Command execution: finished waiting for DaemonCommandExecution[command = Build{id=6446543d-d85f-4b21-bb7c-f581e9e764ae, currentDir=D:\AbsensiSeleksi}, connection = DefaultDaemonConnection: socket connection from /127.0.0.1:54027 to /127.0.0.1:51579]. Result org.gradle.launcher.daemon.server.DaemonStateCoordinator@27a4541e with state Busy
2026-09-03T19:41:58.805+0700 [DEBUG] [org.gradle.launcher.daemon.server.DaemonStateCoordinator] Command execution: completed DaemonCommandExecution[command = Build{id=6446543d-d85f-4b21-bb7c-f581e9e764ae, currentDir=D:\AbsensiSeleksi}, connection = DefaultDaemonConnection: socket connection from /127.0.0.1:54027 to /127.0.0.1:51579]
2026-09-03T19:41:58.805+0700 [DEBUG] [org.gradle.launcher.daemon.server.DaemonStateCoordinator] resetting idle timer
2026-09-03T19:41:58.806+0700 [INFO] [org.gradle.launcher.daemon.server.DaemonRegistryUpdater] Marking the daemon as idle, address: [f2f1712e-f482-409b-b31d-d4d926729cf0 port:54027, addresses:[localhost/127.0.0.1]]
2026-09-03T19:41:58.807+0700 [DEBUG] [org.gradle.launcher.daemon.registry.PersistentDaemonRegistry] Marking busy by address: [f2f1712e-f482-409b-b31d-d4d926729cf0 port:54027, addresses:[localhost/127.0.0.1]]
2026-09-03T19:41:58.812+0700 [DEBUG] [org.gradle.cache.internal.DefaultFileLockManager] Waiting to acquire exclusive lock on daemon addresses registry.
2026-09-03T19:41:58.815+0700 [DEBUG] [org.gradle.cache.internal.DefaultFileLockManager] Lock acquired on daemon addresses registry.
2026-09-03T19:41:58.832+0700 [DEBUG] [org.gradle.cache.internal.DefaultFileLockManager] Releasing lock on daemon addresses registry.
2026-09-03T19:41:58.833+0700 [DEBUG] [org.gradle.launcher.daemon.server.exec.ReturnResult] Daemon is dispatching the build result: Success[value=org.gradle.launcher.exec.BuildActionResult@16e5e028]
2026-09-03T19:41:58.833+0700 [DEBUG] [org.gradle.launcher.daemon.server.DaemonStateCoordinator] daemon is running. Sleeping until state changes.
2026-09-03T19:41:58.833+0700 [DEBUG] [org.gradle.launcher.daemon.server.SynchronizedDispatchConnection] thread 826: dispatching Success[value=org.gradle.launcher.exec.BuildActionResult@16e5e028]
2026-09-03T19:41:58.846+0700 [DEBUG] [org.gradle.launcher.daemon.server.DefaultIncomingConnectionHandler] Finishing executing command: Build{id=6446543d-d85f-4b21-bb7c-f581e9e764ae, currentDir=D:\AbsensiSeleksi}
2026-09-03T19:41:58.847+0700 [DEBUG] [org.gradle.launcher.daemon.server.exec.CleanUpVirtualFileSystemAfterBuild] Cleaning virtual file system after build finished
2026-09-03T19:41:58.848+0700 [DEBUG] [org.gradle.launcher.daemon.server.SynchronizedDispatchConnection] thread 852: received class org.gradle.launcher.daemon.protocol.CloseInput
2026-09-03T19:41:58.850+0700 [DEBUG] [org.gradle.launcher.daemon.server.DefaultDaemonConnection] thread 852: Received IO message from client: org.gradle.launcher.daemon.protocol.CloseInput@2a3c20f1
2026-09-03T19:41:58.851+0700 [DEBUG] [org.gradle.launcher.daemon.server.SynchronizedDispatchConnection] thread 852: received class org.gradle.launcher.daemon.protocol.Finished
2026-09-03T19:41:58.851+0700 [DEBUG] [org.gradle.launcher.daemon.server.DefaultDaemonConnection] thread 852: Received non-IO message from client: org.gradle.launcher.daemon.protocol.Finished@24fbcbc6
2026-09-03T19:41:58.851+0700 [DEBUG] [org.gradle.launcher.daemon.server.DefaultIncomingConnectionHandler] Received finished message: org.gradle.launcher.daemon.protocol.Finished@24fbcbc6
2026-09-03T19:41:58.852+0700 [DEBUG] [org.gradle.internal.remote.internal.inet.SocketConnection] Discarding EOFException: java.io.EOFException
2026-09-03T19:41:58.852+0700 [DEBUG] [org.gradle.launcher.daemon.server.SynchronizedDispatchConnection] thread 826: stopping connection
2026-09-03T19:41:58.853+0700 [DEBUG] [org.gradle.launcher.daemon.server.SynchronizedDispatchConnection] thread 852: received null
2026-09-03T19:41:58.855+0700 [DEBUG] [org.gradle.launcher.daemon.server.DefaultDaemonConnection] thread 852: Received end-of-input from client.
2026-09-03T19:41:58.861+0700 [DEBUG] [org.gradle.launcher.daemon.server.SynchronizedDispatchConnection] thread 826: stopping connection
2026-09-03T19:41:59.839+0700 [DEBUG] [org.gradle.process.internal.health.memory.DefaultMemoryManager] 638754816 physical memory requested, 146546688 free
2026-09-03T19:41:59.842+0700 [DEBUG] [org.gradle.workers.internal.WorkerDaemonExpiration] Will attempt to release 609 of memory
2026-09-03T19:41:59.843+0700 [DEBUG] [org.gradle.process.internal.health.memory.DefaultMemoryManager] 638754816 physical memory requested, 0 released, 146546688 free
2026-09-03T19:42:00.653+0700 [DEBUG] [org.gradle.cache.internal.DefaultFileLockManager] Waiting to acquire shared lock on daemon addresses registry.
2026-09-03T19:42:00.654+0700 [DEBUG] [org.gradle.cache.internal.DefaultFileLockManager] Lock acquired on daemon addresses registry.
2026-09-03T19:42:00.655+0700 [DEBUG] [org.gradle.cache.internal.DefaultFileLockManager] Releasing lock on daemon addresses registry.
2026-09-03T19:42:00.703+0700 [DEBUG] [org.gradle.cache.internal.DefaultFileLockManager] Waiting to acquire shared lock on daemon addresses registry.
2026-09-03T19:42:00.703+0700 [DEBUG] [org.gradle.cache.internal.DefaultFileLockManager] Lock acquired on daemon addresses registry.
2026-09-03T19:42:00.704+0700 [DEBUG] [org.gradle.cache.internal.DefaultFileLockManager] Releasing lock on daemon addresses registry.
2026-09-03T19:42:05.116+0700 [DEBUG] [org.gradle.process.internal.health.memory.DefaultMemoryManager] 638754816 physical memory requested, 55132160 free
2026-09-03T19:42:05.116+0700 [DEBUG] [org.gradle.workers.internal.WorkerDaemonExpiration] Will attempt to release 609 of memory
2026-09-03T19:42:05.289+0700 [DEBUG] [org.gradle.process.internal.health.memory.DefaultMemoryManager] 638754816 physical memory requested, 0 released, 55132160 free
2026-09-03T19:42:09.788+0700 [DEBUG] [org.gradle.process.internal.health.memory.DefaultMemoryManager] 638754816 physical memory requested, 52531200 free
2026-09-03T19:42:09.790+0700 [DEBUG] [org.gradle.workers.internal.WorkerDaemonExpiration] Will attempt to release 609 of memory
2026-09-03T19:42:09.790+0700 [DEBUG] [org.gradle.process.internal.health.memory.DefaultMemoryManager] 638754816 physical memory requested, 0 released, 52531200 free
2026-09-03T19:42:10.597+0700 [DEBUG] [org.gradle.cache.internal.DefaultFileLockManager] Waiting to acquire shared lock on daemon addresses registry.
2026-09-03T19:42:10.603+0700 [DEBUG] [org.gradle.cache.internal.DefaultFileLockManager] Lock acquired on daemon addresses registry.
2026-09-03T19:42:10.781+0700 [DEBUG] [org.gradle.cache.internal.DefaultFileLockManager] Releasing lock on daemon addresses registry.
2026-09-03T19:42:10.787+0700 [DEBUG] [org.gradle.cache.internal.DefaultFileLockManager] Waiting to acquire shared lock on daemon addresses registry.
2026-09-03T19:42:10.788+0700 [DEBUG] [org.gradle.cache.internal.DefaultFileLockManager] Lock acquired on daemon addresses registry.
2026-09-03T19:42:10.788+0700 [DEBUG] [org.gradle.cache.internal.DefaultFileLockManager] Releasing lock on daemon addresses registry.
2026-09-03T19:42:10.791+0700 [DEBUG] [org.gradle.cache.internal.DefaultFileLockManager] Waiting to acquire shared lock on daemon addresses registry.
2026-09-03T19:42:10.792+0700 [DEBUG] [org.gradle.cache.internal.DefaultFileLockManager] Lock acquired on daemon addresses registry.
2026-09-03T19:42:10.794+0700 [DEBUG] [org.gradle.cache.internal.DefaultFileLockManager] Releasing lock on daemon addresses registry.
2026-09-03T19:42:14.794+0700 [DEBUG] [org.gradle.process.internal.health.memory.DefaultMemoryManager] 638754816 physical memory requested, 72327168 free
2026-09-03T19:42:14.794+0700 [DEBUG] [org.gradle.workers.internal.WorkerDaemonExpiration] Will attempt to release 609 of memory
2026-09-03T19:42:14.794+0700 [DEBUG] [org.gradle.process.internal.health.memory.DefaultMemoryManager] 638754816 physical memory requested, 0 released, 72327168 free
2026-09-03T19:42:19.791+0700 [DEBUG] [org.gradle.process.internal.health.memory.DefaultMemoryManager] 638754816 physical memory requested, 116240384 free
2026-09-03T19:42:19.794+0700 [DEBUG] [org.gradle.workers.internal.WorkerDaemonExpiration] Will attempt to release 609 of memory
2026-09-03T19:42:19.795+0700 [DEBUG] [org.gradle.process.internal.health.memory.DefaultMemoryManager] 638754816 physical memory requested, 0 released, 116240384 free
2026-09-03T19:42:20.579+0700 [DEBUG] [org.gradle.cache.internal.DefaultFileLockManager] Waiting to acquire shared lock on daemon addresses registry.
2026-09-03T19:42:20.585+0700 [DEBUG] [org.gradle.cache.internal.DefaultFileLockManager] Lock acquired on daemon addresses registry.
2026-09-03T19:42:20.638+0700 [DEBUG] [org.gradle.cache.internal.DefaultFileLockManager] Releasing lock on daemon addresses registry.
2026-09-03T19:42:20.647+0700 [DEBUG] [org.gradle.cache.internal.DefaultFileLockManager] Waiting to acquire shared lock on daemon addresses registry.
2026-09-03T19:42:20.647+0700 [DEBUG] [org.gradle.cache.internal.DefaultFileLockManager] Lock acquired on daemon addresses registry.
2026-09-03T19:42:20.648+0700 [DEBUG] [org.gradle.cache.internal.DefaultFileLockManager] Releasing lock on daemon addresses registry.
2026-09-03T19:42:20.653+0700 [DEBUG] [org.gradle.cache.internal.DefaultFileLockManager] Waiting to acquire shared lock on daemon addresses registry.
2026-09-03T19:42:20.654+0700 [DEBUG] [org.gradle.cache.internal.DefaultFileLockManager] Lock acquired on daemon addresses registry.
2026-09-03T19:42:20.656+0700 [DEBUG] [org.gradle.cache.internal.DefaultFileLockManager] Releasing lock on daemon addresses registry.
2026-09-03T19:42:24.788+0700 [DEBUG] [org.gradle.process.internal.health.memory.DefaultMemoryManager] 638754816 physical memory requested, 462614528 free
2026-09-03T19:42:24.789+0700 [DEBUG] [org.gradle.workers.internal.WorkerDaemonExpiration] Will attempt to release 609 of memory
2026-09-03T19:42:24.789+0700 [DEBUG] [org.gradle.process.internal.health.memory.DefaultMemoryManager] 638754816 physical memory requested, 0 released, 462614528 free
2026-09-03T19:42:30.565+0700 [DEBUG] [org.gradle.cache.internal.DefaultFileLockManager] Waiting to acquire shared lock on daemon addresses registry.
2026-09-03T19:42:30.565+0700 [DEBUG] [org.gradle.cache.internal.DefaultFileLockManager] Lock acquired on daemon addresses registry.
2026-09-03T19:42:30.594+0700 [DEBUG] [org.gradle.cache.internal.DefaultFileLockManager] Releasing lock on daemon addresses registry.
2026-09-03T19:42:30.596+0700 [DEBUG] [org.gradle.cache.internal.DefaultFileLockManager] Waiting to acquire shared lock on daemon addresses registry.
2026-09-03T19:42:30.596+0700 [DEBUG] [org.gradle.cache.internal.DefaultFileLockManager] Lock acquired on daemon addresses registry.
2026-09-03T19:42:30.596+0700 [DEBUG] [org.gradle.cache.internal.DefaultFileLockManager] Releasing lock on daemon addresses registry.
2026-09-03T19:42:30.597+0700 [DEBUG] [org.gradle.cache.internal.DefaultFileLockManager] Waiting to acquire shared lock on daemon addresses registry.
2026-09-03T19:42:30.598+0700 [DEBUG] [org.gradle.cache.internal.DefaultFileLockManager] Lock acquired on daemon addresses registry.
2026-09-03T19:42:30.598+0700 [DEBUG] [org.gradle.cache.internal.DefaultFileLockManager] Releasing lock on daemon addresses registry.
2026-09-03T19:42:34.786+0700 [DEBUG] [org.gradle.process.internal.health.memory.DefaultMemoryManager] 638754816 physical memory requested, 628711424 free
2026-09-03T19:42:34.787+0700 [DEBUG] [org.gradle.workers.internal.WorkerDaemonExpiration] Will attempt to release 609 of memory
2026-09-03T19:42:34.787+0700 [DEBUG] [org.gradle.process.internal.health.memory.DefaultMemoryManager] 638754816 physical memory requested, 0 released, 628711424 free
2026-09-03T19:42:39.791+0700 [DEBUG] [org.gradle.process.internal.health.memory.DefaultMemoryManager] 638754816 physical memory requested, 529207296 free
2026-09-03T19:42:39.791+0700 [DEBUG] [org.gradle.workers.internal.WorkerDaemonExpiration] Will attempt to release 609 of memory
2026-09-03T19:42:39.791+0700 [DEBUG] [org.gradle.process.internal.health.memory.DefaultMemoryManager] 638754816 physical memory requested, 0 released, 529207296 free
2026-09-03T19:42:40.573+0700 [DEBUG] [org.gradle.cache.internal.DefaultFileLockManager] Waiting to acquire shared lock on daemon addresses registry.
2026-09-03T19:42:40.590+0700 [DEBUG] [org.gradle.cache.internal.DefaultFileLockManager] Lock acquired on daemon addresses registry.
2026-09-03T19:42:40.591+0700 [DEBUG] [org.gradle.cache.internal.DefaultFileLockManager] Releasing lock on daemon addresses registry.
2026-09-03T19:42:40.596+0700 [DEBUG] [org.gradle.cache.internal.DefaultFileLockManager] Waiting to acquire shared lock on daemon addresses registry.
2026-09-03T19:42:40.596+0700 [DEBUG] [org.gradle.cache.internal.DefaultFileLockManager] Lock acquired on daemon addresses registry.
2026-09-03T19:42:40.598+0700 [DEBUG] [org.gradle.cache.internal.DefaultFileLockManager] Releasing lock on daemon addresses registry.
2026-09-03T19:42:40.601+0700 [DEBUG] [org.gradle.cache.internal.DefaultFileLockManager] Waiting to acquire shared lock on daemon addresses registry.
2026-09-03T19:42:40.602+0700 [DEBUG] [org.gradle.cache.internal.DefaultFileLockManager] Lock acquired on daemon addresses registry.
2026-09-03T19:42:40.602+0700 [DEBUG] [org.gradle.cache.internal.DefaultFileLockManager] Releasing lock on daemon addresses registry.
2026-09-03T19:42:50.595+0700 [DEBUG] [org.gradle.cache.internal.DefaultFileLockManager] Waiting to acquire shared lock on daemon addresses registry.
2026-09-03T19:42:50.595+0700 [DEBUG] [org.gradle.cache.internal.DefaultFileLockManager] Lock acquired on daemon addresses registry.
2026-09-03T19:42:50.595+0700 [DEBUG] [org.gradle.cache.internal.DefaultFileLockManager] Releasing lock on daemon addresses registry.
2026-09-03T19:42:50.597+0700 [DEBUG] [org.gradle.cache.internal.DefaultFileLockManager] Waiting to acquire shared lock on daemon addresses registry.
2026-09-03T19:42:50.597+0700 [DEBUG] [org.gradle.cache.internal.DefaultFileLockManager] Lock acquired on daemon addresses registry.
2026-09-03T19:42:50.597+0700 [DEBUG] [org.gradle.cache.internal.DefaultFileLockManager] Releasing lock on daemon addresses registry.
2026-09-03T19:42:50.598+0700 [DEBUG] [org.gradle.cache.internal.DefaultFileLockManager] Waiting to acquire shared lock on daemon addresses registry.
2026-09-03T19:42:50.598+0700 [DEBUG] [org.gradle.cache.internal.DefaultFileLockManager] Lock acquired on daemon addresses registry.
2026-09-03T19:42:50.598+0700 [DEBUG] [org.gradle.cache.internal.DefaultFileLockManager] Releasing lock on daemon addresses registry.
2026-09-03T19:43:00.568+0700 [DEBUG] [org.gradle.cache.internal.DefaultFileLockManager] Waiting to acquire shared lock on daemon addresses registry.
2026-09-03T19:43:00.568+0700 [DEBUG] [org.gradle.cache.internal.DefaultFileLockManager] Lock acquired on daemon addresses registry.
2026-09-03T19:43:00.568+0700 [DEBUG] [org.gradle.cache.internal.DefaultFileLockManager] Releasing lock on daemon addresses registry.
2026-09-03T19:43:00.569+0700 [DEBUG] [org.gradle.cache.internal.DefaultFileLockManager] Waiting to acquire shared lock on daemon addresses registry.
2026-09-03T19:43:00.570+0700 [DEBUG] [org.gradle.cache.internal.DefaultFileLockManager] Lock acquired on daemon addresses registry.
2026-09-03T19:43:00.570+0700 [DEBUG] [org.gradle.cache.internal.DefaultFileLockManager] Releasing lock on daemon addresses registry.
2026-09-03T19:43:00.571+0700 [DEBUG] [org.gradle.cache.internal.DefaultFileLockManager] Waiting to acquire shared lock on daemon addresses registry.
2026-09-03T19:43:00.571+0700 [DEBUG] [org.gradle.cache.internal.DefaultFileLockManager] Lock acquired on daemon addresses registry.
2026-09-03T19:43:00.571+0700 [DEBUG] [org.gradle.cache.internal.DefaultFileLockManager] Releasing lock on daemon addresses registry.
2026-09-03T19:43:10.567+0700 [DEBUG] [org.gradle.cache.internal.DefaultFileLockManager] Waiting to acquire shared lock on daemon addresses registry.
2026-09-03T19:43:10.567+0700 [DEBUG] [org.gradle.cache.internal.DefaultFileLockManager] Lock acquired on daemon addresses registry.
2026-09-03T19:43:10.568+0700 [DEBUG] [org.gradle.cache.internal.DefaultFileLockManager] Releasing lock on daemon addresses registry.
2026-09-03T19:43:10.570+0700 [DEBUG] [org.gradle.cache.internal.DefaultFileLockManager] Waiting to acquire shared lock on daemon addresses registry.
2026-09-03T19:43:10.570+0700 [DEBUG] [org.gradle.cache.internal.DefaultFileLockManager] Lock acquired on daemon addresses registry.
2026-09-03T19:43:10.571+0700 [DEBUG] [org.gradle.cache.internal.DefaultFileLockManager] Releasing lock on daemon addresses registry.
2026-09-03T19:43:10.573+0700 [DEBUG] [org.gradle.cache.internal.DefaultFileLockManager] Waiting to acquire shared lock on daemon addresses registry.
2026-09-03T19:43:10.573+0700 [DEBUG] [org.gradle.cache.internal.DefaultFileLockManager] Lock acquired on daemon addresses registry.
2026-09-03T19:43:10.573+0700 [DEBUG] [org.gradle.cache.internal.DefaultFileLockManager] Releasing lock on daemon addresses registry.
2026-09-03T19:43:20.575+0700 [DEBUG] [org.gradle.cache.internal.DefaultFileLockManager] Waiting to acquire shared lock on daemon addresses registry.
2026-09-03T19:43:20.576+0700 [DEBUG] [org.gradle.cache.internal.DefaultFileLockManager] Lock acquired on daemon addresses registry.
2026-09-03T19:43:20.576+0700 [DEBUG] [org.gradle.cache.internal.DefaultFileLockManager] Releasing lock on daemon addresses registry.
2026-09-03T19:43:20.578+0700 [DEBUG] [org.gradle.cache.internal.DefaultFileLockManager] Waiting to acquire shared lock on daemon addresses registry.
2026-09-03T19:43:20.578+0700 [DEBUG] [org.gradle.cache.internal.DefaultFileLockManager] Lock acquired on daemon addresses registry.
2026-09-03T19:43:20.579+0700 [DEBUG] [org.gradle.cache.internal.DefaultFileLockManager] Releasing lock on daemon addresses registry.
2026-09-03T19:43:20.579+0700 [DEBUG] [org.gradle.cache.internal.DefaultFileLockManager] Waiting to acquire shared lock on daemon addresses registry.
2026-09-03T19:43:20.593+0700 [DEBUG] [org.gradle.cache.internal.DefaultFileLockManager] Lock acquired on daemon addresses registry.
2026-09-03T19:43:20.593+0700 [DEBUG] [org.gradle.cache.internal.DefaultFileLockManager] Releasing lock on daemon addresses registry.
2026-09-03T19:43:24.379+0700 [DEBUG] [org.gradle.internal.remote.internal.inet.TcpIncomingConnector] Accepted connection from /127.0.0.1:56564 to /127.0.0.1:54027.
2026-09-03T19:43:24.625+0700 [DEBUG] [org.gradle.launcher.daemon.server.SynchronizedDispatchConnection] thread 928: received class org.gradle.launcher.daemon.protocol.Build
2026-09-03T19:43:24.627+0700 [DEBUG] [org.gradle.launcher.daemon.server.DefaultDaemonConnection] thread 928: Received non-IO message from client: Build{id=93e716b7-6dc5-40da-9fe4-04a11a0f1859, currentDir=D:\AbsensiSeleksi}
2026-09-03T19:43:24.630+0700 [INFO] [org.gradle.launcher.daemon.server.DefaultIncomingConnectionHandler] Received command: Build{id=93e716b7-6dc5-40da-9fe4-04a11a0f1859, currentDir=D:\AbsensiSeleksi}.
2026-09-03T19:43:24.630+0700 [DEBUG] [org.gradle.launcher.daemon.server.DefaultIncomingConnectionHandler] Starting executing command: Build{id=93e716b7-6dc5-40da-9fe4-04a11a0f1859, currentDir=D:\AbsensiSeleksi} with connection: socket connection from /127.0.0.1:54027 to /127.0.0.1:56564.
2026-09-03T19:43:24.643+0700 [DEBUG] [org.gradle.launcher.daemon.server.DaemonStateCoordinator] Command execution: started DaemonCommandExecution[command = Build{id=93e716b7-6dc5-40da-9fe4-04a11a0f1859, currentDir=D:\AbsensiSeleksi}, connection = DefaultDaemonConnection: socket connection from /127.0.0.1:54027 to /127.0.0.1:56564] after 1.4304833333333333 minutes of idle
2026-09-03T19:43:24.644+0700 [INFO] [org.gradle.launcher.daemon.server.DaemonRegistryUpdater] Marking the daemon as busy, address: [f2f1712e-f482-409b-b31d-d4d926729cf0 port:54027, addresses:[localhost/127.0.0.1]]
2026-09-03T19:43:24.644+0700 [DEBUG] [org.gradle.launcher.daemon.registry.PersistentDaemonRegistry] Marking busy by address: [f2f1712e-f482-409b-b31d-d4d926729cf0 port:54027, addresses:[localhost/127.0.0.1]]
2026-09-03T19:43:24.649+0700 [DEBUG] [org.gradle.cache.internal.DefaultFileLockManager] Waiting to acquire exclusive lock on daemon addresses registry.
2026-09-03T19:43:24.657+0700 [DEBUG] [org.gradle.cache.internal.DefaultFileLockManager] Lock acquired on daemon addresses registry.
2026-09-03T19:43:24.716+0700 [DEBUG] [org.gradle.cache.internal.DefaultFileLockManager] Releasing lock on daemon addresses registry.
2026-09-03T19:43:24.718+0700 [DEBUG] [org.gradle.launcher.daemon.server.DaemonStateCoordinator] resetting idle timer
2026-09-03T19:43:24.719+0700 [DEBUG] [org.gradle.launcher.daemon.server.DaemonStateCoordinator] daemon is running. Sleeping until state changes.
2026-09-03T19:43:24.721+0700 [INFO] [org.gradle.launcher.daemon.server.exec.StartBuildOrRespondWithBusy] Daemon is about to start building Build{id=93e716b7-6dc5-40da-9fe4-04a11a0f1859, currentDir=D:\AbsensiSeleksi}. Dispatching build started information...
2026-09-03T19:43:24.722+0700 [DEBUG] [org.gradle.launcher.daemon.server.SynchronizedDispatchConnection] thread 930: dispatching org.gradle.launcher.daemon.protocol.BuildStarted@795537e6
2026-09-03T19:43:24.740+0700 [DEBUG] [org.gradle.launcher.daemon.server.exec.EstablishBuildEnvironment] Configuring env variables: [USERDOMAIN_ROAMINGPROFILE, LOCALAPPDATA, ChocolateyLastPathUpdate, PROCESSOR_LEVEL, USERDOMAIN, EFC_2376_1592913036, LOGONSERVER, SESSIONNAME, ALLUSERSPROFILE, PROCESSOR_ARCHITECTURE, PSModulePath, SystemDrive, asl.log, OneDrive, APPDATA, USERNAME, ChocolateyInstall, ProgramFiles(x86), CommonProgramFiles, Path, ANDROID_STUDIO_AGENT, PATHEXT, DriverData, OS, OneDriveConsumer, COMPUTERNAME, EFC_2376_4126798990, EFC_2376_2946480783, PROCESSOR_REVISION, CommonProgramW6432, ComSpec, ProgramData, ProgramW6432, TEMP, HOMEPATH, SystemRoot, PROCESSOR_IDENTIFIER, HOMEDRIVE, USERPROFILE, TMP, CommonProgramFiles(x86), ProgramFiles, PUBLIC, windir, NUMBER_OF_PROCESSORS, =::]
2026-09-03T19:43:24.758+0700 [DEBUG] [org.gradle.launcher.daemon.server.exec.LogToClient] About to start relaying all logs to the client via the connection.
2026-09-03T19:43:24.762+0700 [INFO] [org.gradle.launcher.daemon.server.exec.LogToClient] The client will now receive all logging from the daemon (pid: 13916). The daemon log file: D:\AbsensiSeleksi\daemon\8.9\daemon-13916.out.log
2026-09-03T19:43:24.799+0700 [INFO] [org.gradle.launcher.daemon.server.exec.LogAndCheckHealth] Starting 11th build in daemon [uptime: 1 hrs 11 mins 14.888 secs, performance: 97%, GC rate: 0.00/s, heap usage: 0% of 2 GiB]
2026-09-03T19:43:24.803+0700 [DEBUG] [org.gradle.launcher.daemon.server.exec.ExecuteBuild] The daemon has started executing the build.
2026-09-03T19:43:24.808+0700 [DEBUG] [org.gradle.launcher.daemon.server.exec.ExecuteBuild] Executing build with daemon context: DefaultDaemonContext[uid=df18d942-da82-4165-9d75-043944abae8f,javaHome=C:\Users\AsusA416jp\.jdks\jbr-21.0.11,javaVersion=21,daemonRegistryDir=D:\AbsensiSeleksi\daemon,pid=13916,idleTimeout=10800000,priority=NORMAL,applyInstrumentationAgent=true,nativeServicesMode=ENABLED,daemonOpts=--add-opens=java.base/java.util=ALL-UNNAMED,--add-opens=java.base/java.lang=ALL-UNNAMED,--add-opens=java.base/java.lang.invoke=ALL-UNNAMED,--add-opens=java.prefs/java.util.prefs=ALL-UNNAMED,--add-exports=jdk.compiler/com.sun.tools.javac.api=ALL-UNNAMED,--add-exports=jdk.compiler/com.sun.tools.javac.util=ALL-UNNAMED,--add-opens=java.base/java.nio.charset=ALL-UNNAMED,--add-opens=java.base/java.net=ALL-UNNAMED,--add-opens=java.base/java.util.concurrent.atomic=ALL-UNNAMED,-Xmx2048m,-Dfile.encoding=UTF-8,-Duser.country=ID,-Duser.language=en,-Duser.variant]

BUILD SUCCESSFUL in 1m 59s
2026-09-03T19:45:24.079+0700 [DEBUG] [org.gradle.launcher.daemon.server.exec.ExecuteBuild] The daemon has finished executing the build.
2026-09-03T19:45:24.098+0700 [DEBUG] [org.gradle.launcher.daemon.server.DaemonStateCoordinator] daemon is running. Sleeping until state changes.
2026-09-03T19:45:24.100+0700 [DEBUG] [org.gradle.launcher.daemon.server.DaemonStateCoordinator] Command execution: finished waiting for DaemonCommandExecution[command = Build{id=93e716b7-6dc5-40da-9fe4-04a11a0f1859, currentDir=D:\AbsensiSeleksi}, connection = DefaultDaemonConnection: socket connection from /127.0.0.1:54027 to /127.0.0.1:56564]. Result org.gradle.launcher.daemon.server.DaemonStateCoordinator@27a4541e with state Busy
2026-09-03T19:45:24.100+0700 [DEBUG] [org.gradle.launcher.daemon.server.DaemonStateCoordinator] Command execution: completed DaemonCommandExecution[command = Build{id=93e716b7-6dc5-40da-9fe4-04a11a0f1859, currentDir=D:\AbsensiSeleksi}, connection = DefaultDaemonConnection: socket connection from /127.0.0.1:54027 to /127.0.0.1:56564]
2026-09-03T19:45:24.100+0700 [DEBUG] [org.gradle.launcher.daemon.server.DaemonStateCoordinator] resetting idle timer
2026-09-03T19:45:24.100+0700 [INFO] [org.gradle.launcher.daemon.server.DaemonRegistryUpdater] Marking the daemon as idle, address: [f2f1712e-f482-409b-b31d-d4d926729cf0 port:54027, addresses:[localhost/127.0.0.1]]
2026-09-03T19:45:24.100+0700 [DEBUG] [org.gradle.launcher.daemon.registry.PersistentDaemonRegistry] Marking busy by address: [f2f1712e-f482-409b-b31d-d4d926729cf0 port:54027, addresses:[localhost/127.0.0.1]]
2026-09-03T19:45:24.102+0700 [DEBUG] [org.gradle.cache.internal.DefaultFileLockManager] Waiting to acquire exclusive lock on daemon addresses registry.
2026-09-03T19:45:24.103+0700 [DEBUG] [org.gradle.cache.internal.DefaultFileLockManager] Lock acquired on daemon addresses registry.
2026-09-03T19:45:24.106+0700 [DEBUG] [org.gradle.cache.internal.DefaultFileLockManager] Releasing lock on daemon addresses registry.
2026-09-03T19:45:24.107+0700 [DEBUG] [org.gradle.launcher.daemon.server.exec.ReturnResult] Daemon is dispatching the build result: Success[value=org.gradle.launcher.exec.BuildActionResult@4de14f45]
2026-09-03T19:45:24.107+0700 [DEBUG] [org.gradle.launcher.daemon.server.DaemonStateCoordinator] daemon is running. Sleeping until state changes.
2026-09-03T19:45:24.107+0700 [DEBUG] [org.gradle.launcher.daemon.server.SynchronizedDispatchConnection] thread 927: dispatching Success[value=org.gradle.launcher.exec.BuildActionResult@4de14f45]
2026-09-03T19:45:24.110+0700 [DEBUG] [org.gradle.launcher.daemon.server.DefaultIncomingConnectionHandler] Finishing executing command: Build{id=93e716b7-6dc5-40da-9fe4-04a11a0f1859, currentDir=D:\AbsensiSeleksi}
2026-09-03T19:45:24.110+0700 [DEBUG] [org.gradle.launcher.daemon.server.exec.CleanUpVirtualFileSystemAfterBuild] Cleaning virtual file system after build finished
2026-09-03T19:45:24.598+0700 [DEBUG] [org.gradle.launcher.daemon.server.SynchronizedDispatchConnection] thread 928: received class org.gradle.launcher.daemon.protocol.CloseInput
2026-09-03T19:45:24.598+0700 [DEBUG] [org.gradle.launcher.daemon.server.DefaultDaemonConnection] thread 928: Received IO message from client: org.gradle.launcher.daemon.protocol.CloseInput@138efdc4
2026-09-03T19:45:24.601+0700 [DEBUG] [org.gradle.launcher.daemon.server.SynchronizedDispatchConnection] thread 928: received class org.gradle.launcher.daemon.protocol.Finished
2026-09-03T19:45:24.602+0700 [DEBUG] [org.gradle.launcher.daemon.server.DefaultDaemonConnection] thread 928: Received non-IO message from client: org.gradle.launcher.daemon.protocol.Finished@1d4901c5
2026-09-03T19:45:24.602+0700 [DEBUG] [org.gradle.launcher.daemon.server.DefaultIncomingConnectionHandler] Received finished message: org.gradle.launcher.daemon.protocol.Finished@1d4901c5
2026-09-03T19:45:24.602+0700 [DEBUG] [org.gradle.launcher.daemon.server.SynchronizedDispatchConnection] thread 927: stopping connection
2026-09-03T19:45:24.603+0700 [DEBUG] [org.gradle.internal.remote.internal.inet.SocketConnection] Discarding EOFException: java.io.EOFException
2026-09-03T19:45:24.603+0700 [DEBUG] [org.gradle.launcher.daemon.server.SynchronizedDispatchConnection] thread 928: received null
2026-09-03T19:45:24.603+0700 [DEBUG] [org.gradle.launcher.daemon.server.DefaultDaemonConnection] thread 928: Received end-of-input from client.
2026-09-03T19:45:24.605+0700 [DEBUG] [org.gradle.launcher.daemon.server.SynchronizedDispatchConnection] thread 927: stopping connection
2026-09-03T19:45:24.790+0700 [DEBUG] [org.gradle.process.internal.health.memory.DefaultMemoryManager] 638754816 physical memory requested, 475344896 free
2026-09-03T19:45:24.790+0700 [DEBUG] [org.gradle.workers.internal.WorkerDaemonExpiration] Will attempt to release 609 of memory
2026-09-03T19:45:24.791+0700 [DEBUG] [org.gradle.process.internal.health.memory.DefaultMemoryManager] 638754816 physical memory requested, 0 released, 475344896 free
2026-09-03T19:45:29.795+0700 [DEBUG] [org.gradle.process.internal.health.memory.DefaultMemoryManager] 638754816 physical memory requested, 427159552 free
2026-09-03T19:45:29.795+0700 [DEBUG] [org.gradle.workers.internal.WorkerDaemonExpiration] Will attempt to release 609 of memory
2026-09-03T19:45:29.795+0700 [DEBUG] [org.gradle.process.internal.health.memory.DefaultMemoryManager] 638754816 physical memory requested, 0 released, 427159552 free
2026-09-03T19:45:30.583+0700 [DEBUG] [org.gradle.cache.internal.DefaultFileLockManager] Waiting to acquire shared lock on daemon addresses registry.
2026-09-03T19:45:30.584+0700 [DEBUG] [org.gradle.cache.internal.DefaultFileLockManager] Lock acquired on daemon addresses registry.
2026-09-03T19:45:30.585+0700 [DEBUG] [org.gradle.cache.internal.DefaultFileLockManager] Releasing lock on daemon addresses registry.
2026-09-03T19:45:30.603+0700 [DEBUG] [org.gradle.cache.internal.DefaultFileLockManager] Waiting to acquire shared lock on daemon addresses registry.
2026-09-03T19:45:30.603+0700 [DEBUG] [org.gradle.cache.internal.DefaultFileLockManager] Lock acquired on daemon addresses registry.
2026-09-03T19:45:30.613+0700 [DEBUG] [org.gradle.cache.internal.DefaultFileLockManager] Releasing lock on daemon addresses registry.
2026-09-03T19:45:34.798+0700 [DEBUG] [org.gradle.process.internal.health.memory.DefaultMemoryManager] 638754816 physical memory requested, 441401344 free
2026-09-03T19:45:34.799+0700 [DEBUG] [org.gradle.workers.internal.WorkerDaemonExpiration] Will attempt to release 609 of memory
2026-09-03T19:45:34.799+0700 [DEBUG] [org.gradle.process.internal.health.memory.DefaultMemoryManager] 638754816 physical memory requested, 0 released, 441401344 free
2026-09-03T19:45:39.786+0700 [DEBUG] [org.gradle.process.internal.health.memory.DefaultMemoryManager] 638754816 physical memory requested, 299925504 free
2026-09-03T19:45:39.787+0700 [DEBUG] [org.gradle.workers.internal.WorkerDaemonExpiration] Will attempt to release 609 of memory
2026-09-03T19:45:39.787+0700 [DEBUG] [org.gradle.process.internal.health.memory.DefaultMemoryManager] 638754816 physical memory requested, 0 released, 299925504 free
2026-09-03T19:45:40.570+0700 [DEBUG] [org.gradle.cache.internal.DefaultFileLockManager] Waiting to acquire shared lock on daemon addresses registry.
2026-09-03T19:45:40.570+0700 [DEBUG] [org.gradle.cache.internal.DefaultFileLockManager] Lock acquired on daemon addresses registry.
2026-09-03T19:45:40.571+0700 [DEBUG] [org.gradle.cache.internal.DefaultFileLockManager] Releasing lock on daemon addresses registry.
2026-09-03T19:45:40.575+0700 [DEBUG] [org.gradle.cache.internal.DefaultFileLockManager] Waiting to acquire shared lock on daemon addresses registry.
2026-09-03T19:45:40.575+0700 [DEBUG] [org.gradle.cache.internal.DefaultFileLockManager] Lock acquired on daemon addresses registry.
2026-09-03T19:45:40.576+0700 [DEBUG] [org.gradle.cache.internal.DefaultFileLockManager] Releasing lock on daemon addresses registry.
2026-09-03T19:45:40.579+0700 [DEBUG] [org.gradle.cache.internal.DefaultFileLockManager] Waiting to acquire shared lock on daemon addresses registry.
2026-09-03T19:45:40.579+0700 [DEBUG] [org.gradle.cache.internal.DefaultFileLockManager] Lock acquired on daemon addresses registry.
2026-09-03T19:45:40.580+0700 [DEBUG] [org.gradle.cache.internal.DefaultFileLockManager] Releasing lock on daemon addresses registry.
2026-09-03T19:45:44.802+0700 [DEBUG] [org.gradle.process.internal.health.memory.DefaultMemoryManager] 638754816 physical memory requested, 346169344 free
2026-09-03T19:45:44.802+0700 [DEBUG] [org.gradle.workers.internal.WorkerDaemonExpiration] Will attempt to release 609 of memory
2026-09-03T19:45:44.802+0700 [DEBUG] [org.gradle.process.internal.health.memory.DefaultMemoryManager] 638754816 physical memory requested, 0 released, 346169344 free
2026-09-03T19:45:48.911+0700 [DEBUG] [sun.rmi.transport.tcp] RMI TCP Connection(39)-127.0.0.1: accepted socket from [127.0.0.1:56577]
2026-09-03T19:45:49.021+0700 [DEBUG] [sun.rmi.transport.tcp] RMI TCP Connection(39)-127.0.0.1: (port 63431) op = 80
2026-09-03T19:45:49.056+0700 [DEBUG] [sun.rmi.loader] RMI TCP Connection(39)-127.0.0.1: name = "[Ljava.rmi.server.ObjID;", codebase = "", defaultLoader = jdk.internal.loader.ClassLoaders$PlatformClassLoader@792935a4
2026-09-03T19:45:49.065+0700 [DEBUG] [sun.rmi.loader] RMI TCP Connection(39)-127.0.0.1: name = "java.rmi.dgc.Lease", codebase = "", defaultLoader = jdk.internal.loader.ClassLoaders$PlatformClassLoader@792935a4
2026-09-03T19:45:49.070+0700 [DEBUG] [sun.rmi.loader] RMI TCP Connection(39)-127.0.0.1: name = "java.rmi.dgc.VMID", codebase = "", defaultLoader = jdk.internal.loader.ClassLoaders$PlatformClassLoader@792935a4
2026-09-03T19:45:49.072+0700 [DEBUG] [sun.rmi.loader] RMI TCP Connection(39)-127.0.0.1: name = "[B", codebase = "", defaultLoader = jdk.internal.loader.ClassLoaders$PlatformClassLoader@792935a4
2026-09-03T19:45:49.084+0700 [DEBUG] [sun.rmi.loader] RMI TCP Connection(39)-127.0.0.1: name = "java.rmi.server.UID", codebase = "", defaultLoader = jdk.internal.loader.ClassLoaders$PlatformClassLoader@792935a4
2026-09-03T19:45:49.790+0700 [DEBUG] [org.gradle.process.internal.health.memory.DefaultMemoryManager] 638754816 physical memory requested, 479555584 free
2026-09-03T19:45:49.791+0700 [DEBUG] [org.gradle.workers.internal.WorkerDaemonExpiration] Will attempt to release 609 of memory
2026-09-03T19:45:49.792+0700 [DEBUG] [org.gradle.process.internal.health.memory.DefaultMemoryManager] 638754816 physical memory requested, 0 released, 479555584 free
2026-09-03T19:45:50.585+0700 [DEBUG] [org.gradle.cache.internal.DefaultFileLockManager] Waiting to acquire shared lock on daemon addresses registry.
2026-09-03T19:45:50.587+0700 [DEBUG] [org.gradle.cache.internal.DefaultFileLockManager] Lock acquired on daemon addresses registry.
2026-09-03T19:45:50.616+0700 [DEBUG] [org.gradle.cache.internal.DefaultFileLockManager] Releasing lock on daemon addresses registry.
2026-09-03T19:45:50.627+0700 [DEBUG] [org.gradle.cache.internal.DefaultFileLockManager] Waiting to acquire shared lock on daemon addresses registry.
2026-09-03T19:45:50.628+0700 [DEBUG] [org.gradle.cache.internal.DefaultFileLockManager] Lock acquired on daemon addresses registry.
2026-09-03T19:45:50.630+0700 [DEBUG] [org.gradle.cache.internal.DefaultFileLockManager] Releasing lock on daemon addresses registry.
2026-09-03T19:45:50.650+0700 [DEBUG] [org.gradle.cache.internal.DefaultFileLockManager] Waiting to acquire shared lock on daemon addresses registry.
2026-09-03T19:45:50.651+0700 [DEBUG] [org.gradle.cache.internal.DefaultFileLockManager] Lock acquired on daemon addresses registry.
2026-09-03T19:45:50.652+0700 [DEBUG] [org.gradle.cache.internal.DefaultFileLockManager] Releasing lock on daemon addresses registry.
2026-09-03T19:45:54.797+0700 [DEBUG] [org.gradle.process.internal.health.memory.DefaultMemoryManager] 638754816 physical memory requested, 428339200 free
2026-09-03T19:45:54.798+0700 [DEBUG] [org.gradle.workers.internal.WorkerDaemonExpiration] Will attempt to release 609 of memory
2026-09-03T19:45:54.798+0700 [DEBUG] [org.gradle.process.internal.health.memory.DefaultMemoryManager] 638754816 physical memory requested, 0 released, 428339200 free
2026-09-03T19:45:59.788+0700 [DEBUG] [org.gradle.process.internal.health.memory.DefaultMemoryManager] 638754816 physical memory requested, 401588224 free
2026-09-03T19:45:59.788+0700 [DEBUG] [org.gradle.workers.internal.WorkerDaemonExpiration] Will attempt to release 609 of memory
2026-09-03T19:45:59.788+0700 [DEBUG] [org.gradle.process.internal.health.memory.DefaultMemoryManager] 638754816 physical memory requested, 0 released, 401588224 free
2026-09-03T19:46:00.570+0700 [DEBUG] [org.gradle.cache.internal.DefaultFileLockManager] Waiting to acquire shared lock on daemon addresses registry.
2026-09-03T19:46:00.571+0700 [DEBUG] [org.gradle.cache.internal.DefaultFileLockManager] Lock acquired on daemon addresses registry.
2026-09-03T19:46:00.571+0700 [DEBUG] [org.gradle.cache.internal.DefaultFileLockManager] Releasing lock on daemon addresses registry.
2026-09-03T19:46:00.574+0700 [DEBUG] [org.gradle.cache.internal.DefaultFileLockManager] Waiting to acquire shared lock on daemon addresses registry.
2026-09-03T19:46:00.574+0700 [DEBUG] [org.gradle.cache.internal.DefaultFileLockManager] Lock acquired on daemon addresses registry.
2026-09-03T19:46:00.575+0700 [DEBUG] [org.gradle.cache.internal.DefaultFileLockManager] Releasing lock on daemon addresses registry.
2026-09-03T19:46:00.577+0700 [DEBUG] [org.gradle.cache.internal.DefaultFileLockManager] Waiting to acquire shared lock on daemon addresses registry.
2026-09-03T19:46:00.577+0700 [DEBUG] [org.gradle.cache.internal.DefaultFileLockManager] Lock acquired on daemon addresses registry.
2026-09-03T19:46:00.577+0700 [DEBUG] [org.gradle.cache.internal.DefaultFileLockManager] Releasing lock on daemon addresses registry.
2026-09-03T19:46:04.300+0700 [DEBUG] [sun.rmi.transport.tcp] RMI TCP Connection(39)-127.0.0.1: (port 63431) connection closed
2026-09-03T19:46:04.301+0700 [DEBUG] [sun.rmi.transport.tcp] RMI TCP Connection(39)-127.0.0.1: close connection, socket: Socket[addr=/127.0.0.1,port=56577,localport=63431]
2026-09-03T19:46:04.304+0700 [DEBUG] [sun.rmi.transport.tcp] RMI TCP Connection(39)-127.0.0.1: socket close: Socket[addr=/127.0.0.1,port=56577,localport=63431]
2026-09-03T19:46:04.798+0700 [DEBUG] [org.gradle.process.internal.health.memory.DefaultMemoryManager] 638754816 physical memory requested, 359321600 free
2026-09-03T19:46:04.799+0700 [DEBUG] [org.gradle.workers.internal.WorkerDaemonExpiration] Will attempt to release 609 of memory
2026-09-03T19:46:04.799+0700 [DEBUG] [org.gradle.process.internal.health.memory.DefaultMemoryManager] 638754816 physical memory requested, 0 released, 359321600 free
2026-09-03T19:46:09.787+0700 [DEBUG] [org.gradle.process.internal.health.memory.DefaultMemoryManager] 638754816 physical memory requested, 342548480 free
2026-09-03T19:46:09.787+0700 [DEBUG] [org.gradle.workers.internal.WorkerDaemonExpiration] Will attempt to release 609 of memory
2026-09-03T19:46:09.787+0700 [DEBUG] [org.gradle.process.internal.health.memory.DefaultMemoryManager] 638754816 physical memory requested, 0 released, 342548480 free
2026-09-03T19:46:10.573+0700 [DEBUG] [org.gradle.cache.internal.DefaultFileLockManager] Waiting to acquire shared lock on daemon addresses registry.
2026-09-03T19:46:10.573+0700 [DEBUG] [org.gradle.cache.internal.DefaultFileLockManager] Lock acquired on daemon addresses registry.
2026-09-03T19:46:10.574+0700 [DEBUG] [org.gradle.cache.internal.DefaultFileLockManager] Releasing lock on daemon addresses registry.
2026-09-03T19:46:10.575+0700 [DEBUG] [org.gradle.cache.internal.DefaultFileLockManager] Waiting to acquire shared lock on daemon addresses registry.
2026-09-03T19:46:10.575+0700 [DEBUG] [org.gradle.cache.internal.DefaultFileLockManager] Lock acquired on daemon addresses registry.
2026-09-03T19:46:10.576+0700 [DEBUG] [org.gradle.cache.internal.DefaultFileLockManager] Releasing lock on daemon addresses registry.
2026-09-03T19:46:10.577+0700 [DEBUG] [org.gradle.cache.internal.DefaultFileLockManager] Waiting to acquire shared lock on daemon addresses registry.
2026-09-03T19:46:10.577+0700 [DEBUG] [org.gradle.cache.internal.DefaultFileLockManager] Lock acquired on daemon addresses registry.
2026-09-03T19:46:10.577+0700 [DEBUG] [org.gradle.cache.internal.DefaultFileLockManager] Releasing lock on daemon addresses registry.
2026-09-03T19:46:12.889+0700 [DEBUG] [org.gradle.internal.remote.internal.inet.TcpIncomingConnector] Accepted connection from /127.0.0.1:56578 to /127.0.0.1:54027.
2026-09-03T19:46:12.968+0700 [DEBUG] [org.gradle.launcher.daemon.server.SynchronizedDispatchConnection] thread 1035: received class org.gradle.launcher.daemon.protocol.Build
2026-09-03T19:46:12.971+0700 [DEBUG] [org.gradle.launcher.daemon.server.DefaultDaemonConnection] thread 1035: Received non-IO message from client: Build{id=393796da-f00e-4c4c-8f7d-b6a1974c0e07, currentDir=D:\AbsensiSeleksi}
2026-09-03T19:46:12.973+0700 [INFO] [org.gradle.launcher.daemon.server.DefaultIncomingConnectionHandler] Received command: Build{id=393796da-f00e-4c4c-8f7d-b6a1974c0e07, currentDir=D:\AbsensiSeleksi}.
2026-09-03T19:46:12.973+0700 [DEBUG] [org.gradle.launcher.daemon.server.DefaultIncomingConnectionHandler] Starting executing command: Build{id=393796da-f00e-4c4c-8f7d-b6a1974c0e07, currentDir=D:\AbsensiSeleksi} with connection: socket connection from /127.0.0.1:54027 to /127.0.0.1:56578.
2026-09-03T19:46:12.978+0700 [DEBUG] [org.gradle.launcher.daemon.server.DaemonStateCoordinator] Command execution: started DaemonCommandExecution[command = Build{id=393796da-f00e-4c4c-8f7d-b6a1974c0e07, currentDir=D:\AbsensiSeleksi}, connection = DefaultDaemonConnection: socket connection from /127.0.0.1:54027 to /127.0.0.1:56578] after 0.8146166666666667 minutes of idle
2026-09-03T19:46:12.979+0700 [INFO] [org.gradle.launcher.daemon.server.DaemonRegistryUpdater] Marking the daemon as busy, address: [f2f1712e-f482-409b-b31d-d4d926729cf0 port:54027, addresses:[localhost/127.0.0.1]]
2026-09-03T19:46:12.979+0700 [DEBUG] [org.gradle.launcher.daemon.registry.PersistentDaemonRegistry] Marking busy by address: [f2f1712e-f482-409b-b31d-d4d926729cf0 port:54027, addresses:[localhost/127.0.0.1]]
2026-09-03T19:46:12.980+0700 [DEBUG] [org.gradle.cache.internal.DefaultFileLockManager] Waiting to acquire exclusive lock on daemon addresses registry.
2026-09-03T19:46:12.984+0700 [DEBUG] [org.gradle.cache.internal.DefaultFileLockManager] Lock acquired on daemon addresses registry.
2026-09-03T19:46:12.993+0700 [DEBUG] [org.gradle.cache.internal.DefaultFileLockManager] Releasing lock on daemon addresses registry.
2026-09-03T19:46:12.994+0700 [DEBUG] [org.gradle.launcher.daemon.server.DaemonStateCoordinator] resetting idle timer
2026-09-03T19:46:12.995+0700 [DEBUG] [org.gradle.launcher.daemon.server.DaemonStateCoordinator] daemon is running. Sleeping until state changes.
2026-09-03T19:46:12.995+0700 [INFO] [org.gradle.launcher.daemon.server.exec.StartBuildOrRespondWithBusy] Daemon is about to start building Build{id=393796da-f00e-4c4c-8f7d-b6a1974c0e07, currentDir=D:\AbsensiSeleksi}. Dispatching build started information...
2026-09-03T19:46:12.995+0700 [DEBUG] [org.gradle.launcher.daemon.server.SynchronizedDispatchConnection] thread 930: dispatching org.gradle.launcher.daemon.protocol.BuildStarted@dd3c74d
2026-09-03T19:46:13.004+0700 [DEBUG] [org.gradle.launcher.daemon.server.exec.EstablishBuildEnvironment] Configuring env variables: [USERDOMAIN_ROAMINGPROFILE, LOCALAPPDATA, ChocolateyLastPathUpdate, PROCESSOR_LEVEL, USERDOMAIN, EFC_2376_1592913036, LOGONSERVER, SESSIONNAME, ALLUSERSPROFILE, PROCESSOR_ARCHITECTURE, PSModulePath, SystemDrive, asl.log, OneDrive, APPDATA, USERNAME, ChocolateyInstall, ProgramFiles(x86), CommonProgramFiles, Path, ANDROID_STUDIO_AGENT, PATHEXT, DriverData, OS, OneDriveConsumer, COMPUTERNAME, EFC_2376_4126798990, EFC_2376_2946480783, PROCESSOR_REVISION, CommonProgramW6432, ComSpec, ProgramData, ProgramW6432, TEMP, HOMEPATH, SystemRoot, PROCESSOR_IDENTIFIER, HOMEDRIVE, USERPROFILE, TMP, CommonProgramFiles(x86), ProgramFiles, PUBLIC, windir, NUMBER_OF_PROCESSORS, =::]
2026-09-03T19:46:13.014+0700 [DEBUG] [org.gradle.launcher.daemon.server.exec.LogToClient] About to start relaying all logs to the client via the connection.
2026-09-03T19:46:13.016+0700 [INFO] [org.gradle.launcher.daemon.server.exec.LogToClient] The client will now receive all logging from the daemon (pid: 13916). The daemon log file: D:\AbsensiSeleksi\daemon\8.9\daemon-13916.out.log
2026-09-03T19:46:13.044+0700 [INFO] [org.gradle.launcher.daemon.server.exec.LogAndCheckHealth] Starting 12th build in daemon [uptime: 1 hrs 14 mins 3.142 secs, performance: 97%, GC rate: 0.00/s, heap usage: 0% of 2 GiB]
2026-09-03T19:46:13.046+0700 [DEBUG] [org.gradle.launcher.daemon.server.exec.ExecuteBuild] The daemon has started executing the build.
2026-09-03T19:46:13.048+0700 [DEBUG] [org.gradle.launcher.daemon.server.exec.ExecuteBuild] Executing build with daemon context: DefaultDaemonContext[uid=df18d942-da82-4165-9d75-043944abae8f,javaHome=C:\Users\AsusA416jp\.jdks\jbr-21.0.11,javaVersion=21,daemonRegistryDir=D:\AbsensiSeleksi\daemon,pid=13916,idleTimeout=10800000,priority=NORMAL,applyInstrumentationAgent=true,nativeServicesMode=ENABLED,daemonOpts=--add-opens=java.base/java.util=ALL-UNNAMED,--add-opens=java.base/java.lang=ALL-UNNAMED,--add-opens=java.base/java.lang.invoke=ALL-UNNAMED,--add-opens=java.prefs/java.util.prefs=ALL-UNNAMED,--add-exports=jdk.compiler/com.sun.tools.javac.api=ALL-UNNAMED,--add-exports=jdk.compiler/com.sun.tools.javac.util=ALL-UNNAMED,--add-opens=java.base/java.nio.charset=ALL-UNNAMED,--add-opens=java.base/java.net=ALL-UNNAMED,--add-opens=java.base/java.util.concurrent.atomic=ALL-UNNAMED,-Xmx2048m,-Dfile.encoding=UTF-8,-Duser.country=ID,-Duser.language=en,-Duser.variant]
Reusing configuration cache.
Unable to strip the following libraries, packaging them as they are: libface_detector_v2_jni.so, libimage_processing_util_jni.so.
w: [ksp] D:/AbsensiSeleksi/app/src/main/java/com/absensiseleksi/data/local/AppDatabase.kt:9: Schema export directory was not provided to the annotation processor so Room cannot export the schema. You can either provide `room.schemaLocation` annotation processor argument by applying the Room Gradle plugin (id 'androidx.room') OR set exportSchema to false.
w: file:///D:/AbsensiSeleksi/app/src/main/java/com/absensiseleksi/ui/attendance/AttendanceActivity.kt:64:9 Parameter 'permissions' is never used, could be renamed to _
w: file:///D:/AbsensiSeleksi/app/src/main/java/com/absensiseleksi/ui/attendance/AttendanceActivity.kt:276:13 'onBackPressed(): Unit' is deprecated. This method has been deprecated in favor of using the
      {@link OnBackPressedDispatcher} via {@link #getOnBackPressedDispatcher()}.
      The OnBackPressedDispatcher controls how back button events are dispatched
      to one or more {@link OnBackPressedCallback} objects.
w: file:///D:/AbsensiSeleksi/app/src/main/java/com/absensiseleksi/ui/attendance/AttendanceDetailActivity.kt:111:13 'onBackPressed(): Unit' is deprecated. This method has been deprecated in favor of using the
      {@link OnBackPressedDispatcher} via {@link #getOnBackPressedDispatcher()}.
      The OnBackPressedDispatcher controls how back button events are dispatched
      to one or more {@link OnBackPressedCallback} objects.
w: file:///D:/AbsensiSeleksi/app/src/main/java/com/absensiseleksi/ui/attendance/AttendanceSuccessActivity.kt:49:13 'onBackPressed(): Unit' is deprecated. This method has been deprecated in favor of using the
      {@link OnBackPressedDispatcher} via {@link #getOnBackPressedDispatcher()}.
      The OnBackPressedDispatcher controls how back button events are dispatched
      to one or more {@link OnBackPressedCallback} objects.
w: file:///D:/AbsensiSeleksi/app/src/main/java/com/absensiseleksi/ui/riwayat/RiwayatDetailActivity.kt:56:13 'onBackPressed(): Unit' is deprecated. This method has been deprecated in favor of using the
      {@link OnBackPressedDispatcher} via {@link #getOnBackPressedDispatcher()}.
      The OnBackPressedDispatcher controls how back button events are dispatched
      to one or more {@link OnBackPressedCallback} objects.

BUILD SUCCESSFUL in 2m 37s
85 actionable tasks: 49 executed, 36 up-to-date
Configuration cache entry reused.
2026-09-03T19:48:50.351+0700 [DEBUG] [org.gradle.launcher.daemon.server.exec.ExecuteBuild] The daemon has finished executing the build.
2026-09-03T19:48:50.440+0700 [DEBUG] [org.gradle.launcher.daemon.server.DaemonStateCoordinator] daemon is running. Sleeping until state changes.
2026-09-03T19:48:50.441+0700 [DEBUG] [org.gradle.launcher.daemon.server.DaemonStateCoordinator] Command execution: finished waiting for DaemonCommandExecution[command = Build{id=393796da-f00e-4c4c-8f7d-b6a1974c0e07, currentDir=D:\AbsensiSeleksi}, connection = DefaultDaemonConnection: socket connection from /127.0.0.1:54027 to /127.0.0.1:56578]. Result org.gradle.launcher.daemon.server.DaemonStateCoordinator@27a4541e with state Busy
2026-09-03T19:48:50.442+0700 [DEBUG] [org.gradle.launcher.daemon.server.DaemonStateCoordinator] Command execution: completed DaemonCommandExecution[command = Build{id=393796da-f00e-4c4c-8f7d-b6a1974c0e07, currentDir=D:\AbsensiSeleksi}, connection = DefaultDaemonConnection: socket connection from /127.0.0.1:54027 to /127.0.0.1:56578]
2026-09-03T19:48:50.442+0700 [DEBUG] [org.gradle.launcher.daemon.server.DaemonStateCoordinator] resetting idle timer
2026-09-03T19:48:50.450+0700 [INFO] [org.gradle.launcher.daemon.server.DaemonRegistryUpdater] Marking the daemon as idle, address: [f2f1712e-f482-409b-b31d-d4d926729cf0 port:54027, addresses:[localhost/127.0.0.1]]
2026-09-03T19:48:50.451+0700 [DEBUG] [org.gradle.launcher.daemon.registry.PersistentDaemonRegistry] Marking busy by address: [f2f1712e-f482-409b-b31d-d4d926729cf0 port:54027, addresses:[localhost/127.0.0.1]]
2026-09-03T19:48:50.458+0700 [DEBUG] [org.gradle.cache.internal.DefaultFileLockManager] Waiting to acquire exclusive lock on daemon addresses registry.
2026-09-03T19:48:50.461+0700 [DEBUG] [org.gradle.cache.internal.DefaultFileLockManager] Lock acquired on daemon addresses registry.
2026-09-03T19:48:50.576+0700 [DEBUG] [org.gradle.cache.internal.DefaultFileLockManager] Releasing lock on daemon addresses registry.
2026-09-03T19:48:50.577+0700 [DEBUG] [org.gradle.launcher.daemon.server.exec.ReturnResult] Daemon is dispatching the build result: Success[value=org.gradle.launcher.exec.BuildActionResult@38b915c3]
2026-09-03T19:48:50.577+0700 [DEBUG] [org.gradle.launcher.daemon.server.DaemonStateCoordinator] daemon is running. Sleeping until state changes.
2026-09-03T19:48:50.578+0700 [DEBUG] [org.gradle.launcher.daemon.server.SynchronizedDispatchConnection] thread 927: dispatching Success[value=org.gradle.launcher.exec.BuildActionResult@38b915c3]
2026-09-03T19:48:50.579+0700 [DEBUG] [org.gradle.cache.internal.DefaultFileLockManager] Waiting to acquire shared lock on daemon addresses registry.
2026-09-03T19:48:50.580+0700 [DEBUG] [org.gradle.cache.internal.DefaultFileLockManager] Lock acquired on daemon addresses registry.
2026-09-03T19:48:50.580+0700 [DEBUG] [org.gradle.cache.internal.DefaultFileLockManager] Releasing lock on daemon addresses registry.
2026-09-03T19:48:50.591+0700 [DEBUG] [org.gradle.launcher.daemon.server.exec.CleanUpVirtualFileSystemAfterBuild] Cleaning virtual file system after build finished
2026-09-03T19:48:50.593+0700 [DEBUG] [org.gradle.cache.internal.DefaultFileLockManager] Waiting to acquire shared lock on daemon addresses registry.
2026-09-03T19:48:50.593+0700 [DEBUG] [org.gradle.cache.internal.DefaultFileLockManager] Lock acquired on daemon addresses registry.
2026-09-03T19:48:50.594+0700 [DEBUG] [org.gradle.cache.internal.DefaultFileLockManager] Releasing lock on daemon addresses registry.
2026-09-03T19:48:50.596+0700 [DEBUG] [org.gradle.launcher.daemon.server.DefaultIncomingConnectionHandler] Finishing executing command: Build{id=393796da-f00e-4c4c-8f7d-b6a1974c0e07, currentDir=D:\AbsensiSeleksi}
2026-09-03T19:48:50.607+0700 [DEBUG] [org.gradle.launcher.daemon.server.SynchronizedDispatchConnection] thread 1035: received class org.gradle.launcher.daemon.protocol.CloseInput
2026-09-03T19:48:50.607+0700 [DEBUG] [org.gradle.launcher.daemon.server.DefaultDaemonConnection] thread 1035: Received IO message from client: org.gradle.launcher.daemon.protocol.CloseInput@1301a8b4
2026-09-03T19:48:50.609+0700 [DEBUG] [org.gradle.launcher.daemon.server.SynchronizedDispatchConnection] thread 1035: received class org.gradle.launcher.daemon.protocol.Finished
2026-09-03T19:48:50.609+0700 [DEBUG] [org.gradle.launcher.daemon.server.DefaultDaemonConnection] thread 1035: Received non-IO message from client: org.gradle.launcher.daemon.protocol.Finished@1dc644a4
2026-09-03T19:48:50.611+0700 [DEBUG] [org.gradle.launcher.daemon.server.DefaultIncomingConnectionHandler] Received finished message: org.gradle.launcher.daemon.protocol.Finished@1dc644a4
2026-09-03T19:48:50.612+0700 [DEBUG] [org.gradle.launcher.daemon.server.SynchronizedDispatchConnection] thread 927: stopping connection
2026-09-03T19:48:50.618+0700 [DEBUG] [org.gradle.internal.remote.internal.inet.SocketConnection] Discarding EOFException: java.io.EOFException
2026-09-03T19:48:50.618+0700 [DEBUG] [org.gradle.launcher.daemon.server.SynchronizedDispatchConnection] thread 1035: received null
2026-09-03T19:48:50.618+0700 [DEBUG] [org.gradle.launcher.daemon.server.DefaultDaemonConnection] thread 1035: Received end-of-input from client.
2026-09-03T19:48:50.628+0700 [DEBUG] [org.gradle.launcher.daemon.server.SynchronizedDispatchConnection] thread 927: stopping connection
2026-09-03T19:48:54.820+0700 [DEBUG] [org.gradle.process.internal.health.memory.DefaultMemoryManager] 638754816 physical memory requested, 350269440 free
2026-09-03T19:48:54.822+0700 [DEBUG] [org.gradle.workers.internal.WorkerDaemonExpiration] Will attempt to release 609 of memory
2026-09-03T19:48:54.823+0700 [DEBUG] [org.gradle.process.internal.health.memory.DefaultMemoryManager] 638754816 physical memory requested, 0 released, 350269440 free
2026-09-03T19:49:00.569+0700 [DEBUG] [org.gradle.cache.internal.DefaultFileLockManager] Waiting to acquire shared lock on daemon addresses registry.
2026-09-03T19:49:00.608+0700 [DEBUG] [org.gradle.cache.internal.DefaultFileLockManager] Lock acquired on daemon addresses registry.
2026-09-03T19:49:00.608+0700 [DEBUG] [org.gradle.cache.internal.DefaultFileLockManager] Releasing lock on daemon addresses registry.
2026-09-03T19:49:00.610+0700 [DEBUG] [org.gradle.cache.internal.DefaultFileLockManager] Waiting to acquire shared lock on daemon addresses registry.
2026-09-03T19:49:00.610+0700 [DEBUG] [org.gradle.cache.internal.DefaultFileLockManager] Lock acquired on daemon addresses registry.
2026-09-03T19:49:00.610+0700 [DEBUG] [org.gradle.cache.internal.DefaultFileLockManager] Releasing lock on daemon addresses registry.
2026-09-03T19:49:00.611+0700 [DEBUG] [org.gradle.cache.internal.DefaultFileLockManager] Waiting to acquire shared lock on daemon addresses registry.
2026-09-03T19:49:00.611+0700 [DEBUG] [org.gradle.cache.internal.DefaultFileLockManager] Lock acquired on daemon addresses registry.
2026-09-03T19:49:00.611+0700 [DEBUG] [org.gradle.cache.internal.DefaultFileLockManager] Releasing lock on daemon addresses registry.
2026-09-03T19:49:04.784+0700 [DEBUG] [org.gradle.process.internal.health.memory.DefaultMemoryManager] 638754816 physical memory requested, 598122496 free
2026-09-03T19:49:04.785+0700 [DEBUG] [org.gradle.workers.internal.WorkerDaemonExpiration] Will attempt to release 609 of memory
2026-09-03T19:49:04.785+0700 [DEBUG] [org.gradle.process.internal.health.memory.DefaultMemoryManager] 638754816 physical memory requested, 0 released, 598122496 free
2026-09-03T19:49:09.801+0700 [DEBUG] [org.gradle.process.internal.health.memory.DefaultMemoryManager] 638754816 physical memory requested, 406540288 free
2026-09-03T19:49:09.811+0700 [DEBUG] [org.gradle.workers.internal.WorkerDaemonExpiration] Will attempt to release 609 of memory
2026-09-03T19:49:09.855+0700 [DEBUG] [org.gradle.process.internal.health.memory.DefaultMemoryManager] 638754816 physical memory requested, 0 released, 406540288 free
2026-09-03T19:49:10.576+0700 [DEBUG] [org.gradle.cache.internal.DefaultFileLockManager] Waiting to acquire shared lock on daemon addresses registry.
2026-09-03T19:49:10.577+0700 [DEBUG] [org.gradle.cache.internal.DefaultFileLockManager] Lock acquired on daemon addresses registry.
2026-09-03T19:49:10.577+0700 [DEBUG] [org.gradle.cache.internal.DefaultFileLockManager] Releasing lock on daemon addresses registry.
2026-09-03T19:49:10.586+0700 [DEBUG] [org.gradle.cache.internal.DefaultFileLockManager] Waiting to acquire shared lock on daemon addresses registry.
2026-09-03T19:49:10.586+0700 [DEBUG] [org.gradle.cache.internal.DefaultFileLockManager] Lock acquired on daemon addresses registry.
2026-09-03T19:49:10.587+0700 [DEBUG] [org.gradle.cache.internal.DefaultFileLockManager] Releasing lock on daemon addresses registry.
2026-09-03T19:49:10.592+0700 [DEBUG] [org.gradle.cache.internal.DefaultFileLockManager] Waiting to acquire shared lock on daemon addresses registry.
2026-09-03T19:49:10.592+0700 [DEBUG] [org.gradle.cache.internal.DefaultFileLockManager] Lock acquired on daemon addresses registry.
2026-09-03T19:49:10.593+0700 [DEBUG] [org.gradle.cache.internal.DefaultFileLockManager] Releasing lock on daemon addresses registry.
2026-09-03T19:49:14.796+0700 [DEBUG] [org.gradle.process.internal.health.memory.DefaultMemoryManager] 638754816 physical memory requested, 463785984 free
2026-09-03T19:49:14.796+0700 [DEBUG] [org.gradle.workers.internal.WorkerDaemonExpiration] Will attempt to release 609 of memory
2026-09-03T19:49:14.796+0700 [DEBUG] [org.gradle.process.internal.health.memory.DefaultMemoryManager] 638754816 physical memory requested, 0 released, 463785984 free
2026-09-03T19:49:19.788+0700 [DEBUG] [org.gradle.process.internal.health.memory.DefaultMemoryManager] 638754816 physical memory requested, 363327488 free
2026-09-03T19:49:19.788+0700 [DEBUG] [org.gradle.workers.internal.WorkerDaemonExpiration] Will attempt to release 609 of memory
2026-09-03T19:49:19.788+0700 [DEBUG] [org.gradle.process.internal.health.memory.DefaultMemoryManager] 638754816 physical memory requested, 0 released, 363327488 free
2026-09-03T19:49:20.569+0700 [DEBUG] [org.gradle.cache.internal.DefaultFileLockManager] Waiting to acquire shared lock on daemon addresses registry.
2026-09-03T19:49:20.569+0700 [DEBUG] [org.gradle.cache.internal.DefaultFileLockManager] Lock acquired on daemon addresses registry.
2026-09-03T19:49:20.603+0700 [DEBUG] [org.gradle.cache.internal.DefaultFileLockManager] Releasing lock on daemon addresses registry.
2026-09-03T19:49:20.606+0700 [DEBUG] [org.gradle.cache.internal.DefaultFileLockManager] Waiting to acquire shared lock on daemon addresses registry.
2026-09-03T19:49:20.606+0700 [DEBUG] [org.gradle.cache.internal.DefaultFileLockManager] Lock acquired on daemon addresses registry.
2026-09-03T19:49:20.606+0700 [DEBUG] [org.gradle.cache.internal.DefaultFileLockManager] Releasing lock on daemon addresses registry.
2026-09-03T19:49:20.608+0700 [DEBUG] [org.gradle.cache.internal.DefaultFileLockManager] Waiting to acquire shared lock on daemon addresses registry.
2026-09-03T19:49:20.608+0700 [DEBUG] [org.gradle.cache.internal.DefaultFileLockManager] Lock acquired on daemon addresses registry.
2026-09-03T19:49:20.608+0700 [DEBUG] [org.gradle.cache.internal.DefaultFileLockManager] Releasing lock on daemon addresses registry.
2026-09-03T19:49:24.794+0700 [DEBUG] [org.gradle.process.internal.health.memory.DefaultMemoryManager] 638754816 physical memory requested, 601362432 free
2026-09-03T19:49:24.794+0700 [DEBUG] [org.gradle.workers.internal.WorkerDaemonExpiration] Will attempt to release 609 of memory
2026-09-03T19:49:24.794+0700 [DEBUG] [org.gradle.process.internal.health.memory.DefaultMemoryManager] 638754816 physical memory requested, 0 released, 601362432 free
2026-09-03T19:49:29.795+0700 [DEBUG] [org.gradle.process.internal.health.memory.DefaultMemoryManager] 638754816 physical memory requested, 616857600 free
2026-09-03T19:49:29.796+0700 [DEBUG] [org.gradle.workers.internal.WorkerDaemonExpiration] Will attempt to release 609 of memory
2026-09-03T19:49:29.796+0700 [DEBUG] [org.gradle.process.internal.health.memory.DefaultMemoryManager] 638754816 physical memory requested, 0 released, 616857600 free
2026-09-03T19:49:30.573+0700 [DEBUG] [org.gradle.cache.internal.DefaultFileLockManager] Waiting to acquire shared lock on daemon addresses registry.
2026-09-03T19:49:30.574+0700 [DEBUG] [org.gradle.cache.internal.DefaultFileLockManager] Lock acquired on daemon addresses registry.
2026-09-03T19:49:30.574+0700 [DEBUG] [org.gradle.cache.internal.DefaultFileLockManager] Releasing lock on daemon addresses registry.
2026-09-03T19:49:30.575+0700 [DEBUG] [org.gradle.cache.internal.DefaultFileLockManager] Waiting to acquire shared lock on daemon addresses registry.
2026-09-03T19:49:30.575+0700 [DEBUG] [org.gradle.cache.internal.DefaultFileLockManager] Lock acquired on daemon addresses registry.
2026-09-03T19:49:30.576+0700 [DEBUG] [org.gradle.cache.internal.DefaultFileLockManager] Releasing lock on daemon addresses registry.
2026-09-03T19:49:30.577+0700 [DEBUG] [org.gradle.cache.internal.DefaultFileLockManager] Waiting to acquire shared lock on daemon addresses registry.
2026-09-03T19:49:30.577+0700 [DEBUG] [org.gradle.cache.internal.DefaultFileLockManager] Lock acquired on daemon addresses registry.
2026-09-03T19:49:30.578+0700 [DEBUG] [org.gradle.cache.internal.DefaultFileLockManager] Releasing lock on daemon addresses registry.
2026-09-03T19:49:34.795+0700 [DEBUG] [org.gradle.process.internal.health.memory.DefaultMemoryManager] 638754816 physical memory requested, 270577664 free
2026-09-03T19:49:34.796+0700 [DEBUG] [org.gradle.workers.internal.WorkerDaemonExpiration] Will attempt to release 609 of memory
2026-09-03T19:49:34.796+0700 [DEBUG] [org.gradle.process.internal.health.memory.DefaultMemoryManager] 638754816 physical memory requested, 0 released, 270577664 free
2026-09-03T19:49:39.801+0700 [DEBUG] [org.gradle.process.internal.health.memory.DefaultMemoryManager] 638754816 physical memory requested, 460783616 free
2026-09-03T19:49:39.801+0700 [DEBUG] [org.gradle.workers.internal.WorkerDaemonExpiration] Will attempt to release 609 of memory
2026-09-03T19:49:39.801+0700 [DEBUG] [org.gradle.process.internal.health.memory.DefaultMemoryManager] 638754816 physical memory requested, 0 released, 460783616 free
2026-09-03T19:49:40.572+0700 [DEBUG] [org.gradle.cache.internal.DefaultFileLockManager] Waiting to acquire shared lock on daemon addresses registry.
2026-09-03T19:49:40.572+0700 [DEBUG] [org.gradle.cache.internal.DefaultFileLockManager] Lock acquired on daemon addresses registry.
2026-09-03T19:49:40.573+0700 [DEBUG] [org.gradle.cache.internal.DefaultFileLockManager] Releasing lock on daemon addresses registry.
2026-09-03T19:49:40.574+0700 [DEBUG] [org.gradle.cache.internal.DefaultFileLockManager] Waiting to acquire shared lock on daemon addresses registry.
2026-09-03T19:49:40.575+0700 [DEBUG] [org.gradle.cache.internal.DefaultFileLockManager] Lock acquired on daemon addresses registry.
2026-09-03T19:49:40.575+0700 [DEBUG] [org.gradle.cache.internal.DefaultFileLockManager] Releasing lock on daemon addresses registry.
2026-09-03T19:49:40.576+0700 [DEBUG] [org.gradle.cache.internal.DefaultFileLockManager] Waiting to acquire shared lock on daemon addresses registry.
2026-09-03T19:49:40.576+0700 [DEBUG] [org.gradle.cache.internal.DefaultFileLockManager] Lock acquired on daemon addresses registry.
2026-09-03T19:49:40.576+0700 [DEBUG] [org.gradle.cache.internal.DefaultFileLockManager] Releasing lock on daemon addresses registry.
2026-09-03T19:49:50.577+0700 [DEBUG] [org.gradle.cache.internal.DefaultFileLockManager] Waiting to acquire shared lock on daemon addresses registry.
2026-09-03T19:49:50.577+0700 [DEBUG] [org.gradle.cache.internal.DefaultFileLockManager] Lock acquired on daemon addresses registry.
2026-09-03T19:49:50.577+0700 [DEBUG] [org.gradle.cache.internal.DefaultFileLockManager] Releasing lock on daemon addresses registry.
2026-09-03T19:49:50.578+0700 [DEBUG] [org.gradle.cache.internal.DefaultFileLockManager] Waiting to acquire shared lock on daemon addresses registry.
2026-09-03T19:49:50.579+0700 [DEBUG] [org.gradle.cache.internal.DefaultFileLockManager] Lock acquired on daemon addresses registry.
2026-09-03T19:49:50.579+0700 [DEBUG] [org.gradle.cache.internal.DefaultFileLockManager] Releasing lock on daemon addresses registry.
2026-09-03T19:49:50.579+0700 [DEBUG] [org.gradle.cache.internal.DefaultFileLockManager] Waiting to acquire shared lock on daemon addresses registry.
2026-09-03T19:49:50.580+0700 [DEBUG] [org.gradle.cache.internal.DefaultFileLockManager] Lock acquired on daemon addresses registry.
2026-09-03T19:49:50.580+0700 [DEBUG] [org.gradle.cache.internal.DefaultFileLockManager] Releasing lock on daemon addresses registry.
2026-09-03T19:50:00.566+0700 [DEBUG] [org.gradle.cache.internal.DefaultFileLockManager] Waiting to acquire shared lock on daemon addresses registry.
2026-09-03T19:50:00.566+0700 [DEBUG] [org.gradle.cache.internal.DefaultFileLockManager] Lock acquired on daemon addresses registry.
2026-09-03T19:50:00.566+0700 [DEBUG] [org.gradle.cache.internal.DefaultFileLockManager] Releasing lock on daemon addresses registry.
2026-09-03T19:50:00.567+0700 [DEBUG] [org.gradle.cache.internal.DefaultFileLockManager] Waiting to acquire shared lock on daemon addresses registry.
2026-09-03T19:50:00.568+0700 [DEBUG] [org.gradle.cache.internal.DefaultFileLockManager] Lock acquired on daemon addresses registry.
2026-09-03T19:50:00.568+0700 [DEBUG] [org.gradle.cache.internal.DefaultFileLockManager] Releasing lock on daemon addresses registry.
2026-09-03T19:50:00.569+0700 [DEBUG] [org.gradle.cache.internal.DefaultFileLockManager] Waiting to acquire shared lock on daemon addresses registry.
2026-09-03T19:50:00.579+0700 [DEBUG] [org.gradle.cache.internal.DefaultFileLockManager] Lock acquired on daemon addresses registry.
2026-09-03T19:50:00.579+0700 [DEBUG] [org.gradle.cache.internal.DefaultFileLockManager] Releasing lock on daemon addresses registry.
2026-09-03T19:50:10.570+0700 [DEBUG] [org.gradle.cache.internal.DefaultFileLockManager] Waiting to acquire shared lock on daemon addresses registry.
2026-09-03T19:50:10.570+0700 [DEBUG] [org.gradle.cache.internal.DefaultFileLockManager] Lock acquired on daemon addresses registry.
2026-09-03T19:50:10.572+0700 [DEBUG] [org.gradle.cache.internal.DefaultFileLockManager] Releasing lock on daemon addresses registry.
2026-09-03T19:50:10.575+0700 [DEBUG] [org.gradle.cache.internal.DefaultFileLockManager] Waiting to acquire shared lock on daemon addresses registry.
2026-09-03T19:50:10.575+0700 [DEBUG] [org.gradle.cache.internal.DefaultFileLockManager] Lock acquired on daemon addresses registry.
2026-09-03T19:50:10.575+0700 [DEBUG] [org.gradle.cache.internal.DefaultFileLockManager] Releasing lock on daemon addresses registry.
2026-09-03T19:50:10.578+0700 [DEBUG] [org.gradle.cache.internal.DefaultFileLockManager] Waiting to acquire shared lock on daemon addresses registry.
2026-09-03T19:50:10.578+0700 [DEBUG] [org.gradle.cache.internal.DefaultFileLockManager] Lock acquired on daemon addresses registry.
2026-09-03T19:50:10.580+0700 [DEBUG] [org.gradle.cache.internal.DefaultFileLockManager] Releasing lock on daemon addresses registry.
2026-09-03T19:50:15.981+0700 [DEBUG] [org.gradle.internal.remote.internal.inet.TcpIncomingConnector] Accepted connection from /127.0.0.1:58722 to /127.0.0.1:54027.
2026-09-03T19:50:16.052+0700 [DEBUG] [org.gradle.internal.remote.internal.inet.TcpIncomingConnector] Accepted connection from /127.0.0.1:58723 to /127.0.0.1:54027.
2026-09-03T19:50:16.295+0700 [DEBUG] [org.gradle.launcher.daemon.server.SynchronizedDispatchConnection] thread 1112: received class org.gradle.launcher.daemon.protocol.StopWhenIdle
2026-09-03T19:50:16.295+0700 [DEBUG] [org.gradle.launcher.daemon.server.SynchronizedDispatchConnection] thread 1113: received class org.gradle.launcher.daemon.protocol.StopWhenIdle
2026-09-03T19:50:16.299+0700 [DEBUG] [org.gradle.launcher.daemon.server.DefaultDaemonConnection] thread 1113: Received non-IO message from client: StopWhenIdle[id=75c02d3c-82f8-4a0c-8c0e-3ea129f76000]
2026-09-03T19:50:16.299+0700 [DEBUG] [org.gradle.launcher.daemon.server.DefaultDaemonConnection] thread 1112: Received non-IO message from client: StopWhenIdle[id=93586b65-3d9d-475d-b273-3e2197a228ba]
2026-09-03T19:50:16.302+0700 [INFO] [org.gradle.launcher.daemon.server.DefaultIncomingConnectionHandler] Received command: StopWhenIdle[id=93586b65-3d9d-475d-b273-3e2197a228ba].
2026-09-03T19:50:16.302+0700 [INFO] [org.gradle.launcher.daemon.server.DefaultIncomingConnectionHandler] Received command: StopWhenIdle[id=75c02d3c-82f8-4a0c-8c0e-3ea129f76000].
2026-09-03T19:50:16.302+0700 [DEBUG] [org.gradle.launcher.daemon.server.DefaultIncomingConnectionHandler] Starting executing command: StopWhenIdle[id=93586b65-3d9d-475d-b273-3e2197a228ba] with connection: socket connection from /127.0.0.1:54027 to /127.0.0.1:58722.
2026-09-03T19:50:16.302+0700 [DEBUG] [org.gradle.launcher.daemon.server.DefaultIncomingConnectionHandler] Starting executing command: StopWhenIdle[id=75c02d3c-82f8-4a0c-8c0e-3ea129f76000] with connection: socket connection from /127.0.0.1:54027 to /127.0.0.1:58723.
2026-09-03T19:50:16.405+0700 [DEBUG] [org.gradle.launcher.daemon.server.DaemonRegistryUpdater] Storing daemon stop event: stop command received
2026-09-03T19:50:16.783+0700 [DEBUG] [org.gradle.launcher.daemon.registry.PersistentDaemonRegistry] Storing daemon stop event with timestamp 1788439816410
2026-09-03T19:50:16.833+0700 [DEBUG] [org.gradle.cache.internal.DefaultFileLockManager] Waiting to acquire exclusive lock on daemon addresses registry.
2026-09-03T19:50:16.867+0700 [DEBUG] [org.gradle.cache.internal.DefaultFileLockManager] Lock acquired on daemon addresses registry.
2026-09-03T19:50:16.907+0700 [DEBUG] [org.gradle.cache.internal.DefaultFileLockManager] Releasing lock on daemon addresses registry.
2026-09-03T19:50:17.066+0700 [LIFECYCLE] [org.gradle.launcher.daemon.server.DaemonStateCoordinator] Daemon will be stopped at the end of the build stop command received
2026-09-03T19:50:17.068+0700 [DEBUG] [org.gradle.launcher.daemon.server.DaemonStateCoordinator] Marking daemon stopped due to stop command received. The daemon is not running a build
2026-09-03T19:50:17.070+0700 [DEBUG] [org.gradle.launcher.daemon.server.DaemonRegistryUpdater] Storing daemon stop event: stop command received
2026-09-03T19:50:17.070+0700 [DEBUG] [org.gradle.launcher.daemon.registry.PersistentDaemonRegistry] Storing daemon stop event with timestamp 1788439817072
2026-09-03T19:50:17.074+0700 [DEBUG] [org.gradle.launcher.daemon.server.DaemonStateCoordinator] daemon has stopped.
2026-09-03T19:50:17.081+0700 [DEBUG] [org.gradle.cache.internal.DefaultFileLockManager] Waiting to acquire exclusive lock on daemon addresses registry.
2026-09-03T19:50:17.082+0700 [DEBUG] [org.gradle.cache.internal.DefaultFileLockManager] Lock acquired on daemon addresses registry.
2026-09-03T19:50:17.084+0700 [DEBUG] [org.gradle.launcher.daemon.server.SynchronizedDispatchConnection] thread 1110: dispatching Success[value=null]
2026-09-03T19:50:17.092+0700 [DEBUG] [org.gradle.launcher.daemon.server.DefaultIncomingConnectionHandler] Finishing executing command: StopWhenIdle[id=93586b65-3d9d-475d-b273-3e2197a228ba]
2026-09-03T19:50:17.094+0700 [DEBUG] [org.gradle.launcher.daemon.server.SynchronizedDispatchConnection] thread 1112: received class org.gradle.launcher.daemon.protocol.Finished
2026-09-03T19:50:17.095+0700 [DEBUG] [org.gradle.cache.internal.DefaultFileLockManager] Releasing lock on daemon addresses registry.
2026-09-03T19:50:17.095+0700 [DEBUG] [org.gradle.launcher.daemon.server.DefaultDaemonConnection] thread 1112: Received non-IO message from client: org.gradle.launcher.daemon.protocol.Finished@f6086f9
2026-09-03T19:50:17.096+0700 [DEBUG] [org.gradle.launcher.daemon.server.DefaultIncomingConnectionHandler] Received finished message: org.gradle.launcher.daemon.protocol.Finished@f6086f9
2026-09-03T19:50:17.100+0700 [DEBUG] [org.gradle.launcher.daemon.server.SynchronizedDispatchConnection] thread 1110: stopping connection
2026-09-03T19:50:17.103+0700 [DEBUG] [org.gradle.internal.remote.internal.inet.SocketConnection] Discarding EOFException: java.io.EOFException
2026-09-03T19:50:17.103+0700 [DEBUG] [org.gradle.launcher.daemon.server.SynchronizedDispatchConnection] thread 1112: received null
2026-09-03T19:50:17.103+0700 [DEBUG] [org.gradle.launcher.daemon.server.DefaultDaemonConnection] thread 1112: Received end-of-input from client.
2026-09-03T19:50:17.118+0700 [DEBUG] [org.gradle.internal.remote.internal.inet.TcpIncomingConnector] Accepted connection from /127.0.0.1:58725 to /127.0.0.1:54027.
2026-09-03T19:50:17.185+0700 [DEBUG] [org.gradle.launcher.daemon.server.SynchronizedDispatchConnection] thread 1110: stopping connection
2026-09-03T19:50:17.193+0700 [DEBUG] [org.gradle.launcher.daemon.server.SynchronizedDispatchConnection] thread 1115: received class org.gradle.launcher.daemon.protocol.ReportStatus
2026-09-03T19:50:17.193+0700 [DEBUG] [org.gradle.launcher.daemon.server.DefaultDaemonConnection] thread 1115: Received non-IO message from client: ReportStatus[id=43d96938-f86b-4b3d-9fb3-6a8455f833b7]
2026-09-03T19:50:17.197+0700 [INFO] [org.gradle.launcher.daemon.server.DefaultIncomingConnectionHandler] Received command: ReportStatus[id=43d96938-f86b-4b3d-9fb3-6a8455f833b7].
2026-09-03T19:50:17.199+0700 [DEBUG] [org.gradle.launcher.daemon.server.DefaultIncomingConnectionHandler] Starting executing command: ReportStatus[id=43d96938-f86b-4b3d-9fb3-6a8455f833b7] with connection: socket connection from /127.0.0.1:54027 to /127.0.0.1:58725.
2026-09-03T19:50:17.220+0700 [DEBUG] [org.gradle.launcher.daemon.server.SynchronizedDispatchConnection] thread 1111: dispatching Success[value=null]
2026-09-03T19:50:17.220+0700 [DEBUG] [org.gradle.launcher.daemon.server.DefaultIncomingConnectionHandler] Finishing executing command: StopWhenIdle[id=75c02d3c-82f8-4a0c-8c0e-3ea129f76000]
2026-09-03T19:50:17.221+0700 [DEBUG] [org.gradle.launcher.daemon.server.SynchronizedDispatchConnection] thread 1113: received class org.gradle.launcher.daemon.protocol.Finished
2026-09-03T19:50:17.221+0700 [DEBUG] [org.gradle.launcher.daemon.server.DefaultDaemonConnection] thread 1113: Received non-IO message from client: org.gradle.launcher.daemon.protocol.Finished@628ac921
2026-09-03T19:50:17.222+0700 [DEBUG] [org.gradle.launcher.daemon.server.DefaultIncomingConnectionHandler] Received finished message: org.gradle.launcher.daemon.protocol.Finished@628ac921
2026-09-03T19:50:17.222+0700 [DEBUG] [org.gradle.internal.remote.internal.inet.SocketConnection] Discarding EOFException: java.io.EOFException
2026-09-03T19:50:17.222+0700 [DEBUG] [org.gradle.launcher.daemon.server.SynchronizedDispatchConnection] thread 1113: received null
2026-09-03T19:50:17.222+0700 [DEBUG] [org.gradle.launcher.daemon.server.DefaultDaemonConnection] thread 1113: Received end-of-input from client.
2026-09-03T19:50:17.222+0700 [DEBUG] [org.gradle.launcher.daemon.server.SynchronizedDispatchConnection] thread 1111: stopping connection
2026-09-03T19:50:17.224+0700 [DEBUG] [org.gradle.launcher.daemon.server.SynchronizedDispatchConnection] thread 1111: stopping connection
2026-09-03T19:50:17.233+0700 [DEBUG] [org.gradle.launcher.daemon.server.Daemon] stop() called on daemon
2026-09-03T19:50:17.238+0700 [INFO] [org.gradle.launcher.daemon.server.Daemon] Stop requested. Daemon is removing its presence from the registry...
2026-09-03T19:50:17.248+0700 [DEBUG] [org.gradle.launcher.daemon.server.DaemonRegistryUpdater] Removing our presence to clients, eg. removing this address from the registry: [f2f1712e-f482-409b-b31d-d4d926729cf0 port:54027, addresses:[localhost/127.0.0.1]]
2026-09-03T19:50:17.250+0700 [DEBUG] [org.gradle.launcher.daemon.registry.PersistentDaemonRegistry] Removing daemon address: [f2f1712e-f482-409b-b31d-d4d926729cf0 port:54027, addresses:[localhost/127.0.0.1]]
2026-09-03T19:50:17.260+0700 [DEBUG] [org.gradle.launcher.daemon.server.SynchronizedDispatchConnection] thread 1114: dispatching Success[value=org.gradle.launcher.daemon.protocol.Status@75b9cda1]
2026-09-03T19:50:17.274+0700 [DEBUG] [org.gradle.cache.internal.DefaultFileLockManager] Waiting to acquire exclusive lock on daemon addresses registry.
2026-09-03T19:50:17.275+0700 [DEBUG] [org.gradle.cache.internal.DefaultFileLockManager] Lock acquired on daemon addresses registry.
2026-09-03T19:50:17.285+0700 [DEBUG] [org.gradle.cache.internal.DefaultFileLockManager] Releasing lock on daemon addresses registry.
2026-09-03T19:50:17.286+0700 [DEBUG] [org.gradle.launcher.daemon.server.DaemonRegistryUpdater] Address removed from registry.
2026-09-03T19:50:17.296+0700 [DEBUG] [org.gradle.launcher.daemon.server.DefaultIncomingConnectionHandler] Finishing executing command: ReportStatus[id=43d96938-f86b-4b3d-9fb3-6a8455f833b7]
2026-09-03T19:50:17.302+0700 [DEBUG] [org.gradle.launcher.daemon.server.SynchronizedDispatchConnection] thread 1115: received class org.gradle.launcher.daemon.protocol.Finished
2026-09-03T19:50:17.302+0700 [DEBUG] [org.gradle.launcher.daemon.server.DefaultDaemonConnection] thread 1115: Received non-IO message from client: org.gradle.launcher.daemon.protocol.Finished@70c8efa8
2026-09-03T19:50:17.302+0700 [DEBUG] [org.gradle.launcher.daemon.server.DefaultIncomingConnectionHandler] Received finished message: org.gradle.launcher.daemon.protocol.Finished@70c8efa8
2026-09-03T19:50:17.302+0700 [DEBUG] [org.gradle.launcher.daemon.server.SynchronizedDispatchConnection] thread 1114: stopping connection
2026-09-03T19:50:17.303+0700 [DEBUG] [org.gradle.internal.remote.internal.inet.SocketConnection] Discarding EOFException: java.io.EOFException
2026-09-03T19:50:17.303+0700 [DEBUG] [org.gradle.launcher.daemon.server.SynchronizedDispatchConnection] thread 1115: received null
2026-09-03T19:50:17.303+0700 [DEBUG] [org.gradle.launcher.daemon.server.DefaultDaemonConnection] thread 1115: Received end-of-input from client.
2026-09-03T19:50:17.303+0700 [DEBUG] [org.gradle.launcher.daemon.server.SynchronizedDispatchConnection] thread 1114: stopping connection
2026-09-03T19:50:17.321+0700 [DEBUG] [org.gradle.cache.internal.locklistener.DefaultFileLockContentionHandler] Gradle process at port 63298 confirmed unlock request for lock with id -8998589131714833832.
2026-09-03T19:50:17.329+0700 [DEBUG] [org.gradle.cache.internal.locklistener.DefaultFileLockContentionHandler] Gradle process at port 63298 confirmed unlock request for lock with id -8998589131714833832.
2026-09-03T19:50:17.917+0700 [DEBUG] [org.gradle.cache.internal.LockOnDemandCrossProcessCacheAccess] Releasing file lock for jars (D:\AbsensiSeleksi\caches\jars-9)
2026-09-03T19:50:17.918+0700 [DEBUG] [org.gradle.cache.internal.DefaultFileLockManager] Releasing lock on jars (D:\AbsensiSeleksi\caches\jars-9).
2026-09-03T19:50:17.975+0700 [DEBUG] [org.gradle.cache.internal.DefaultCacheCleanupExecutor] jars (D:\AbsensiSeleksi\caches\jars-9) has last been fully cleaned up 1 hours ago
2026-09-03T19:50:18.027+0700 [DEBUG] [org.gradle.cache.internal.DefaultCacheCleanupExecutor] Skipping cleanup for jars (D:\AbsensiSeleksi\caches\jars-9) as it is not yet due
2026-09-03T19:50:18.098+0700 [DEBUG] [org.gradle.cache.internal.LockOnDemandCrossProcessCacheAccess] Releasing file lock for file content cache (D:\AbsensiSeleksi\caches\8.9\fileContent)
2026-09-03T19:50:18.113+0700 [DEBUG] [org.gradle.cache.internal.btree.BTreePersistentIndexedCache] Closing cache annotation-processors.bin (D:\AbsensiSeleksi\caches\8.9\fileContent\annotation-processors.bin)
2026-09-03T19:50:18.198+0700 [DEBUG] [org.gradle.cache.internal.DefaultFileLockManager] Releasing lock on file content cache (D:\AbsensiSeleksi\caches\8.9\fileContent).
2026-09-03T19:50:18.204+0700 [DEBUG] [org.gradle.internal.watch.vfs.impl.WatchingVirtualFileSystem] Closing VFS, dropping state
2026-09-03T19:50:18.380+0700 [DEBUG] [org.gradle.internal.watch.registry.impl.DefaultFileWatcherRegistry] Finished listening to file system change events
2026-09-03T19:50:18.382+0700 [DEBUG] [org.gradle.cache.internal.LockOnDemandCrossProcessCacheAccess] Releasing file lock for Generated Gradle JARs cache (D:\AbsensiSeleksi\caches\8.9\generated-gradle-jars)
2026-09-03T19:50:18.383+0700 [DEBUG] [org.gradle.cache.internal.DefaultFileLockManager] Releasing lock on Generated Gradle JARs cache (D:\AbsensiSeleksi\caches\8.9\generated-gradle-jars).
2026-09-03T19:50:18.400+0700 [DEBUG] [org.gradle.cache.internal.LockOnDemandCrossProcessCacheAccess] Releasing file lock for artifact cache (D:\AbsensiSeleksi\caches\modules-2)
2026-09-03T19:50:18.402+0700 [DEBUG] [org.gradle.cache.internal.btree.BTreePersistentIndexedCache] Closing cache resource-at-url.bin (D:\AbsensiSeleksi\caches\modules-2\metadata-2.106\resource-at-url.bin)
2026-09-03T19:50:18.404+0700 [DEBUG] [org.gradle.cache.internal.btree.BTreePersistentIndexedCache] Closing cache module-artifact.bin (D:\AbsensiSeleksi\caches\modules-2\metadata-2.106\module-artifact.bin)
2026-09-03T19:50:18.419+0700 [DEBUG] [org.gradle.cache.internal.btree.BTreePersistentIndexedCache] Closing cache module-metadata.bin (D:\AbsensiSeleksi\caches\modules-2\metadata-2.106\module-metadata.bin)
2026-09-03T19:50:18.420+0700 [DEBUG] [org.gradle.cache.internal.btree.BTreePersistentIndexedCache] Closing cache module-artifacts.bin (D:\AbsensiSeleksi\caches\modules-2\metadata-2.106\module-artifacts.bin)
2026-09-03T19:50:18.422+0700 [DEBUG] [org.gradle.cache.internal.DefaultFileLockManager] Releasing lock on artifact cache (D:\AbsensiSeleksi\caches\modules-2).
2026-09-03T19:50:18.424+0700 [DEBUG] [org.gradle.cache.internal.DefaultCacheCleanupExecutor] artifact cache (D:\AbsensiSeleksi\caches\modules-2) has last been fully cleaned up 1 hours ago
2026-09-03T19:50:18.425+0700 [DEBUG] [org.gradle.cache.internal.DefaultCacheCleanupExecutor] Skipping cleanup for artifact cache (D:\AbsensiSeleksi\caches\modules-2) as it is not yet due
2026-09-03T19:50:18.472+0700 [DEBUG] [org.gradle.cache.internal.DefaultCacheCoordinator] Cache groovy-dsl (D:\AbsensiSeleksi\caches\8.9\groovy-dsl) was closed 0 times.
2026-09-03T19:50:18.477+0700 [DEBUG] [org.gradle.cache.internal.DefaultCacheCoordinator] Cache Artifact transforms cache (D:\AbsensiSeleksi\caches\8.9\transforms) was closed 0 times.
2026-09-03T19:50:18.482+0700 [DEBUG] [org.gradle.cache.internal.DefaultCacheCoordinator] Cache kotlin-dsl (D:\AbsensiSeleksi\caches\8.9\kotlin-dsl) was closed 0 times.
2026-09-03T19:50:18.484+0700 [DEBUG] [org.gradle.cache.internal.LockOnDemandCrossProcessCacheAccess] Releasing file lock for journal cache (D:\AbsensiSeleksi\caches\journal-1)
2026-09-03T19:50:18.485+0700 [DEBUG] [org.gradle.cache.internal.btree.BTreePersistentIndexedCache] Closing cache file-access.bin (D:\AbsensiSeleksi\caches\journal-1\file-access.bin)
2026-09-03T19:50:18.495+0700 [DEBUG] [org.gradle.cache.internal.DefaultFileLockManager] Releasing lock on journal cache (D:\AbsensiSeleksi\caches\journal-1).
2026-09-03T19:50:18.499+0700 [DEBUG] [org.gradle.cache.internal.LockOnDemandCrossProcessCacheAccess] Releasing file lock for file hash cache (D:\AbsensiSeleksi\caches\8.9\fileHashes)
2026-09-03T19:50:18.500+0700 [DEBUG] [org.gradle.cache.internal.btree.BTreePersistentIndexedCache] Closing cache fileHashes.bin (D:\AbsensiSeleksi\caches\8.9\fileHashes\fileHashes.bin)
2026-09-03T19:50:18.503+0700 [DEBUG] [org.gradle.cache.internal.btree.BTreePersistentIndexedCache] Closing cache resourceHashesCache.bin (D:\AbsensiSeleksi\caches\8.9\fileHashes\resourceHashesCache.bin)
2026-09-03T19:50:18.508+0700 [DEBUG] [org.gradle.cache.internal.DefaultFileLockManager] Releasing lock on file hash cache (D:\AbsensiSeleksi\caches\8.9\fileHashes).
2026-09-03T19:50:18.518+0700 [DEBUG] [org.gradle.cache.internal.LockOnDemandCrossProcessCacheAccess] Releasing file lock for Java compile cache (D:\AbsensiSeleksi\caches\8.9\javaCompile)
2026-09-03T19:50:18.518+0700 [DEBUG] [org.gradle.cache.internal.btree.BTreePersistentIndexedCache] Closing cache jarAnalysis.bin (D:\AbsensiSeleksi\caches\8.9\javaCompile\jarAnalysis.bin)
2026-09-03T19:50:18.519+0700 [DEBUG] [org.gradle.cache.internal.btree.BTreePersistentIndexedCache] Closing cache classAnalysis.bin (D:\AbsensiSeleksi\caches\8.9\javaCompile\classAnalysis.bin)
2026-09-03T19:50:18.530+0700 [DEBUG] [org.gradle.cache.internal.DefaultFileLockManager] Releasing lock on Java compile cache (D:\AbsensiSeleksi\caches\8.9\javaCompile).
2026-09-03T19:50:18.741+0700 [DEBUG] [org.gradle.internal.operations.DefaultBuildOperationRunner] Build operation 'Deleting unused version-specific caches in D:\AbsensiSeleksi\caches' started
2026-09-03T19:50:18.884+0700 [DEBUG] [org.gradle.cache.internal.VersionSpecificCacheCleanupAction] Processed version-specific caches at D:\AbsensiSeleksi\caches for cleanup in 0.124 secs
2026-09-03T19:50:18.896+0700 [DEBUG] [org.gradle.internal.operations.DefaultBuildOperationRunner] Completing Build operation 'Deleting unused version-specific caches in D:\AbsensiSeleksi\caches'
2026-09-03T19:50:18.897+0700 [DEBUG] [org.gradle.internal.operations.DefaultBuildOperationRunner] Build operation 'Deleting unused version-specific caches in D:\AbsensiSeleksi\caches' completed
2026-09-03T19:50:19.087+0700 [DEBUG] [org.gradle.internal.operations.DefaultBuildOperationRunner] Build operation 'Deleting unused Gradle distributions in D:\AbsensiSeleksi\wrapper\dists' started
2026-09-03T19:50:19.146+0700 [DEBUG] [org.gradle.cache.internal.WrapperDistributionCleanupAction] Could not determine Gradle version for D:\AbsensiSeleksi\wrapper\dists\gradle-8.7.0-bin\d4zlstzcw6hkpl6bl36as98s4: A Gradle distribution must contain exactly one subdirectory: [] (java.lang.IllegalArgumentException)
2026-09-03T19:50:19.387+0700 [DEBUG] [org.gradle.internal.operations.DefaultBuildOperationRunner] Completing Build operation 'Deleting unused Gradle distributions in D:\AbsensiSeleksi\wrapper\dists'
2026-09-03T19:50:19.387+0700 [DEBUG] [org.gradle.internal.operations.DefaultBuildOperationRunner] Build operation 'Deleting unused Gradle distributions in D:\AbsensiSeleksi\wrapper\dists' completed
2026-09-03T19:50:19.398+0700 [DEBUG] [org.gradle.launcher.daemon.server.Daemon] stop() called on daemon
2026-09-03T19:50:19.398+0700 [INFO] [org.gradle.launcher.daemon.server.Daemon] Stop requested. Daemon is removing its presence from the registry...
2026-09-03T19:50:19.398+0700 [DEBUG] [org.gradle.launcher.daemon.server.DaemonRegistryUpdater] Removing our presence to clients, eg. removing this address from the registry: [f2f1712e-f482-409b-b31d-d4d926729cf0 port:54027, addresses:[localhost/127.0.0.1]]
2026-09-03T19:50:19.399+0700 [DEBUG] [org.gradle.launcher.daemon.registry.PersistentDaemonRegistry] Removing daemon address: [f2f1712e-f482-409b-b31d-d4d926729cf0 port:54027, addresses:[localhost/127.0.0.1]]
2026-09-03T19:50:19.401+0700 [DEBUG] [org.gradle.cache.internal.DefaultFileLockManager] Waiting to acquire exclusive lock on daemon addresses registry.
2026-09-03T19:50:19.401+0700 [DEBUG] [org.gradle.cache.internal.DefaultFileLockManager] Lock acquired on daemon addresses registry.
2026-09-03T19:50:19.402+0700 [DEBUG] [org.gradle.cache.internal.DefaultFileLockManager] Releasing lock on daemon addresses registry.
2026-09-03T19:50:19.403+0700 [DEBUG] [org.gradle.launcher.daemon.server.DaemonRegistryUpdater] Address removed from registry.
2026-09-03T19:50:19.444+0700 [DEBUG] [org.gradle.cache.internal.locklistener.DefaultFileLockContentionHandler] File lock listener thread completed.
2026-09-03T19:50:19.530+0700 [DEBUG] [java.lang.Runtime] Runtime.exit() called with status: 0
java.lang.Throwable: Runtime.exit(0)
	at java.base/java.lang.Shutdown.logRuntimeExit(Shutdown.java:179)
	at java.base/java.lang.Shutdown.exit(Shutdown.java:160)
	at java.base/java.lang.Runtime.exit(Runtime.java:188)
	at java.base/java.lang.System.exit(System.java:1923)
	at org.gradle.launcher.bootstrap.ProcessCompleter.complete(ProcessCompleter.java:21)
	at org.gradle.launcher.bootstrap.EntryPoint.run(EntryPoint.java:61)
	at java.base/jdk.internal.reflect.DirectMethodHandleAccessor.invoke(DirectMethodHandleAccessor.java:103)
	at java.base/java.lang.reflect.Method.invoke(Method.java:580)
	at org.gradle.launcher.bootstrap.ProcessBootstrap.runNoExit(ProcessBootstrap.java:60)
	at org.gradle.launcher.bootstrap.ProcessBootstrap.run(ProcessBootstrap.java:37)
	at org.gradle.launcher.daemon.bootstrap.GradleDaemon.main(GradleDaemon.java:22)
Daemon vm is shutting down... The daemon has exited normally or was terminated in response to a user interrupt.
2026-09-03T19:50:19.604+0700 [DEBUG] [org.gradle.launcher.daemon.registry.PersistentDaemonRegistry] Removing daemon address: [f2f1712e-f482-409b-b31d-d4d926729cf0 port:54027, addresses:[localhost/127.0.0.1]]
2026-09-03T19:50:19.619+0700 [DEBUG] [org.gradle.launcher.daemon.server.Daemon] VM shutdown hook was unable to remove the daemon address from the registry. It will be cleaned up later.
java.lang.IllegalStateException: Cannot start managing file contention because this handler has been closed.
	at org.gradle.cache.internal.locklistener.DefaultFileLockContentionHandler.assertNotStopped(DefaultFileLockContentionHandler.java:217)
	at org.gradle.cache.internal.locklistener.DefaultFileLockContentionHandler.getCommunicator(DefaultFileLockContentionHandler.java:260)
	at org.gradle.cache.internal.locklistener.DefaultFileLockContentionHandler.reservePort(DefaultFileLockContentionHandler.java:254)
	at org.gradle.cache.internal.DefaultFileLockManager.lock(DefaultFileLockManager.java:124)
	at org.gradle.cache.internal.DefaultFileLockManager.lock(DefaultFileLockManager.java:106)
	at org.gradle.cache.internal.DefaultFileLockManager.lock(DefaultFileLockManager.java:101)
	at org.gradle.cache.internal.OnDemandFileAccess.updateFile(OnDemandFileAccess.java:51)
	at org.gradle.cache.internal.FileBackedObjectHolder.update(FileBackedObjectHolder.java:77)
	at org.gradle.cache.internal.FileIntegrityViolationSuppressingObjectHolderDecorator.lambda$update$0(FileIntegrityViolationSuppressingObjectHolderDecorator.java:48)
	at org.gradle.cache.internal.FileIntegrityViolationSuppressingObjectHolderDecorator.doUpdate(FileIntegrityViolationSuppressingObjectHolderDecorator.java:58)
	at org.gradle.cache.internal.FileIntegrityViolationSuppressingObjectHolderDecorator.update(FileIntegrityViolationSuppressingObjectHolderDecorator.java:48)
	at org.gradle.launcher.daemon.registry.PersistentDaemonRegistry.remove(PersistentDaemonRegistry.java:133)
	at org.gradle.launcher.daemon.server.Daemon$1.run(Daemon.java:133)
	at java.base/java.lang.Thread.run(Thread.java:1583)
