2026-09-02T16:24:53.016+0700 [DEBUG] [org.gradle.launcher.daemon.bootstrap.DaemonMain] Assuming the daemon was started with following jvm opts: [--add-opens=java.base/java.util=ALL-UNNAMED, --add-opens=java.base/java.lang=ALL-UNNAMED, --add-opens=java.base/java.lang.invoke=ALL-UNNAMED, --add-opens=java.prefs/java.util.prefs=ALL-UNNAMED, --add-exports=jdk.compiler/com.sun.tools.javac.api=ALL-UNNAMED, --add-exports=jdk.compiler/com.sun.tools.javac.util=ALL-UNNAMED, --add-opens=java.base/java.nio.charset=ALL-UNNAMED, --add-opens=java.base/java.net=ALL-UNNAMED, --add-opens=java.base/java.util.concurrent.atomic=ALL-UNNAMED, -Xmx2048m, -Dfile.encoding=UTF-8, -Duser.country=ID, -Duser.language=en, -Duser.variant]
2026-09-02T16:24:54.398+0700 [DEBUG] [org.gradle.internal.nativeintegration.services.NativeServices] Native-platform posix files integration is not available. Continuing with fallback.
2026-09-02T16:24:54.555+0700 [INFO] [org.gradle.launcher.daemon.server.Daemon] start() called on daemon - DefaultDaemonContext[uid=7f384a69-3128-4dd5-8758-c1f581edccf5,javaHome=C:\Users\AsusA416jp\.jdks\jbr-21.0.11,javaVersion=21,daemonRegistryDir=D:\AbsensiSeleksi\daemon,pid=8068,idleTimeout=10800000,priority=NORMAL,applyInstrumentationAgent=true,nativeServicesMode=ENABLED,daemonOpts=--add-opens=java.base/java.util=ALL-UNNAMED,--add-opens=java.base/java.lang=ALL-UNNAMED,--add-opens=java.base/java.lang.invoke=ALL-UNNAMED,--add-opens=java.prefs/java.util.prefs=ALL-UNNAMED,--add-exports=jdk.compiler/com.sun.tools.javac.api=ALL-UNNAMED,--add-exports=jdk.compiler/com.sun.tools.javac.util=ALL-UNNAMED,--add-opens=java.base/java.nio.charset=ALL-UNNAMED,--add-opens=java.base/java.net=ALL-UNNAMED,--add-opens=java.base/java.util.concurrent.atomic=ALL-UNNAMED,-Xmx2048m,-Dfile.encoding=UTF-8,-Duser.country=ID,-Duser.language=en,-Duser.variant]
2026-09-02T16:24:54.850+0700 [DEBUG] [org.gradle.internal.remote.internal.inet.InetAddresses] Adding IP addresses for network interface WAN Miniport (IP)-WFP Native MAC Layer LightWeight Filter-0000
2026-09-02T16:24:54.852+0700 [DEBUG] [org.gradle.internal.remote.internal.inet.InetAddresses] Is this a loopback interface? false
2026-09-02T16:24:54.854+0700 [DEBUG] [org.gradle.internal.remote.internal.inet.InetAddresses] Adding IP addresses for network interface WAN Miniport (IP)-QoS Packet Scheduler-0000
2026-09-02T16:24:54.855+0700 [DEBUG] [org.gradle.internal.remote.internal.inet.InetAddresses] Is this a loopback interface? false
2026-09-02T16:24:54.857+0700 [DEBUG] [org.gradle.internal.remote.internal.inet.InetAddresses] Adding IP addresses for network interface WAN Miniport (IPv6)-WFP Native MAC Layer LightWeight Filter-0000
2026-09-02T16:24:54.859+0700 [DEBUG] [org.gradle.internal.remote.internal.inet.InetAddresses] Is this a loopback interface? false
2026-09-02T16:24:54.860+0700 [DEBUG] [org.gradle.internal.remote.internal.inet.InetAddresses] Adding IP addresses for network interface WAN Miniport (IPv6)-QoS Packet Scheduler-0000
2026-09-02T16:24:54.861+0700 [DEBUG] [org.gradle.internal.remote.internal.inet.InetAddresses] Is this a loopback interface? false
2026-09-02T16:24:54.862+0700 [DEBUG] [org.gradle.internal.remote.internal.inet.InetAddresses] Adding IP addresses for network interface WAN Miniport (Network Monitor)-WFP Native MAC Layer LightWeight Filter-0000
2026-09-02T16:24:54.864+0700 [DEBUG] [org.gradle.internal.remote.internal.inet.InetAddresses] Is this a loopback interface? false
2026-09-02T16:24:54.865+0700 [DEBUG] [org.gradle.internal.remote.internal.inet.InetAddresses] Adding IP addresses for network interface WAN Miniport (Network Monitor)-QoS Packet Scheduler-0000
2026-09-02T16:24:54.867+0700 [DEBUG] [org.gradle.internal.remote.internal.inet.InetAddresses] Is this a loopback interface? false
2026-09-02T16:24:54.869+0700 [DEBUG] [org.gradle.internal.remote.internal.inet.InetAddresses] Adding IP addresses for network interface Microsoft Kernel Debug Network Adapter
2026-09-02T16:24:54.871+0700 [DEBUG] [org.gradle.internal.remote.internal.inet.InetAddresses] Is this a loopback interface? false
2026-09-02T16:24:54.873+0700 [DEBUG] [org.gradle.internal.remote.internal.inet.InetAddresses] Adding IP addresses for network interface WAN Miniport (Network Monitor)
2026-09-02T16:24:54.875+0700 [DEBUG] [org.gradle.internal.remote.internal.inet.InetAddresses] Is this a loopback interface? false
2026-09-02T16:24:54.876+0700 [DEBUG] [org.gradle.internal.remote.internal.inet.InetAddresses] Adding IP addresses for network interface WAN Miniport (IP)
2026-09-02T16:24:54.879+0700 [DEBUG] [org.gradle.internal.remote.internal.inet.InetAddresses] Is this a loopback interface? false
2026-09-02T16:24:54.881+0700 [DEBUG] [org.gradle.internal.remote.internal.inet.InetAddresses] Adding IP addresses for network interface WAN Miniport (IPv6)
2026-09-02T16:24:54.882+0700 [DEBUG] [org.gradle.internal.remote.internal.inet.InetAddresses] Is this a loopback interface? false
2026-09-02T16:24:54.884+0700 [DEBUG] [org.gradle.internal.remote.internal.inet.InetAddresses] Adding IP addresses for network interface WAN Miniport (PPPOE)
2026-09-02T16:24:54.886+0700 [DEBUG] [org.gradle.internal.remote.internal.inet.InetAddresses] Is this a loopback interface? false
2026-09-02T16:24:54.888+0700 [DEBUG] [org.gradle.internal.remote.internal.inet.InetAddresses] Adding IP addresses for network interface RAS Async Adapter
2026-09-02T16:24:54.890+0700 [DEBUG] [org.gradle.internal.remote.internal.inet.InetAddresses] Is this a loopback interface? false
2026-09-02T16:24:54.891+0700 [DEBUG] [org.gradle.internal.remote.internal.inet.InetAddresses] Adding IP addresses for network interface Software Loopback Interface 1
2026-09-02T16:24:54.893+0700 [DEBUG] [org.gradle.internal.remote.internal.inet.InetAddresses] Is this a loopback interface? true
2026-09-02T16:24:54.895+0700 [DEBUG] [org.gradle.internal.remote.internal.inet.InetAddresses] Adding loopback address /0:0:0:0:0:0:0:1
2026-09-02T16:24:54.897+0700 [DEBUG] [org.gradle.internal.remote.internal.inet.InetAddresses] Adding loopback address /127.0.0.1
2026-09-02T16:24:54.898+0700 [DEBUG] [org.gradle.internal.remote.internal.inet.InetAddresses] Adding IP addresses for network interface Tenda Wireless USB Adapter-WFP Native MAC Layer LightWeight Filter-0000
2026-09-02T16:24:54.901+0700 [DEBUG] [org.gradle.internal.remote.internal.inet.InetAddresses] Is this a loopback interface? false
2026-09-02T16:24:54.903+0700 [DEBUG] [org.gradle.internal.remote.internal.inet.InetAddresses] Adding IP addresses for network interface Tenda Wireless USB Adapter-Virtual WiFi Filter Driver-0000
2026-09-02T16:24:54.904+0700 [DEBUG] [org.gradle.internal.remote.internal.inet.InetAddresses] Is this a loopback interface? false
2026-09-02T16:24:54.905+0700 [DEBUG] [org.gradle.internal.remote.internal.inet.InetAddresses] Adding IP addresses for network interface Tenda Wireless USB Adapter-Native WiFi Filter Driver-0000
2026-09-02T16:24:54.907+0700 [DEBUG] [org.gradle.internal.remote.internal.inet.InetAddresses] Is this a loopback interface? false
2026-09-02T16:24:54.908+0700 [DEBUG] [org.gradle.internal.remote.internal.inet.InetAddresses] Adding IP addresses for network interface Tenda Wireless USB Adapter-QoS Packet Scheduler-0000
2026-09-02T16:24:54.909+0700 [DEBUG] [org.gradle.internal.remote.internal.inet.InetAddresses] Is this a loopback interface? false
2026-09-02T16:24:54.910+0700 [DEBUG] [org.gradle.internal.remote.internal.inet.InetAddresses] Adding IP addresses for network interface Tenda Wireless USB Adapter-WFP 802.3 MAC Layer LightWeight Filter-0000
2026-09-02T16:24:54.911+0700 [DEBUG] [org.gradle.internal.remote.internal.inet.InetAddresses] Is this a loopback interface? false
2026-09-02T16:24:54.913+0700 [DEBUG] [org.gradle.internal.remote.internal.inet.InetAddresses] Adding IP addresses for network interface Microsoft Hosted Network Virtual Adapter-WFP Native MAC Layer LightWeight Filter-0000
2026-09-02T16:24:54.914+0700 [DEBUG] [org.gradle.internal.remote.internal.inet.InetAddresses] Is this a loopback interface? false
2026-09-02T16:24:54.915+0700 [DEBUG] [org.gradle.internal.remote.internal.inet.InetAddresses] Adding IP addresses for network interface Microsoft Hosted Network Virtual Adapter-Native WiFi Filter Driver-0000
2026-09-02T16:24:54.916+0700 [DEBUG] [org.gradle.internal.remote.internal.inet.InetAddresses] Is this a loopback interface? false
2026-09-02T16:24:54.917+0700 [DEBUG] [org.gradle.internal.remote.internal.inet.InetAddresses] Adding IP addresses for network interface Microsoft Hosted Network Virtual Adapter-QoS Packet Scheduler-0000
2026-09-02T16:24:54.919+0700 [DEBUG] [org.gradle.internal.remote.internal.inet.InetAddresses] Is this a loopback interface? false
2026-09-02T16:24:54.920+0700 [DEBUG] [org.gradle.internal.remote.internal.inet.InetAddresses] Adding IP addresses for network interface Microsoft Hosted Network Virtual Adapter-WFP 802.3 MAC Layer LightWeight Filter-0000
2026-09-02T16:24:54.922+0700 [DEBUG] [org.gradle.internal.remote.internal.inet.InetAddresses] Is this a loopback interface? false
2026-09-02T16:24:54.923+0700 [DEBUG] [org.gradle.internal.remote.internal.inet.InetAddresses] Adding IP addresses for network interface Microsoft Wi-Fi Direct Virtual Adapter #2-WFP Native MAC Layer LightWeight Filter-0000
2026-09-02T16:24:54.924+0700 [DEBUG] [org.gradle.internal.remote.internal.inet.InetAddresses] Is this a loopback interface? false
2026-09-02T16:24:54.925+0700 [DEBUG] [org.gradle.internal.remote.internal.inet.InetAddresses] Adding IP addresses for network interface Microsoft Wi-Fi Direct Virtual Adapter #2-Native WiFi Filter Driver-0000
2026-09-02T16:24:54.927+0700 [DEBUG] [org.gradle.internal.remote.internal.inet.InetAddresses] Is this a loopback interface? false
2026-09-02T16:24:54.928+0700 [DEBUG] [org.gradle.internal.remote.internal.inet.InetAddresses] Adding IP addresses for network interface Microsoft Wi-Fi Direct Virtual Adapter #2-QoS Packet Scheduler-0000
2026-09-02T16:24:54.930+0700 [DEBUG] [org.gradle.internal.remote.internal.inet.InetAddresses] Is this a loopback interface? false
2026-09-02T16:24:54.931+0700 [DEBUG] [org.gradle.internal.remote.internal.inet.InetAddresses] Adding IP addresses for network interface Microsoft Wi-Fi Direct Virtual Adapter #2-WFP 802.3 MAC Layer LightWeight Filter-0000
2026-09-02T16:24:54.932+0700 [DEBUG] [org.gradle.internal.remote.internal.inet.InetAddresses] Is this a loopback interface? false
2026-09-02T16:24:54.933+0700 [DEBUG] [org.gradle.internal.remote.internal.inet.InetAddresses] Adding IP addresses for network interface Microsoft Wi-Fi Direct Virtual Adapter #3-WFP Native MAC Layer LightWeight Filter-0000
2026-09-02T16:24:54.934+0700 [DEBUG] [org.gradle.internal.remote.internal.inet.InetAddresses] Is this a loopback interface? false
2026-09-02T16:24:54.935+0700 [DEBUG] [org.gradle.internal.remote.internal.inet.InetAddresses] Adding IP addresses for network interface Microsoft Wi-Fi Direct Virtual Adapter #3-Native WiFi Filter Driver-0000
2026-09-02T16:24:54.936+0700 [DEBUG] [org.gradle.internal.remote.internal.inet.InetAddresses] Is this a loopback interface? false
2026-09-02T16:24:54.937+0700 [DEBUG] [org.gradle.internal.remote.internal.inet.InetAddresses] Adding IP addresses for network interface Microsoft Wi-Fi Direct Virtual Adapter #3-QoS Packet Scheduler-0000
2026-09-02T16:24:54.938+0700 [DEBUG] [org.gradle.internal.remote.internal.inet.InetAddresses] Is this a loopback interface? false
2026-09-02T16:24:54.941+0700 [DEBUG] [org.gradle.internal.remote.internal.inet.InetAddresses] Adding IP addresses for network interface Microsoft Wi-Fi Direct Virtual Adapter #3-WFP 802.3 MAC Layer LightWeight Filter-0000
2026-09-02T16:24:54.944+0700 [DEBUG] [org.gradle.internal.remote.internal.inet.InetAddresses] Is this a loopback interface? false
2026-09-02T16:24:54.945+0700 [DEBUG] [org.gradle.internal.remote.internal.inet.InetAddresses] Adding IP addresses for network interface Microsoft Wi-Fi Direct Virtual Adapter #2
2026-09-02T16:24:54.946+0700 [DEBUG] [org.gradle.internal.remote.internal.inet.InetAddresses] Is this a loopback interface? false
2026-09-02T16:24:54.947+0700 [DEBUG] [org.gradle.internal.remote.internal.inet.InetAddresses] Adding remote address /fe80:0:0:0:d7d0:aa2b:9033:d504%wireless_32770
2026-09-02T16:24:54.948+0700 [DEBUG] [org.gradle.internal.remote.internal.inet.InetAddresses] Adding IP addresses for network interface Microsoft Wi-Fi Direct Virtual Adapter #3
2026-09-02T16:24:54.949+0700 [DEBUG] [org.gradle.internal.remote.internal.inet.InetAddresses] Is this a loopback interface? false
2026-09-02T16:24:54.950+0700 [DEBUG] [org.gradle.internal.remote.internal.inet.InetAddresses] Adding remote address /fe80:0:0:0:e236:a51a:c2de:5183%wireless_32771
2026-09-02T16:24:54.951+0700 [DEBUG] [org.gradle.internal.remote.internal.inet.InetAddresses] Adding IP addresses for network interface Microsoft Hosted Network Virtual Adapter
2026-09-02T16:24:54.952+0700 [DEBUG] [org.gradle.internal.remote.internal.inet.InetAddresses] Is this a loopback interface? false
2026-09-02T16:24:54.953+0700 [DEBUG] [org.gradle.internal.remote.internal.inet.InetAddresses] Adding remote address /fe80:0:0:0:aa9f:dc74:d8ff:f42%wireless_32772
2026-09-02T16:24:54.954+0700 [DEBUG] [org.gradle.internal.remote.internal.inet.InetAddresses] Adding IP addresses for network interface Tenda Wireless USB Adapter
2026-09-02T16:24:54.955+0700 [DEBUG] [org.gradle.internal.remote.internal.inet.InetAddresses] Is this a loopback interface? false
2026-09-02T16:24:54.955+0700 [DEBUG] [org.gradle.internal.remote.internal.inet.InetAddresses] Adding remote address /fe80:0:0:0:d13f:5c7f:d9cc:332f%wireless_32774
2026-09-02T16:24:54.957+0700 [DEBUG] [org.gradle.internal.remote.internal.inet.InetAddresses] Adding remote address /172.16.249.70
2026-09-02T16:24:54.962+0700 [DEBUG] [org.gradle.internal.remote.internal.inet.InetAddresses] Adding IP addresses for network interface Microsoft Teredo Tunneling Adapter
2026-09-02T16:24:54.963+0700 [DEBUG] [org.gradle.internal.remote.internal.inet.InetAddresses] Is this a loopback interface? false
2026-09-02T16:24:54.964+0700 [DEBUG] [org.gradle.internal.remote.internal.inet.InetAddresses] Adding IP addresses for network interface Microsoft IP-HTTPS Platform Adapter
2026-09-02T16:24:54.965+0700 [DEBUG] [org.gradle.internal.remote.internal.inet.InetAddresses] Is this a loopback interface? false
2026-09-02T16:24:54.965+0700 [DEBUG] [org.gradle.internal.remote.internal.inet.InetAddresses] Adding IP addresses for network interface Microsoft 6to4 Adapter
2026-09-02T16:24:54.966+0700 [DEBUG] [org.gradle.internal.remote.internal.inet.InetAddresses] Is this a loopback interface? false
2026-09-02T16:24:54.967+0700 [DEBUG] [org.gradle.internal.remote.internal.inet.InetAddresses] Adding IP addresses for network interface WAN Miniport (IKEv2)
2026-09-02T16:24:54.968+0700 [DEBUG] [org.gradle.internal.remote.internal.inet.InetAddresses] Is this a loopback interface? false
2026-09-02T16:24:54.969+0700 [DEBUG] [org.gradle.internal.remote.internal.inet.InetAddresses] Adding IP addresses for network interface WAN Miniport (L2TP)
2026-09-02T16:24:54.970+0700 [DEBUG] [org.gradle.internal.remote.internal.inet.InetAddresses] Is this a loopback interface? false
2026-09-02T16:24:54.971+0700 [DEBUG] [org.gradle.internal.remote.internal.inet.InetAddresses] Adding IP addresses for network interface WAN Miniport (PPTP)
2026-09-02T16:24:54.972+0700 [DEBUG] [org.gradle.internal.remote.internal.inet.InetAddresses] Is this a loopback interface? false
2026-09-02T16:24:54.972+0700 [DEBUG] [org.gradle.internal.remote.internal.inet.InetAddresses] Adding IP addresses for network interface WAN Miniport (SSTP)
2026-09-02T16:24:54.973+0700 [DEBUG] [org.gradle.internal.remote.internal.inet.InetAddresses] Is this a loopback interface? false
2026-09-02T16:24:54.986+0700 [DEBUG] [org.gradle.internal.remote.internal.inet.TcpIncomingConnector] Listening on [405a77ec-d5eb-438f-8036-7e0762cafd4d port:63655, addresses:[localhost/127.0.0.1]].
2026-09-02T16:24:55.058+0700 [DEBUG] [org.gradle.launcher.daemon.server.Daemon] Daemon starting at: Wed Sep 02 16:24:54 WIB 2026, with address: [405a77ec-d5eb-438f-8036-7e0762cafd4d port:63655, addresses:[localhost/127.0.0.1]]
2026-09-02T16:24:55.059+0700 [INFO] [org.gradle.launcher.daemon.server.DaemonRegistryUpdater] Advertising the daemon address to the clients: [405a77ec-d5eb-438f-8036-7e0762cafd4d port:63655, addresses:[localhost/127.0.0.1]]
2026-09-02T16:24:55.060+0700 [DEBUG] [org.gradle.launcher.daemon.server.DaemonRegistryUpdater] Advertised daemon context: DefaultDaemonContext[uid=7f384a69-3128-4dd5-8758-c1f581edccf5,javaHome=C:\Users\AsusA416jp\.jdks\jbr-21.0.11,javaVersion=21,daemonRegistryDir=D:\AbsensiSeleksi\daemon,pid=8068,idleTimeout=10800000,priority=NORMAL,applyInstrumentationAgent=true,nativeServicesMode=ENABLED,daemonOpts=--add-opens=java.base/java.util=ALL-UNNAMED,--add-opens=java.base/java.lang=ALL-UNNAMED,--add-opens=java.base/java.lang.invoke=ALL-UNNAMED,--add-opens=java.prefs/java.util.prefs=ALL-UNNAMED,--add-exports=jdk.compiler/com.sun.tools.javac.api=ALL-UNNAMED,--add-exports=jdk.compiler/com.sun.tools.javac.util=ALL-UNNAMED,--add-opens=java.base/java.nio.charset=ALL-UNNAMED,--add-opens=java.base/java.net=ALL-UNNAMED,--add-opens=java.base/java.util.concurrent.atomic=ALL-UNNAMED,-Xmx2048m,-Dfile.encoding=UTF-8,-Duser.country=ID,-Duser.language=en,-Duser.variant]
2026-09-02T16:24:55.065+0700 [DEBUG] [org.gradle.launcher.daemon.registry.PersistentDaemonRegistry] Storing daemon address: [405a77ec-d5eb-438f-8036-7e0762cafd4d port:63655, addresses:[localhost/127.0.0.1]], context: DefaultDaemonContext[uid=7f384a69-3128-4dd5-8758-c1f581edccf5,javaHome=C:\Users\AsusA416jp\.jdks\jbr-21.0.11,javaVersion=21,daemonRegistryDir=D:\AbsensiSeleksi\daemon,pid=8068,idleTimeout=10800000,priority=NORMAL,applyInstrumentationAgent=true,nativeServicesMode=ENABLED,daemonOpts=--add-opens=java.base/java.util=ALL-UNNAMED,--add-opens=java.base/java.lang=ALL-UNNAMED,--add-opens=java.base/java.lang.invoke=ALL-UNNAMED,--add-opens=java.prefs/java.util.prefs=ALL-UNNAMED,--add-exports=jdk.compiler/com.sun.tools.javac.api=ALL-UNNAMED,--add-exports=jdk.compiler/com.sun.tools.javac.util=ALL-UNNAMED,--add-opens=java.base/java.nio.charset=ALL-UNNAMED,--add-opens=java.base/java.net=ALL-UNNAMED,--add-opens=java.base/java.util.concurrent.atomic=ALL-UNNAMED,-Xmx2048m,-Dfile.encoding=UTF-8,-Duser.country=ID,-Duser.language=en,-Duser.variant]
2026-09-02T16:24:55.153+0700 [DEBUG] [org.gradle.cache.internal.DefaultFileLockManager] Waiting to acquire exclusive lock on daemon addresses registry.
2026-09-02T16:24:55.172+0700 [DEBUG] [org.gradle.cache.internal.DefaultFileLockManager] Lock acquired on daemon addresses registry.
2026-09-02T16:24:55.195+0700 [DEBUG] [org.gradle.cache.internal.DefaultFileLockManager] Releasing lock on daemon addresses registry.
2026-09-02T16:24:55.198+0700 [LIFECYCLE] [org.gradle.launcher.daemon.server.Daemon] Daemon server started.
2026-09-02T16:24:55.204+0700 [DEBUG] [org.gradle.launcher.daemon.bootstrap.DaemonStartupCommunication] Completed writing the daemon greeting. Closing streams...
2026-09-02T16:24:55.225+0700 [DEBUG] [org.gradle.internal.remote.internal.inet.TcpIncomingConnector] Accepted connection from /127.0.0.1:63656 to /127.0.0.1:63655.
2026-09-02T16:24:55.239+0700 [DEBUG] [org.gradle.launcher.daemon.server.Daemon] stopOnExpiration() called on daemon
2026-09-02T16:24:55.242+0700 [DEBUG] [org.gradle.launcher.daemon.server.Daemon] awaitExpiration() called on daemon
2026-09-02T16:24:55.244+0700 [DEBUG] [org.gradle.launcher.daemon.server.DaemonStateCoordinator] daemon is running. Sleeping until state changes.
2026-09-02T16:24:55.590+0700 [DEBUG] [org.gradle.launcher.daemon.server.SynchronizedDispatchConnection] thread 35: received class org.gradle.launcher.daemon.protocol.Build
2026-09-02T16:24:55.591+0700 [DEBUG] [org.gradle.launcher.daemon.server.DefaultDaemonConnection] thread 35: Received non-IO message from client: Build{id=261ab878-766d-4612-ac44-64a9c53ec129, currentDir=D:\AbsensiSeleksi}
2026-09-02T16:24:55.591+0700 [INFO] [org.gradle.launcher.daemon.server.DefaultIncomingConnectionHandler] Received command: Build{id=261ab878-766d-4612-ac44-64a9c53ec129, currentDir=D:\AbsensiSeleksi}.
2026-09-02T16:24:55.592+0700 [DEBUG] [org.gradle.launcher.daemon.server.DefaultIncomingConnectionHandler] Starting executing command: Build{id=261ab878-766d-4612-ac44-64a9c53ec129, currentDir=D:\AbsensiSeleksi} with connection: socket connection from /127.0.0.1:63655 to /127.0.0.1:63656.
2026-09-02T16:24:55.600+0700 [DEBUG] [org.gradle.launcher.daemon.server.DaemonStateCoordinator] Command execution: started DaemonCommandExecution[command = Build{id=261ab878-766d-4612-ac44-64a9c53ec129, currentDir=D:\AbsensiSeleksi}, connection = DefaultDaemonConnection: socket connection from /127.0.0.1:63655 to /127.0.0.1:63656] after 0.013266666666666668 minutes of idle
2026-09-02T16:24:55.601+0700 [INFO] [org.gradle.launcher.daemon.server.DaemonRegistryUpdater] Marking the daemon as busy, address: [405a77ec-d5eb-438f-8036-7e0762cafd4d port:63655, addresses:[localhost/127.0.0.1]]
2026-09-02T16:24:55.601+0700 [DEBUG] [org.gradle.launcher.daemon.registry.PersistentDaemonRegistry] Marking busy by address: [405a77ec-d5eb-438f-8036-7e0762cafd4d port:63655, addresses:[localhost/127.0.0.1]]
2026-09-02T16:24:55.605+0700 [DEBUG] [org.gradle.cache.internal.DefaultFileLockManager] Waiting to acquire exclusive lock on daemon addresses registry.
2026-09-02T16:24:55.607+0700 [DEBUG] [org.gradle.cache.internal.DefaultFileLockManager] Lock acquired on daemon addresses registry.
2026-09-02T16:24:55.612+0700 [DEBUG] [org.gradle.cache.internal.DefaultFileLockManager] Releasing lock on daemon addresses registry.
2026-09-02T16:24:55.613+0700 [DEBUG] [org.gradle.launcher.daemon.server.DaemonStateCoordinator] resetting idle timer
2026-09-02T16:24:55.614+0700 [DEBUG] [org.gradle.launcher.daemon.server.DaemonStateCoordinator] daemon is running. Sleeping until state changes.
2026-09-02T16:24:55.616+0700 [INFO] [org.gradle.launcher.daemon.server.exec.StartBuildOrRespondWithBusy] Daemon is about to start building Build{id=261ab878-766d-4612-ac44-64a9c53ec129, currentDir=D:\AbsensiSeleksi}. Dispatching build started information...
2026-09-02T16:24:55.617+0700 [DEBUG] [org.gradle.launcher.daemon.server.SynchronizedDispatchConnection] thread 37: dispatching org.gradle.launcher.daemon.protocol.BuildStarted@48d147c8
2026-09-02T16:24:55.622+0700 [DEBUG] [org.gradle.launcher.daemon.server.exec.EstablishBuildEnvironment] Configuring env variables: [USERDOMAIN_ROAMINGPROFILE, LOCALAPPDATA, ChocolateyLastPathUpdate, PROCESSOR_LEVEL, USERDOMAIN, LOGONSERVER, SESSIONNAME, ALLUSERSPROFILE, EFC_1164_1592913036, PROCESSOR_ARCHITECTURE, PSModulePath, SystemDrive, asl.log, OneDrive, APPDATA, USERNAME, ChocolateyInstall, ProgramFiles(x86), CommonProgramFiles, Path, PATHEXT, DriverData, OS, OneDriveConsumer, COMPUTERNAME, EFC_1164_4126798990, PROCESSOR_REVISION, CommonProgramW6432, ComSpec, ProgramData, ProgramW6432, TEMP, HOMEPATH, SystemRoot, PROCESSOR_IDENTIFIER, HOMEDRIVE, USERPROFILE, TMP, CommonProgramFiles(x86), ProgramFiles, PUBLIC, windir, NUMBER_OF_PROCESSORS, =::]
2026-09-02T16:24:55.635+0700 [DEBUG] [org.gradle.launcher.daemon.server.exec.LogToClient] About to start relaying all logs to the client via the connection.
2026-09-02T16:24:55.636+0700 [INFO] [org.gradle.launcher.daemon.server.exec.LogToClient] The client will now receive all logging from the daemon (pid: 8068). The daemon log file: D:\AbsensiSeleksi\daemon\8.9\daemon-8068.out.log
2026-09-02T16:24:55.641+0700 [INFO] [org.gradle.launcher.daemon.server.exec.LogAndCheckHealth] Starting build in new daemon [memory: 2 GiB]
2026-09-02T16:24:55.647+0700 [DEBUG] [org.gradle.launcher.daemon.server.exec.ExecuteBuild] The daemon has started executing the build.
2026-09-02T16:24:55.648+0700 [DEBUG] [org.gradle.launcher.daemon.server.exec.ExecuteBuild] Executing build with daemon context: DefaultDaemonContext[uid=7f384a69-3128-4dd5-8758-c1f581edccf5,javaHome=C:\Users\AsusA416jp\.jdks\jbr-21.0.11,javaVersion=21,daemonRegistryDir=D:\AbsensiSeleksi\daemon,pid=8068,idleTimeout=10800000,priority=NORMAL,applyInstrumentationAgent=true,nativeServicesMode=ENABLED,daemonOpts=--add-opens=java.base/java.util=ALL-UNNAMED,--add-opens=java.base/java.lang=ALL-UNNAMED,--add-opens=java.base/java.lang.invoke=ALL-UNNAMED,--add-opens=java.prefs/java.util.prefs=ALL-UNNAMED,--add-exports=jdk.compiler/com.sun.tools.javac.api=ALL-UNNAMED,--add-exports=jdk.compiler/com.sun.tools.javac.util=ALL-UNNAMED,--add-opens=java.base/java.nio.charset=ALL-UNNAMED,--add-opens=java.base/java.net=ALL-UNNAMED,--add-opens=java.base/java.util.concurrent.atomic=ALL-UNNAMED,-Xmx2048m,-Dfile.encoding=UTF-8,-Duser.country=ID,-Duser.language=en,-Duser.variant]
Calculating task graph as configuration cache cannot be reused because JVM has changed.
w: file:///D:/AbsensiSeleksi/app/src/main/java/com/absensiseleksi/ui/attendance/AttendanceActivity.kt:239:13 'onBackPressed(): Unit' is deprecated. This method has been deprecated in favor of using the
      {@link OnBackPressedDispatcher} via {@link #getOnBackPressedDispatcher()}.
      The OnBackPressedDispatcher controls how back button events are dispatched
      to one or more {@link OnBackPressedCallback} objects.
w: file:///D:/AbsensiSeleksi/app/src/main/java/com/absensiseleksi/ui/attendance/AttendanceDetailActivity.kt:126:13 'onBackPressed(): Unit' is deprecated. This method has been deprecated in favor of using the
      {@link OnBackPressedDispatcher} via {@link #getOnBackPressedDispatcher()}.
      The OnBackPressedDispatcher controls how back button events are dispatched
      to one or more {@link OnBackPressedCallback} objects.
w: file:///D:/AbsensiSeleksi/app/src/main/java/com/absensiseleksi/ui/attendance/AttendanceSuccessActivity.kt:44:13 'onBackPressed(): Unit' is deprecated. This method has been deprecated in favor of using the
      {@link OnBackPressedDispatcher} via {@link #getOnBackPressedDispatcher()}.
      The OnBackPressedDispatcher controls how back button events are dispatched
      to one or more {@link OnBackPressedCallback} objects.

BUILD SUCCESSFUL in 4m 58s
43 actionable tasks: 10 executed, 33 up-to-date
Configuration cache entry stored.
2026-09-02T16:29:33.926+0700 [DEBUG] [org.gradle.launcher.daemon.server.exec.ExecuteBuild] The daemon has finished executing the build.
2026-09-02T16:29:33.937+0700 [DEBUG] [org.gradle.launcher.daemon.server.DaemonStateCoordinator] daemon is running. Sleeping until state changes.
2026-09-02T16:29:33.938+0700 [DEBUG] [org.gradle.launcher.daemon.server.DaemonStateCoordinator] Command execution: finished waiting for DaemonCommandExecution[command = Build{id=261ab878-766d-4612-ac44-64a9c53ec129, currentDir=D:\AbsensiSeleksi}, connection = DefaultDaemonConnection: socket connection from /127.0.0.1:63655 to /127.0.0.1:63656]. Result org.gradle.launcher.daemon.server.DaemonStateCoordinator@16b51d91 with state Busy
2026-09-02T16:29:33.939+0700 [DEBUG] [org.gradle.launcher.daemon.server.DaemonStateCoordinator] Command execution: completed DaemonCommandExecution[command = Build{id=261ab878-766d-4612-ac44-64a9c53ec129, currentDir=D:\AbsensiSeleksi}, connection = DefaultDaemonConnection: socket connection from /127.0.0.1:63655 to /127.0.0.1:63656]
2026-09-02T16:29:33.939+0700 [DEBUG] [org.gradle.launcher.daemon.server.DaemonStateCoordinator] resetting idle timer
2026-09-02T16:29:33.939+0700 [INFO] [org.gradle.launcher.daemon.server.DaemonRegistryUpdater] Marking the daemon as idle, address: [405a77ec-d5eb-438f-8036-7e0762cafd4d port:63655, addresses:[localhost/127.0.0.1]]
2026-09-02T16:29:33.940+0700 [DEBUG] [org.gradle.launcher.daemon.registry.PersistentDaemonRegistry] Marking busy by address: [405a77ec-d5eb-438f-8036-7e0762cafd4d port:63655, addresses:[localhost/127.0.0.1]]
2026-09-02T16:29:33.941+0700 [DEBUG] [org.gradle.cache.internal.DefaultFileLockManager] Waiting to acquire exclusive lock on daemon addresses registry.
2026-09-02T16:29:33.941+0700 [DEBUG] [org.gradle.cache.internal.DefaultFileLockManager] Lock acquired on daemon addresses registry.
2026-09-02T16:29:33.944+0700 [DEBUG] [org.gradle.cache.internal.DefaultFileLockManager] Releasing lock on daemon addresses registry.
2026-09-02T16:29:33.945+0700 [DEBUG] [org.gradle.launcher.daemon.server.DaemonStateCoordinator] daemon is running. Sleeping until state changes.
2026-09-02T16:29:33.945+0700 [DEBUG] [org.gradle.launcher.daemon.server.exec.ReturnResult] Daemon is dispatching the build result: Success[value=org.gradle.launcher.exec.BuildActionResult@4dceb570]
2026-09-02T16:29:33.946+0700 [DEBUG] [org.gradle.launcher.daemon.server.SynchronizedDispatchConnection] thread 34: dispatching Success[value=org.gradle.launcher.exec.BuildActionResult@4dceb570]
2026-09-02T16:29:33.949+0700 [DEBUG] [org.gradle.launcher.daemon.server.exec.CleanUpVirtualFileSystemAfterBuild] Cleaning virtual file system after build finished
2026-09-02T16:29:33.950+0700 [DEBUG] [org.gradle.launcher.daemon.server.DefaultIncomingConnectionHandler] Finishing executing command: Build{id=261ab878-766d-4612-ac44-64a9c53ec129, currentDir=D:\AbsensiSeleksi}
2026-09-02T16:29:33.958+0700 [DEBUG] [org.gradle.launcher.daemon.server.SynchronizedDispatchConnection] thread 35: received class org.gradle.launcher.daemon.protocol.CloseInput
2026-09-02T16:29:33.959+0700 [DEBUG] [org.gradle.launcher.daemon.server.DefaultDaemonConnection] thread 35: Received IO message from client: org.gradle.launcher.daemon.protocol.CloseInput@5aa1b67d
2026-09-02T16:29:33.961+0700 [DEBUG] [org.gradle.launcher.daemon.server.SynchronizedDispatchConnection] thread 35: received class org.gradle.launcher.daemon.protocol.Finished
2026-09-02T16:29:33.962+0700 [DEBUG] [org.gradle.launcher.daemon.server.DefaultDaemonConnection] thread 35: Received non-IO message from client: org.gradle.launcher.daemon.protocol.Finished@4f1a19e0
2026-09-02T16:29:33.963+0700 [DEBUG] [org.gradle.launcher.daemon.server.DefaultIncomingConnectionHandler] Received finished message: org.gradle.launcher.daemon.protocol.Finished@4f1a19e0
2026-09-02T16:29:33.963+0700 [DEBUG] [org.gradle.launcher.daemon.server.SynchronizedDispatchConnection] thread 34: stopping connection
2026-09-02T16:29:33.970+0700 [DEBUG] [org.gradle.internal.remote.internal.inet.SocketConnection] Discarding EOFException: java.io.EOFException
2026-09-02T16:29:33.971+0700 [DEBUG] [org.gradle.launcher.daemon.server.SynchronizedDispatchConnection] thread 35: received null
2026-09-02T16:29:33.971+0700 [DEBUG] [org.gradle.launcher.daemon.server.DefaultDaemonConnection] thread 35: Received end-of-input from client.
2026-09-02T16:29:33.983+0700 [DEBUG] [org.gradle.launcher.daemon.server.SynchronizedDispatchConnection] thread 34: stopping connection
2026-09-02T16:29:34.850+0700 [DEBUG] [org.gradle.process.internal.health.memory.DefaultMemoryManager] 638754816 physical memory requested, 396062720 free
2026-09-02T16:29:34.851+0700 [DEBUG] [org.gradle.workers.internal.WorkerDaemonExpiration] Will attempt to release 609 of memory
2026-09-02T16:29:34.851+0700 [DEBUG] [org.gradle.process.internal.health.memory.DefaultMemoryManager] 638754816 physical memory requested, 0 released, 396062720 free
2026-09-02T16:29:35.243+0700 [DEBUG] [org.gradle.cache.internal.DefaultFileLockManager] Waiting to acquire shared lock on daemon addresses registry.
2026-09-02T16:29:35.244+0700 [DEBUG] [org.gradle.cache.internal.DefaultFileLockManager] Lock acquired on daemon addresses registry.
2026-09-02T16:29:35.244+0700 [DEBUG] [org.gradle.cache.internal.DefaultFileLockManager] Releasing lock on daemon addresses registry.
2026-09-02T16:29:35.313+0700 [DEBUG] [org.gradle.cache.internal.DefaultFileLockManager] Waiting to acquire shared lock on daemon addresses registry.
2026-09-02T16:29:35.313+0700 [DEBUG] [org.gradle.cache.internal.DefaultFileLockManager] Lock acquired on daemon addresses registry.
2026-09-02T16:29:35.313+0700 [DEBUG] [org.gradle.cache.internal.DefaultFileLockManager] Releasing lock on daemon addresses registry.
2026-09-02T16:29:39.852+0700 [DEBUG] [org.gradle.process.internal.health.memory.DefaultMemoryManager] 638754816 physical memory requested, 366030848 free
2026-09-02T16:29:39.853+0700 [DEBUG] [org.gradle.workers.internal.WorkerDaemonExpiration] Will attempt to release 609 of memory
2026-09-02T16:29:39.853+0700 [DEBUG] [org.gradle.process.internal.health.memory.DefaultMemoryManager] 638754816 physical memory requested, 0 released, 366030848 free
2026-09-02T16:29:44.856+0700 [DEBUG] [org.gradle.process.internal.health.memory.DefaultMemoryManager] 638754816 physical memory requested, 308637696 free
2026-09-02T16:29:44.858+0700 [DEBUG] [org.gradle.workers.internal.WorkerDaemonExpiration] Will attempt to release 609 of memory
2026-09-02T16:29:44.860+0700 [DEBUG] [org.gradle.process.internal.health.memory.DefaultMemoryManager] 638754816 physical memory requested, 0 released, 308637696 free
2026-09-02T16:29:45.244+0700 [DEBUG] [org.gradle.cache.internal.DefaultFileLockManager] Waiting to acquire shared lock on daemon addresses registry.
2026-09-02T16:29:45.244+0700 [DEBUG] [org.gradle.cache.internal.DefaultFileLockManager] Lock acquired on daemon addresses registry.
2026-09-02T16:29:45.279+0700 [DEBUG] [org.gradle.cache.internal.DefaultFileLockManager] Releasing lock on daemon addresses registry.
2026-09-02T16:29:45.291+0700 [DEBUG] [org.gradle.cache.internal.DefaultFileLockManager] Waiting to acquire shared lock on daemon addresses registry.
2026-09-02T16:29:45.291+0700 [DEBUG] [org.gradle.cache.internal.DefaultFileLockManager] Lock acquired on daemon addresses registry.
2026-09-02T16:29:45.292+0700 [DEBUG] [org.gradle.cache.internal.DefaultFileLockManager] Releasing lock on daemon addresses registry.
2026-09-02T16:29:45.295+0700 [DEBUG] [org.gradle.cache.internal.DefaultFileLockManager] Waiting to acquire shared lock on daemon addresses registry.
2026-09-02T16:29:45.299+0700 [DEBUG] [org.gradle.cache.internal.DefaultFileLockManager] Lock acquired on daemon addresses registry.
2026-09-02T16:29:45.302+0700 [DEBUG] [org.gradle.cache.internal.DefaultFileLockManager] Releasing lock on daemon addresses registry.
2026-09-02T16:29:49.851+0700 [DEBUG] [org.gradle.process.internal.health.memory.DefaultMemoryManager] 638754816 physical memory requested, 278552576 free
2026-09-02T16:29:49.852+0700 [DEBUG] [org.gradle.workers.internal.WorkerDaemonExpiration] Will attempt to release 609 of memory
2026-09-02T16:29:49.853+0700 [DEBUG] [org.gradle.process.internal.health.memory.DefaultMemoryManager] 638754816 physical memory requested, 0 released, 278552576 free
2026-09-02T16:29:54.850+0700 [DEBUG] [org.gradle.process.internal.health.memory.DefaultMemoryManager] 638754816 physical memory requested, 368963584 free
2026-09-02T16:29:54.850+0700 [DEBUG] [org.gradle.workers.internal.WorkerDaemonExpiration] Will attempt to release 609 of memory
2026-09-02T16:29:54.851+0700 [DEBUG] [org.gradle.process.internal.health.memory.DefaultMemoryManager] 638754816 physical memory requested, 0 released, 368963584 free
2026-09-02T16:29:55.243+0700 [DEBUG] [org.gradle.cache.internal.DefaultFileLockManager] Waiting to acquire shared lock on daemon addresses registry.
2026-09-02T16:29:55.244+0700 [DEBUG] [org.gradle.cache.internal.DefaultFileLockManager] Lock acquired on daemon addresses registry.
2026-09-02T16:29:55.280+0700 [DEBUG] [org.gradle.cache.internal.DefaultFileLockManager] Releasing lock on daemon addresses registry.
2026-09-02T16:29:55.282+0700 [DEBUG] [org.gradle.cache.internal.DefaultFileLockManager] Waiting to acquire shared lock on daemon addresses registry.
2026-09-02T16:29:55.282+0700 [DEBUG] [org.gradle.cache.internal.DefaultFileLockManager] Lock acquired on daemon addresses registry.
2026-09-02T16:29:55.283+0700 [DEBUG] [org.gradle.cache.internal.DefaultFileLockManager] Releasing lock on daemon addresses registry.
2026-09-02T16:29:55.284+0700 [DEBUG] [org.gradle.cache.internal.DefaultFileLockManager] Waiting to acquire shared lock on daemon addresses registry.
2026-09-02T16:29:55.285+0700 [DEBUG] [org.gradle.cache.internal.DefaultFileLockManager] Lock acquired on daemon addresses registry.
2026-09-02T16:29:55.285+0700 [DEBUG] [org.gradle.cache.internal.DefaultFileLockManager] Releasing lock on daemon addresses registry.
2026-09-02T16:29:59.851+0700 [DEBUG] [org.gradle.process.internal.health.memory.DefaultMemoryManager] 638754816 physical memory requested, 358105088 free
2026-09-02T16:29:59.851+0700 [DEBUG] [org.gradle.workers.internal.WorkerDaemonExpiration] Will attempt to release 609 of memory
2026-09-02T16:29:59.852+0700 [DEBUG] [org.gradle.process.internal.health.memory.DefaultMemoryManager] 638754816 physical memory requested, 0 released, 358105088 free
2026-09-02T16:30:04.851+0700 [DEBUG] [org.gradle.process.internal.health.memory.DefaultMemoryManager] 638754816 physical memory requested, 290082816 free
2026-09-02T16:30:04.851+0700 [DEBUG] [org.gradle.workers.internal.WorkerDaemonExpiration] Will attempt to release 609 of memory
2026-09-02T16:30:04.852+0700 [DEBUG] [org.gradle.process.internal.health.memory.DefaultMemoryManager] 638754816 physical memory requested, 0 released, 290082816 free
2026-09-02T16:30:05.244+0700 [DEBUG] [org.gradle.cache.internal.DefaultFileLockManager] Waiting to acquire shared lock on daemon addresses registry.
2026-09-02T16:30:05.245+0700 [DEBUG] [org.gradle.cache.internal.DefaultFileLockManager] Lock acquired on daemon addresses registry.
2026-09-02T16:30:05.251+0700 [DEBUG] [org.gradle.cache.internal.DefaultFileLockManager] Releasing lock on daemon addresses registry.
2026-09-02T16:30:05.256+0700 [DEBUG] [org.gradle.cache.internal.DefaultFileLockManager] Waiting to acquire shared lock on daemon addresses registry.
2026-09-02T16:30:05.267+0700 [DEBUG] [org.gradle.cache.internal.DefaultFileLockManager] Lock acquired on daemon addresses registry.
2026-09-02T16:30:05.274+0700 [DEBUG] [org.gradle.cache.internal.DefaultFileLockManager] Releasing lock on daemon addresses registry.
2026-09-02T16:30:05.278+0700 [DEBUG] [org.gradle.cache.internal.DefaultFileLockManager] Waiting to acquire shared lock on daemon addresses registry.
2026-09-02T16:30:05.279+0700 [DEBUG] [org.gradle.cache.internal.DefaultFileLockManager] Lock acquired on daemon addresses registry.
2026-09-02T16:30:05.280+0700 [DEBUG] [org.gradle.cache.internal.DefaultFileLockManager] Releasing lock on daemon addresses registry.
2026-09-02T16:30:09.851+0700 [DEBUG] [org.gradle.process.internal.health.memory.DefaultMemoryManager] 638754816 physical memory requested, 510365696 free
2026-09-02T16:30:09.851+0700 [DEBUG] [org.gradle.workers.internal.WorkerDaemonExpiration] Will attempt to release 609 of memory
2026-09-02T16:30:09.851+0700 [DEBUG] [org.gradle.process.internal.health.memory.DefaultMemoryManager] 638754816 physical memory requested, 0 released, 510365696 free
2026-09-02T16:30:14.851+0700 [DEBUG] [org.gradle.process.internal.health.memory.DefaultMemoryManager] 638754816 physical memory requested, 269246464 free
2026-09-02T16:30:14.861+0700 [DEBUG] [org.gradle.workers.internal.WorkerDaemonExpiration] Will attempt to release 609 of memory
2026-09-02T16:30:14.861+0700 [DEBUG] [org.gradle.process.internal.health.memory.DefaultMemoryManager] 638754816 physical memory requested, 0 released, 269246464 free
2026-09-02T16:30:15.244+0700 [DEBUG] [org.gradle.cache.internal.DefaultFileLockManager] Waiting to acquire shared lock on daemon addresses registry.
2026-09-02T16:30:15.244+0700 [DEBUG] [org.gradle.cache.internal.DefaultFileLockManager] Lock acquired on daemon addresses registry.
2026-09-02T16:30:15.248+0700 [DEBUG] [org.gradle.cache.internal.DefaultFileLockManager] Releasing lock on daemon addresses registry.
2026-09-02T16:30:15.252+0700 [DEBUG] [org.gradle.cache.internal.DefaultFileLockManager] Waiting to acquire shared lock on daemon addresses registry.
2026-09-02T16:30:15.253+0700 [DEBUG] [org.gradle.cache.internal.DefaultFileLockManager] Lock acquired on daemon addresses registry.
2026-09-02T16:30:15.255+0700 [DEBUG] [org.gradle.cache.internal.DefaultFileLockManager] Releasing lock on daemon addresses registry.
2026-09-02T16:30:15.261+0700 [DEBUG] [org.gradle.cache.internal.DefaultFileLockManager] Waiting to acquire shared lock on daemon addresses registry.
2026-09-02T16:30:15.261+0700 [DEBUG] [org.gradle.cache.internal.DefaultFileLockManager] Lock acquired on daemon addresses registry.
2026-09-02T16:30:15.265+0700 [DEBUG] [org.gradle.cache.internal.DefaultFileLockManager] Releasing lock on daemon addresses registry.
2026-09-02T16:30:19.851+0700 [DEBUG] [org.gradle.process.internal.health.memory.DefaultMemoryManager] 638754816 physical memory requested, 201334784 free
2026-09-02T16:30:19.852+0700 [DEBUG] [org.gradle.workers.internal.WorkerDaemonExpiration] Will attempt to release 609 of memory
2026-09-02T16:30:19.852+0700 [DEBUG] [org.gradle.process.internal.health.memory.DefaultMemoryManager] 638754816 physical memory requested, 0 released, 201334784 free
2026-09-02T16:30:24.850+0700 [DEBUG] [org.gradle.process.internal.health.memory.DefaultMemoryManager] 638754816 physical memory requested, 434597888 free
2026-09-02T16:30:24.851+0700 [DEBUG] [org.gradle.workers.internal.WorkerDaemonExpiration] Will attempt to release 609 of memory
2026-09-02T16:30:24.852+0700 [DEBUG] [org.gradle.process.internal.health.memory.DefaultMemoryManager] 638754816 physical memory requested, 0 released, 434597888 free
2026-09-02T16:30:25.245+0700 [DEBUG] [org.gradle.cache.internal.DefaultFileLockManager] Waiting to acquire shared lock on daemon addresses registry.
2026-09-02T16:30:25.246+0700 [DEBUG] [org.gradle.cache.internal.DefaultFileLockManager] Lock acquired on daemon addresses registry.
2026-09-02T16:30:25.250+0700 [DEBUG] [org.gradle.cache.internal.DefaultFileLockManager] Releasing lock on daemon addresses registry.
2026-09-02T16:30:25.255+0700 [DEBUG] [org.gradle.cache.internal.DefaultFileLockManager] Waiting to acquire shared lock on daemon addresses registry.
2026-09-02T16:30:25.256+0700 [DEBUG] [org.gradle.cache.internal.DefaultFileLockManager] Lock acquired on daemon addresses registry.
2026-09-02T16:30:25.257+0700 [DEBUG] [org.gradle.cache.internal.DefaultFileLockManager] Releasing lock on daemon addresses registry.
2026-09-02T16:30:25.260+0700 [DEBUG] [org.gradle.cache.internal.DefaultFileLockManager] Waiting to acquire shared lock on daemon addresses registry.
2026-09-02T16:30:25.261+0700 [DEBUG] [org.gradle.cache.internal.DefaultFileLockManager] Lock acquired on daemon addresses registry.
2026-09-02T16:30:25.262+0700 [DEBUG] [org.gradle.cache.internal.DefaultFileLockManager] Releasing lock on daemon addresses registry.
2026-09-02T16:30:29.851+0700 [DEBUG] [org.gradle.process.internal.health.memory.DefaultMemoryManager] 638754816 physical memory requested, 414642176 free
2026-09-02T16:30:29.851+0700 [DEBUG] [org.gradle.workers.internal.WorkerDaemonExpiration] Will attempt to release 609 of memory
2026-09-02T16:30:29.851+0700 [DEBUG] [org.gradle.process.internal.health.memory.DefaultMemoryManager] 638754816 physical memory requested, 0 released, 414642176 free
2026-09-02T16:30:34.850+0700 [DEBUG] [org.gradle.process.internal.health.memory.DefaultMemoryManager] 638754816 physical memory requested, 548401152 free
2026-09-02T16:30:34.852+0700 [DEBUG] [org.gradle.workers.internal.WorkerDaemonExpiration] Will attempt to release 609 of memory
2026-09-02T16:30:34.852+0700 [DEBUG] [org.gradle.process.internal.health.memory.DefaultMemoryManager] 638754816 physical memory requested, 0 released, 548401152 free
2026-09-02T16:30:35.246+0700 [DEBUG] [org.gradle.cache.internal.DefaultFileLockManager] Waiting to acquire shared lock on daemon addresses registry.
2026-09-02T16:30:35.248+0700 [DEBUG] [org.gradle.cache.internal.DefaultFileLockManager] Lock acquired on daemon addresses registry.
2026-09-02T16:30:35.250+0700 [DEBUG] [org.gradle.cache.internal.DefaultFileLockManager] Releasing lock on daemon addresses registry.
2026-09-02T16:30:35.256+0700 [DEBUG] [org.gradle.cache.internal.DefaultFileLockManager] Waiting to acquire shared lock on daemon addresses registry.
2026-09-02T16:30:35.257+0700 [DEBUG] [org.gradle.cache.internal.DefaultFileLockManager] Lock acquired on daemon addresses registry.
2026-09-02T16:30:35.259+0700 [DEBUG] [org.gradle.cache.internal.DefaultFileLockManager] Releasing lock on daemon addresses registry.
2026-09-02T16:30:35.262+0700 [DEBUG] [org.gradle.cache.internal.DefaultFileLockManager] Waiting to acquire shared lock on daemon addresses registry.
2026-09-02T16:30:35.263+0700 [DEBUG] [org.gradle.cache.internal.DefaultFileLockManager] Lock acquired on daemon addresses registry.
2026-09-02T16:30:35.264+0700 [DEBUG] [org.gradle.cache.internal.DefaultFileLockManager] Releasing lock on daemon addresses registry.
2026-09-02T16:30:39.855+0700 [DEBUG] [org.gradle.process.internal.health.memory.DefaultMemoryManager] 638754816 physical memory requested, 398561280 free
2026-09-02T16:30:39.857+0700 [DEBUG] [org.gradle.workers.internal.WorkerDaemonExpiration] Will attempt to release 609 of memory
2026-09-02T16:30:39.864+0700 [DEBUG] [org.gradle.process.internal.health.memory.DefaultMemoryManager] 638754816 physical memory requested, 0 released, 398561280 free
2026-09-02T16:30:44.850+0700 [DEBUG] [org.gradle.process.internal.health.memory.DefaultMemoryManager] 638754816 physical memory requested, 574484480 free
2026-09-02T16:30:44.850+0700 [DEBUG] [org.gradle.workers.internal.WorkerDaemonExpiration] Will attempt to release 609 of memory
2026-09-02T16:30:44.850+0700 [DEBUG] [org.gradle.process.internal.health.memory.DefaultMemoryManager] 638754816 physical memory requested, 0 released, 574484480 free
2026-09-02T16:30:45.245+0700 [DEBUG] [org.gradle.cache.internal.DefaultFileLockManager] Waiting to acquire shared lock on daemon addresses registry.
2026-09-02T16:30:45.245+0700 [DEBUG] [org.gradle.cache.internal.DefaultFileLockManager] Lock acquired on daemon addresses registry.
2026-09-02T16:30:45.249+0700 [DEBUG] [org.gradle.cache.internal.DefaultFileLockManager] Releasing lock on daemon addresses registry.
2026-09-02T16:30:45.252+0700 [DEBUG] [org.gradle.cache.internal.DefaultFileLockManager] Waiting to acquire shared lock on daemon addresses registry.
2026-09-02T16:30:45.253+0700 [DEBUG] [org.gradle.cache.internal.DefaultFileLockManager] Lock acquired on daemon addresses registry.
2026-09-02T16:30:45.253+0700 [DEBUG] [org.gradle.cache.internal.DefaultFileLockManager] Releasing lock on daemon addresses registry.
2026-09-02T16:30:45.254+0700 [DEBUG] [org.gradle.cache.internal.DefaultFileLockManager] Waiting to acquire shared lock on daemon addresses registry.
2026-09-02T16:30:45.255+0700 [DEBUG] [org.gradle.cache.internal.DefaultFileLockManager] Lock acquired on daemon addresses registry.
2026-09-02T16:30:45.255+0700 [DEBUG] [org.gradle.cache.internal.DefaultFileLockManager] Releasing lock on daemon addresses registry.
2026-09-02T16:30:49.851+0700 [DEBUG] [org.gradle.process.internal.health.memory.DefaultMemoryManager] 638754816 physical memory requested, 487313408 free
2026-09-02T16:30:49.851+0700 [DEBUG] [org.gradle.workers.internal.WorkerDaemonExpiration] Will attempt to release 609 of memory
2026-09-02T16:30:49.851+0700 [DEBUG] [org.gradle.process.internal.health.memory.DefaultMemoryManager] 638754816 physical memory requested, 0 released, 487313408 free
2026-09-02T16:30:54.851+0700 [DEBUG] [org.gradle.process.internal.health.memory.DefaultMemoryManager] 638754816 physical memory requested, 477192192 free
2026-09-02T16:30:54.863+0700 [DEBUG] [org.gradle.workers.internal.WorkerDaemonExpiration] Will attempt to release 609 of memory
2026-09-02T16:30:54.864+0700 [DEBUG] [org.gradle.process.internal.health.memory.DefaultMemoryManager] 638754816 physical memory requested, 0 released, 477192192 free
2026-09-02T16:30:55.244+0700 [DEBUG] [org.gradle.cache.internal.DefaultFileLockManager] Waiting to acquire shared lock on daemon addresses registry.
2026-09-02T16:30:55.245+0700 [DEBUG] [org.gradle.cache.internal.DefaultFileLockManager] Lock acquired on daemon addresses registry.
2026-09-02T16:30:55.245+0700 [DEBUG] [org.gradle.cache.internal.DefaultFileLockManager] Releasing lock on daemon addresses registry.
2026-09-02T16:30:55.248+0700 [DEBUG] [org.gradle.cache.internal.DefaultFileLockManager] Waiting to acquire shared lock on daemon addresses registry.
2026-09-02T16:30:55.248+0700 [DEBUG] [org.gradle.cache.internal.DefaultFileLockManager] Lock acquired on daemon addresses registry.
2026-09-02T16:30:55.249+0700 [DEBUG] [org.gradle.cache.internal.DefaultFileLockManager] Releasing lock on daemon addresses registry.
2026-09-02T16:30:55.251+0700 [DEBUG] [org.gradle.cache.internal.DefaultFileLockManager] Waiting to acquire shared lock on daemon addresses registry.
2026-09-02T16:30:55.251+0700 [DEBUG] [org.gradle.cache.internal.DefaultFileLockManager] Lock acquired on daemon addresses registry.
2026-09-02T16:30:55.251+0700 [DEBUG] [org.gradle.cache.internal.DefaultFileLockManager] Releasing lock on daemon addresses registry.
2026-09-02T16:30:59.851+0700 [DEBUG] [org.gradle.process.internal.health.memory.DefaultMemoryManager] 638754816 physical memory requested, 418635776 free
2026-09-02T16:30:59.851+0700 [DEBUG] [org.gradle.workers.internal.WorkerDaemonExpiration] Will attempt to release 609 of memory
2026-09-02T16:30:59.852+0700 [DEBUG] [org.gradle.process.internal.health.memory.DefaultMemoryManager] 638754816 physical memory requested, 0 released, 418635776 free
2026-09-02T16:31:04.851+0700 [DEBUG] [org.gradle.process.internal.health.memory.DefaultMemoryManager] 638754816 physical memory requested, 404152320 free
2026-09-02T16:31:04.851+0700 [DEBUG] [org.gradle.workers.internal.WorkerDaemonExpiration] Will attempt to release 609 of memory
2026-09-02T16:31:04.851+0700 [DEBUG] [org.gradle.process.internal.health.memory.DefaultMemoryManager] 638754816 physical memory requested, 0 released, 404152320 free
2026-09-02T16:31:05.243+0700 [DEBUG] [org.gradle.cache.internal.DefaultFileLockManager] Waiting to acquire shared lock on daemon addresses registry.
2026-09-02T16:31:05.244+0700 [DEBUG] [org.gradle.cache.internal.DefaultFileLockManager] Lock acquired on daemon addresses registry.
2026-09-02T16:31:05.245+0700 [DEBUG] [org.gradle.cache.internal.DefaultFileLockManager] Releasing lock on daemon addresses registry.
2026-09-02T16:31:05.247+0700 [DEBUG] [org.gradle.cache.internal.DefaultFileLockManager] Waiting to acquire shared lock on daemon addresses registry.
2026-09-02T16:31:05.249+0700 [DEBUG] [org.gradle.cache.internal.DefaultFileLockManager] Lock acquired on daemon addresses registry.
2026-09-02T16:31:05.250+0700 [DEBUG] [org.gradle.cache.internal.DefaultFileLockManager] Releasing lock on daemon addresses registry.
2026-09-02T16:31:05.251+0700 [DEBUG] [org.gradle.cache.internal.DefaultFileLockManager] Waiting to acquire shared lock on daemon addresses registry.
2026-09-02T16:31:05.251+0700 [DEBUG] [org.gradle.cache.internal.DefaultFileLockManager] Lock acquired on daemon addresses registry.
2026-09-02T16:31:05.252+0700 [DEBUG] [org.gradle.cache.internal.DefaultFileLockManager] Releasing lock on daemon addresses registry.
2026-09-02T16:31:09.850+0700 [DEBUG] [org.gradle.process.internal.health.memory.DefaultMemoryManager] 638754816 physical memory requested, 451825664 free
2026-09-02T16:31:09.850+0700 [DEBUG] [org.gradle.workers.internal.WorkerDaemonExpiration] Will attempt to release 609 of memory
2026-09-02T16:31:09.851+0700 [DEBUG] [org.gradle.process.internal.health.memory.DefaultMemoryManager] 638754816 physical memory requested, 0 released, 451825664 free
2026-09-02T16:31:15.244+0700 [DEBUG] [org.gradle.cache.internal.DefaultFileLockManager] Waiting to acquire shared lock on daemon addresses registry.
2026-09-02T16:31:15.245+0700 [DEBUG] [org.gradle.cache.internal.DefaultFileLockManager] Lock acquired on daemon addresses registry.
2026-09-02T16:31:15.246+0700 [DEBUG] [org.gradle.cache.internal.DefaultFileLockManager] Releasing lock on daemon addresses registry.
2026-09-02T16:31:15.247+0700 [DEBUG] [org.gradle.cache.internal.DefaultFileLockManager] Waiting to acquire shared lock on daemon addresses registry.
2026-09-02T16:31:15.248+0700 [DEBUG] [org.gradle.cache.internal.DefaultFileLockManager] Lock acquired on daemon addresses registry.
2026-09-02T16:31:15.250+0700 [DEBUG] [org.gradle.cache.internal.DefaultFileLockManager] Releasing lock on daemon addresses registry.
2026-09-02T16:31:15.253+0700 [DEBUG] [org.gradle.cache.internal.DefaultFileLockManager] Waiting to acquire shared lock on daemon addresses registry.
2026-09-02T16:31:15.253+0700 [DEBUG] [org.gradle.cache.internal.DefaultFileLockManager] Lock acquired on daemon addresses registry.
2026-09-02T16:31:15.254+0700 [DEBUG] [org.gradle.cache.internal.DefaultFileLockManager] Releasing lock on daemon addresses registry.
2026-09-02T16:31:25.261+0700 [DEBUG] [org.gradle.cache.internal.DefaultFileLockManager] Waiting to acquire shared lock on daemon addresses registry.
2026-09-02T16:31:25.267+0700 [DEBUG] [org.gradle.cache.internal.DefaultFileLockManager] Lock acquired on daemon addresses registry.
2026-09-02T16:31:25.268+0700 [DEBUG] [org.gradle.cache.internal.DefaultFileLockManager] Releasing lock on daemon addresses registry.
2026-09-02T16:31:25.305+0700 [DEBUG] [org.gradle.cache.internal.DefaultFileLockManager] Waiting to acquire shared lock on daemon addresses registry.
2026-09-02T16:31:25.306+0700 [DEBUG] [org.gradle.cache.internal.DefaultFileLockManager] Lock acquired on daemon addresses registry.
2026-09-02T16:31:25.323+0700 [DEBUG] [org.gradle.cache.internal.DefaultFileLockManager] Releasing lock on daemon addresses registry.
2026-09-02T16:31:25.325+0700 [DEBUG] [org.gradle.cache.internal.DefaultFileLockManager] Waiting to acquire shared lock on daemon addresses registry.
2026-09-02T16:31:25.325+0700 [DEBUG] [org.gradle.cache.internal.DefaultFileLockManager] Lock acquired on daemon addresses registry.
2026-09-02T16:31:25.326+0700 [DEBUG] [org.gradle.cache.internal.DefaultFileLockManager] Releasing lock on daemon addresses registry.
2026-09-02T16:31:35.245+0700 [DEBUG] [org.gradle.cache.internal.DefaultFileLockManager] Waiting to acquire shared lock on daemon addresses registry.
2026-09-02T16:31:35.247+0700 [DEBUG] [org.gradle.cache.internal.DefaultFileLockManager] Lock acquired on daemon addresses registry.
2026-09-02T16:31:35.248+0700 [DEBUG] [org.gradle.cache.internal.DefaultFileLockManager] Releasing lock on daemon addresses registry.
2026-09-02T16:31:35.253+0700 [DEBUG] [org.gradle.cache.internal.DefaultFileLockManager] Waiting to acquire shared lock on daemon addresses registry.
2026-09-02T16:31:35.253+0700 [DEBUG] [org.gradle.cache.internal.DefaultFileLockManager] Lock acquired on daemon addresses registry.
2026-09-02T16:31:35.254+0700 [DEBUG] [org.gradle.cache.internal.DefaultFileLockManager] Releasing lock on daemon addresses registry.
2026-09-02T16:31:35.257+0700 [DEBUG] [org.gradle.cache.internal.DefaultFileLockManager] Waiting to acquire shared lock on daemon addresses registry.
2026-09-02T16:31:35.257+0700 [DEBUG] [org.gradle.cache.internal.DefaultFileLockManager] Lock acquired on daemon addresses registry.
2026-09-02T16:31:35.258+0700 [DEBUG] [org.gradle.cache.internal.DefaultFileLockManager] Releasing lock on daemon addresses registry.
2026-09-02T16:31:44.851+0700 [DEBUG] [org.gradle.process.internal.health.memory.DefaultMemoryManager] 638754816 physical memory requested, 454672384 free
2026-09-02T16:31:44.851+0700 [DEBUG] [org.gradle.workers.internal.WorkerDaemonExpiration] Will attempt to release 609 of memory
2026-09-02T16:31:44.852+0700 [DEBUG] [org.gradle.process.internal.health.memory.DefaultMemoryManager] 638754816 physical memory requested, 0 released, 454672384 free
2026-09-02T16:31:45.247+0700 [DEBUG] [org.gradle.cache.internal.DefaultFileLockManager] Waiting to acquire shared lock on daemon addresses registry.
2026-09-02T16:31:45.248+0700 [DEBUG] [org.gradle.cache.internal.DefaultFileLockManager] Lock acquired on daemon addresses registry.
2026-09-02T16:31:45.249+0700 [DEBUG] [org.gradle.cache.internal.DefaultFileLockManager] Releasing lock on daemon addresses registry.
2026-09-02T16:31:45.314+0700 [DEBUG] [org.gradle.cache.internal.DefaultFileLockManager] Waiting to acquire shared lock on daemon addresses registry.
2026-09-02T16:31:45.326+0700 [DEBUG] [org.gradle.cache.internal.DefaultFileLockManager] Lock acquired on daemon addresses registry.
2026-09-02T16:31:45.337+0700 [DEBUG] [org.gradle.cache.internal.DefaultFileLockManager] Releasing lock on daemon addresses registry.
2026-09-02T16:31:45.340+0700 [DEBUG] [org.gradle.cache.internal.DefaultFileLockManager] Waiting to acquire shared lock on daemon addresses registry.
2026-09-02T16:31:45.340+0700 [DEBUG] [org.gradle.cache.internal.DefaultFileLockManager] Lock acquired on daemon addresses registry.
2026-09-02T16:31:45.341+0700 [DEBUG] [org.gradle.cache.internal.DefaultFileLockManager] Releasing lock on daemon addresses registry.
2026-09-02T16:31:54.851+0700 [DEBUG] [org.gradle.process.internal.health.memory.DefaultMemoryManager] 638754816 physical memory requested, 400138240 free
2026-09-02T16:31:54.852+0700 [DEBUG] [org.gradle.workers.internal.WorkerDaemonExpiration] Will attempt to release 609 of memory
2026-09-02T16:31:54.853+0700 [DEBUG] [org.gradle.process.internal.health.memory.DefaultMemoryManager] 638754816 physical memory requested, 0 released, 400138240 free
2026-09-02T16:31:55.246+0700 [DEBUG] [org.gradle.cache.internal.DefaultFileLockManager] Waiting to acquire shared lock on daemon addresses registry.
2026-09-02T16:31:55.248+0700 [DEBUG] [org.gradle.cache.internal.DefaultFileLockManager] Lock acquired on daemon addresses registry.
2026-09-02T16:31:55.250+0700 [DEBUG] [org.gradle.cache.internal.DefaultFileLockManager] Releasing lock on daemon addresses registry.
2026-09-02T16:31:55.257+0700 [DEBUG] [org.gradle.cache.internal.DefaultFileLockManager] Waiting to acquire shared lock on daemon addresses registry.
2026-09-02T16:31:55.258+0700 [DEBUG] [org.gradle.cache.internal.DefaultFileLockManager] Lock acquired on daemon addresses registry.
2026-09-02T16:31:55.259+0700 [DEBUG] [org.gradle.cache.internal.DefaultFileLockManager] Releasing lock on daemon addresses registry.
2026-09-02T16:31:55.262+0700 [DEBUG] [org.gradle.cache.internal.DefaultFileLockManager] Waiting to acquire shared lock on daemon addresses registry.
2026-09-02T16:31:55.263+0700 [DEBUG] [org.gradle.cache.internal.DefaultFileLockManager] Lock acquired on daemon addresses registry.
2026-09-02T16:31:55.264+0700 [DEBUG] [org.gradle.cache.internal.DefaultFileLockManager] Releasing lock on daemon addresses registry.
2026-09-02T16:31:59.852+0700 [DEBUG] [org.gradle.process.internal.health.memory.DefaultMemoryManager] 638754816 physical memory requested, 398614528 free
2026-09-02T16:31:59.853+0700 [DEBUG] [org.gradle.workers.internal.WorkerDaemonExpiration] Will attempt to release 609 of memory
2026-09-02T16:31:59.854+0700 [DEBUG] [org.gradle.process.internal.health.memory.DefaultMemoryManager] 638754816 physical memory requested, 0 released, 398614528 free
2026-09-02T16:32:05.244+0700 [DEBUG] [org.gradle.cache.internal.DefaultFileLockManager] Waiting to acquire shared lock on daemon addresses registry.
2026-09-02T16:32:05.245+0700 [DEBUG] [org.gradle.cache.internal.DefaultFileLockManager] Lock acquired on daemon addresses registry.
2026-09-02T16:32:05.252+0700 [DEBUG] [org.gradle.cache.internal.DefaultFileLockManager] Releasing lock on daemon addresses registry.
2026-09-02T16:32:05.260+0700 [DEBUG] [org.gradle.cache.internal.DefaultFileLockManager] Waiting to acquire shared lock on daemon addresses registry.
2026-09-02T16:32:05.262+0700 [DEBUG] [org.gradle.cache.internal.DefaultFileLockManager] Lock acquired on daemon addresses registry.
2026-09-02T16:32:05.264+0700 [DEBUG] [org.gradle.cache.internal.DefaultFileLockManager] Releasing lock on daemon addresses registry.
2026-09-02T16:32:05.266+0700 [DEBUG] [org.gradle.cache.internal.DefaultFileLockManager] Waiting to acquire shared lock on daemon addresses registry.
2026-09-02T16:32:05.267+0700 [DEBUG] [org.gradle.cache.internal.DefaultFileLockManager] Lock acquired on daemon addresses registry.
2026-09-02T16:32:05.268+0700 [DEBUG] [org.gradle.cache.internal.DefaultFileLockManager] Releasing lock on daemon addresses registry.
2026-09-02T16:32:09.851+0700 [DEBUG] [org.gradle.process.internal.health.memory.DefaultMemoryManager] 638754816 physical memory requested, 468496384 free
2026-09-02T16:32:09.851+0700 [DEBUG] [org.gradle.workers.internal.WorkerDaemonExpiration] Will attempt to release 609 of memory
2026-09-02T16:32:09.852+0700 [DEBUG] [org.gradle.process.internal.health.memory.DefaultMemoryManager] 638754816 physical memory requested, 0 released, 468496384 free
2026-09-02T16:32:12.708+0700 [DEBUG] [org.gradle.internal.watch.vfs.impl.WatchingVirtualFileSystem] Handling VFS change CREATED D:\AbsensiSeleksi\app\src\main\java\com\absensiseleksi\utils\FaceDetectorHelper.kt~
2026-09-02T16:32:15.283+0700 [DEBUG] [org.gradle.cache.internal.DefaultFileLockManager] Waiting to acquire shared lock on daemon addresses registry.
2026-09-02T16:32:15.291+0700 [DEBUG] [org.gradle.cache.internal.DefaultFileLockManager] Lock acquired on daemon addresses registry.
2026-09-02T16:32:15.310+0700 [DEBUG] [org.gradle.cache.internal.DefaultFileLockManager] Releasing lock on daemon addresses registry.
2026-09-02T16:32:15.343+0700 [DEBUG] [org.gradle.cache.internal.DefaultFileLockManager] Waiting to acquire shared lock on daemon addresses registry.
2026-09-02T16:32:15.345+0700 [DEBUG] [org.gradle.cache.internal.DefaultFileLockManager] Lock acquired on daemon addresses registry.
2026-09-02T16:32:15.356+0700 [DEBUG] [org.gradle.cache.internal.DefaultFileLockManager] Releasing lock on daemon addresses registry.
2026-09-02T16:32:15.417+0700 [DEBUG] [org.gradle.cache.internal.DefaultFileLockManager] Waiting to acquire shared lock on daemon addresses registry.
2026-09-02T16:32:15.432+0700 [DEBUG] [org.gradle.cache.internal.DefaultFileLockManager] Lock acquired on daemon addresses registry.
2026-09-02T16:32:15.446+0700 [DEBUG] [org.gradle.cache.internal.DefaultFileLockManager] Releasing lock on daemon addresses registry.
2026-09-02T16:32:15.633+0700 [DEBUG] [org.gradle.internal.watch.vfs.impl.WatchingVirtualFileSystem] Handling VFS change MODIFIED D:\AbsensiSeleksi\app\src\main\java\com\absensiseleksi\utils\FaceDetectorHelper.kt
2026-09-02T16:32:19.851+0700 [DEBUG] [org.gradle.process.internal.health.memory.DefaultMemoryManager] 638754816 physical memory requested, 512958464 free
2026-09-02T16:32:19.854+0700 [DEBUG] [org.gradle.workers.internal.WorkerDaemonExpiration] Will attempt to release 609 of memory
2026-09-02T16:32:19.862+0700 [DEBUG] [org.gradle.process.internal.health.memory.DefaultMemoryManager] 638754816 physical memory requested, 0 released, 512958464 free
2026-09-02T16:32:25.146+0700 [DEBUG] [org.gradle.process.internal.health.memory.DefaultMemoryManager] 638754816 physical memory requested, 399634432 free
2026-09-02T16:32:25.178+0700 [DEBUG] [org.gradle.workers.internal.WorkerDaemonExpiration] Will attempt to release 609 of memory
2026-09-02T16:32:25.180+0700 [DEBUG] [org.gradle.process.internal.health.memory.DefaultMemoryManager] 638754816 physical memory requested, 0 released, 399634432 free
2026-09-02T16:32:25.715+0700 [DEBUG] [org.gradle.cache.internal.DefaultFileLockManager] Waiting to acquire shared lock on daemon addresses registry.
2026-09-02T16:32:25.849+0700 [DEBUG] [org.gradle.cache.internal.DefaultFileLockManager] Lock acquired on daemon addresses registry.
2026-09-02T16:32:26.264+0700 [DEBUG] [org.gradle.cache.internal.DefaultFileLockManager] Releasing lock on daemon addresses registry.
2026-09-02T16:32:26.529+0700 [DEBUG] [org.gradle.cache.internal.DefaultFileLockManager] Waiting to acquire shared lock on daemon addresses registry.
2026-09-02T16:32:26.563+0700 [DEBUG] [org.gradle.cache.internal.DefaultFileLockManager] Lock acquired on daemon addresses registry.
2026-09-02T16:32:26.569+0700 [DEBUG] [org.gradle.cache.internal.DefaultFileLockManager] Releasing lock on daemon addresses registry.
2026-09-02T16:32:26.590+0700 [DEBUG] [org.gradle.cache.internal.DefaultFileLockManager] Waiting to acquire shared lock on daemon addresses registry.
2026-09-02T16:32:26.604+0700 [DEBUG] [org.gradle.cache.internal.DefaultFileLockManager] Lock acquired on daemon addresses registry.
2026-09-02T16:32:26.620+0700 [DEBUG] [org.gradle.cache.internal.DefaultFileLockManager] Releasing lock on daemon addresses registry.
2026-09-02T16:32:29.852+0700 [DEBUG] [org.gradle.process.internal.health.memory.DefaultMemoryManager] 638754816 physical memory requested, 444526592 free
2026-09-02T16:32:29.889+0700 [DEBUG] [org.gradle.workers.internal.WorkerDaemonExpiration] Will attempt to release 609 of memory
2026-09-02T16:32:29.890+0700 [DEBUG] [org.gradle.process.internal.health.memory.DefaultMemoryManager] 638754816 physical memory requested, 0 released, 444526592 free
2026-09-02T16:32:34.851+0700 [DEBUG] [org.gradle.process.internal.health.memory.DefaultMemoryManager] 638754816 physical memory requested, 536993792 free
2026-09-02T16:32:34.851+0700 [DEBUG] [org.gradle.workers.internal.WorkerDaemonExpiration] Will attempt to release 609 of memory
2026-09-02T16:32:34.852+0700 [DEBUG] [org.gradle.process.internal.health.memory.DefaultMemoryManager] 638754816 physical memory requested, 0 released, 536993792 free
2026-09-02T16:32:35.245+0700 [DEBUG] [org.gradle.cache.internal.DefaultFileLockManager] Waiting to acquire shared lock on daemon addresses registry.
2026-09-02T16:32:35.246+0700 [DEBUG] [org.gradle.cache.internal.DefaultFileLockManager] Lock acquired on daemon addresses registry.
2026-09-02T16:32:35.248+0700 [DEBUG] [org.gradle.cache.internal.DefaultFileLockManager] Releasing lock on daemon addresses registry.
2026-09-02T16:32:35.253+0700 [DEBUG] [org.gradle.cache.internal.DefaultFileLockManager] Waiting to acquire shared lock on daemon addresses registry.
2026-09-02T16:32:35.254+0700 [DEBUG] [org.gradle.cache.internal.DefaultFileLockManager] Lock acquired on daemon addresses registry.
2026-09-02T16:32:35.255+0700 [DEBUG] [org.gradle.cache.internal.DefaultFileLockManager] Releasing lock on daemon addresses registry.
2026-09-02T16:32:35.260+0700 [DEBUG] [org.gradle.cache.internal.DefaultFileLockManager] Waiting to acquire shared lock on daemon addresses registry.
2026-09-02T16:32:35.260+0700 [DEBUG] [org.gradle.cache.internal.DefaultFileLockManager] Lock acquired on daemon addresses registry.
2026-09-02T16:32:35.262+0700 [DEBUG] [org.gradle.cache.internal.DefaultFileLockManager] Releasing lock on daemon addresses registry.
2026-09-02T16:32:39.850+0700 [DEBUG] [org.gradle.process.internal.health.memory.DefaultMemoryManager] 638754816 physical memory requested, 511209472 free
2026-09-02T16:32:39.851+0700 [DEBUG] [org.gradle.workers.internal.WorkerDaemonExpiration] Will attempt to release 609 of memory
2026-09-02T16:32:39.852+0700 [DEBUG] [org.gradle.process.internal.health.memory.DefaultMemoryManager] 638754816 physical memory requested, 0 released, 511209472 free
2026-09-02T16:32:44.852+0700 [DEBUG] [org.gradle.process.internal.health.memory.DefaultMemoryManager] 638754816 physical memory requested, 497844224 free
2026-09-02T16:32:44.853+0700 [DEBUG] [org.gradle.workers.internal.WorkerDaemonExpiration] Will attempt to release 609 of memory
2026-09-02T16:32:44.854+0700 [DEBUG] [org.gradle.process.internal.health.memory.DefaultMemoryManager] 638754816 physical memory requested, 0 released, 497844224 free
2026-09-02T16:32:45.245+0700 [DEBUG] [org.gradle.cache.internal.DefaultFileLockManager] Waiting to acquire shared lock on daemon addresses registry.
2026-09-02T16:32:45.245+0700 [DEBUG] [org.gradle.cache.internal.DefaultFileLockManager] Lock acquired on daemon addresses registry.
2026-09-02T16:32:45.246+0700 [DEBUG] [org.gradle.cache.internal.DefaultFileLockManager] Releasing lock on daemon addresses registry.
2026-09-02T16:32:45.248+0700 [DEBUG] [org.gradle.cache.internal.DefaultFileLockManager] Waiting to acquire shared lock on daemon addresses registry.
2026-09-02T16:32:45.249+0700 [DEBUG] [org.gradle.cache.internal.DefaultFileLockManager] Lock acquired on daemon addresses registry.
2026-09-02T16:32:45.250+0700 [DEBUG] [org.gradle.cache.internal.DefaultFileLockManager] Releasing lock on daemon addresses registry.
2026-09-02T16:32:45.253+0700 [DEBUG] [org.gradle.cache.internal.DefaultFileLockManager] Waiting to acquire shared lock on daemon addresses registry.
2026-09-02T16:32:45.254+0700 [DEBUG] [org.gradle.cache.internal.DefaultFileLockManager] Lock acquired on daemon addresses registry.
2026-09-02T16:32:45.255+0700 [DEBUG] [org.gradle.cache.internal.DefaultFileLockManager] Releasing lock on daemon addresses registry.
2026-09-02T16:32:49.852+0700 [DEBUG] [org.gradle.process.internal.health.memory.DefaultMemoryManager] 638754816 physical memory requested, 457629696 free
2026-09-02T16:32:49.853+0700 [DEBUG] [org.gradle.workers.internal.WorkerDaemonExpiration] Will attempt to release 609 of memory
2026-09-02T16:32:49.854+0700 [DEBUG] [org.gradle.process.internal.health.memory.DefaultMemoryManager] 638754816 physical memory requested, 0 released, 457629696 free
2026-09-02T16:32:54.852+0700 [DEBUG] [org.gradle.process.internal.health.memory.DefaultMemoryManager] 638754816 physical memory requested, 458424320 free
2026-09-02T16:32:54.852+0700 [DEBUG] [org.gradle.workers.internal.WorkerDaemonExpiration] Will attempt to release 609 of memory
2026-09-02T16:32:54.852+0700 [DEBUG] [org.gradle.process.internal.health.memory.DefaultMemoryManager] 638754816 physical memory requested, 0 released, 458424320 free
2026-09-02T16:32:55.245+0700 [DEBUG] [org.gradle.cache.internal.DefaultFileLockManager] Waiting to acquire shared lock on daemon addresses registry.
2026-09-02T16:32:55.246+0700 [DEBUG] [org.gradle.cache.internal.DefaultFileLockManager] Lock acquired on daemon addresses registry.
2026-09-02T16:32:55.246+0700 [DEBUG] [org.gradle.cache.internal.DefaultFileLockManager] Releasing lock on daemon addresses registry.
2026-09-02T16:32:55.249+0700 [DEBUG] [org.gradle.cache.internal.DefaultFileLockManager] Waiting to acquire shared lock on daemon addresses registry.
2026-09-02T16:32:55.249+0700 [DEBUG] [org.gradle.cache.internal.DefaultFileLockManager] Lock acquired on daemon addresses registry.
2026-09-02T16:32:55.250+0700 [DEBUG] [org.gradle.cache.internal.DefaultFileLockManager] Releasing lock on daemon addresses registry.
2026-09-02T16:32:55.253+0700 [DEBUG] [org.gradle.cache.internal.DefaultFileLockManager] Waiting to acquire shared lock on daemon addresses registry.
2026-09-02T16:32:55.253+0700 [DEBUG] [org.gradle.cache.internal.DefaultFileLockManager] Lock acquired on daemon addresses registry.
2026-09-02T16:32:55.254+0700 [DEBUG] [org.gradle.cache.internal.DefaultFileLockManager] Releasing lock on daemon addresses registry.
2026-09-02T16:32:59.850+0700 [DEBUG] [org.gradle.process.internal.health.memory.DefaultMemoryManager] 638754816 physical memory requested, 432619520 free
2026-09-02T16:32:59.851+0700 [DEBUG] [org.gradle.workers.internal.WorkerDaemonExpiration] Will attempt to release 609 of memory
2026-09-02T16:32:59.851+0700 [DEBUG] [org.gradle.process.internal.health.memory.DefaultMemoryManager] 638754816 physical memory requested, 0 released, 432619520 free
2026-09-02T16:33:04.851+0700 [DEBUG] [org.gradle.process.internal.health.memory.DefaultMemoryManager] 638754816 physical memory requested, 397082624 free
2026-09-02T16:33:04.851+0700 [DEBUG] [org.gradle.workers.internal.WorkerDaemonExpiration] Will attempt to release 609 of memory
2026-09-02T16:33:04.851+0700 [DEBUG] [org.gradle.process.internal.health.memory.DefaultMemoryManager] 638754816 physical memory requested, 0 released, 397082624 free
2026-09-02T16:33:05.244+0700 [DEBUG] [org.gradle.cache.internal.DefaultFileLockManager] Waiting to acquire shared lock on daemon addresses registry.
2026-09-02T16:33:05.244+0700 [DEBUG] [org.gradle.cache.internal.DefaultFileLockManager] Lock acquired on daemon addresses registry.
2026-09-02T16:33:05.245+0700 [DEBUG] [org.gradle.cache.internal.DefaultFileLockManager] Releasing lock on daemon addresses registry.
2026-09-02T16:33:05.251+0700 [DEBUG] [org.gradle.cache.internal.DefaultFileLockManager] Waiting to acquire shared lock on daemon addresses registry.
2026-09-02T16:33:05.251+0700 [DEBUG] [org.gradle.cache.internal.DefaultFileLockManager] Lock acquired on daemon addresses registry.
2026-09-02T16:33:05.251+0700 [DEBUG] [org.gradle.cache.internal.DefaultFileLockManager] Releasing lock on daemon addresses registry.
2026-09-02T16:33:05.254+0700 [DEBUG] [org.gradle.cache.internal.DefaultFileLockManager] Waiting to acquire shared lock on daemon addresses registry.
2026-09-02T16:33:05.255+0700 [DEBUG] [org.gradle.cache.internal.DefaultFileLockManager] Lock acquired on daemon addresses registry.
2026-09-02T16:33:05.255+0700 [DEBUG] [org.gradle.cache.internal.DefaultFileLockManager] Releasing lock on daemon addresses registry.
2026-09-02T16:33:09.850+0700 [DEBUG] [org.gradle.process.internal.health.memory.DefaultMemoryManager] 638754816 physical memory requested, 383709184 free
2026-09-02T16:33:09.850+0700 [DEBUG] [org.gradle.workers.internal.WorkerDaemonExpiration] Will attempt to release 609 of memory
2026-09-02T16:33:09.851+0700 [DEBUG] [org.gradle.process.internal.health.memory.DefaultMemoryManager] 638754816 physical memory requested, 0 released, 383709184 free
2026-09-02T16:33:14.850+0700 [DEBUG] [org.gradle.process.internal.health.memory.DefaultMemoryManager] 638754816 physical memory requested, 362627072 free
2026-09-02T16:33:14.850+0700 [DEBUG] [org.gradle.workers.internal.WorkerDaemonExpiration] Will attempt to release 609 of memory
2026-09-02T16:33:14.850+0700 [DEBUG] [org.gradle.process.internal.health.memory.DefaultMemoryManager] 638754816 physical memory requested, 0 released, 362627072 free
2026-09-02T16:33:15.244+0700 [DEBUG] [org.gradle.cache.internal.DefaultFileLockManager] Waiting to acquire shared lock on daemon addresses registry.
2026-09-02T16:33:15.244+0700 [DEBUG] [org.gradle.cache.internal.DefaultFileLockManager] Lock acquired on daemon addresses registry.
2026-09-02T16:33:15.245+0700 [DEBUG] [org.gradle.cache.internal.DefaultFileLockManager] Releasing lock on daemon addresses registry.
2026-09-02T16:33:15.248+0700 [DEBUG] [org.gradle.cache.internal.DefaultFileLockManager] Waiting to acquire shared lock on daemon addresses registry.
2026-09-02T16:33:15.248+0700 [DEBUG] [org.gradle.cache.internal.DefaultFileLockManager] Lock acquired on daemon addresses registry.
2026-09-02T16:33:15.249+0700 [DEBUG] [org.gradle.cache.internal.DefaultFileLockManager] Releasing lock on daemon addresses registry.
2026-09-02T16:33:15.252+0700 [DEBUG] [org.gradle.cache.internal.DefaultFileLockManager] Waiting to acquire shared lock on daemon addresses registry.
2026-09-02T16:33:15.253+0700 [DEBUG] [org.gradle.cache.internal.DefaultFileLockManager] Lock acquired on daemon addresses registry.
2026-09-02T16:33:15.253+0700 [DEBUG] [org.gradle.cache.internal.DefaultFileLockManager] Releasing lock on daemon addresses registry.
2026-09-02T16:33:18.410+0700 [DEBUG] [sun.rmi.transport.tcp] RMI TCP Connection(3)-127.0.0.1: accepted socket from [127.0.0.1:64405]
2026-09-02T16:33:18.536+0700 [DEBUG] [sun.rmi.transport.tcp] RMI TCP Connection(3)-127.0.0.1: (port 61442) op = 80
2026-09-02T16:33:18.599+0700 [DEBUG] [sun.rmi.loader] RMI TCP Connection(3)-127.0.0.1: name = "[Ljava.rmi.server.ObjID;", codebase = "", defaultLoader = jdk.internal.loader.ClassLoaders$PlatformClassLoader@69ea2fa6
2026-09-02T16:33:18.613+0700 [DEBUG] [sun.rmi.loader] RMI TCP Connection(3)-127.0.0.1: name = "java.rmi.dgc.Lease", codebase = "", defaultLoader = jdk.internal.loader.ClassLoaders$PlatformClassLoader@69ea2fa6
2026-09-02T16:33:18.621+0700 [DEBUG] [sun.rmi.loader] RMI TCP Connection(3)-127.0.0.1: name = "java.rmi.dgc.VMID", codebase = "", defaultLoader = jdk.internal.loader.ClassLoaders$PlatformClassLoader@69ea2fa6
2026-09-02T16:33:18.625+0700 [DEBUG] [sun.rmi.loader] RMI TCP Connection(3)-127.0.0.1: name = "[B", codebase = "", defaultLoader = jdk.internal.loader.ClassLoaders$PlatformClassLoader@69ea2fa6
2026-09-02T16:33:18.635+0700 [DEBUG] [sun.rmi.loader] RMI TCP Connection(3)-127.0.0.1: name = "java.rmi.server.UID", codebase = "", defaultLoader = jdk.internal.loader.ClassLoaders$PlatformClassLoader@69ea2fa6
2026-09-02T16:33:19.850+0700 [DEBUG] [org.gradle.process.internal.health.memory.DefaultMemoryManager] 638754816 physical memory requested, 339857408 free
2026-09-02T16:33:19.850+0700 [DEBUG] [org.gradle.workers.internal.WorkerDaemonExpiration] Will attempt to release 609 of memory
2026-09-02T16:33:19.851+0700 [DEBUG] [org.gradle.process.internal.health.memory.DefaultMemoryManager] 638754816 physical memory requested, 0 released, 339857408 free
2026-09-02T16:33:24.852+0700 [DEBUG] [org.gradle.process.internal.health.memory.DefaultMemoryManager] 638754816 physical memory requested, 308117504 free
2026-09-02T16:33:24.853+0700 [DEBUG] [org.gradle.workers.internal.WorkerDaemonExpiration] Will attempt to release 609 of memory
2026-09-02T16:33:24.853+0700 [DEBUG] [org.gradle.process.internal.health.memory.DefaultMemoryManager] 638754816 physical memory requested, 0 released, 308117504 free
2026-09-02T16:33:25.247+0700 [DEBUG] [org.gradle.cache.internal.DefaultFileLockManager] Waiting to acquire shared lock on daemon addresses registry.
2026-09-02T16:33:25.247+0700 [DEBUG] [org.gradle.cache.internal.DefaultFileLockManager] Lock acquired on daemon addresses registry.
2026-09-02T16:33:25.248+0700 [DEBUG] [org.gradle.cache.internal.DefaultFileLockManager] Releasing lock on daemon addresses registry.
2026-09-02T16:33:25.254+0700 [DEBUG] [org.gradle.cache.internal.DefaultFileLockManager] Waiting to acquire shared lock on daemon addresses registry.
2026-09-02T16:33:25.255+0700 [DEBUG] [org.gradle.cache.internal.DefaultFileLockManager] Lock acquired on daemon addresses registry.
2026-09-02T16:33:25.255+0700 [DEBUG] [org.gradle.cache.internal.DefaultFileLockManager] Releasing lock on daemon addresses registry.
2026-09-02T16:33:25.259+0700 [DEBUG] [org.gradle.cache.internal.DefaultFileLockManager] Waiting to acquire shared lock on daemon addresses registry.
2026-09-02T16:33:25.260+0700 [DEBUG] [org.gradle.cache.internal.DefaultFileLockManager] Lock acquired on daemon addresses registry.
2026-09-02T16:33:25.260+0700 [DEBUG] [org.gradle.cache.internal.DefaultFileLockManager] Releasing lock on daemon addresses registry.
2026-09-02T16:33:29.851+0700 [DEBUG] [org.gradle.process.internal.health.memory.DefaultMemoryManager] 638754816 physical memory requested, 317923328 free
2026-09-02T16:33:29.852+0700 [DEBUG] [org.gradle.workers.internal.WorkerDaemonExpiration] Will attempt to release 609 of memory
2026-09-02T16:33:29.852+0700 [DEBUG] [org.gradle.process.internal.health.memory.DefaultMemoryManager] 638754816 physical memory requested, 0 released, 317923328 free
2026-09-02T16:33:33.817+0700 [DEBUG] [sun.rmi.transport.tcp] RMI TCP Connection(3)-127.0.0.1: (port 61442) connection closed
2026-09-02T16:33:33.825+0700 [DEBUG] [sun.rmi.transport.tcp] RMI TCP Connection(3)-127.0.0.1: close connection, socket: Socket[addr=/127.0.0.1,port=64405,localport=61442]
2026-09-02T16:33:33.832+0700 [DEBUG] [sun.rmi.transport.tcp] RMI TCP Connection(3)-127.0.0.1: socket close: Socket[addr=/127.0.0.1,port=64405,localport=61442]
2026-09-02T16:33:34.851+0700 [DEBUG] [org.gradle.process.internal.health.memory.DefaultMemoryManager] 638754816 physical memory requested, 530612224 free
2026-09-02T16:33:34.851+0700 [DEBUG] [org.gradle.workers.internal.WorkerDaemonExpiration] Will attempt to release 609 of memory
2026-09-02T16:33:34.851+0700 [DEBUG] [org.gradle.process.internal.health.memory.DefaultMemoryManager] 638754816 physical memory requested, 0 released, 530612224 free
2026-09-02T16:33:35.250+0700 [DEBUG] [org.gradle.cache.internal.DefaultFileLockManager] Waiting to acquire shared lock on daemon addresses registry.
2026-09-02T16:33:35.250+0700 [DEBUG] [org.gradle.cache.internal.DefaultFileLockManager] Lock acquired on daemon addresses registry.
2026-09-02T16:33:35.251+0700 [DEBUG] [org.gradle.cache.internal.DefaultFileLockManager] Releasing lock on daemon addresses registry.
2026-09-02T16:33:35.255+0700 [DEBUG] [org.gradle.cache.internal.DefaultFileLockManager] Waiting to acquire shared lock on daemon addresses registry.
2026-09-02T16:33:35.256+0700 [DEBUG] [org.gradle.cache.internal.DefaultFileLockManager] Lock acquired on daemon addresses registry.
2026-09-02T16:33:35.258+0700 [DEBUG] [org.gradle.cache.internal.DefaultFileLockManager] Releasing lock on daemon addresses registry.
2026-09-02T16:33:35.260+0700 [DEBUG] [org.gradle.cache.internal.DefaultFileLockManager] Waiting to acquire shared lock on daemon addresses registry.
2026-09-02T16:33:35.261+0700 [DEBUG] [org.gradle.cache.internal.DefaultFileLockManager] Lock acquired on daemon addresses registry.
2026-09-02T16:33:35.261+0700 [DEBUG] [org.gradle.cache.internal.DefaultFileLockManager] Releasing lock on daemon addresses registry.
2026-09-02T16:33:39.949+0700 [DEBUG] [org.gradle.process.internal.health.memory.DefaultMemoryManager] 638754816 physical memory requested, 430448640 free
2026-09-02T16:33:39.951+0700 [DEBUG] [org.gradle.workers.internal.WorkerDaemonExpiration] Will attempt to release 609 of memory
2026-09-02T16:33:39.955+0700 [DEBUG] [org.gradle.process.internal.health.memory.DefaultMemoryManager] 638754816 physical memory requested, 0 released, 430448640 free
2026-09-02T16:33:44.852+0700 [DEBUG] [org.gradle.process.internal.health.memory.DefaultMemoryManager] 638754816 physical memory requested, 436912128 free
2026-09-02T16:33:44.853+0700 [DEBUG] [org.gradle.workers.internal.WorkerDaemonExpiration] Will attempt to release 609 of memory
2026-09-02T16:33:44.854+0700 [DEBUG] [org.gradle.process.internal.health.memory.DefaultMemoryManager] 638754816 physical memory requested, 0 released, 436912128 free
2026-09-02T16:33:45.230+0700 [DEBUG] [org.gradle.internal.watch.vfs.impl.WatchingVirtualFileSystem] Handling VFS change CREATED D:\AbsensiSeleksi\app\src\main\java\com\absensiseleksi\ui\attendance\AttendanceActivity.kt~
2026-09-02T16:33:45.241+0700 [DEBUG] [org.gradle.internal.watch.vfs.impl.WatchingVirtualFileSystem] Handling VFS change MODIFIED D:\AbsensiSeleksi\app\src\main\java\com\absensiseleksi\ui\attendance\AttendanceActivity.kt
2026-09-02T16:33:45.247+0700 [DEBUG] [org.gradle.cache.internal.DefaultFileLockManager] Waiting to acquire shared lock on daemon addresses registry.
2026-09-02T16:33:45.247+0700 [DEBUG] [org.gradle.cache.internal.DefaultFileLockManager] Lock acquired on daemon addresses registry.
2026-09-02T16:33:45.260+0700 [DEBUG] [org.gradle.cache.internal.DefaultFileLockManager] Releasing lock on daemon addresses registry.
2026-09-02T16:33:45.271+0700 [DEBUG] [org.gradle.cache.internal.DefaultFileLockManager] Waiting to acquire shared lock on daemon addresses registry.
2026-09-02T16:33:45.271+0700 [DEBUG] [org.gradle.cache.internal.DefaultFileLockManager] Lock acquired on daemon addresses registry.
2026-09-02T16:33:45.273+0700 [DEBUG] [org.gradle.cache.internal.DefaultFileLockManager] Releasing lock on daemon addresses registry.
2026-09-02T16:33:45.282+0700 [DEBUG] [org.gradle.cache.internal.DefaultFileLockManager] Waiting to acquire shared lock on daemon addresses registry.
2026-09-02T16:33:45.284+0700 [DEBUG] [org.gradle.cache.internal.DefaultFileLockManager] Lock acquired on daemon addresses registry.
2026-09-02T16:33:45.287+0700 [DEBUG] [org.gradle.cache.internal.DefaultFileLockManager] Releasing lock on daemon addresses registry.
2026-09-02T16:33:49.943+0700 [DEBUG] [org.gradle.process.internal.health.memory.DefaultMemoryManager] 638754816 physical memory requested, 323260416 free
2026-09-02T16:33:49.983+0700 [DEBUG] [org.gradle.workers.internal.WorkerDaemonExpiration] Will attempt to release 609 of memory
2026-09-02T16:33:49.985+0700 [DEBUG] [org.gradle.process.internal.health.memory.DefaultMemoryManager] 638754816 physical memory requested, 0 released, 323260416 free
2026-09-02T16:33:54.851+0700 [DEBUG] [org.gradle.process.internal.health.memory.DefaultMemoryManager] 638754816 physical memory requested, 378527744 free
2026-09-02T16:33:54.851+0700 [DEBUG] [org.gradle.workers.internal.WorkerDaemonExpiration] Will attempt to release 609 of memory
2026-09-02T16:33:54.852+0700 [DEBUG] [org.gradle.process.internal.health.memory.DefaultMemoryManager] 638754816 physical memory requested, 0 released, 378527744 free
2026-09-02T16:33:55.245+0700 [DEBUG] [org.gradle.cache.internal.DefaultFileLockManager] Waiting to acquire shared lock on daemon addresses registry.
2026-09-02T16:33:55.246+0700 [DEBUG] [org.gradle.cache.internal.DefaultFileLockManager] Lock acquired on daemon addresses registry.
2026-09-02T16:33:55.275+0700 [DEBUG] [org.gradle.cache.internal.DefaultFileLockManager] Releasing lock on daemon addresses registry.
2026-09-02T16:33:55.279+0700 [DEBUG] [org.gradle.cache.internal.DefaultFileLockManager] Waiting to acquire shared lock on daemon addresses registry.
2026-09-02T16:33:55.280+0700 [DEBUG] [org.gradle.cache.internal.DefaultFileLockManager] Lock acquired on daemon addresses registry.
2026-09-02T16:33:55.281+0700 [DEBUG] [org.gradle.cache.internal.DefaultFileLockManager] Releasing lock on daemon addresses registry.
2026-09-02T16:33:55.283+0700 [DEBUG] [org.gradle.cache.internal.DefaultFileLockManager] Waiting to acquire shared lock on daemon addresses registry.
2026-09-02T16:33:55.284+0700 [DEBUG] [org.gradle.cache.internal.DefaultFileLockManager] Lock acquired on daemon addresses registry.
2026-09-02T16:33:55.284+0700 [DEBUG] [org.gradle.cache.internal.DefaultFileLockManager] Releasing lock on daemon addresses registry.
2026-09-02T16:33:59.851+0700 [DEBUG] [org.gradle.process.internal.health.memory.DefaultMemoryManager] 638754816 physical memory requested, 314449920 free
2026-09-02T16:33:59.852+0700 [DEBUG] [org.gradle.workers.internal.WorkerDaemonExpiration] Will attempt to release 609 of memory
2026-09-02T16:33:59.852+0700 [DEBUG] [org.gradle.process.internal.health.memory.DefaultMemoryManager] 638754816 physical memory requested, 0 released, 314449920 free
2026-09-02T16:34:04.851+0700 [DEBUG] [org.gradle.process.internal.health.memory.DefaultMemoryManager] 638754816 physical memory requested, 285048832 free
2026-09-02T16:34:04.851+0700 [DEBUG] [org.gradle.workers.internal.WorkerDaemonExpiration] Will attempt to release 609 of memory
2026-09-02T16:34:04.851+0700 [DEBUG] [org.gradle.process.internal.health.memory.DefaultMemoryManager] 638754816 physical memory requested, 0 released, 285048832 free
2026-09-02T16:34:05.245+0700 [DEBUG] [org.gradle.cache.internal.DefaultFileLockManager] Waiting to acquire shared lock on daemon addresses registry.
2026-09-02T16:34:05.246+0700 [DEBUG] [org.gradle.cache.internal.DefaultFileLockManager] Lock acquired on daemon addresses registry.
2026-09-02T16:34:05.249+0700 [DEBUG] [org.gradle.cache.internal.DefaultFileLockManager] Releasing lock on daemon addresses registry.
2026-09-02T16:34:05.253+0700 [DEBUG] [org.gradle.cache.internal.DefaultFileLockManager] Waiting to acquire shared lock on daemon addresses registry.
2026-09-02T16:34:05.253+0700 [DEBUG] [org.gradle.cache.internal.DefaultFileLockManager] Lock acquired on daemon addresses registry.
2026-09-02T16:34:05.254+0700 [DEBUG] [org.gradle.cache.internal.DefaultFileLockManager] Releasing lock on daemon addresses registry.
2026-09-02T16:34:05.256+0700 [DEBUG] [org.gradle.cache.internal.DefaultFileLockManager] Waiting to acquire shared lock on daemon addresses registry.
2026-09-02T16:34:05.257+0700 [DEBUG] [org.gradle.cache.internal.DefaultFileLockManager] Lock acquired on daemon addresses registry.
2026-09-02T16:34:05.257+0700 [DEBUG] [org.gradle.cache.internal.DefaultFileLockManager] Releasing lock on daemon addresses registry.
2026-09-02T16:34:09.851+0700 [DEBUG] [org.gradle.process.internal.health.memory.DefaultMemoryManager] 638754816 physical memory requested, 498331648 free
2026-09-02T16:34:09.851+0700 [DEBUG] [org.gradle.workers.internal.WorkerDaemonExpiration] Will attempt to release 609 of memory
2026-09-02T16:34:09.852+0700 [DEBUG] [org.gradle.process.internal.health.memory.DefaultMemoryManager] 638754816 physical memory requested, 0 released, 498331648 free
2026-09-02T16:34:14.850+0700 [DEBUG] [org.gradle.process.internal.health.memory.DefaultMemoryManager] 638754816 physical memory requested, 431489024 free
2026-09-02T16:34:14.851+0700 [DEBUG] [org.gradle.workers.internal.WorkerDaemonExpiration] Will attempt to release 609 of memory
2026-09-02T16:34:14.852+0700 [DEBUG] [org.gradle.process.internal.health.memory.DefaultMemoryManager] 638754816 physical memory requested, 0 released, 431489024 free
2026-09-02T16:34:15.247+0700 [DEBUG] [org.gradle.cache.internal.DefaultFileLockManager] Waiting to acquire shared lock on daemon addresses registry.
2026-09-02T16:34:15.247+0700 [DEBUG] [org.gradle.cache.internal.DefaultFileLockManager] Lock acquired on daemon addresses registry.
2026-09-02T16:34:15.249+0700 [DEBUG] [org.gradle.cache.internal.DefaultFileLockManager] Releasing lock on daemon addresses registry.
2026-09-02T16:34:15.258+0700 [DEBUG] [org.gradle.cache.internal.DefaultFileLockManager] Waiting to acquire shared lock on daemon addresses registry.
2026-09-02T16:34:15.258+0700 [DEBUG] [org.gradle.cache.internal.DefaultFileLockManager] Lock acquired on daemon addresses registry.
2026-09-02T16:34:15.259+0700 [DEBUG] [org.gradle.cache.internal.DefaultFileLockManager] Releasing lock on daemon addresses registry.
2026-09-02T16:34:15.264+0700 [DEBUG] [org.gradle.cache.internal.DefaultFileLockManager] Waiting to acquire shared lock on daemon addresses registry.
2026-09-02T16:34:15.265+0700 [DEBUG] [org.gradle.cache.internal.DefaultFileLockManager] Lock acquired on daemon addresses registry.
2026-09-02T16:34:15.268+0700 [DEBUG] [org.gradle.cache.internal.DefaultFileLockManager] Releasing lock on daemon addresses registry.
2026-09-02T16:34:19.850+0700 [DEBUG] [org.gradle.process.internal.health.memory.DefaultMemoryManager] 638754816 physical memory requested, 400003072 free
2026-09-02T16:34:19.851+0700 [DEBUG] [org.gradle.workers.internal.WorkerDaemonExpiration] Will attempt to release 609 of memory
2026-09-02T16:34:19.851+0700 [DEBUG] [org.gradle.process.internal.health.memory.DefaultMemoryManager] 638754816 physical memory requested, 0 released, 400003072 free
2026-09-02T16:34:24.853+0700 [DEBUG] [org.gradle.process.internal.health.memory.DefaultMemoryManager] 638754816 physical memory requested, 466923520 free
2026-09-02T16:34:24.855+0700 [DEBUG] [org.gradle.workers.internal.WorkerDaemonExpiration] Will attempt to release 609 of memory
2026-09-02T16:34:24.856+0700 [DEBUG] [org.gradle.process.internal.health.memory.DefaultMemoryManager] 638754816 physical memory requested, 0 released, 466923520 free
2026-09-02T16:34:25.244+0700 [DEBUG] [org.gradle.cache.internal.DefaultFileLockManager] Waiting to acquire shared lock on daemon addresses registry.
2026-09-02T16:34:25.244+0700 [DEBUG] [org.gradle.cache.internal.DefaultFileLockManager] Lock acquired on daemon addresses registry.
2026-09-02T16:34:25.245+0700 [DEBUG] [org.gradle.cache.internal.DefaultFileLockManager] Releasing lock on daemon addresses registry.
2026-09-02T16:34:25.248+0700 [DEBUG] [org.gradle.cache.internal.DefaultFileLockManager] Waiting to acquire shared lock on daemon addresses registry.
2026-09-02T16:34:25.249+0700 [DEBUG] [org.gradle.cache.internal.DefaultFileLockManager] Lock acquired on daemon addresses registry.
2026-09-02T16:34:25.249+0700 [DEBUG] [org.gradle.cache.internal.DefaultFileLockManager] Releasing lock on daemon addresses registry.
2026-09-02T16:34:25.251+0700 [DEBUG] [org.gradle.cache.internal.DefaultFileLockManager] Waiting to acquire shared lock on daemon addresses registry.
2026-09-02T16:34:25.252+0700 [DEBUG] [org.gradle.cache.internal.DefaultFileLockManager] Lock acquired on daemon addresses registry.
2026-09-02T16:34:25.253+0700 [DEBUG] [org.gradle.cache.internal.DefaultFileLockManager] Releasing lock on daemon addresses registry.
2026-09-02T16:34:29.863+0700 [DEBUG] [org.gradle.process.internal.health.memory.DefaultMemoryManager] 638754816 physical memory requested, 397524992 free
2026-09-02T16:34:29.863+0700 [DEBUG] [org.gradle.workers.internal.WorkerDaemonExpiration] Will attempt to release 609 of memory
2026-09-02T16:34:29.864+0700 [DEBUG] [org.gradle.process.internal.health.memory.DefaultMemoryManager] 638754816 physical memory requested, 0 released, 397524992 free
2026-09-02T16:34:34.864+0700 [DEBUG] [org.gradle.process.internal.health.memory.DefaultMemoryManager] 638754816 physical memory requested, 523980800 free
2026-09-02T16:34:34.874+0700 [DEBUG] [org.gradle.workers.internal.WorkerDaemonExpiration] Will attempt to release 609 of memory
2026-09-02T16:34:34.914+0700 [DEBUG] [org.gradle.process.internal.health.memory.DefaultMemoryManager] 638754816 physical memory requested, 0 released, 523980800 free
2026-09-02T16:34:35.250+0700 [DEBUG] [org.gradle.cache.internal.DefaultFileLockManager] Waiting to acquire shared lock on daemon addresses registry.
2026-09-02T16:34:35.250+0700 [DEBUG] [org.gradle.cache.internal.DefaultFileLockManager] Lock acquired on daemon addresses registry.
2026-09-02T16:34:35.251+0700 [DEBUG] [org.gradle.cache.internal.DefaultFileLockManager] Releasing lock on daemon addresses registry.
2026-09-02T16:34:35.254+0700 [DEBUG] [org.gradle.cache.internal.DefaultFileLockManager] Waiting to acquire shared lock on daemon addresses registry.
2026-09-02T16:34:35.255+0700 [DEBUG] [org.gradle.cache.internal.DefaultFileLockManager] Lock acquired on daemon addresses registry.
2026-09-02T16:34:35.256+0700 [DEBUG] [org.gradle.cache.internal.DefaultFileLockManager] Releasing lock on daemon addresses registry.
2026-09-02T16:34:35.260+0700 [DEBUG] [org.gradle.cache.internal.DefaultFileLockManager] Waiting to acquire shared lock on daemon addresses registry.
2026-09-02T16:34:35.261+0700 [DEBUG] [org.gradle.cache.internal.DefaultFileLockManager] Lock acquired on daemon addresses registry.
2026-09-02T16:34:35.262+0700 [DEBUG] [org.gradle.cache.internal.DefaultFileLockManager] Releasing lock on daemon addresses registry.
2026-09-02T16:34:39.859+0700 [DEBUG] [org.gradle.process.internal.health.memory.DefaultMemoryManager] 638754816 physical memory requested, 433479680 free
2026-09-02T16:34:39.859+0700 [DEBUG] [org.gradle.workers.internal.WorkerDaemonExpiration] Will attempt to release 609 of memory
2026-09-02T16:34:39.860+0700 [DEBUG] [org.gradle.process.internal.health.memory.DefaultMemoryManager] 638754816 physical memory requested, 0 released, 433479680 free
2026-09-02T16:34:44.862+0700 [DEBUG] [org.gradle.process.internal.health.memory.DefaultMemoryManager] 638754816 physical memory requested, 594161664 free
2026-09-02T16:34:44.862+0700 [DEBUG] [org.gradle.workers.internal.WorkerDaemonExpiration] Will attempt to release 609 of memory
2026-09-02T16:34:44.862+0700 [DEBUG] [org.gradle.process.internal.health.memory.DefaultMemoryManager] 638754816 physical memory requested, 0 released, 594161664 free
2026-09-02T16:34:45.276+0700 [DEBUG] [org.gradle.cache.internal.DefaultFileLockManager] Waiting to acquire shared lock on daemon addresses registry.
2026-09-02T16:34:45.284+0700 [DEBUG] [org.gradle.cache.internal.DefaultFileLockManager] Lock acquired on daemon addresses registry.
2026-09-02T16:34:45.320+0700 [DEBUG] [org.gradle.cache.internal.DefaultFileLockManager] Releasing lock on daemon addresses registry.
2026-09-02T16:34:45.330+0700 [DEBUG] [org.gradle.cache.internal.DefaultFileLockManager] Waiting to acquire shared lock on daemon addresses registry.
2026-09-02T16:34:45.332+0700 [DEBUG] [org.gradle.cache.internal.DefaultFileLockManager] Lock acquired on daemon addresses registry.
2026-09-02T16:34:45.333+0700 [DEBUG] [org.gradle.cache.internal.DefaultFileLockManager] Releasing lock on daemon addresses registry.
2026-09-02T16:34:45.348+0700 [DEBUG] [org.gradle.cache.internal.DefaultFileLockManager] Waiting to acquire shared lock on daemon addresses registry.
2026-09-02T16:34:45.349+0700 [DEBUG] [org.gradle.cache.internal.DefaultFileLockManager] Lock acquired on daemon addresses registry.
2026-09-02T16:34:45.351+0700 [DEBUG] [org.gradle.cache.internal.DefaultFileLockManager] Releasing lock on daemon addresses registry.
2026-09-02T16:34:49.861+0700 [DEBUG] [org.gradle.process.internal.health.memory.DefaultMemoryManager] 638754816 physical memory requested, 600535040 free
2026-09-02T16:34:49.861+0700 [DEBUG] [org.gradle.workers.internal.WorkerDaemonExpiration] Will attempt to release 609 of memory
2026-09-02T16:34:49.862+0700 [DEBUG] [org.gradle.process.internal.health.memory.DefaultMemoryManager] 638754816 physical memory requested, 0 released, 600535040 free
2026-09-02T16:34:54.860+0700 [DEBUG] [org.gradle.process.internal.health.memory.DefaultMemoryManager] 638754816 physical memory requested, 578748416 free
2026-09-02T16:34:54.860+0700 [DEBUG] [org.gradle.workers.internal.WorkerDaemonExpiration] Will attempt to release 609 of memory
2026-09-02T16:34:54.860+0700 [DEBUG] [org.gradle.process.internal.health.memory.DefaultMemoryManager] 638754816 physical memory requested, 0 released, 578748416 free
2026-09-02T16:34:55.245+0700 [DEBUG] [org.gradle.cache.internal.DefaultFileLockManager] Waiting to acquire shared lock on daemon addresses registry.
2026-09-02T16:34:55.245+0700 [DEBUG] [org.gradle.cache.internal.DefaultFileLockManager] Lock acquired on daemon addresses registry.
2026-09-02T16:34:55.247+0700 [DEBUG] [org.gradle.cache.internal.DefaultFileLockManager] Releasing lock on daemon addresses registry.
2026-09-02T16:34:55.249+0700 [DEBUG] [org.gradle.cache.internal.DefaultFileLockManager] Waiting to acquire shared lock on daemon addresses registry.
2026-09-02T16:34:55.249+0700 [DEBUG] [org.gradle.cache.internal.DefaultFileLockManager] Lock acquired on daemon addresses registry.
2026-09-02T16:34:55.250+0700 [DEBUG] [org.gradle.cache.internal.DefaultFileLockManager] Releasing lock on daemon addresses registry.
2026-09-02T16:34:55.251+0700 [DEBUG] [org.gradle.cache.internal.DefaultFileLockManager] Waiting to acquire shared lock on daemon addresses registry.
2026-09-02T16:34:55.251+0700 [DEBUG] [org.gradle.cache.internal.DefaultFileLockManager] Lock acquired on daemon addresses registry.
2026-09-02T16:34:55.252+0700 [DEBUG] [org.gradle.cache.internal.DefaultFileLockManager] Releasing lock on daemon addresses registry.
2026-09-02T16:34:59.861+0700 [DEBUG] [org.gradle.process.internal.health.memory.DefaultMemoryManager] 638754816 physical memory requested, 572940288 free
2026-09-02T16:34:59.861+0700 [DEBUG] [org.gradle.workers.internal.WorkerDaemonExpiration] Will attempt to release 609 of memory
2026-09-02T16:34:59.861+0700 [DEBUG] [org.gradle.process.internal.health.memory.DefaultMemoryManager] 638754816 physical memory requested, 0 released, 572940288 free
2026-09-02T16:35:04.851+0700 [DEBUG] [org.gradle.process.internal.health.memory.DefaultMemoryManager] 638754816 physical memory requested, 557223936 free
2026-09-02T16:35:04.851+0700 [DEBUG] [org.gradle.workers.internal.WorkerDaemonExpiration] Will attempt to release 609 of memory
2026-09-02T16:35:04.851+0700 [DEBUG] [org.gradle.process.internal.health.memory.DefaultMemoryManager] 638754816 physical memory requested, 0 released, 557223936 free
2026-09-02T16:35:05.252+0700 [DEBUG] [org.gradle.cache.internal.DefaultFileLockManager] Waiting to acquire shared lock on daemon addresses registry.
2026-09-02T16:35:05.253+0700 [DEBUG] [org.gradle.cache.internal.DefaultFileLockManager] Lock acquired on daemon addresses registry.
2026-09-02T16:35:05.253+0700 [DEBUG] [org.gradle.cache.internal.DefaultFileLockManager] Releasing lock on daemon addresses registry.
2026-09-02T16:35:05.257+0700 [DEBUG] [org.gradle.cache.internal.DefaultFileLockManager] Waiting to acquire shared lock on daemon addresses registry.
2026-09-02T16:35:05.258+0700 [DEBUG] [org.gradle.cache.internal.DefaultFileLockManager] Lock acquired on daemon addresses registry.
2026-09-02T16:35:05.258+0700 [DEBUG] [org.gradle.cache.internal.DefaultFileLockManager] Releasing lock on daemon addresses registry.
2026-09-02T16:35:05.260+0700 [DEBUG] [org.gradle.cache.internal.DefaultFileLockManager] Waiting to acquire shared lock on daemon addresses registry.
2026-09-02T16:35:05.260+0700 [DEBUG] [org.gradle.cache.internal.DefaultFileLockManager] Lock acquired on daemon addresses registry.
2026-09-02T16:35:05.261+0700 [DEBUG] [org.gradle.cache.internal.DefaultFileLockManager] Releasing lock on daemon addresses registry.
2026-09-02T16:35:09.859+0700 [DEBUG] [org.gradle.process.internal.health.memory.DefaultMemoryManager] 638754816 physical memory requested, 565174272 free
2026-09-02T16:35:09.859+0700 [DEBUG] [org.gradle.workers.internal.WorkerDaemonExpiration] Will attempt to release 609 of memory
2026-09-02T16:35:09.859+0700 [DEBUG] [org.gradle.process.internal.health.memory.DefaultMemoryManager] 638754816 physical memory requested, 0 released, 565174272 free
2026-09-02T16:35:14.851+0700 [DEBUG] [org.gradle.process.internal.health.memory.DefaultMemoryManager] 638754816 physical memory requested, 561655808 free
2026-09-02T16:35:14.851+0700 [DEBUG] [org.gradle.workers.internal.WorkerDaemonExpiration] Will attempt to release 609 of memory
2026-09-02T16:35:14.852+0700 [DEBUG] [org.gradle.process.internal.health.memory.DefaultMemoryManager] 638754816 physical memory requested, 0 released, 561655808 free
2026-09-02T16:35:15.244+0700 [DEBUG] [org.gradle.cache.internal.DefaultFileLockManager] Waiting to acquire shared lock on daemon addresses registry.
2026-09-02T16:35:15.245+0700 [DEBUG] [org.gradle.cache.internal.DefaultFileLockManager] Lock acquired on daemon addresses registry.
2026-09-02T16:35:15.245+0700 [DEBUG] [org.gradle.cache.internal.DefaultFileLockManager] Releasing lock on daemon addresses registry.
2026-09-02T16:35:15.249+0700 [DEBUG] [org.gradle.cache.internal.DefaultFileLockManager] Waiting to acquire shared lock on daemon addresses registry.
2026-09-02T16:35:15.249+0700 [DEBUG] [org.gradle.cache.internal.DefaultFileLockManager] Lock acquired on daemon addresses registry.
2026-09-02T16:35:15.250+0700 [DEBUG] [org.gradle.cache.internal.DefaultFileLockManager] Releasing lock on daemon addresses registry.
2026-09-02T16:35:15.251+0700 [DEBUG] [org.gradle.cache.internal.DefaultFileLockManager] Waiting to acquire shared lock on daemon addresses registry.
2026-09-02T16:35:15.251+0700 [DEBUG] [org.gradle.cache.internal.DefaultFileLockManager] Lock acquired on daemon addresses registry.
2026-09-02T16:35:15.252+0700 [DEBUG] [org.gradle.cache.internal.DefaultFileLockManager] Releasing lock on daemon addresses registry.
2026-09-02T16:35:19.851+0700 [DEBUG] [org.gradle.process.internal.health.memory.DefaultMemoryManager] 638754816 physical memory requested, 561795072 free
2026-09-02T16:35:19.851+0700 [DEBUG] [org.gradle.workers.internal.WorkerDaemonExpiration] Will attempt to release 609 of memory
2026-09-02T16:35:19.851+0700 [DEBUG] [org.gradle.process.internal.health.memory.DefaultMemoryManager] 638754816 physical memory requested, 0 released, 561795072 free
2026-09-02T16:35:24.860+0700 [DEBUG] [org.gradle.process.internal.health.memory.DefaultMemoryManager] 638754816 physical memory requested, 595353600 free
2026-09-02T16:35:24.860+0700 [DEBUG] [org.gradle.workers.internal.WorkerDaemonExpiration] Will attempt to release 609 of memory
2026-09-02T16:35:24.860+0700 [DEBUG] [org.gradle.process.internal.health.memory.DefaultMemoryManager] 638754816 physical memory requested, 0 released, 595353600 free
2026-09-02T16:35:25.243+0700 [DEBUG] [org.gradle.cache.internal.DefaultFileLockManager] Waiting to acquire shared lock on daemon addresses registry.
2026-09-02T16:35:25.244+0700 [DEBUG] [org.gradle.cache.internal.DefaultFileLockManager] Lock acquired on daemon addresses registry.
2026-09-02T16:35:25.245+0700 [DEBUG] [org.gradle.cache.internal.DefaultFileLockManager] Releasing lock on daemon addresses registry.
2026-09-02T16:35:25.248+0700 [DEBUG] [org.gradle.cache.internal.DefaultFileLockManager] Waiting to acquire shared lock on daemon addresses registry.
2026-09-02T16:35:25.248+0700 [DEBUG] [org.gradle.cache.internal.DefaultFileLockManager] Lock acquired on daemon addresses registry.
2026-09-02T16:35:25.249+0700 [DEBUG] [org.gradle.cache.internal.DefaultFileLockManager] Releasing lock on daemon addresses registry.
2026-09-02T16:35:25.252+0700 [DEBUG] [org.gradle.cache.internal.DefaultFileLockManager] Waiting to acquire shared lock on daemon addresses registry.
2026-09-02T16:35:25.252+0700 [DEBUG] [org.gradle.cache.internal.DefaultFileLockManager] Lock acquired on daemon addresses registry.
2026-09-02T16:35:25.254+0700 [DEBUG] [org.gradle.cache.internal.DefaultFileLockManager] Releasing lock on daemon addresses registry.
2026-09-02T16:35:29.861+0700 [DEBUG] [org.gradle.process.internal.health.memory.DefaultMemoryManager] 638754816 physical memory requested, 501440512 free
2026-09-02T16:35:29.862+0700 [DEBUG] [org.gradle.workers.internal.WorkerDaemonExpiration] Will attempt to release 609 of memory
2026-09-02T16:35:29.862+0700 [DEBUG] [org.gradle.process.internal.health.memory.DefaultMemoryManager] 638754816 physical memory requested, 0 released, 501440512 free
2026-09-02T16:35:34.862+0700 [DEBUG] [org.gradle.process.internal.health.memory.DefaultMemoryManager] 638754816 physical memory requested, 424435712 free
2026-09-02T16:35:34.862+0700 [DEBUG] [org.gradle.workers.internal.WorkerDaemonExpiration] Will attempt to release 609 of memory
2026-09-02T16:35:34.862+0700 [DEBUG] [org.gradle.process.internal.health.memory.DefaultMemoryManager] 638754816 physical memory requested, 0 released, 424435712 free
2026-09-02T16:35:35.257+0700 [DEBUG] [org.gradle.cache.internal.DefaultFileLockManager] Waiting to acquire shared lock on daemon addresses registry.
2026-09-02T16:35:35.257+0700 [DEBUG] [org.gradle.cache.internal.DefaultFileLockManager] Lock acquired on daemon addresses registry.
2026-09-02T16:35:35.258+0700 [DEBUG] [org.gradle.cache.internal.DefaultFileLockManager] Releasing lock on daemon addresses registry.
2026-09-02T16:35:35.261+0700 [DEBUG] [org.gradle.cache.internal.DefaultFileLockManager] Waiting to acquire shared lock on daemon addresses registry.
2026-09-02T16:35:35.261+0700 [DEBUG] [org.gradle.cache.internal.DefaultFileLockManager] Lock acquired on daemon addresses registry.
2026-09-02T16:35:35.261+0700 [DEBUG] [org.gradle.cache.internal.DefaultFileLockManager] Releasing lock on daemon addresses registry.
2026-09-02T16:35:35.264+0700 [DEBUG] [org.gradle.cache.internal.DefaultFileLockManager] Waiting to acquire shared lock on daemon addresses registry.
2026-09-02T16:35:35.264+0700 [DEBUG] [org.gradle.cache.internal.DefaultFileLockManager] Lock acquired on daemon addresses registry.
2026-09-02T16:35:35.264+0700 [DEBUG] [org.gradle.cache.internal.DefaultFileLockManager] Releasing lock on daemon addresses registry.
2026-09-02T16:35:39.862+0700 [DEBUG] [org.gradle.process.internal.health.memory.DefaultMemoryManager] 638754816 physical memory requested, 433352704 free
2026-09-02T16:35:39.862+0700 [DEBUG] [org.gradle.workers.internal.WorkerDaemonExpiration] Will attempt to release 609 of memory
2026-09-02T16:35:39.863+0700 [DEBUG] [org.gradle.process.internal.health.memory.DefaultMemoryManager] 638754816 physical memory requested, 0 released, 433352704 free
2026-09-02T16:35:44.861+0700 [DEBUG] [org.gradle.process.internal.health.memory.DefaultMemoryManager] 638754816 physical memory requested, 401207296 free
2026-09-02T16:35:44.861+0700 [DEBUG] [org.gradle.workers.internal.WorkerDaemonExpiration] Will attempt to release 609 of memory
2026-09-02T16:35:44.861+0700 [DEBUG] [org.gradle.process.internal.health.memory.DefaultMemoryManager] 638754816 physical memory requested, 0 released, 401207296 free
2026-09-02T16:35:45.245+0700 [DEBUG] [org.gradle.cache.internal.DefaultFileLockManager] Waiting to acquire shared lock on daemon addresses registry.
2026-09-02T16:35:45.246+0700 [DEBUG] [org.gradle.cache.internal.DefaultFileLockManager] Lock acquired on daemon addresses registry.
2026-09-02T16:35:45.246+0700 [DEBUG] [org.gradle.cache.internal.DefaultFileLockManager] Releasing lock on daemon addresses registry.
2026-09-02T16:35:45.254+0700 [DEBUG] [org.gradle.cache.internal.DefaultFileLockManager] Waiting to acquire shared lock on daemon addresses registry.
2026-09-02T16:35:45.254+0700 [DEBUG] [org.gradle.cache.internal.DefaultFileLockManager] Lock acquired on daemon addresses registry.
2026-09-02T16:35:45.255+0700 [DEBUG] [org.gradle.cache.internal.DefaultFileLockManager] Releasing lock on daemon addresses registry.
2026-09-02T16:35:45.265+0700 [DEBUG] [org.gradle.cache.internal.DefaultFileLockManager] Waiting to acquire shared lock on daemon addresses registry.
2026-09-02T16:35:45.266+0700 [DEBUG] [org.gradle.cache.internal.DefaultFileLockManager] Lock acquired on daemon addresses registry.
2026-09-02T16:35:45.266+0700 [DEBUG] [org.gradle.cache.internal.DefaultFileLockManager] Releasing lock on daemon addresses registry.
2026-09-02T16:35:49.861+0700 [DEBUG] [org.gradle.process.internal.health.memory.DefaultMemoryManager] 638754816 physical memory requested, 401137664 free
2026-09-02T16:35:49.862+0700 [DEBUG] [org.gradle.workers.internal.WorkerDaemonExpiration] Will attempt to release 609 of memory
2026-09-02T16:35:49.862+0700 [DEBUG] [org.gradle.process.internal.health.memory.DefaultMemoryManager] 638754816 physical memory requested, 0 released, 401137664 free
2026-09-02T16:35:54.862+0700 [DEBUG] [org.gradle.process.internal.health.memory.DefaultMemoryManager] 638754816 physical memory requested, 396787712 free
2026-09-02T16:35:54.862+0700 [DEBUG] [org.gradle.workers.internal.WorkerDaemonExpiration] Will attempt to release 609 of memory
2026-09-02T16:35:54.862+0700 [DEBUG] [org.gradle.process.internal.health.memory.DefaultMemoryManager] 638754816 physical memory requested, 0 released, 396787712 free
2026-09-02T16:35:55.246+0700 [DEBUG] [org.gradle.cache.internal.DefaultFileLockManager] Waiting to acquire shared lock on daemon addresses registry.
2026-09-02T16:35:55.246+0700 [DEBUG] [org.gradle.cache.internal.DefaultFileLockManager] Lock acquired on daemon addresses registry.
2026-09-02T16:35:55.247+0700 [DEBUG] [org.gradle.cache.internal.DefaultFileLockManager] Releasing lock on daemon addresses registry.
2026-09-02T16:35:55.249+0700 [DEBUG] [org.gradle.cache.internal.DefaultFileLockManager] Waiting to acquire shared lock on daemon addresses registry.
2026-09-02T16:35:55.249+0700 [DEBUG] [org.gradle.cache.internal.DefaultFileLockManager] Lock acquired on daemon addresses registry.
2026-09-02T16:35:55.249+0700 [DEBUG] [org.gradle.cache.internal.DefaultFileLockManager] Releasing lock on daemon addresses registry.
2026-09-02T16:35:55.251+0700 [DEBUG] [org.gradle.cache.internal.DefaultFileLockManager] Waiting to acquire shared lock on daemon addresses registry.
2026-09-02T16:35:55.251+0700 [DEBUG] [org.gradle.cache.internal.DefaultFileLockManager] Lock acquired on daemon addresses registry.
2026-09-02T16:35:55.251+0700 [DEBUG] [org.gradle.cache.internal.DefaultFileLockManager] Releasing lock on daemon addresses registry.
2026-09-02T16:35:59.861+0700 [DEBUG] [org.gradle.process.internal.health.memory.DefaultMemoryManager] 638754816 physical memory requested, 415977472 free
2026-09-02T16:35:59.862+0700 [DEBUG] [org.gradle.workers.internal.WorkerDaemonExpiration] Will attempt to release 609 of memory
2026-09-02T16:35:59.862+0700 [DEBUG] [org.gradle.process.internal.health.memory.DefaultMemoryManager] 638754816 physical memory requested, 0 released, 415977472 free
2026-09-02T16:36:04.862+0700 [DEBUG] [org.gradle.process.internal.health.memory.DefaultMemoryManager] 638754816 physical memory requested, 392355840 free
2026-09-02T16:36:04.863+0700 [DEBUG] [org.gradle.workers.internal.WorkerDaemonExpiration] Will attempt to release 609 of memory
2026-09-02T16:36:04.863+0700 [DEBUG] [org.gradle.process.internal.health.memory.DefaultMemoryManager] 638754816 physical memory requested, 0 released, 392355840 free
2026-09-02T16:36:05.246+0700 [DEBUG] [org.gradle.cache.internal.DefaultFileLockManager] Waiting to acquire shared lock on daemon addresses registry.
2026-09-02T16:36:05.246+0700 [DEBUG] [org.gradle.cache.internal.DefaultFileLockManager] Lock acquired on daemon addresses registry.
2026-09-02T16:36:05.247+0700 [DEBUG] [org.gradle.cache.internal.DefaultFileLockManager] Releasing lock on daemon addresses registry.
2026-09-02T16:36:05.250+0700 [DEBUG] [org.gradle.cache.internal.DefaultFileLockManager] Waiting to acquire shared lock on daemon addresses registry.
2026-09-02T16:36:05.250+0700 [DEBUG] [org.gradle.cache.internal.DefaultFileLockManager] Lock acquired on daemon addresses registry.
2026-09-02T16:36:05.251+0700 [DEBUG] [org.gradle.cache.internal.DefaultFileLockManager] Releasing lock on daemon addresses registry.
2026-09-02T16:36:05.252+0700 [DEBUG] [org.gradle.cache.internal.DefaultFileLockManager] Waiting to acquire shared lock on daemon addresses registry.
2026-09-02T16:36:05.252+0700 [DEBUG] [org.gradle.cache.internal.DefaultFileLockManager] Lock acquired on daemon addresses registry.
2026-09-02T16:36:05.253+0700 [DEBUG] [org.gradle.cache.internal.DefaultFileLockManager] Releasing lock on daemon addresses registry.
2026-09-02T16:36:09.861+0700 [DEBUG] [org.gradle.process.internal.health.memory.DefaultMemoryManager] 638754816 physical memory requested, 380477440 free
2026-09-02T16:36:09.861+0700 [DEBUG] [org.gradle.workers.internal.WorkerDaemonExpiration] Will attempt to release 609 of memory
2026-09-02T16:36:09.861+0700 [DEBUG] [org.gradle.process.internal.health.memory.DefaultMemoryManager] 638754816 physical memory requested, 0 released, 380477440 free
2026-09-02T16:36:14.863+0700 [DEBUG] [org.gradle.process.internal.health.memory.DefaultMemoryManager] 638754816 physical memory requested, 393674752 free
2026-09-02T16:36:14.863+0700 [DEBUG] [org.gradle.workers.internal.WorkerDaemonExpiration] Will attempt to release 609 of memory
2026-09-02T16:36:14.863+0700 [DEBUG] [org.gradle.process.internal.health.memory.DefaultMemoryManager] 638754816 physical memory requested, 0 released, 393674752 free
2026-09-02T16:36:15.245+0700 [DEBUG] [org.gradle.cache.internal.DefaultFileLockManager] Waiting to acquire shared lock on daemon addresses registry.
2026-09-02T16:36:15.245+0700 [DEBUG] [org.gradle.cache.internal.DefaultFileLockManager] Lock acquired on daemon addresses registry.
2026-09-02T16:36:15.246+0700 [DEBUG] [org.gradle.cache.internal.DefaultFileLockManager] Releasing lock on daemon addresses registry.
2026-09-02T16:36:15.249+0700 [DEBUG] [org.gradle.cache.internal.DefaultFileLockManager] Waiting to acquire shared lock on daemon addresses registry.
2026-09-02T16:36:15.249+0700 [DEBUG] [org.gradle.cache.internal.DefaultFileLockManager] Lock acquired on daemon addresses registry.
2026-09-02T16:36:15.250+0700 [DEBUG] [org.gradle.cache.internal.DefaultFileLockManager] Releasing lock on daemon addresses registry.
2026-09-02T16:36:15.252+0700 [DEBUG] [org.gradle.cache.internal.DefaultFileLockManager] Waiting to acquire shared lock on daemon addresses registry.
2026-09-02T16:36:15.252+0700 [DEBUG] [org.gradle.cache.internal.DefaultFileLockManager] Lock acquired on daemon addresses registry.
2026-09-02T16:36:15.253+0700 [DEBUG] [org.gradle.cache.internal.DefaultFileLockManager] Releasing lock on daemon addresses registry.
2026-09-02T16:36:19.864+0700 [DEBUG] [org.gradle.process.internal.health.memory.DefaultMemoryManager] 638754816 physical memory requested, 383799296 free
2026-09-02T16:36:19.864+0700 [DEBUG] [org.gradle.workers.internal.WorkerDaemonExpiration] Will attempt to release 609 of memory
2026-09-02T16:36:19.864+0700 [DEBUG] [org.gradle.process.internal.health.memory.DefaultMemoryManager] 638754816 physical memory requested, 0 released, 383799296 free
2026-09-02T16:36:25.246+0700 [DEBUG] [org.gradle.cache.internal.DefaultFileLockManager] Waiting to acquire shared lock on daemon addresses registry.
2026-09-02T16:36:25.247+0700 [DEBUG] [org.gradle.cache.internal.DefaultFileLockManager] Lock acquired on daemon addresses registry.
2026-09-02T16:36:25.248+0700 [DEBUG] [org.gradle.cache.internal.DefaultFileLockManager] Releasing lock on daemon addresses registry.
2026-09-02T16:36:25.251+0700 [DEBUG] [org.gradle.cache.internal.DefaultFileLockManager] Waiting to acquire shared lock on daemon addresses registry.
2026-09-02T16:36:25.251+0700 [DEBUG] [org.gradle.cache.internal.DefaultFileLockManager] Lock acquired on daemon addresses registry.
2026-09-02T16:36:25.252+0700 [DEBUG] [org.gradle.cache.internal.DefaultFileLockManager] Releasing lock on daemon addresses registry.
2026-09-02T16:36:25.254+0700 [DEBUG] [org.gradle.cache.internal.DefaultFileLockManager] Waiting to acquire shared lock on daemon addresses registry.
2026-09-02T16:36:25.254+0700 [DEBUG] [org.gradle.cache.internal.DefaultFileLockManager] Lock acquired on daemon addresses registry.
2026-09-02T16:36:25.255+0700 [DEBUG] [org.gradle.cache.internal.DefaultFileLockManager] Releasing lock on daemon addresses registry.
2026-09-02T16:36:34.851+0700 [DEBUG] [org.gradle.process.internal.health.memory.DefaultMemoryManager] 638754816 physical memory requested, 631717888 free
2026-09-02T16:36:34.852+0700 [DEBUG] [org.gradle.workers.internal.WorkerDaemonExpiration] Will attempt to release 609 of memory
2026-09-02T16:36:34.852+0700 [DEBUG] [org.gradle.process.internal.health.memory.DefaultMemoryManager] 638754816 physical memory requested, 0 released, 631717888 free
2026-09-02T16:36:35.253+0700 [DEBUG] [org.gradle.cache.internal.DefaultFileLockManager] Waiting to acquire shared lock on daemon addresses registry.
2026-09-02T16:36:35.254+0700 [DEBUG] [org.gradle.cache.internal.DefaultFileLockManager] Lock acquired on daemon addresses registry.
2026-09-02T16:36:35.255+0700 [DEBUG] [org.gradle.cache.internal.DefaultFileLockManager] Releasing lock on daemon addresses registry.
2026-09-02T16:36:35.259+0700 [DEBUG] [org.gradle.cache.internal.DefaultFileLockManager] Waiting to acquire shared lock on daemon addresses registry.
2026-09-02T16:36:35.260+0700 [DEBUG] [org.gradle.cache.internal.DefaultFileLockManager] Lock acquired on daemon addresses registry.
2026-09-02T16:36:35.260+0700 [DEBUG] [org.gradle.cache.internal.DefaultFileLockManager] Releasing lock on daemon addresses registry.
2026-09-02T16:36:35.263+0700 [DEBUG] [org.gradle.cache.internal.DefaultFileLockManager] Waiting to acquire shared lock on daemon addresses registry.
2026-09-02T16:36:35.264+0700 [DEBUG] [org.gradle.cache.internal.DefaultFileLockManager] Lock acquired on daemon addresses registry.
2026-09-02T16:36:35.264+0700 [DEBUG] [org.gradle.cache.internal.DefaultFileLockManager] Releasing lock on daemon addresses registry.
2026-09-02T16:36:39.851+0700 [DEBUG] [org.gradle.process.internal.health.memory.DefaultMemoryManager] 638754816 physical memory requested, 448720896 free
2026-09-02T16:36:39.851+0700 [DEBUG] [org.gradle.workers.internal.WorkerDaemonExpiration] Will attempt to release 609 of memory
2026-09-02T16:36:39.853+0700 [DEBUG] [org.gradle.process.internal.health.memory.DefaultMemoryManager] 638754816 physical memory requested, 0 released, 448720896 free
2026-09-02T16:36:45.270+0700 [DEBUG] [org.gradle.cache.internal.DefaultFileLockManager] Waiting to acquire shared lock on daemon addresses registry.
2026-09-02T16:36:45.271+0700 [DEBUG] [org.gradle.cache.internal.DefaultFileLockManager] Lock acquired on daemon addresses registry.
2026-09-02T16:36:45.271+0700 [DEBUG] [org.gradle.cache.internal.DefaultFileLockManager] Releasing lock on daemon addresses registry.
2026-09-02T16:36:45.309+0700 [DEBUG] [org.gradle.cache.internal.DefaultFileLockManager] Waiting to acquire shared lock on daemon addresses registry.
2026-09-02T16:36:45.309+0700 [DEBUG] [org.gradle.cache.internal.DefaultFileLockManager] Lock acquired on daemon addresses registry.
2026-09-02T16:36:45.310+0700 [DEBUG] [org.gradle.cache.internal.DefaultFileLockManager] Releasing lock on daemon addresses registry.
2026-09-02T16:36:45.311+0700 [DEBUG] [org.gradle.cache.internal.DefaultFileLockManager] Waiting to acquire shared lock on daemon addresses registry.
2026-09-02T16:36:45.311+0700 [DEBUG] [org.gradle.cache.internal.DefaultFileLockManager] Lock acquired on daemon addresses registry.
2026-09-02T16:36:45.312+0700 [DEBUG] [org.gradle.cache.internal.DefaultFileLockManager] Releasing lock on daemon addresses registry.
2026-09-02T16:36:55.243+0700 [DEBUG] [org.gradle.cache.internal.DefaultFileLockManager] Waiting to acquire shared lock on daemon addresses registry.
2026-09-02T16:36:55.245+0700 [DEBUG] [org.gradle.cache.internal.DefaultFileLockManager] Lock acquired on daemon addresses registry.
2026-09-02T16:36:55.249+0700 [DEBUG] [org.gradle.cache.internal.DefaultFileLockManager] Releasing lock on daemon addresses registry.
2026-09-02T16:36:55.254+0700 [DEBUG] [org.gradle.cache.internal.DefaultFileLockManager] Waiting to acquire shared lock on daemon addresses registry.
2026-09-02T16:36:55.255+0700 [DEBUG] [org.gradle.cache.internal.DefaultFileLockManager] Lock acquired on daemon addresses registry.
2026-09-02T16:36:55.256+0700 [DEBUG] [org.gradle.cache.internal.DefaultFileLockManager] Releasing lock on daemon addresses registry.
2026-09-02T16:36:55.260+0700 [DEBUG] [org.gradle.cache.internal.DefaultFileLockManager] Waiting to acquire shared lock on daemon addresses registry.
2026-09-02T16:36:55.261+0700 [DEBUG] [org.gradle.cache.internal.DefaultFileLockManager] Lock acquired on daemon addresses registry.
2026-09-02T16:36:55.262+0700 [DEBUG] [org.gradle.cache.internal.DefaultFileLockManager] Releasing lock on daemon addresses registry.
2026-09-02T16:36:59.850+0700 [DEBUG] [org.gradle.process.internal.health.memory.DefaultMemoryManager] 638754816 physical memory requested, 638451712 free
2026-09-02T16:36:59.852+0700 [DEBUG] [org.gradle.workers.internal.WorkerDaemonExpiration] Will attempt to release 609 of memory
2026-09-02T16:36:59.852+0700 [DEBUG] [org.gradle.process.internal.health.memory.DefaultMemoryManager] 638754816 physical memory requested, 0 released, 638451712 free
2026-09-02T16:37:05.257+0700 [DEBUG] [org.gradle.cache.internal.DefaultFileLockManager] Waiting to acquire shared lock on daemon addresses registry.
2026-09-02T16:37:05.257+0700 [DEBUG] [org.gradle.cache.internal.DefaultFileLockManager] Lock acquired on daemon addresses registry.
2026-09-02T16:37:05.258+0700 [DEBUG] [org.gradle.cache.internal.DefaultFileLockManager] Releasing lock on daemon addresses registry.
2026-09-02T16:37:05.306+0700 [DEBUG] [org.gradle.cache.internal.DefaultFileLockManager] Waiting to acquire shared lock on daemon addresses registry.
2026-09-02T16:37:05.306+0700 [DEBUG] [org.gradle.cache.internal.DefaultFileLockManager] Lock acquired on daemon addresses registry.
2026-09-02T16:37:05.307+0700 [DEBUG] [org.gradle.cache.internal.DefaultFileLockManager] Releasing lock on daemon addresses registry.
2026-09-02T16:37:05.309+0700 [DEBUG] [org.gradle.cache.internal.DefaultFileLockManager] Waiting to acquire shared lock on daemon addresses registry.
2026-09-02T16:37:05.309+0700 [DEBUG] [org.gradle.cache.internal.DefaultFileLockManager] Lock acquired on daemon addresses registry.
2026-09-02T16:37:05.310+0700 [DEBUG] [org.gradle.cache.internal.DefaultFileLockManager] Releasing lock on daemon addresses registry.
2026-09-02T16:37:15.245+0700 [DEBUG] [org.gradle.cache.internal.DefaultFileLockManager] Waiting to acquire shared lock on daemon addresses registry.
2026-09-02T16:37:15.246+0700 [DEBUG] [org.gradle.cache.internal.DefaultFileLockManager] Lock acquired on daemon addresses registry.
2026-09-02T16:37:15.246+0700 [DEBUG] [org.gradle.cache.internal.DefaultFileLockManager] Releasing lock on daemon addresses registry.
2026-09-02T16:37:15.256+0700 [DEBUG] [org.gradle.cache.internal.DefaultFileLockManager] Waiting to acquire shared lock on daemon addresses registry.
2026-09-02T16:37:15.256+0700 [DEBUG] [org.gradle.cache.internal.DefaultFileLockManager] Lock acquired on daemon addresses registry.
2026-09-02T16:37:15.257+0700 [DEBUG] [org.gradle.cache.internal.DefaultFileLockManager] Releasing lock on daemon addresses registry.
2026-09-02T16:37:15.259+0700 [DEBUG] [org.gradle.cache.internal.DefaultFileLockManager] Waiting to acquire shared lock on daemon addresses registry.
2026-09-02T16:37:15.259+0700 [DEBUG] [org.gradle.cache.internal.DefaultFileLockManager] Lock acquired on daemon addresses registry.
2026-09-02T16:37:15.261+0700 [DEBUG] [org.gradle.cache.internal.DefaultFileLockManager] Releasing lock on daemon addresses registry.
2026-09-02T16:37:25.246+0700 [DEBUG] [org.gradle.cache.internal.DefaultFileLockManager] Waiting to acquire shared lock on daemon addresses registry.
2026-09-02T16:37:25.246+0700 [DEBUG] [org.gradle.cache.internal.DefaultFileLockManager] Lock acquired on daemon addresses registry.
2026-09-02T16:37:25.247+0700 [DEBUG] [org.gradle.cache.internal.DefaultFileLockManager] Releasing lock on daemon addresses registry.
2026-09-02T16:37:25.252+0700 [DEBUG] [org.gradle.cache.internal.DefaultFileLockManager] Waiting to acquire shared lock on daemon addresses registry.
2026-09-02T16:37:25.252+0700 [DEBUG] [org.gradle.cache.internal.DefaultFileLockManager] Lock acquired on daemon addresses registry.
2026-09-02T16:37:25.253+0700 [DEBUG] [org.gradle.cache.internal.DefaultFileLockManager] Releasing lock on daemon addresses registry.
2026-09-02T16:37:25.256+0700 [DEBUG] [org.gradle.cache.internal.DefaultFileLockManager] Waiting to acquire shared lock on daemon addresses registry.
2026-09-02T16:37:25.257+0700 [DEBUG] [org.gradle.cache.internal.DefaultFileLockManager] Lock acquired on daemon addresses registry.
2026-09-02T16:37:25.257+0700 [DEBUG] [org.gradle.cache.internal.DefaultFileLockManager] Releasing lock on daemon addresses registry.
2026-09-02T16:37:28.568+0700 [DEBUG] [org.gradle.internal.watch.vfs.impl.WatchingVirtualFileSystem] Handling VFS change CREATED D:\AbsensiSeleksi\app\src\main\res\drawable\ic_capture_camera.xml
2026-09-02T16:37:34.850+0700 [DEBUG] [org.gradle.process.internal.health.memory.DefaultMemoryManager] 638754816 physical memory requested, 620531712 free
2026-09-02T16:37:34.851+0700 [DEBUG] [org.gradle.workers.internal.WorkerDaemonExpiration] Will attempt to release 609 of memory
2026-09-02T16:37:34.851+0700 [DEBUG] [org.gradle.process.internal.health.memory.DefaultMemoryManager] 638754816 physical memory requested, 0 released, 620531712 free
2026-09-02T16:37:35.245+0700 [DEBUG] [org.gradle.cache.internal.DefaultFileLockManager] Waiting to acquire shared lock on daemon addresses registry.
2026-09-02T16:37:35.245+0700 [DEBUG] [org.gradle.cache.internal.DefaultFileLockManager] Lock acquired on daemon addresses registry.
2026-09-02T16:37:35.245+0700 [DEBUG] [org.gradle.cache.internal.DefaultFileLockManager] Releasing lock on daemon addresses registry.
2026-09-02T16:37:35.247+0700 [DEBUG] [org.gradle.cache.internal.DefaultFileLockManager] Waiting to acquire shared lock on daemon addresses registry.
2026-09-02T16:37:35.248+0700 [DEBUG] [org.gradle.cache.internal.DefaultFileLockManager] Lock acquired on daemon addresses registry.
2026-09-02T16:37:35.248+0700 [DEBUG] [org.gradle.cache.internal.DefaultFileLockManager] Releasing lock on daemon addresses registry.
2026-09-02T16:37:35.250+0700 [DEBUG] [org.gradle.cache.internal.DefaultFileLockManager] Waiting to acquire shared lock on daemon addresses registry.
2026-09-02T16:37:35.250+0700 [DEBUG] [org.gradle.cache.internal.DefaultFileLockManager] Lock acquired on daemon addresses registry.
2026-09-02T16:37:35.251+0700 [DEBUG] [org.gradle.cache.internal.DefaultFileLockManager] Releasing lock on daemon addresses registry.
2026-09-02T16:37:39.853+0700 [DEBUG] [org.gradle.process.internal.health.memory.DefaultMemoryManager] 638754816 physical memory requested, 285204480 free
2026-09-02T16:37:39.856+0700 [DEBUG] [org.gradle.workers.internal.WorkerDaemonExpiration] Will attempt to release 609 of memory
2026-09-02T16:37:39.863+0700 [DEBUG] [org.gradle.process.internal.health.memory.DefaultMemoryManager] 638754816 physical memory requested, 0 released, 285204480 free
2026-09-02T16:37:44.854+0700 [DEBUG] [org.gradle.process.internal.health.memory.DefaultMemoryManager] 638754816 physical memory requested, 421781504 free
2026-09-02T16:37:44.856+0700 [DEBUG] [org.gradle.workers.internal.WorkerDaemonExpiration] Will attempt to release 609 of memory
2026-09-02T16:37:44.979+0700 [DEBUG] [org.gradle.process.internal.health.memory.DefaultMemoryManager] 638754816 physical memory requested, 0 released, 421781504 free
2026-09-02T16:37:45.274+0700 [DEBUG] [org.gradle.cache.internal.DefaultFileLockManager] Waiting to acquire shared lock on daemon addresses registry.
2026-09-02T16:37:45.276+0700 [DEBUG] [org.gradle.cache.internal.DefaultFileLockManager] Lock acquired on daemon addresses registry.
2026-09-02T16:37:45.291+0700 [DEBUG] [org.gradle.cache.internal.DefaultFileLockManager] Releasing lock on daemon addresses registry.
2026-09-02T16:37:45.317+0700 [DEBUG] [org.gradle.cache.internal.DefaultFileLockManager] Waiting to acquire shared lock on daemon addresses registry.
2026-09-02T16:37:45.323+0700 [DEBUG] [org.gradle.cache.internal.DefaultFileLockManager] Lock acquired on daemon addresses registry.
2026-09-02T16:37:45.339+0700 [DEBUG] [org.gradle.cache.internal.DefaultFileLockManager] Releasing lock on daemon addresses registry.
2026-09-02T16:37:45.355+0700 [DEBUG] [org.gradle.cache.internal.DefaultFileLockManager] Waiting to acquire shared lock on daemon addresses registry.
2026-09-02T16:37:45.357+0700 [DEBUG] [org.gradle.cache.internal.DefaultFileLockManager] Lock acquired on daemon addresses registry.
2026-09-02T16:37:45.362+0700 [DEBUG] [org.gradle.cache.internal.DefaultFileLockManager] Releasing lock on daemon addresses registry.
2026-09-02T16:37:49.853+0700 [DEBUG] [org.gradle.process.internal.health.memory.DefaultMemoryManager] 638754816 physical memory requested, 453787648 free
2026-09-02T16:37:49.856+0700 [DEBUG] [org.gradle.workers.internal.WorkerDaemonExpiration] Will attempt to release 609 of memory
2026-09-02T16:37:49.857+0700 [DEBUG] [org.gradle.process.internal.health.memory.DefaultMemoryManager] 638754816 physical memory requested, 0 released, 453787648 free
2026-09-02T16:37:54.940+0700 [DEBUG] [org.gradle.process.internal.health.memory.DefaultMemoryManager] 638754816 physical memory requested, 357199872 free
2026-09-02T16:37:54.999+0700 [DEBUG] [org.gradle.workers.internal.WorkerDaemonExpiration] Will attempt to release 609 of memory
2026-09-02T16:37:55.000+0700 [DEBUG] [org.gradle.process.internal.health.memory.DefaultMemoryManager] 638754816 physical memory requested, 0 released, 357199872 free
2026-09-02T16:37:55.415+0700 [DEBUG] [org.gradle.cache.internal.DefaultFileLockManager] Waiting to acquire shared lock on daemon addresses registry.
2026-09-02T16:37:55.419+0700 [DEBUG] [org.gradle.cache.internal.DefaultFileLockManager] Lock acquired on daemon addresses registry.
2026-09-02T16:37:55.427+0700 [DEBUG] [org.gradle.cache.internal.DefaultFileLockManager] Releasing lock on daemon addresses registry.
2026-09-02T16:37:55.458+0700 [DEBUG] [org.gradle.cache.internal.DefaultFileLockManager] Waiting to acquire shared lock on daemon addresses registry.
2026-09-02T16:37:55.464+0700 [DEBUG] [org.gradle.cache.internal.DefaultFileLockManager] Lock acquired on daemon addresses registry.
2026-09-02T16:37:55.468+0700 [DEBUG] [org.gradle.cache.internal.DefaultFileLockManager] Releasing lock on daemon addresses registry.
2026-09-02T16:37:55.597+0700 [DEBUG] [org.gradle.cache.internal.DefaultFileLockManager] Waiting to acquire shared lock on daemon addresses registry.
2026-09-02T16:37:55.642+0700 [DEBUG] [org.gradle.cache.internal.DefaultFileLockManager] Lock acquired on daemon addresses registry.
2026-09-02T16:37:55.695+0700 [DEBUG] [org.gradle.cache.internal.DefaultFileLockManager] Releasing lock on daemon addresses registry.
2026-09-02T16:37:59.851+0700 [DEBUG] [org.gradle.process.internal.health.memory.DefaultMemoryManager] 638754816 physical memory requested, 359985152 free
2026-09-02T16:37:59.851+0700 [DEBUG] [org.gradle.workers.internal.WorkerDaemonExpiration] Will attempt to release 609 of memory
2026-09-02T16:37:59.852+0700 [DEBUG] [org.gradle.process.internal.health.memory.DefaultMemoryManager] 638754816 physical memory requested, 0 released, 359985152 free
2026-09-02T16:38:04.850+0700 [DEBUG] [org.gradle.process.internal.health.memory.DefaultMemoryManager] 638754816 physical memory requested, 232996864 free
2026-09-02T16:38:04.851+0700 [DEBUG] [org.gradle.workers.internal.WorkerDaemonExpiration] Will attempt to release 609 of memory
2026-09-02T16:38:04.851+0700 [DEBUG] [org.gradle.process.internal.health.memory.DefaultMemoryManager] 638754816 physical memory requested, 0 released, 232996864 free
2026-09-02T16:38:05.245+0700 [DEBUG] [org.gradle.cache.internal.DefaultFileLockManager] Waiting to acquire shared lock on daemon addresses registry.
2026-09-02T16:38:05.246+0700 [DEBUG] [org.gradle.cache.internal.DefaultFileLockManager] Lock acquired on daemon addresses registry.
2026-09-02T16:38:05.282+0700 [DEBUG] [org.gradle.cache.internal.DefaultFileLockManager] Releasing lock on daemon addresses registry.
2026-09-02T16:38:05.294+0700 [DEBUG] [org.gradle.cache.internal.DefaultFileLockManager] Waiting to acquire shared lock on daemon addresses registry.
2026-09-02T16:38:05.295+0700 [DEBUG] [org.gradle.cache.internal.DefaultFileLockManager] Lock acquired on daemon addresses registry.
2026-09-02T16:38:05.296+0700 [DEBUG] [org.gradle.cache.internal.DefaultFileLockManager] Releasing lock on daemon addresses registry.
2026-09-02T16:38:05.302+0700 [DEBUG] [org.gradle.cache.internal.DefaultFileLockManager] Waiting to acquire shared lock on daemon addresses registry.
2026-09-02T16:38:05.303+0700 [DEBUG] [org.gradle.cache.internal.DefaultFileLockManager] Lock acquired on daemon addresses registry.
2026-09-02T16:38:05.305+0700 [DEBUG] [org.gradle.cache.internal.DefaultFileLockManager] Releasing lock on daemon addresses registry.
2026-09-02T16:38:09.861+0700 [DEBUG] [org.gradle.process.internal.health.memory.DefaultMemoryManager] 638754816 physical memory requested, 305934336 free
2026-09-02T16:38:09.862+0700 [DEBUG] [org.gradle.workers.internal.WorkerDaemonExpiration] Will attempt to release 609 of memory
2026-09-02T16:38:09.863+0700 [DEBUG] [org.gradle.process.internal.health.memory.DefaultMemoryManager] 638754816 physical memory requested, 0 released, 305934336 free
2026-09-02T16:38:14.891+0700 [DEBUG] [org.gradle.process.internal.health.memory.DefaultMemoryManager] 638754816 physical memory requested, 289763328 free
2026-09-02T16:38:14.937+0700 [DEBUG] [org.gradle.workers.internal.WorkerDaemonExpiration] Will attempt to release 609 of memory
2026-09-02T16:38:14.946+0700 [DEBUG] [org.gradle.process.internal.health.memory.DefaultMemoryManager] 638754816 physical memory requested, 0 released, 289763328 free
2026-09-02T16:38:15.450+0700 [DEBUG] [org.gradle.cache.internal.DefaultFileLockManager] Waiting to acquire shared lock on daemon addresses registry.
2026-09-02T16:38:15.507+0700 [DEBUG] [org.gradle.cache.internal.DefaultFileLockManager] Lock acquired on daemon addresses registry.
2026-09-02T16:38:15.566+0700 [DEBUG] [org.gradle.cache.internal.DefaultFileLockManager] Releasing lock on daemon addresses registry.
2026-09-02T16:38:15.580+0700 [DEBUG] [org.gradle.cache.internal.DefaultFileLockManager] Waiting to acquire shared lock on daemon addresses registry.
2026-09-02T16:38:15.582+0700 [DEBUG] [org.gradle.cache.internal.DefaultFileLockManager] Lock acquired on daemon addresses registry.
2026-09-02T16:38:15.584+0700 [DEBUG] [org.gradle.cache.internal.DefaultFileLockManager] Releasing lock on daemon addresses registry.
2026-09-02T16:38:15.758+0700 [DEBUG] [org.gradle.cache.internal.DefaultFileLockManager] Waiting to acquire shared lock on daemon addresses registry.
2026-09-02T16:38:15.762+0700 [DEBUG] [org.gradle.cache.internal.DefaultFileLockManager] Lock acquired on daemon addresses registry.
2026-09-02T16:38:15.767+0700 [DEBUG] [org.gradle.cache.internal.DefaultFileLockManager] Releasing lock on daemon addresses registry.
2026-09-02T16:38:19.655+0700 [DEBUG] [sun.rmi.transport.tcp] RMI TCP Connection(4)-127.0.0.1: accepted socket from [127.0.0.1:61553]
2026-09-02T16:38:19.734+0700 [DEBUG] [sun.rmi.transport.tcp] RMI TCP Connection(4)-127.0.0.1: (port 61442) op = 80
2026-09-02T16:38:19.839+0700 [DEBUG] [sun.rmi.loader] RMI TCP Connection(4)-127.0.0.1: name = "[Ljava.rmi.server.ObjID;", codebase = "", defaultLoader = jdk.internal.loader.ClassLoaders$PlatformClassLoader@69ea2fa6
2026-09-02T16:38:19.851+0700 [DEBUG] [org.gradle.process.internal.health.memory.DefaultMemoryManager] 638754816 physical memory requested, 387850240 free
2026-09-02T16:38:19.852+0700 [DEBUG] [org.gradle.workers.internal.WorkerDaemonExpiration] Will attempt to release 609 of memory
2026-09-02T16:38:19.852+0700 [DEBUG] [org.gradle.process.internal.health.memory.DefaultMemoryManager] 638754816 physical memory requested, 0 released, 387850240 free
2026-09-02T16:38:19.858+0700 [DEBUG] [sun.rmi.loader] RMI TCP Connection(4)-127.0.0.1: name = "java.rmi.dgc.Lease", codebase = "", defaultLoader = jdk.internal.loader.ClassLoaders$PlatformClassLoader@69ea2fa6
2026-09-02T16:38:19.869+0700 [DEBUG] [sun.rmi.loader] RMI TCP Connection(4)-127.0.0.1: name = "java.rmi.dgc.VMID", codebase = "", defaultLoader = jdk.internal.loader.ClassLoaders$PlatformClassLoader@69ea2fa6
2026-09-02T16:38:19.873+0700 [DEBUG] [sun.rmi.loader] RMI TCP Connection(4)-127.0.0.1: name = "[B", codebase = "", defaultLoader = jdk.internal.loader.ClassLoaders$PlatformClassLoader@69ea2fa6
2026-09-02T16:38:19.880+0700 [DEBUG] [sun.rmi.loader] RMI TCP Connection(4)-127.0.0.1: name = "java.rmi.server.UID", codebase = "", defaultLoader = jdk.internal.loader.ClassLoaders$PlatformClassLoader@69ea2fa6
2026-09-02T16:38:20.353+0700 [DEBUG] [org.gradle.internal.watch.vfs.impl.WatchingVirtualFileSystem] Handling VFS change CREATED D:\AbsensiSeleksi\app\src\main\res\layout\activity_attendance.xml~
2026-09-02T16:38:20.368+0700 [DEBUG] [org.gradle.internal.watch.vfs.impl.WatchingVirtualFileSystem] Handling VFS change MODIFIED D:\AbsensiSeleksi\app\src\main\res\layout\activity_attendance.xml
2026-09-02T16:38:24.851+0700 [DEBUG] [org.gradle.process.internal.health.memory.DefaultMemoryManager] 638754816 physical memory requested, 393797632 free
2026-09-02T16:38:24.853+0700 [DEBUG] [org.gradle.workers.internal.WorkerDaemonExpiration] Will attempt to release 609 of memory
2026-09-02T16:38:24.854+0700 [DEBUG] [org.gradle.process.internal.health.memory.DefaultMemoryManager] 638754816 physical memory requested, 0 released, 393797632 free
2026-09-02T16:38:25.274+0700 [DEBUG] [org.gradle.cache.internal.DefaultFileLockManager] Waiting to acquire shared lock on daemon addresses registry.
2026-09-02T16:38:25.276+0700 [DEBUG] [org.gradle.cache.internal.DefaultFileLockManager] Lock acquired on daemon addresses registry.
2026-09-02T16:38:25.294+0700 [DEBUG] [org.gradle.cache.internal.DefaultFileLockManager] Releasing lock on daemon addresses registry.
2026-09-02T16:38:25.301+0700 [DEBUG] [org.gradle.cache.internal.DefaultFileLockManager] Waiting to acquire shared lock on daemon addresses registry.
2026-09-02T16:38:25.302+0700 [DEBUG] [org.gradle.cache.internal.DefaultFileLockManager] Lock acquired on daemon addresses registry.
2026-09-02T16:38:25.303+0700 [DEBUG] [org.gradle.cache.internal.DefaultFileLockManager] Releasing lock on daemon addresses registry.
2026-09-02T16:38:25.306+0700 [DEBUG] [org.gradle.cache.internal.DefaultFileLockManager] Waiting to acquire shared lock on daemon addresses registry.
2026-09-02T16:38:25.306+0700 [DEBUG] [org.gradle.cache.internal.DefaultFileLockManager] Lock acquired on daemon addresses registry.
2026-09-02T16:38:25.306+0700 [DEBUG] [org.gradle.cache.internal.DefaultFileLockManager] Releasing lock on daemon addresses registry.
2026-09-02T16:38:29.850+0700 [DEBUG] [org.gradle.process.internal.health.memory.DefaultMemoryManager] 638754816 physical memory requested, 365764608 free
2026-09-02T16:38:29.851+0700 [DEBUG] [org.gradle.workers.internal.WorkerDaemonExpiration] Will attempt to release 609 of memory
2026-09-02T16:38:29.851+0700 [DEBUG] [org.gradle.process.internal.health.memory.DefaultMemoryManager] 638754816 physical memory requested, 0 released, 365764608 free
2026-09-02T16:38:34.851+0700 [DEBUG] [org.gradle.process.internal.health.memory.DefaultMemoryManager] 638754816 physical memory requested, 382894080 free
2026-09-02T16:38:34.852+0700 [DEBUG] [org.gradle.workers.internal.WorkerDaemonExpiration] Will attempt to release 609 of memory
2026-09-02T16:38:34.852+0700 [DEBUG] [org.gradle.process.internal.health.memory.DefaultMemoryManager] 638754816 physical memory requested, 0 released, 382894080 free
2026-09-02T16:38:35.110+0700 [DEBUG] [sun.rmi.transport.tcp] RMI TCP Connection(4)-127.0.0.1: (port 61442) connection closed
2026-09-02T16:38:35.112+0700 [DEBUG] [sun.rmi.transport.tcp] RMI TCP Connection(4)-127.0.0.1: close connection, socket: Socket[addr=/127.0.0.1,port=61553,localport=61442]
2026-09-02T16:38:35.116+0700 [DEBUG] [sun.rmi.transport.tcp] RMI TCP Connection(4)-127.0.0.1: socket close: Socket[addr=/127.0.0.1,port=61553,localport=61442]
2026-09-02T16:38:35.245+0700 [DEBUG] [org.gradle.cache.internal.DefaultFileLockManager] Waiting to acquire shared lock on daemon addresses registry.
2026-09-02T16:38:35.245+0700 [DEBUG] [org.gradle.cache.internal.DefaultFileLockManager] Lock acquired on daemon addresses registry.
2026-09-02T16:38:35.246+0700 [DEBUG] [org.gradle.cache.internal.DefaultFileLockManager] Releasing lock on daemon addresses registry.
2026-09-02T16:38:35.249+0700 [DEBUG] [org.gradle.cache.internal.DefaultFileLockManager] Waiting to acquire shared lock on daemon addresses registry.
2026-09-02T16:38:35.250+0700 [DEBUG] [org.gradle.cache.internal.DefaultFileLockManager] Lock acquired on daemon addresses registry.
2026-09-02T16:38:35.251+0700 [DEBUG] [org.gradle.cache.internal.DefaultFileLockManager] Releasing lock on daemon addresses registry.
2026-09-02T16:38:35.253+0700 [DEBUG] [org.gradle.cache.internal.DefaultFileLockManager] Waiting to acquire shared lock on daemon addresses registry.
2026-09-02T16:38:35.254+0700 [DEBUG] [org.gradle.cache.internal.DefaultFileLockManager] Lock acquired on daemon addresses registry.
2026-09-02T16:38:35.254+0700 [DEBUG] [org.gradle.cache.internal.DefaultFileLockManager] Releasing lock on daemon addresses registry.
2026-09-02T16:38:39.851+0700 [DEBUG] [org.gradle.process.internal.health.memory.DefaultMemoryManager] 638754816 physical memory requested, 353402880 free
2026-09-02T16:38:39.851+0700 [DEBUG] [org.gradle.workers.internal.WorkerDaemonExpiration] Will attempt to release 609 of memory
2026-09-02T16:38:39.852+0700 [DEBUG] [org.gradle.process.internal.health.memory.DefaultMemoryManager] 638754816 physical memory requested, 0 released, 353402880 free
2026-09-02T16:38:44.850+0700 [DEBUG] [org.gradle.process.internal.health.memory.DefaultMemoryManager] 638754816 physical memory requested, 365768704 free
2026-09-02T16:38:44.854+0700 [DEBUG] [org.gradle.workers.internal.WorkerDaemonExpiration] Will attempt to release 609 of memory
2026-09-02T16:38:44.855+0700 [DEBUG] [org.gradle.process.internal.health.memory.DefaultMemoryManager] 638754816 physical memory requested, 0 released, 365768704 free
2026-09-02T16:38:45.249+0700 [DEBUG] [org.gradle.cache.internal.DefaultFileLockManager] Waiting to acquire shared lock on daemon addresses registry.
2026-09-02T16:38:45.249+0700 [DEBUG] [org.gradle.cache.internal.DefaultFileLockManager] Lock acquired on daemon addresses registry.
2026-09-02T16:38:45.249+0700 [DEBUG] [org.gradle.cache.internal.DefaultFileLockManager] Releasing lock on daemon addresses registry.
2026-09-02T16:38:45.256+0700 [DEBUG] [org.gradle.cache.internal.DefaultFileLockManager] Waiting to acquire shared lock on daemon addresses registry.
2026-09-02T16:38:45.256+0700 [DEBUG] [org.gradle.cache.internal.DefaultFileLockManager] Lock acquired on daemon addresses registry.
2026-09-02T16:38:45.257+0700 [DEBUG] [org.gradle.cache.internal.DefaultFileLockManager] Releasing lock on daemon addresses registry.
2026-09-02T16:38:45.259+0700 [DEBUG] [org.gradle.cache.internal.DefaultFileLockManager] Waiting to acquire shared lock on daemon addresses registry.
2026-09-02T16:38:45.260+0700 [DEBUG] [org.gradle.cache.internal.DefaultFileLockManager] Lock acquired on daemon addresses registry.
2026-09-02T16:38:45.261+0700 [DEBUG] [org.gradle.cache.internal.DefaultFileLockManager] Releasing lock on daemon addresses registry.
2026-09-02T16:38:49.851+0700 [DEBUG] [org.gradle.process.internal.health.memory.DefaultMemoryManager] 638754816 physical memory requested, 393834496 free
2026-09-02T16:38:49.852+0700 [DEBUG] [org.gradle.workers.internal.WorkerDaemonExpiration] Will attempt to release 609 of memory
2026-09-02T16:38:49.853+0700 [DEBUG] [org.gradle.process.internal.health.memory.DefaultMemoryManager] 638754816 physical memory requested, 0 released, 393834496 free
2026-09-02T16:38:54.863+0700 [DEBUG] [org.gradle.process.internal.health.memory.DefaultMemoryManager] 638754816 physical memory requested, 430809088 free
2026-09-02T16:38:54.863+0700 [DEBUG] [org.gradle.workers.internal.WorkerDaemonExpiration] Will attempt to release 609 of memory
2026-09-02T16:38:54.863+0700 [DEBUG] [org.gradle.process.internal.health.memory.DefaultMemoryManager] 638754816 physical memory requested, 0 released, 430809088 free
2026-09-02T16:38:55.303+0700 [DEBUG] [org.gradle.cache.internal.DefaultFileLockManager] Waiting to acquire shared lock on daemon addresses registry.
2026-09-02T16:38:55.303+0700 [DEBUG] [org.gradle.cache.internal.DefaultFileLockManager] Lock acquired on daemon addresses registry.
2026-09-02T16:38:55.304+0700 [DEBUG] [org.gradle.cache.internal.DefaultFileLockManager] Releasing lock on daemon addresses registry.
2026-09-02T16:38:55.309+0700 [DEBUG] [org.gradle.cache.internal.DefaultFileLockManager] Waiting to acquire shared lock on daemon addresses registry.
2026-09-02T16:38:55.309+0700 [DEBUG] [org.gradle.cache.internal.DefaultFileLockManager] Lock acquired on daemon addresses registry.
2026-09-02T16:38:55.310+0700 [DEBUG] [org.gradle.cache.internal.DefaultFileLockManager] Releasing lock on daemon addresses registry.
2026-09-02T16:38:55.312+0700 [DEBUG] [org.gradle.cache.internal.DefaultFileLockManager] Waiting to acquire shared lock on daemon addresses registry.
2026-09-02T16:38:55.313+0700 [DEBUG] [org.gradle.cache.internal.DefaultFileLockManager] Lock acquired on daemon addresses registry.
2026-09-02T16:38:55.313+0700 [DEBUG] [org.gradle.cache.internal.DefaultFileLockManager] Releasing lock on daemon addresses registry.
2026-09-02T16:38:59.851+0700 [DEBUG] [org.gradle.process.internal.health.memory.DefaultMemoryManager] 638754816 physical memory requested, 412069888 free
2026-09-02T16:38:59.852+0700 [DEBUG] [org.gradle.workers.internal.WorkerDaemonExpiration] Will attempt to release 609 of memory
2026-09-02T16:38:59.852+0700 [DEBUG] [org.gradle.process.internal.health.memory.DefaultMemoryManager] 638754816 physical memory requested, 0 released, 412069888 free
2026-09-02T16:39:04.852+0700 [DEBUG] [org.gradle.process.internal.health.memory.DefaultMemoryManager] 638754816 physical memory requested, 392830976 free
2026-09-02T16:39:04.852+0700 [DEBUG] [org.gradle.workers.internal.WorkerDaemonExpiration] Will attempt to release 609 of memory
2026-09-02T16:39:04.852+0700 [DEBUG] [org.gradle.process.internal.health.memory.DefaultMemoryManager] 638754816 physical memory requested, 0 released, 392830976 free
2026-09-02T16:39:05.245+0700 [DEBUG] [org.gradle.cache.internal.DefaultFileLockManager] Waiting to acquire shared lock on daemon addresses registry.
2026-09-02T16:39:05.245+0700 [DEBUG] [org.gradle.cache.internal.DefaultFileLockManager] Lock acquired on daemon addresses registry.
2026-09-02T16:39:05.246+0700 [DEBUG] [org.gradle.cache.internal.DefaultFileLockManager] Releasing lock on daemon addresses registry.
2026-09-02T16:39:05.250+0700 [DEBUG] [org.gradle.cache.internal.DefaultFileLockManager] Waiting to acquire shared lock on daemon addresses registry.
2026-09-02T16:39:05.250+0700 [DEBUG] [org.gradle.cache.internal.DefaultFileLockManager] Lock acquired on daemon addresses registry.
2026-09-02T16:39:05.251+0700 [DEBUG] [org.gradle.cache.internal.DefaultFileLockManager] Releasing lock on daemon addresses registry.
2026-09-02T16:39:05.255+0700 [DEBUG] [org.gradle.cache.internal.DefaultFileLockManager] Waiting to acquire shared lock on daemon addresses registry.
2026-09-02T16:39:05.255+0700 [DEBUG] [org.gradle.cache.internal.DefaultFileLockManager] Lock acquired on daemon addresses registry.
2026-09-02T16:39:05.256+0700 [DEBUG] [org.gradle.cache.internal.DefaultFileLockManager] Releasing lock on daemon addresses registry.
2026-09-02T16:39:09.851+0700 [DEBUG] [org.gradle.process.internal.health.memory.DefaultMemoryManager] 638754816 physical memory requested, 395841536 free
2026-09-02T16:39:09.851+0700 [DEBUG] [org.gradle.workers.internal.WorkerDaemonExpiration] Will attempt to release 609 of memory
2026-09-02T16:39:09.851+0700 [DEBUG] [org.gradle.process.internal.health.memory.DefaultMemoryManager] 638754816 physical memory requested, 0 released, 395841536 free
2026-09-02T16:39:14.851+0700 [DEBUG] [org.gradle.process.internal.health.memory.DefaultMemoryManager] 638754816 physical memory requested, 356728832 free
2026-09-02T16:39:14.851+0700 [DEBUG] [org.gradle.workers.internal.WorkerDaemonExpiration] Will attempt to release 609 of memory
2026-09-02T16:39:14.852+0700 [DEBUG] [org.gradle.process.internal.health.memory.DefaultMemoryManager] 638754816 physical memory requested, 0 released, 356728832 free
2026-09-02T16:39:15.247+0700 [DEBUG] [org.gradle.cache.internal.DefaultFileLockManager] Waiting to acquire shared lock on daemon addresses registry.
2026-09-02T16:39:15.248+0700 [DEBUG] [org.gradle.cache.internal.DefaultFileLockManager] Lock acquired on daemon addresses registry.
2026-09-02T16:39:15.249+0700 [DEBUG] [org.gradle.cache.internal.DefaultFileLockManager] Releasing lock on daemon addresses registry.
2026-09-02T16:39:15.256+0700 [DEBUG] [org.gradle.cache.internal.DefaultFileLockManager] Waiting to acquire shared lock on daemon addresses registry.
2026-09-02T16:39:15.256+0700 [DEBUG] [org.gradle.cache.internal.DefaultFileLockManager] Lock acquired on daemon addresses registry.
2026-09-02T16:39:15.262+0700 [DEBUG] [org.gradle.cache.internal.DefaultFileLockManager] Releasing lock on daemon addresses registry.
2026-09-02T16:39:15.266+0700 [DEBUG] [org.gradle.cache.internal.DefaultFileLockManager] Waiting to acquire shared lock on daemon addresses registry.
2026-09-02T16:39:15.267+0700 [DEBUG] [org.gradle.cache.internal.DefaultFileLockManager] Lock acquired on daemon addresses registry.
2026-09-02T16:39:15.268+0700 [DEBUG] [org.gradle.cache.internal.DefaultFileLockManager] Releasing lock on daemon addresses registry.
2026-09-02T16:39:19.851+0700 [DEBUG] [org.gradle.process.internal.health.memory.DefaultMemoryManager] 638754816 physical memory requested, 430706688 free
2026-09-02T16:39:19.852+0700 [DEBUG] [org.gradle.workers.internal.WorkerDaemonExpiration] Will attempt to release 609 of memory
2026-09-02T16:39:19.853+0700 [DEBUG] [org.gradle.process.internal.health.memory.DefaultMemoryManager] 638754816 physical memory requested, 0 released, 430706688 free
2026-09-02T16:39:24.852+0700 [DEBUG] [org.gradle.process.internal.health.memory.DefaultMemoryManager] 638754816 physical memory requested, 415162368 free
2026-09-02T16:39:24.852+0700 [DEBUG] [org.gradle.workers.internal.WorkerDaemonExpiration] Will attempt to release 609 of memory
2026-09-02T16:39:24.852+0700 [DEBUG] [org.gradle.process.internal.health.memory.DefaultMemoryManager] 638754816 physical memory requested, 0 released, 415162368 free
2026-09-02T16:39:25.261+0700 [DEBUG] [org.gradle.cache.internal.DefaultFileLockManager] Waiting to acquire shared lock on daemon addresses registry.
2026-09-02T16:39:25.262+0700 [DEBUG] [org.gradle.cache.internal.DefaultFileLockManager] Lock acquired on daemon addresses registry.
2026-09-02T16:39:25.302+0700 [DEBUG] [org.gradle.cache.internal.DefaultFileLockManager] Releasing lock on daemon addresses registry.
2026-09-02T16:39:25.318+0700 [DEBUG] [org.gradle.cache.internal.DefaultFileLockManager] Waiting to acquire shared lock on daemon addresses registry.
2026-09-02T16:39:25.322+0700 [DEBUG] [org.gradle.cache.internal.DefaultFileLockManager] Lock acquired on daemon addresses registry.
2026-09-02T16:39:25.328+0700 [DEBUG] [org.gradle.cache.internal.DefaultFileLockManager] Releasing lock on daemon addresses registry.
2026-09-02T16:39:25.350+0700 [DEBUG] [org.gradle.cache.internal.DefaultFileLockManager] Waiting to acquire shared lock on daemon addresses registry.
2026-09-02T16:39:25.356+0700 [DEBUG] [org.gradle.cache.internal.DefaultFileLockManager] Lock acquired on daemon addresses registry.
2026-09-02T16:39:25.357+0700 [DEBUG] [org.gradle.cache.internal.DefaultFileLockManager] Releasing lock on daemon addresses registry.
2026-09-02T16:39:29.852+0700 [DEBUG] [org.gradle.process.internal.health.memory.DefaultMemoryManager] 638754816 physical memory requested, 358076416 free
2026-09-02T16:39:29.852+0700 [DEBUG] [org.gradle.workers.internal.WorkerDaemonExpiration] Will attempt to release 609 of memory
2026-09-02T16:39:29.853+0700 [DEBUG] [org.gradle.process.internal.health.memory.DefaultMemoryManager] 638754816 physical memory requested, 0 released, 358076416 free
2026-09-02T16:39:34.851+0700 [DEBUG] [org.gradle.process.internal.health.memory.DefaultMemoryManager] 638754816 physical memory requested, 448671744 free
2026-09-02T16:39:34.852+0700 [DEBUG] [org.gradle.workers.internal.WorkerDaemonExpiration] Will attempt to release 609 of memory
2026-09-02T16:39:34.852+0700 [DEBUG] [org.gradle.process.internal.health.memory.DefaultMemoryManager] 638754816 physical memory requested, 0 released, 448671744 free
2026-09-02T16:39:35.244+0700 [DEBUG] [org.gradle.cache.internal.DefaultFileLockManager] Waiting to acquire shared lock on daemon addresses registry.
2026-09-02T16:39:35.245+0700 [DEBUG] [org.gradle.cache.internal.DefaultFileLockManager] Lock acquired on daemon addresses registry.
2026-09-02T16:39:35.246+0700 [DEBUG] [org.gradle.cache.internal.DefaultFileLockManager] Releasing lock on daemon addresses registry.
2026-09-02T16:39:35.250+0700 [DEBUG] [org.gradle.cache.internal.DefaultFileLockManager] Waiting to acquire shared lock on daemon addresses registry.
2026-09-02T16:39:35.251+0700 [DEBUG] [org.gradle.cache.internal.DefaultFileLockManager] Lock acquired on daemon addresses registry.
2026-09-02T16:39:35.252+0700 [DEBUG] [org.gradle.cache.internal.DefaultFileLockManager] Releasing lock on daemon addresses registry.
2026-09-02T16:39:35.255+0700 [DEBUG] [org.gradle.cache.internal.DefaultFileLockManager] Waiting to acquire shared lock on daemon addresses registry.
2026-09-02T16:39:35.255+0700 [DEBUG] [org.gradle.cache.internal.DefaultFileLockManager] Lock acquired on daemon addresses registry.
2026-09-02T16:39:35.256+0700 [DEBUG] [org.gradle.cache.internal.DefaultFileLockManager] Releasing lock on daemon addresses registry.
2026-09-02T16:39:39.850+0700 [DEBUG] [org.gradle.process.internal.health.memory.DefaultMemoryManager] 638754816 physical memory requested, 559587328 free
2026-09-02T16:39:39.851+0700 [DEBUG] [org.gradle.workers.internal.WorkerDaemonExpiration] Will attempt to release 609 of memory
2026-09-02T16:39:39.851+0700 [DEBUG] [org.gradle.process.internal.health.memory.DefaultMemoryManager] 638754816 physical memory requested, 0 released, 559587328 free
2026-09-02T16:39:44.867+0700 [DEBUG] [org.gradle.process.internal.health.memory.DefaultMemoryManager] 638754816 physical memory requested, 506253312 free
2026-09-02T16:39:44.867+0700 [DEBUG] [org.gradle.workers.internal.WorkerDaemonExpiration] Will attempt to release 609 of memory
2026-09-02T16:39:44.868+0700 [DEBUG] [org.gradle.process.internal.health.memory.DefaultMemoryManager] 638754816 physical memory requested, 0 released, 506253312 free
2026-09-02T16:39:45.251+0700 [DEBUG] [org.gradle.cache.internal.DefaultFileLockManager] Waiting to acquire shared lock on daemon addresses registry.
2026-09-02T16:39:45.252+0700 [DEBUG] [org.gradle.cache.internal.DefaultFileLockManager] Lock acquired on daemon addresses registry.
2026-09-02T16:39:45.256+0700 [DEBUG] [org.gradle.cache.internal.DefaultFileLockManager] Releasing lock on daemon addresses registry.
2026-09-02T16:39:45.278+0700 [DEBUG] [org.gradle.cache.internal.DefaultFileLockManager] Waiting to acquire shared lock on daemon addresses registry.
2026-09-02T16:39:45.281+0700 [DEBUG] [org.gradle.cache.internal.DefaultFileLockManager] Lock acquired on daemon addresses registry.
2026-09-02T16:39:45.284+0700 [DEBUG] [org.gradle.cache.internal.DefaultFileLockManager] Releasing lock on daemon addresses registry.
2026-09-02T16:39:45.295+0700 [DEBUG] [org.gradle.cache.internal.DefaultFileLockManager] Waiting to acquire shared lock on daemon addresses registry.
2026-09-02T16:39:45.297+0700 [DEBUG] [org.gradle.cache.internal.DefaultFileLockManager] Lock acquired on daemon addresses registry.
2026-09-02T16:39:45.308+0700 [DEBUG] [org.gradle.cache.internal.DefaultFileLockManager] Releasing lock on daemon addresses registry.
2026-09-02T16:39:49.908+0700 [DEBUG] [org.gradle.process.internal.health.memory.DefaultMemoryManager] 638754816 physical memory requested, 460795904 free
2026-09-02T16:39:49.911+0700 [DEBUG] [org.gradle.workers.internal.WorkerDaemonExpiration] Will attempt to release 609 of memory
2026-09-02T16:39:49.936+0700 [DEBUG] [org.gradle.process.internal.health.memory.DefaultMemoryManager] 638754816 physical memory requested, 0 released, 460795904 free
2026-09-02T16:39:54.851+0700 [DEBUG] [org.gradle.process.internal.health.memory.DefaultMemoryManager] 638754816 physical memory requested, 525004800 free
2026-09-02T16:39:54.851+0700 [DEBUG] [org.gradle.workers.internal.WorkerDaemonExpiration] Will attempt to release 609 of memory
2026-09-02T16:39:54.851+0700 [DEBUG] [org.gradle.process.internal.health.memory.DefaultMemoryManager] 638754816 physical memory requested, 0 released, 525004800 free
2026-09-02T16:39:55.254+0700 [DEBUG] [org.gradle.cache.internal.DefaultFileLockManager] Waiting to acquire shared lock on daemon addresses registry.
2026-09-02T16:39:55.254+0700 [DEBUG] [org.gradle.cache.internal.DefaultFileLockManager] Lock acquired on daemon addresses registry.
2026-09-02T16:39:55.260+0700 [DEBUG] [org.gradle.cache.internal.DefaultFileLockManager] Releasing lock on daemon addresses registry.
2026-09-02T16:39:55.297+0700 [DEBUG] [org.gradle.cache.internal.DefaultFileLockManager] Waiting to acquire shared lock on daemon addresses registry.
2026-09-02T16:39:55.297+0700 [DEBUG] [org.gradle.cache.internal.DefaultFileLockManager] Lock acquired on daemon addresses registry.
2026-09-02T16:39:55.298+0700 [DEBUG] [org.gradle.cache.internal.DefaultFileLockManager] Releasing lock on daemon addresses registry.
2026-09-02T16:39:55.315+0700 [DEBUG] [org.gradle.cache.internal.DefaultFileLockManager] Waiting to acquire shared lock on daemon addresses registry.
2026-09-02T16:39:55.316+0700 [DEBUG] [org.gradle.cache.internal.DefaultFileLockManager] Lock acquired on daemon addresses registry.
2026-09-02T16:39:55.317+0700 [DEBUG] [org.gradle.cache.internal.DefaultFileLockManager] Releasing lock on daemon addresses registry.
2026-09-02T16:39:59.850+0700 [DEBUG] [org.gradle.process.internal.health.memory.DefaultMemoryManager] 638754816 physical memory requested, 399015936 free
2026-09-02T16:39:59.851+0700 [DEBUG] [org.gradle.workers.internal.WorkerDaemonExpiration] Will attempt to release 609 of memory
2026-09-02T16:39:59.851+0700 [DEBUG] [org.gradle.process.internal.health.memory.DefaultMemoryManager] 638754816 physical memory requested, 0 released, 399015936 free
2026-09-02T16:40:04.854+0700 [DEBUG] [org.gradle.process.internal.health.memory.DefaultMemoryManager] 638754816 physical memory requested, 476815360 free
2026-09-02T16:40:04.858+0700 [DEBUG] [org.gradle.workers.internal.WorkerDaemonExpiration] Will attempt to release 609 of memory
2026-09-02T16:40:04.859+0700 [DEBUG] [org.gradle.process.internal.health.memory.DefaultMemoryManager] 638754816 physical memory requested, 0 released, 476815360 free
2026-09-02T16:40:05.251+0700 [DEBUG] [org.gradle.cache.internal.DefaultFileLockManager] Waiting to acquire shared lock on daemon addresses registry.
2026-09-02T16:40:05.252+0700 [DEBUG] [org.gradle.cache.internal.DefaultFileLockManager] Lock acquired on daemon addresses registry.
2026-09-02T16:40:05.255+0700 [DEBUG] [org.gradle.cache.internal.DefaultFileLockManager] Releasing lock on daemon addresses registry.
2026-09-02T16:40:05.278+0700 [DEBUG] [org.gradle.cache.internal.DefaultFileLockManager] Waiting to acquire shared lock on daemon addresses registry.
2026-09-02T16:40:05.280+0700 [DEBUG] [org.gradle.cache.internal.DefaultFileLockManager] Lock acquired on daemon addresses registry.
2026-09-02T16:40:05.283+0700 [DEBUG] [org.gradle.cache.internal.DefaultFileLockManager] Releasing lock on daemon addresses registry.
2026-09-02T16:40:05.291+0700 [DEBUG] [org.gradle.cache.internal.DefaultFileLockManager] Waiting to acquire shared lock on daemon addresses registry.
2026-09-02T16:40:05.293+0700 [DEBUG] [org.gradle.cache.internal.DefaultFileLockManager] Lock acquired on daemon addresses registry.
2026-09-02T16:40:05.297+0700 [DEBUG] [org.gradle.cache.internal.DefaultFileLockManager] Releasing lock on daemon addresses registry.
2026-09-02T16:40:09.851+0700 [DEBUG] [org.gradle.process.internal.health.memory.DefaultMemoryManager] 638754816 physical memory requested, 568504320 free
2026-09-02T16:40:09.851+0700 [DEBUG] [org.gradle.workers.internal.WorkerDaemonExpiration] Will attempt to release 609 of memory
2026-09-02T16:40:09.861+0700 [DEBUG] [org.gradle.process.internal.health.memory.DefaultMemoryManager] 638754816 physical memory requested, 0 released, 568504320 free
2026-09-02T16:40:14.861+0700 [DEBUG] [org.gradle.process.internal.health.memory.DefaultMemoryManager] 638754816 physical memory requested, 434413568 free
2026-09-02T16:40:14.861+0700 [DEBUG] [org.gradle.workers.internal.WorkerDaemonExpiration] Will attempt to release 609 of memory
2026-09-02T16:40:14.865+0700 [DEBUG] [org.gradle.process.internal.health.memory.DefaultMemoryManager] 638754816 physical memory requested, 0 released, 434413568 free
2026-09-02T16:40:15.255+0700 [DEBUG] [org.gradle.cache.internal.DefaultFileLockManager] Waiting to acquire shared lock on daemon addresses registry.
2026-09-02T16:40:15.256+0700 [DEBUG] [org.gradle.cache.internal.DefaultFileLockManager] Lock acquired on daemon addresses registry.
2026-09-02T16:40:15.286+0700 [DEBUG] [org.gradle.cache.internal.DefaultFileLockManager] Releasing lock on daemon addresses registry.
2026-09-02T16:40:15.301+0700 [DEBUG] [org.gradle.cache.internal.DefaultFileLockManager] Waiting to acquire shared lock on daemon addresses registry.
2026-09-02T16:40:15.303+0700 [DEBUG] [org.gradle.cache.internal.DefaultFileLockManager] Lock acquired on daemon addresses registry.
2026-09-02T16:40:15.330+0700 [DEBUG] [org.gradle.cache.internal.DefaultFileLockManager] Releasing lock on daemon addresses registry.
2026-09-02T16:40:15.345+0700 [DEBUG] [org.gradle.cache.internal.DefaultFileLockManager] Waiting to acquire shared lock on daemon addresses registry.
2026-09-02T16:40:15.345+0700 [DEBUG] [org.gradle.cache.internal.DefaultFileLockManager] Lock acquired on daemon addresses registry.
2026-09-02T16:40:15.365+0700 [DEBUG] [org.gradle.cache.internal.DefaultFileLockManager] Releasing lock on daemon addresses registry.
2026-09-02T16:40:19.856+0700 [DEBUG] [org.gradle.process.internal.health.memory.DefaultMemoryManager] 638754816 physical memory requested, 482258944 free
2026-09-02T16:40:19.856+0700 [DEBUG] [org.gradle.workers.internal.WorkerDaemonExpiration] Will attempt to release 609 of memory
2026-09-02T16:40:19.856+0700 [DEBUG] [org.gradle.process.internal.health.memory.DefaultMemoryManager] 638754816 physical memory requested, 0 released, 482258944 free
2026-09-02T16:40:24.857+0700 [DEBUG] [org.gradle.process.internal.health.memory.DefaultMemoryManager] 638754816 physical memory requested, 387649536 free
2026-09-02T16:40:24.858+0700 [DEBUG] [org.gradle.workers.internal.WorkerDaemonExpiration] Will attempt to release 609 of memory
2026-09-02T16:40:24.865+0700 [DEBUG] [org.gradle.process.internal.health.memory.DefaultMemoryManager] 638754816 physical memory requested, 0 released, 387649536 free
2026-09-02T16:40:25.254+0700 [DEBUG] [org.gradle.cache.internal.DefaultFileLockManager] Waiting to acquire shared lock on daemon addresses registry.
2026-09-02T16:40:25.255+0700 [DEBUG] [org.gradle.cache.internal.DefaultFileLockManager] Lock acquired on daemon addresses registry.
2026-09-02T16:40:25.265+0700 [DEBUG] [org.gradle.cache.internal.DefaultFileLockManager] Releasing lock on daemon addresses registry.
2026-09-02T16:40:25.269+0700 [DEBUG] [org.gradle.cache.internal.DefaultFileLockManager] Waiting to acquire shared lock on daemon addresses registry.
2026-09-02T16:40:25.273+0700 [DEBUG] [org.gradle.cache.internal.DefaultFileLockManager] Lock acquired on daemon addresses registry.
2026-09-02T16:40:25.274+0700 [DEBUG] [org.gradle.cache.internal.DefaultFileLockManager] Releasing lock on daemon addresses registry.
2026-09-02T16:40:25.282+0700 [DEBUG] [org.gradle.cache.internal.DefaultFileLockManager] Waiting to acquire shared lock on daemon addresses registry.
2026-09-02T16:40:25.283+0700 [DEBUG] [org.gradle.cache.internal.DefaultFileLockManager] Lock acquired on daemon addresses registry.
2026-09-02T16:40:25.288+0700 [DEBUG] [org.gradle.cache.internal.DefaultFileLockManager] Releasing lock on daemon addresses registry.
2026-09-02T16:40:29.856+0700 [DEBUG] [org.gradle.process.internal.health.memory.DefaultMemoryManager] 638754816 physical memory requested, 440844288 free
2026-09-02T16:40:29.856+0700 [DEBUG] [org.gradle.workers.internal.WorkerDaemonExpiration] Will attempt to release 609 of memory
2026-09-02T16:40:29.857+0700 [DEBUG] [org.gradle.process.internal.health.memory.DefaultMemoryManager] 638754816 physical memory requested, 0 released, 440844288 free
2026-09-02T16:40:34.856+0700 [DEBUG] [org.gradle.process.internal.health.memory.DefaultMemoryManager] 638754816 physical memory requested, 376410112 free
2026-09-02T16:40:34.857+0700 [DEBUG] [org.gradle.workers.internal.WorkerDaemonExpiration] Will attempt to release 609 of memory
2026-09-02T16:40:34.857+0700 [DEBUG] [org.gradle.process.internal.health.memory.DefaultMemoryManager] 638754816 physical memory requested, 0 released, 376410112 free
2026-09-02T16:40:35.255+0700 [DEBUG] [org.gradle.cache.internal.DefaultFileLockManager] Waiting to acquire shared lock on daemon addresses registry.
2026-09-02T16:40:35.255+0700 [DEBUG] [org.gradle.cache.internal.DefaultFileLockManager] Lock acquired on daemon addresses registry.
2026-09-02T16:40:35.256+0700 [DEBUG] [org.gradle.cache.internal.DefaultFileLockManager] Releasing lock on daemon addresses registry.
2026-09-02T16:40:35.258+0700 [DEBUG] [org.gradle.cache.internal.DefaultFileLockManager] Waiting to acquire shared lock on daemon addresses registry.
2026-09-02T16:40:35.261+0700 [DEBUG] [org.gradle.cache.internal.DefaultFileLockManager] Lock acquired on daemon addresses registry.
2026-09-02T16:40:35.262+0700 [DEBUG] [org.gradle.cache.internal.DefaultFileLockManager] Releasing lock on daemon addresses registry.
2026-09-02T16:40:35.263+0700 [DEBUG] [org.gradle.cache.internal.DefaultFileLockManager] Waiting to acquire shared lock on daemon addresses registry.
2026-09-02T16:40:35.263+0700 [DEBUG] [org.gradle.cache.internal.DefaultFileLockManager] Lock acquired on daemon addresses registry.
2026-09-02T16:40:35.264+0700 [DEBUG] [org.gradle.cache.internal.DefaultFileLockManager] Releasing lock on daemon addresses registry.
2026-09-02T16:40:39.855+0700 [DEBUG] [org.gradle.process.internal.health.memory.DefaultMemoryManager] 638754816 physical memory requested, 562864128 free
2026-09-02T16:40:39.855+0700 [DEBUG] [org.gradle.workers.internal.WorkerDaemonExpiration] Will attempt to release 609 of memory
2026-09-02T16:40:39.855+0700 [DEBUG] [org.gradle.process.internal.health.memory.DefaultMemoryManager] 638754816 physical memory requested, 0 released, 562864128 free
2026-09-02T16:40:45.258+0700 [DEBUG] [org.gradle.cache.internal.DefaultFileLockManager] Waiting to acquire shared lock on daemon addresses registry.
2026-09-02T16:40:45.258+0700 [DEBUG] [org.gradle.cache.internal.DefaultFileLockManager] Lock acquired on daemon addresses registry.
2026-09-02T16:40:45.259+0700 [DEBUG] [org.gradle.cache.internal.DefaultFileLockManager] Releasing lock on daemon addresses registry.
2026-09-02T16:40:45.261+0700 [DEBUG] [org.gradle.cache.internal.DefaultFileLockManager] Waiting to acquire shared lock on daemon addresses registry.
2026-09-02T16:40:45.261+0700 [DEBUG] [org.gradle.cache.internal.DefaultFileLockManager] Lock acquired on daemon addresses registry.
2026-09-02T16:40:45.261+0700 [DEBUG] [org.gradle.cache.internal.DefaultFileLockManager] Releasing lock on daemon addresses registry.
2026-09-02T16:40:45.262+0700 [DEBUG] [org.gradle.cache.internal.DefaultFileLockManager] Waiting to acquire shared lock on daemon addresses registry.
2026-09-02T16:40:45.263+0700 [DEBUG] [org.gradle.cache.internal.DefaultFileLockManager] Lock acquired on daemon addresses registry.
2026-09-02T16:40:45.263+0700 [DEBUG] [org.gradle.cache.internal.DefaultFileLockManager] Releasing lock on daemon addresses registry.
2026-09-02T16:40:53.446+0700 [DEBUG] [org.gradle.internal.remote.internal.inet.TcpIncomingConnector] Accepted connection from /127.0.0.1:49358 to /127.0.0.1:63655.
2026-09-02T16:40:53.657+0700 [DEBUG] [org.gradle.launcher.daemon.server.SynchronizedDispatchConnection] thread 200: received class org.gradle.launcher.daemon.protocol.Build
2026-09-02T16:40:53.661+0700 [DEBUG] [org.gradle.launcher.daemon.server.DefaultDaemonConnection] thread 200: Received non-IO message from client: Build{id=73d35e6a-a19b-4d40-abd3-8fbfffeaa374, currentDir=D:\AbsensiSeleksi}
2026-09-02T16:40:53.664+0700 [INFO] [org.gradle.launcher.daemon.server.DefaultIncomingConnectionHandler] Received command: Build{id=73d35e6a-a19b-4d40-abd3-8fbfffeaa374, currentDir=D:\AbsensiSeleksi}.
2026-09-02T16:40:53.664+0700 [DEBUG] [org.gradle.launcher.daemon.server.DefaultIncomingConnectionHandler] Starting executing command: Build{id=73d35e6a-a19b-4d40-abd3-8fbfffeaa374, currentDir=D:\AbsensiSeleksi} with connection: socket connection from /127.0.0.1:63655 to /127.0.0.1:49358.
2026-09-02T16:40:53.680+0700 [DEBUG] [org.gradle.launcher.daemon.server.DaemonStateCoordinator] Command execution: started DaemonCommandExecution[command = Build{id=73d35e6a-a19b-4d40-abd3-8fbfffeaa374, currentDir=D:\AbsensiSeleksi}, connection = DefaultDaemonConnection: socket connection from /127.0.0.1:63655 to /127.0.0.1:49358] after 11.328916666666666 minutes of idle
2026-09-02T16:40:53.682+0700 [INFO] [org.gradle.launcher.daemon.server.DaemonRegistryUpdater] Marking the daemon as busy, address: [405a77ec-d5eb-438f-8036-7e0762cafd4d port:63655, addresses:[localhost/127.0.0.1]]
2026-09-02T16:40:53.683+0700 [DEBUG] [org.gradle.launcher.daemon.registry.PersistentDaemonRegistry] Marking busy by address: [405a77ec-d5eb-438f-8036-7e0762cafd4d port:63655, addresses:[localhost/127.0.0.1]]
2026-09-02T16:40:53.687+0700 [DEBUG] [org.gradle.cache.internal.DefaultFileLockManager] Waiting to acquire exclusive lock on daemon addresses registry.
2026-09-02T16:40:53.693+0700 [DEBUG] [org.gradle.cache.internal.DefaultFileLockManager] Lock acquired on daemon addresses registry.
2026-09-02T16:40:53.742+0700 [DEBUG] [org.gradle.cache.internal.DefaultFileLockManager] Releasing lock on daemon addresses registry.
2026-09-02T16:40:53.745+0700 [DEBUG] [org.gradle.launcher.daemon.server.DaemonStateCoordinator] resetting idle timer
2026-09-02T16:40:53.747+0700 [DEBUG] [org.gradle.launcher.daemon.server.DaemonStateCoordinator] daemon is running. Sleeping until state changes.
2026-09-02T16:40:53.751+0700 [INFO] [org.gradle.launcher.daemon.server.exec.StartBuildOrRespondWithBusy] Daemon is about to start building Build{id=73d35e6a-a19b-4d40-abd3-8fbfffeaa374, currentDir=D:\AbsensiSeleksi}. Dispatching build started information...
2026-09-02T16:40:53.754+0700 [DEBUG] [org.gradle.launcher.daemon.server.SynchronizedDispatchConnection] thread 202: dispatching org.gradle.launcher.daemon.protocol.BuildStarted@db2b6dd
2026-09-02T16:40:53.778+0700 [DEBUG] [org.gradle.launcher.daemon.server.exec.EstablishBuildEnvironment] Configuring env variables: [USERDOMAIN_ROAMINGPROFILE, LOCALAPPDATA, ChocolateyLastPathUpdate, PROCESSOR_LEVEL, USERDOMAIN, LOGONSERVER, SESSIONNAME, ALLUSERSPROFILE, EFC_1164_1592913036, PROCESSOR_ARCHITECTURE, PSModulePath, SystemDrive, asl.log, OneDrive, APPDATA, USERNAME, ChocolateyInstall, ProgramFiles(x86), CommonProgramFiles, Path, PATHEXT, DriverData, OS, OneDriveConsumer, COMPUTERNAME, EFC_1164_4126798990, PROCESSOR_REVISION, CommonProgramW6432, ComSpec, ProgramData, ProgramW6432, TEMP, HOMEPATH, SystemRoot, PROCESSOR_IDENTIFIER, HOMEDRIVE, USERPROFILE, TMP, CommonProgramFiles(x86), ProgramFiles, PUBLIC, windir, NUMBER_OF_PROCESSORS, =::]
2026-09-02T16:40:53.860+0700 [DEBUG] [org.gradle.launcher.daemon.server.exec.LogToClient] About to start relaying all logs to the client via the connection.
2026-09-02T16:40:53.866+0700 [INFO] [org.gradle.launcher.daemon.server.exec.LogToClient] The client will now receive all logging from the daemon (pid: 8068). The daemon log file: D:\AbsensiSeleksi\daemon\8.9\daemon-8068.out.log
2026-09-02T16:40:54.001+0700 [INFO] [org.gradle.launcher.daemon.server.exec.LogAndCheckHealth] Starting 2nd build in daemon [uptime: 16 mins 0.092 secs, performance: 100%, GC rate: 0.00/s, heap usage: 0% of 2 GiB]
2026-09-02T16:40:54.003+0700 [DEBUG] [org.gradle.launcher.daemon.server.exec.ExecuteBuild] The daemon has started executing the build.
2026-09-02T16:40:54.005+0700 [DEBUG] [org.gradle.launcher.daemon.server.exec.ExecuteBuild] Executing build with daemon context: DefaultDaemonContext[uid=7f384a69-3128-4dd5-8758-c1f581edccf5,javaHome=C:\Users\AsusA416jp\.jdks\jbr-21.0.11,javaVersion=21,daemonRegistryDir=D:\AbsensiSeleksi\daemon,pid=8068,idleTimeout=10800000,priority=NORMAL,applyInstrumentationAgent=true,nativeServicesMode=ENABLED,daemonOpts=--add-opens=java.base/java.util=ALL-UNNAMED,--add-opens=java.base/java.lang=ALL-UNNAMED,--add-opens=java.base/java.lang.invoke=ALL-UNNAMED,--add-opens=java.prefs/java.util.prefs=ALL-UNNAMED,--add-exports=jdk.compiler/com.sun.tools.javac.api=ALL-UNNAMED,--add-exports=jdk.compiler/com.sun.tools.javac.util=ALL-UNNAMED,--add-opens=java.base/java.nio.charset=ALL-UNNAMED,--add-opens=java.base/java.net=ALL-UNNAMED,--add-opens=java.base/java.util.concurrent.atomic=ALL-UNNAMED,-Xmx2048m,-Dfile.encoding=UTF-8,-Duser.country=ID,-Duser.language=en,-Duser.variant]
Reusing configuration cache.
w: file:///D:/AbsensiSeleksi/app/src/main/java/com/absensiseleksi/ui/attendance/AttendanceActivity.kt:243:13 'onBackPressed(): Unit' is deprecated. This method has been deprecated in favor of using the
      {@link OnBackPressedDispatcher} via {@link #getOnBackPressedDispatcher()}.
      The OnBackPressedDispatcher controls how back button events are dispatched
      to one or more {@link OnBackPressedCallback} objects.

BUILD SUCCESSFUL in 1m 17s
43 actionable tasks: 18 executed, 25 up-to-date
Configuration cache entry reused.
2026-09-02T16:42:11.447+0700 [DEBUG] [org.gradle.launcher.daemon.server.exec.ExecuteBuild] The daemon has finished executing the build.
2026-09-02T16:42:11.469+0700 [DEBUG] [org.gradle.launcher.daemon.server.DaemonStateCoordinator] Command execution: finished waiting for DaemonCommandExecution[command = Build{id=73d35e6a-a19b-4d40-abd3-8fbfffeaa374, currentDir=D:\AbsensiSeleksi}, connection = DefaultDaemonConnection: socket connection from /127.0.0.1:63655 to /127.0.0.1:49358]. Result org.gradle.launcher.daemon.server.DaemonStateCoordinator@16b51d91 with state Busy
2026-09-02T16:42:11.469+0700 [DEBUG] [org.gradle.launcher.daemon.server.DaemonStateCoordinator] Command execution: completed DaemonCommandExecution[command = Build{id=73d35e6a-a19b-4d40-abd3-8fbfffeaa374, currentDir=D:\AbsensiSeleksi}, connection = DefaultDaemonConnection: socket connection from /127.0.0.1:63655 to /127.0.0.1:49358]
2026-09-02T16:42:11.470+0700 [DEBUG] [org.gradle.launcher.daemon.server.DaemonStateCoordinator] resetting idle timer
2026-09-02T16:42:11.470+0700 [INFO] [org.gradle.launcher.daemon.server.DaemonRegistryUpdater] Marking the daemon as idle, address: [405a77ec-d5eb-438f-8036-7e0762cafd4d port:63655, addresses:[localhost/127.0.0.1]]
2026-09-02T16:42:11.470+0700 [DEBUG] [org.gradle.launcher.daemon.registry.PersistentDaemonRegistry] Marking busy by address: [405a77ec-d5eb-438f-8036-7e0762cafd4d port:63655, addresses:[localhost/127.0.0.1]]
2026-09-02T16:42:11.471+0700 [DEBUG] [org.gradle.cache.internal.DefaultFileLockManager] Waiting to acquire exclusive lock on daemon addresses registry.
2026-09-02T16:42:11.471+0700 [DEBUG] [org.gradle.cache.internal.DefaultFileLockManager] Lock acquired on daemon addresses registry.
2026-09-02T16:42:11.477+0700 [DEBUG] [org.gradle.cache.internal.DefaultFileLockManager] Releasing lock on daemon addresses registry.
2026-09-02T16:42:11.478+0700 [DEBUG] [org.gradle.launcher.daemon.server.exec.ReturnResult] Daemon is dispatching the build result: Success[value=org.gradle.launcher.exec.BuildActionResult@1836bf1d]
2026-09-02T16:42:11.478+0700 [DEBUG] [org.gradle.launcher.daemon.server.DaemonStateCoordinator] daemon is running. Sleeping until state changes.
2026-09-02T16:42:11.478+0700 [DEBUG] [org.gradle.launcher.daemon.server.SynchronizedDispatchConnection] thread 199: dispatching Success[value=org.gradle.launcher.exec.BuildActionResult@1836bf1d]
2026-09-02T16:42:11.493+0700 [DEBUG] [org.gradle.launcher.daemon.server.DefaultIncomingConnectionHandler] Finishing executing command: Build{id=73d35e6a-a19b-4d40-abd3-8fbfffeaa374, currentDir=D:\AbsensiSeleksi}
2026-09-02T16:42:11.493+0700 [DEBUG] [org.gradle.launcher.daemon.server.exec.CleanUpVirtualFileSystemAfterBuild] Cleaning virtual file system after build finished
2026-09-02T16:42:11.559+0700 [DEBUG] [org.gradle.launcher.daemon.server.SynchronizedDispatchConnection] thread 200: received class org.gradle.launcher.daemon.protocol.CloseInput
2026-09-02T16:42:11.559+0700 [DEBUG] [org.gradle.launcher.daemon.server.DefaultDaemonConnection] thread 200: Received IO message from client: org.gradle.launcher.daemon.protocol.CloseInput@6a0d5ac7
2026-09-02T16:42:11.674+0700 [DEBUG] [org.gradle.launcher.daemon.server.SynchronizedDispatchConnection] thread 200: received class org.gradle.launcher.daemon.protocol.Finished
2026-09-02T16:42:11.674+0700 [DEBUG] [org.gradle.launcher.daemon.server.DefaultDaemonConnection] thread 200: Received non-IO message from client: org.gradle.launcher.daemon.protocol.Finished@64cab9f6
2026-09-02T16:42:11.674+0700 [DEBUG] [org.gradle.launcher.daemon.server.DefaultIncomingConnectionHandler] Received finished message: org.gradle.launcher.daemon.protocol.Finished@64cab9f6
2026-09-02T16:42:11.674+0700 [DEBUG] [org.gradle.launcher.daemon.server.SynchronizedDispatchConnection] thread 199: stopping connection
2026-09-02T16:42:11.674+0700 [DEBUG] [org.gradle.internal.remote.internal.inet.SocketConnection] Discarding EOFException: java.io.EOFException
2026-09-02T16:42:11.674+0700 [DEBUG] [org.gradle.launcher.daemon.server.SynchronizedDispatchConnection] thread 200: received null
2026-09-02T16:42:11.674+0700 [DEBUG] [org.gradle.launcher.daemon.server.DefaultDaemonConnection] thread 200: Received end-of-input from client.
2026-09-02T16:42:11.675+0700 [DEBUG] [org.gradle.launcher.daemon.server.SynchronizedDispatchConnection] thread 199: stopping connection
2026-09-02T16:42:15.243+0700 [DEBUG] [org.gradle.cache.internal.DefaultFileLockManager] Waiting to acquire shared lock on daemon addresses registry.
2026-09-02T16:42:15.243+0700 [DEBUG] [org.gradle.cache.internal.DefaultFileLockManager] Lock acquired on daemon addresses registry.
2026-09-02T16:42:15.244+0700 [DEBUG] [org.gradle.cache.internal.DefaultFileLockManager] Releasing lock on daemon addresses registry.
2026-09-02T16:42:15.245+0700 [DEBUG] [org.gradle.cache.internal.DefaultFileLockManager] Waiting to acquire shared lock on daemon addresses registry.
2026-09-02T16:42:15.245+0700 [DEBUG] [org.gradle.cache.internal.DefaultFileLockManager] Lock acquired on daemon addresses registry.
2026-09-02T16:42:15.245+0700 [DEBUG] [org.gradle.cache.internal.DefaultFileLockManager] Releasing lock on daemon addresses registry.
2026-09-02T16:42:19.853+0700 [DEBUG] [org.gradle.process.internal.health.memory.DefaultMemoryManager] 638754816 physical memory requested, 618971136 free
2026-09-02T16:42:19.854+0700 [DEBUG] [org.gradle.workers.internal.WorkerDaemonExpiration] Will attempt to release 609 of memory
2026-09-02T16:42:19.855+0700 [DEBUG] [org.gradle.process.internal.health.memory.DefaultMemoryManager] 638754816 physical memory requested, 0 released, 618971136 free
2026-09-02T16:42:24.852+0700 [DEBUG] [org.gradle.process.internal.health.memory.DefaultMemoryManager] 638754816 physical memory requested, 139517952 free
2026-09-02T16:42:24.857+0700 [DEBUG] [org.gradle.workers.internal.WorkerDaemonExpiration] Will attempt to release 609 of memory
2026-09-02T16:42:24.862+0700 [DEBUG] [org.gradle.process.internal.health.memory.DefaultMemoryManager] 638754816 physical memory requested, 0 released, 139517952 free
2026-09-02T16:42:25.268+0700 [DEBUG] [org.gradle.cache.internal.DefaultFileLockManager] Waiting to acquire shared lock on daemon addresses registry.
2026-09-02T16:42:25.270+0700 [DEBUG] [org.gradle.cache.internal.DefaultFileLockManager] Lock acquired on daemon addresses registry.
2026-09-02T16:42:25.280+0700 [DEBUG] [org.gradle.cache.internal.DefaultFileLockManager] Releasing lock on daemon addresses registry.
2026-09-02T16:42:25.283+0700 [DEBUG] [org.gradle.cache.internal.DefaultFileLockManager] Waiting to acquire shared lock on daemon addresses registry.
2026-09-02T16:42:25.284+0700 [DEBUG] [org.gradle.cache.internal.DefaultFileLockManager] Lock acquired on daemon addresses registry.
2026-09-02T16:42:25.285+0700 [DEBUG] [org.gradle.cache.internal.DefaultFileLockManager] Releasing lock on daemon addresses registry.
2026-09-02T16:42:25.288+0700 [DEBUG] [org.gradle.cache.internal.DefaultFileLockManager] Waiting to acquire shared lock on daemon addresses registry.
2026-09-02T16:42:25.289+0700 [DEBUG] [org.gradle.cache.internal.DefaultFileLockManager] Lock acquired on daemon addresses registry.
2026-09-02T16:42:25.289+0700 [DEBUG] [org.gradle.cache.internal.DefaultFileLockManager] Releasing lock on daemon addresses registry.
2026-09-02T16:42:29.851+0700 [DEBUG] [org.gradle.process.internal.health.memory.DefaultMemoryManager] 638754816 physical memory requested, 363589632 free
2026-09-02T16:42:29.851+0700 [DEBUG] [org.gradle.workers.internal.WorkerDaemonExpiration] Will attempt to release 609 of memory
2026-09-02T16:42:29.851+0700 [DEBUG] [org.gradle.process.internal.health.memory.DefaultMemoryManager] 638754816 physical memory requested, 0 released, 363589632 free
2026-09-02T16:42:34.851+0700 [DEBUG] [org.gradle.process.internal.health.memory.DefaultMemoryManager] 638754816 physical memory requested, 265170944 free
2026-09-02T16:42:34.851+0700 [DEBUG] [org.gradle.workers.internal.WorkerDaemonExpiration] Will attempt to release 609 of memory
2026-09-02T16:42:34.851+0700 [DEBUG] [org.gradle.process.internal.health.memory.DefaultMemoryManager] 638754816 physical memory requested, 0 released, 265170944 free
2026-09-02T16:42:35.243+0700 [DEBUG] [org.gradle.cache.internal.DefaultFileLockManager] Waiting to acquire shared lock on daemon addresses registry.
2026-09-02T16:42:35.243+0700 [DEBUG] [org.gradle.cache.internal.DefaultFileLockManager] Lock acquired on daemon addresses registry.
2026-09-02T16:42:35.243+0700 [DEBUG] [org.gradle.cache.internal.DefaultFileLockManager] Releasing lock on daemon addresses registry.
2026-09-02T16:42:35.266+0700 [DEBUG] [org.gradle.cache.internal.DefaultFileLockManager] Waiting to acquire shared lock on daemon addresses registry.
2026-09-02T16:42:35.267+0700 [DEBUG] [org.gradle.cache.internal.DefaultFileLockManager] Lock acquired on daemon addresses registry.
2026-09-02T16:42:35.267+0700 [DEBUG] [org.gradle.cache.internal.DefaultFileLockManager] Releasing lock on daemon addresses registry.
2026-09-02T16:42:35.268+0700 [DEBUG] [org.gradle.cache.internal.DefaultFileLockManager] Waiting to acquire shared lock on daemon addresses registry.
2026-09-02T16:42:35.268+0700 [DEBUG] [org.gradle.cache.internal.DefaultFileLockManager] Lock acquired on daemon addresses registry.
2026-09-02T16:42:35.268+0700 [DEBUG] [org.gradle.cache.internal.DefaultFileLockManager] Releasing lock on daemon addresses registry.
2026-09-02T16:42:39.851+0700 [DEBUG] [org.gradle.process.internal.health.memory.DefaultMemoryManager] 638754816 physical memory requested, 429023232 free
2026-09-02T16:42:39.851+0700 [DEBUG] [org.gradle.workers.internal.WorkerDaemonExpiration] Will attempt to release 609 of memory
2026-09-02T16:42:39.852+0700 [DEBUG] [org.gradle.process.internal.health.memory.DefaultMemoryManager] 638754816 physical memory requested, 0 released, 429023232 free
2026-09-02T16:42:44.852+0700 [DEBUG] [org.gradle.process.internal.health.memory.DefaultMemoryManager] 638754816 physical memory requested, 482459648 free
2026-09-02T16:42:44.852+0700 [DEBUG] [org.gradle.workers.internal.WorkerDaemonExpiration] Will attempt to release 609 of memory
2026-09-02T16:42:44.852+0700 [DEBUG] [org.gradle.process.internal.health.memory.DefaultMemoryManager] 638754816 physical memory requested, 0 released, 482459648 free
2026-09-02T16:42:45.245+0700 [DEBUG] [org.gradle.cache.internal.DefaultFileLockManager] Waiting to acquire shared lock on daemon addresses registry.
2026-09-02T16:42:45.245+0700 [DEBUG] [org.gradle.cache.internal.DefaultFileLockManager] Lock acquired on daemon addresses registry.
2026-09-02T16:42:45.247+0700 [DEBUG] [org.gradle.cache.internal.DefaultFileLockManager] Releasing lock on daemon addresses registry.
2026-09-02T16:42:45.249+0700 [DEBUG] [org.gradle.cache.internal.DefaultFileLockManager] Waiting to acquire shared lock on daemon addresses registry.
2026-09-02T16:42:45.249+0700 [DEBUG] [org.gradle.cache.internal.DefaultFileLockManager] Lock acquired on daemon addresses registry.
2026-09-02T16:42:45.249+0700 [DEBUG] [org.gradle.cache.internal.DefaultFileLockManager] Releasing lock on daemon addresses registry.
2026-09-02T16:42:45.250+0700 [DEBUG] [org.gradle.cache.internal.DefaultFileLockManager] Waiting to acquire shared lock on daemon addresses registry.
2026-09-02T16:42:45.250+0700 [DEBUG] [org.gradle.cache.internal.DefaultFileLockManager] Lock acquired on daemon addresses registry.
2026-09-02T16:42:45.250+0700 [DEBUG] [org.gradle.cache.internal.DefaultFileLockManager] Releasing lock on daemon addresses registry.
2026-09-02T16:42:55.243+0700 [DEBUG] [org.gradle.cache.internal.DefaultFileLockManager] Waiting to acquire shared lock on daemon addresses registry.
2026-09-02T16:42:55.243+0700 [DEBUG] [org.gradle.cache.internal.DefaultFileLockManager] Lock acquired on daemon addresses registry.
2026-09-02T16:42:55.243+0700 [DEBUG] [org.gradle.cache.internal.DefaultFileLockManager] Releasing lock on daemon addresses registry.
2026-09-02T16:42:55.244+0700 [DEBUG] [org.gradle.cache.internal.DefaultFileLockManager] Waiting to acquire shared lock on daemon addresses registry.
2026-09-02T16:42:55.245+0700 [DEBUG] [org.gradle.cache.internal.DefaultFileLockManager] Lock acquired on daemon addresses registry.
2026-09-02T16:42:55.245+0700 [DEBUG] [org.gradle.cache.internal.DefaultFileLockManager] Releasing lock on daemon addresses registry.
2026-09-02T16:42:55.246+0700 [DEBUG] [org.gradle.cache.internal.DefaultFileLockManager] Waiting to acquire shared lock on daemon addresses registry.
2026-09-02T16:42:55.246+0700 [DEBUG] [org.gradle.cache.internal.DefaultFileLockManager] Lock acquired on daemon addresses registry.
2026-09-02T16:42:55.247+0700 [DEBUG] [org.gradle.cache.internal.DefaultFileLockManager] Releasing lock on daemon addresses registry.
2026-09-02T16:43:05.243+0700 [DEBUG] [org.gradle.cache.internal.DefaultFileLockManager] Waiting to acquire shared lock on daemon addresses registry.
2026-09-02T16:43:05.243+0700 [DEBUG] [org.gradle.cache.internal.DefaultFileLockManager] Lock acquired on daemon addresses registry.
2026-09-02T16:43:05.244+0700 [DEBUG] [org.gradle.cache.internal.DefaultFileLockManager] Releasing lock on daemon addresses registry.
2026-09-02T16:43:05.245+0700 [DEBUG] [org.gradle.cache.internal.DefaultFileLockManager] Waiting to acquire shared lock on daemon addresses registry.
2026-09-02T16:43:05.245+0700 [DEBUG] [org.gradle.cache.internal.DefaultFileLockManager] Lock acquired on daemon addresses registry.
2026-09-02T16:43:05.245+0700 [DEBUG] [org.gradle.cache.internal.DefaultFileLockManager] Releasing lock on daemon addresses registry.
2026-09-02T16:43:05.246+0700 [DEBUG] [org.gradle.cache.internal.DefaultFileLockManager] Waiting to acquire shared lock on daemon addresses registry.
2026-09-02T16:43:05.246+0700 [DEBUG] [org.gradle.cache.internal.DefaultFileLockManager] Lock acquired on daemon addresses registry.
2026-09-02T16:43:05.247+0700 [DEBUG] [org.gradle.cache.internal.DefaultFileLockManager] Releasing lock on daemon addresses registry.
2026-09-02T16:43:15.245+0700 [DEBUG] [org.gradle.cache.internal.DefaultFileLockManager] Waiting to acquire shared lock on daemon addresses registry.
2026-09-02T16:43:15.245+0700 [DEBUG] [org.gradle.cache.internal.DefaultFileLockManager] Lock acquired on daemon addresses registry.
2026-09-02T16:43:15.246+0700 [DEBUG] [org.gradle.cache.internal.DefaultFileLockManager] Releasing lock on daemon addresses registry.
2026-09-02T16:43:15.248+0700 [DEBUG] [org.gradle.cache.internal.DefaultFileLockManager] Waiting to acquire shared lock on daemon addresses registry.
2026-09-02T16:43:15.248+0700 [DEBUG] [org.gradle.cache.internal.DefaultFileLockManager] Lock acquired on daemon addresses registry.
2026-09-02T16:43:15.248+0700 [DEBUG] [org.gradle.cache.internal.DefaultFileLockManager] Releasing lock on daemon addresses registry.
2026-09-02T16:43:15.250+0700 [DEBUG] [org.gradle.cache.internal.DefaultFileLockManager] Waiting to acquire shared lock on daemon addresses registry.
2026-09-02T16:43:15.250+0700 [DEBUG] [org.gradle.cache.internal.DefaultFileLockManager] Lock acquired on daemon addresses registry.
2026-09-02T16:43:15.251+0700 [DEBUG] [org.gradle.cache.internal.DefaultFileLockManager] Releasing lock on daemon addresses registry.
2026-09-02T16:43:25.244+0700 [DEBUG] [org.gradle.cache.internal.DefaultFileLockManager] Waiting to acquire shared lock on daemon addresses registry.
2026-09-02T16:43:25.244+0700 [DEBUG] [org.gradle.cache.internal.DefaultFileLockManager] Lock acquired on daemon addresses registry.
2026-09-02T16:43:25.245+0700 [DEBUG] [org.gradle.cache.internal.DefaultFileLockManager] Releasing lock on daemon addresses registry.
2026-09-02T16:43:25.247+0700 [DEBUG] [org.gradle.cache.internal.DefaultFileLockManager] Waiting to acquire shared lock on daemon addresses registry.
2026-09-02T16:43:25.247+0700 [DEBUG] [org.gradle.cache.internal.DefaultFileLockManager] Lock acquired on daemon addresses registry.
2026-09-02T16:43:25.247+0700 [DEBUG] [org.gradle.cache.internal.DefaultFileLockManager] Releasing lock on daemon addresses registry.
2026-09-02T16:43:25.248+0700 [DEBUG] [org.gradle.cache.internal.DefaultFileLockManager] Waiting to acquire shared lock on daemon addresses registry.
2026-09-02T16:43:25.248+0700 [DEBUG] [org.gradle.cache.internal.DefaultFileLockManager] Lock acquired on daemon addresses registry.
2026-09-02T16:43:25.248+0700 [DEBUG] [org.gradle.cache.internal.DefaultFileLockManager] Releasing lock on daemon addresses registry.
2026-09-02T16:43:35.244+0700 [DEBUG] [org.gradle.cache.internal.DefaultFileLockManager] Waiting to acquire shared lock on daemon addresses registry.
2026-09-02T16:43:35.244+0700 [DEBUG] [org.gradle.cache.internal.DefaultFileLockManager] Lock acquired on daemon addresses registry.
2026-09-02T16:43:35.244+0700 [DEBUG] [org.gradle.cache.internal.DefaultFileLockManager] Releasing lock on daemon addresses registry.
2026-09-02T16:43:35.247+0700 [DEBUG] [org.gradle.cache.internal.DefaultFileLockManager] Waiting to acquire shared lock on daemon addresses registry.
2026-09-02T16:43:35.247+0700 [DEBUG] [org.gradle.cache.internal.DefaultFileLockManager] Lock acquired on daemon addresses registry.
2026-09-02T16:43:35.247+0700 [DEBUG] [org.gradle.cache.internal.DefaultFileLockManager] Releasing lock on daemon addresses registry.
2026-09-02T16:43:35.249+0700 [DEBUG] [org.gradle.cache.internal.DefaultFileLockManager] Waiting to acquire shared lock on daemon addresses registry.
2026-09-02T16:43:35.249+0700 [DEBUG] [org.gradle.cache.internal.DefaultFileLockManager] Lock acquired on daemon addresses registry.
2026-09-02T16:43:35.249+0700 [DEBUG] [org.gradle.cache.internal.DefaultFileLockManager] Releasing lock on daemon addresses registry.
2026-09-02T16:43:45.244+0700 [DEBUG] [org.gradle.cache.internal.DefaultFileLockManager] Waiting to acquire shared lock on daemon addresses registry.
2026-09-02T16:43:45.244+0700 [DEBUG] [org.gradle.cache.internal.DefaultFileLockManager] Lock acquired on daemon addresses registry.
2026-09-02T16:43:45.245+0700 [DEBUG] [org.gradle.cache.internal.DefaultFileLockManager] Releasing lock on daemon addresses registry.
2026-09-02T16:43:45.247+0700 [DEBUG] [org.gradle.cache.internal.DefaultFileLockManager] Waiting to acquire shared lock on daemon addresses registry.
2026-09-02T16:43:45.247+0700 [DEBUG] [org.gradle.cache.internal.DefaultFileLockManager] Lock acquired on daemon addresses registry.
2026-09-02T16:43:45.248+0700 [DEBUG] [org.gradle.cache.internal.DefaultFileLockManager] Releasing lock on daemon addresses registry.
2026-09-02T16:43:45.250+0700 [DEBUG] [org.gradle.cache.internal.DefaultFileLockManager] Waiting to acquire shared lock on daemon addresses registry.
2026-09-02T16:43:45.251+0700 [DEBUG] [org.gradle.cache.internal.DefaultFileLockManager] Lock acquired on daemon addresses registry.
2026-09-02T16:43:45.251+0700 [DEBUG] [org.gradle.cache.internal.DefaultFileLockManager] Releasing lock on daemon addresses registry.
2026-09-02T16:43:54.851+0700 [DEBUG] [org.gradle.process.internal.health.memory.DefaultMemoryManager] 638754816 physical memory requested, 630300672 free
2026-09-02T16:43:54.852+0700 [DEBUG] [org.gradle.workers.internal.WorkerDaemonExpiration] Will attempt to release 609 of memory
2026-09-02T16:43:54.852+0700 [DEBUG] [org.gradle.process.internal.health.memory.DefaultMemoryManager] 638754816 physical memory requested, 0 released, 630300672 free
2026-09-02T16:43:55.243+0700 [DEBUG] [org.gradle.cache.internal.DefaultFileLockManager] Waiting to acquire shared lock on daemon addresses registry.
2026-09-02T16:43:55.243+0700 [DEBUG] [org.gradle.cache.internal.DefaultFileLockManager] Lock acquired on daemon addresses registry.
2026-09-02T16:43:55.243+0700 [DEBUG] [org.gradle.cache.internal.DefaultFileLockManager] Releasing lock on daemon addresses registry.
2026-09-02T16:43:55.244+0700 [DEBUG] [org.gradle.cache.internal.DefaultFileLockManager] Waiting to acquire shared lock on daemon addresses registry.
2026-09-02T16:43:55.244+0700 [DEBUG] [org.gradle.cache.internal.DefaultFileLockManager] Lock acquired on daemon addresses registry.
2026-09-02T16:43:55.245+0700 [DEBUG] [org.gradle.cache.internal.DefaultFileLockManager] Releasing lock on daemon addresses registry.
2026-09-02T16:43:55.245+0700 [DEBUG] [org.gradle.cache.internal.DefaultFileLockManager] Waiting to acquire shared lock on daemon addresses registry.
2026-09-02T16:43:55.246+0700 [DEBUG] [org.gradle.cache.internal.DefaultFileLockManager] Lock acquired on daemon addresses registry.
2026-09-02T16:43:55.246+0700 [DEBUG] [org.gradle.cache.internal.DefaultFileLockManager] Releasing lock on daemon addresses registry.
2026-09-02T16:43:59.851+0700 [DEBUG] [org.gradle.process.internal.health.memory.DefaultMemoryManager] 638754816 physical memory requested, 598212608 free
2026-09-02T16:43:59.851+0700 [DEBUG] [org.gradle.workers.internal.WorkerDaemonExpiration] Will attempt to release 609 of memory
2026-09-02T16:43:59.851+0700 [DEBUG] [org.gradle.process.internal.health.memory.DefaultMemoryManager] 638754816 physical memory requested, 0 released, 598212608 free
2026-09-02T16:44:04.852+0700 [DEBUG] [org.gradle.process.internal.health.memory.DefaultMemoryManager] 638754816 physical memory requested, 595058688 free
2026-09-02T16:44:04.852+0700 [DEBUG] [org.gradle.workers.internal.WorkerDaemonExpiration] Will attempt to release 609 of memory
2026-09-02T16:44:04.852+0700 [DEBUG] [org.gradle.process.internal.health.memory.DefaultMemoryManager] 638754816 physical memory requested, 0 released, 595058688 free
2026-09-02T16:44:05.243+0700 [DEBUG] [org.gradle.cache.internal.DefaultFileLockManager] Waiting to acquire shared lock on daemon addresses registry.
2026-09-02T16:44:05.243+0700 [DEBUG] [org.gradle.cache.internal.DefaultFileLockManager] Lock acquired on daemon addresses registry.
2026-09-02T16:44:05.243+0700 [DEBUG] [org.gradle.cache.internal.DefaultFileLockManager] Releasing lock on daemon addresses registry.
2026-09-02T16:44:05.244+0700 [DEBUG] [org.gradle.cache.internal.DefaultFileLockManager] Waiting to acquire shared lock on daemon addresses registry.
2026-09-02T16:44:05.244+0700 [DEBUG] [org.gradle.cache.internal.DefaultFileLockManager] Lock acquired on daemon addresses registry.
2026-09-02T16:44:05.245+0700 [DEBUG] [org.gradle.cache.internal.DefaultFileLockManager] Releasing lock on daemon addresses registry.
2026-09-02T16:44:05.245+0700 [DEBUG] [org.gradle.cache.internal.DefaultFileLockManager] Waiting to acquire shared lock on daemon addresses registry.
2026-09-02T16:44:05.246+0700 [DEBUG] [org.gradle.cache.internal.DefaultFileLockManager] Lock acquired on daemon addresses registry.
2026-09-02T16:44:05.246+0700 [DEBUG] [org.gradle.cache.internal.DefaultFileLockManager] Releasing lock on daemon addresses registry.
2026-09-02T16:44:09.852+0700 [DEBUG] [org.gradle.process.internal.health.memory.DefaultMemoryManager] 638754816 physical memory requested, 584654848 free
2026-09-02T16:44:09.852+0700 [DEBUG] [org.gradle.workers.internal.WorkerDaemonExpiration] Will attempt to release 609 of memory
2026-09-02T16:44:09.852+0700 [DEBUG] [org.gradle.process.internal.health.memory.DefaultMemoryManager] 638754816 physical memory requested, 0 released, 584654848 free
2026-09-02T16:44:14.850+0700 [DEBUG] [org.gradle.process.internal.health.memory.DefaultMemoryManager] 638754816 physical memory requested, 577150976 free
2026-09-02T16:44:14.850+0700 [DEBUG] [org.gradle.workers.internal.WorkerDaemonExpiration] Will attempt to release 609 of memory
2026-09-02T16:44:14.850+0700 [DEBUG] [org.gradle.process.internal.health.memory.DefaultMemoryManager] 638754816 physical memory requested, 0 released, 577150976 free
2026-09-02T16:44:15.244+0700 [DEBUG] [org.gradle.cache.internal.DefaultFileLockManager] Waiting to acquire shared lock on daemon addresses registry.
2026-09-02T16:44:15.245+0700 [DEBUG] [org.gradle.cache.internal.DefaultFileLockManager] Lock acquired on daemon addresses registry.
2026-09-02T16:44:15.245+0700 [DEBUG] [org.gradle.cache.internal.DefaultFileLockManager] Releasing lock on daemon addresses registry.
2026-09-02T16:44:15.247+0700 [DEBUG] [org.gradle.cache.internal.DefaultFileLockManager] Waiting to acquire shared lock on daemon addresses registry.
2026-09-02T16:44:15.247+0700 [DEBUG] [org.gradle.cache.internal.DefaultFileLockManager] Lock acquired on daemon addresses registry.
2026-09-02T16:44:15.247+0700 [DEBUG] [org.gradle.cache.internal.DefaultFileLockManager] Releasing lock on daemon addresses registry.
2026-09-02T16:44:15.249+0700 [DEBUG] [org.gradle.cache.internal.DefaultFileLockManager] Waiting to acquire shared lock on daemon addresses registry.
2026-09-02T16:44:15.249+0700 [DEBUG] [org.gradle.cache.internal.DefaultFileLockManager] Lock acquired on daemon addresses registry.
2026-09-02T16:44:15.249+0700 [DEBUG] [org.gradle.cache.internal.DefaultFileLockManager] Releasing lock on daemon addresses registry.
2026-09-02T16:44:19.850+0700 [DEBUG] [org.gradle.process.internal.health.memory.DefaultMemoryManager] 638754816 physical memory requested, 578584576 free
2026-09-02T16:44:19.850+0700 [DEBUG] [org.gradle.workers.internal.WorkerDaemonExpiration] Will attempt to release 609 of memory
2026-09-02T16:44:19.850+0700 [DEBUG] [org.gradle.process.internal.health.memory.DefaultMemoryManager] 638754816 physical memory requested, 0 released, 578584576 free
2026-09-02T16:44:24.850+0700 [DEBUG] [org.gradle.process.internal.health.memory.DefaultMemoryManager] 638754816 physical memory requested, 569024512 free
2026-09-02T16:44:24.850+0700 [DEBUG] [org.gradle.workers.internal.WorkerDaemonExpiration] Will attempt to release 609 of memory
2026-09-02T16:44:24.850+0700 [DEBUG] [org.gradle.process.internal.health.memory.DefaultMemoryManager] 638754816 physical memory requested, 0 released, 569024512 free
2026-09-02T16:44:25.256+0700 [DEBUG] [org.gradle.cache.internal.DefaultFileLockManager] Waiting to acquire shared lock on daemon addresses registry.
2026-09-02T16:44:25.256+0700 [DEBUG] [org.gradle.cache.internal.DefaultFileLockManager] Lock acquired on daemon addresses registry.
2026-09-02T16:44:25.257+0700 [DEBUG] [org.gradle.cache.internal.DefaultFileLockManager] Releasing lock on daemon addresses registry.
2026-09-02T16:44:25.260+0700 [DEBUG] [org.gradle.cache.internal.DefaultFileLockManager] Waiting to acquire shared lock on daemon addresses registry.
2026-09-02T16:44:25.260+0700 [DEBUG] [org.gradle.cache.internal.DefaultFileLockManager] Lock acquired on daemon addresses registry.
2026-09-02T16:44:25.261+0700 [DEBUG] [org.gradle.cache.internal.DefaultFileLockManager] Releasing lock on daemon addresses registry.
2026-09-02T16:44:25.262+0700 [DEBUG] [org.gradle.cache.internal.DefaultFileLockManager] Waiting to acquire shared lock on daemon addresses registry.
2026-09-02T16:44:25.262+0700 [DEBUG] [org.gradle.cache.internal.DefaultFileLockManager] Lock acquired on daemon addresses registry.
2026-09-02T16:44:25.262+0700 [DEBUG] [org.gradle.cache.internal.DefaultFileLockManager] Releasing lock on daemon addresses registry.
2026-09-02T16:44:35.244+0700 [DEBUG] [org.gradle.cache.internal.DefaultFileLockManager] Waiting to acquire shared lock on daemon addresses registry.
2026-09-02T16:44:35.244+0700 [DEBUG] [org.gradle.cache.internal.DefaultFileLockManager] Lock acquired on daemon addresses registry.
2026-09-02T16:44:35.244+0700 [DEBUG] [org.gradle.cache.internal.DefaultFileLockManager] Releasing lock on daemon addresses registry.
2026-09-02T16:44:35.246+0700 [DEBUG] [org.gradle.cache.internal.DefaultFileLockManager] Waiting to acquire shared lock on daemon addresses registry.
2026-09-02T16:44:35.246+0700 [DEBUG] [org.gradle.cache.internal.DefaultFileLockManager] Lock acquired on daemon addresses registry.
2026-09-02T16:44:35.246+0700 [DEBUG] [org.gradle.cache.internal.DefaultFileLockManager] Releasing lock on daemon addresses registry.
2026-09-02T16:44:35.247+0700 [DEBUG] [org.gradle.cache.internal.DefaultFileLockManager] Waiting to acquire shared lock on daemon addresses registry.
2026-09-02T16:44:35.247+0700 [DEBUG] [org.gradle.cache.internal.DefaultFileLockManager] Lock acquired on daemon addresses registry.
2026-09-02T16:44:35.247+0700 [DEBUG] [org.gradle.cache.internal.DefaultFileLockManager] Releasing lock on daemon addresses registry.
2026-09-02T16:44:45.243+0700 [DEBUG] [org.gradle.cache.internal.DefaultFileLockManager] Waiting to acquire shared lock on daemon addresses registry.
2026-09-02T16:44:45.244+0700 [DEBUG] [org.gradle.cache.internal.DefaultFileLockManager] Lock acquired on daemon addresses registry.
2026-09-02T16:44:45.244+0700 [DEBUG] [org.gradle.cache.internal.DefaultFileLockManager] Releasing lock on daemon addresses registry.
2026-09-02T16:44:45.245+0700 [DEBUG] [org.gradle.cache.internal.DefaultFileLockManager] Waiting to acquire shared lock on daemon addresses registry.
2026-09-02T16:44:45.246+0700 [DEBUG] [org.gradle.cache.internal.DefaultFileLockManager] Lock acquired on daemon addresses registry.
2026-09-02T16:44:45.246+0700 [DEBUG] [org.gradle.cache.internal.DefaultFileLockManager] Releasing lock on daemon addresses registry.
2026-09-02T16:44:45.247+0700 [DEBUG] [org.gradle.cache.internal.DefaultFileLockManager] Waiting to acquire shared lock on daemon addresses registry.
2026-09-02T16:44:45.247+0700 [DEBUG] [org.gradle.cache.internal.DefaultFileLockManager] Lock acquired on daemon addresses registry.
2026-09-02T16:44:45.247+0700 [DEBUG] [org.gradle.cache.internal.DefaultFileLockManager] Releasing lock on daemon addresses registry.
2026-09-02T16:44:55.244+0700 [DEBUG] [org.gradle.cache.internal.DefaultFileLockManager] Waiting to acquire shared lock on daemon addresses registry.
2026-09-02T16:44:55.244+0700 [DEBUG] [org.gradle.cache.internal.DefaultFileLockManager] Lock acquired on daemon addresses registry.
2026-09-02T16:44:55.244+0700 [DEBUG] [org.gradle.cache.internal.DefaultFileLockManager] Releasing lock on daemon addresses registry.
2026-09-02T16:44:55.246+0700 [DEBUG] [org.gradle.cache.internal.DefaultFileLockManager] Waiting to acquire shared lock on daemon addresses registry.
2026-09-02T16:44:55.247+0700 [DEBUG] [org.gradle.cache.internal.DefaultFileLockManager] Lock acquired on daemon addresses registry.
2026-09-02T16:44:55.247+0700 [DEBUG] [org.gradle.cache.internal.DefaultFileLockManager] Releasing lock on daemon addresses registry.
2026-09-02T16:44:55.260+0700 [DEBUG] [org.gradle.cache.internal.DefaultFileLockManager] Waiting to acquire shared lock on daemon addresses registry.
2026-09-02T16:44:55.260+0700 [DEBUG] [org.gradle.cache.internal.DefaultFileLockManager] Lock acquired on daemon addresses registry.
2026-09-02T16:44:55.260+0700 [DEBUG] [org.gradle.cache.internal.DefaultFileLockManager] Releasing lock on daemon addresses registry.
2026-09-02T16:44:59.851+0700 [DEBUG] [org.gradle.process.internal.health.memory.DefaultMemoryManager] 638754816 physical memory requested, 638738432 free
2026-09-02T16:44:59.851+0700 [DEBUG] [org.gradle.workers.internal.WorkerDaemonExpiration] Will attempt to release 609 of memory
2026-09-02T16:44:59.851+0700 [DEBUG] [org.gradle.process.internal.health.memory.DefaultMemoryManager] 638754816 physical memory requested, 0 released, 638738432 free
2026-09-02T16:45:04.851+0700 [DEBUG] [org.gradle.process.internal.health.memory.DefaultMemoryManager] 638754816 physical memory requested, 629284864 free
2026-09-02T16:45:04.852+0700 [DEBUG] [org.gradle.workers.internal.WorkerDaemonExpiration] Will attempt to release 609 of memory
2026-09-02T16:45:04.852+0700 [DEBUG] [org.gradle.process.internal.health.memory.DefaultMemoryManager] 638754816 physical memory requested, 0 released, 629284864 free
2026-09-02T16:45:05.243+0700 [DEBUG] [org.gradle.cache.internal.DefaultFileLockManager] Waiting to acquire shared lock on daemon addresses registry.
2026-09-02T16:45:05.243+0700 [DEBUG] [org.gradle.cache.internal.DefaultFileLockManager] Lock acquired on daemon addresses registry.
2026-09-02T16:45:05.243+0700 [DEBUG] [org.gradle.cache.internal.DefaultFileLockManager] Releasing lock on daemon addresses registry.
2026-09-02T16:45:05.244+0700 [DEBUG] [org.gradle.cache.internal.DefaultFileLockManager] Waiting to acquire shared lock on daemon addresses registry.
2026-09-02T16:45:05.244+0700 [DEBUG] [org.gradle.cache.internal.DefaultFileLockManager] Lock acquired on daemon addresses registry.
2026-09-02T16:45:05.244+0700 [DEBUG] [org.gradle.cache.internal.DefaultFileLockManager] Releasing lock on daemon addresses registry.
2026-09-02T16:45:05.245+0700 [DEBUG] [org.gradle.cache.internal.DefaultFileLockManager] Waiting to acquire shared lock on daemon addresses registry.
2026-09-02T16:45:05.245+0700 [DEBUG] [org.gradle.cache.internal.DefaultFileLockManager] Lock acquired on daemon addresses registry.
2026-09-02T16:45:05.245+0700 [DEBUG] [org.gradle.cache.internal.DefaultFileLockManager] Releasing lock on daemon addresses registry.
2026-09-02T16:45:09.851+0700 [DEBUG] [org.gradle.process.internal.health.memory.DefaultMemoryManager] 638754816 physical memory requested, 631316480 free
2026-09-02T16:45:09.851+0700 [DEBUG] [org.gradle.workers.internal.WorkerDaemonExpiration] Will attempt to release 609 of memory
2026-09-02T16:45:09.851+0700 [DEBUG] [org.gradle.process.internal.health.memory.DefaultMemoryManager] 638754816 physical memory requested, 0 released, 631316480 free
2026-09-02T16:45:14.851+0700 [DEBUG] [org.gradle.process.internal.health.memory.DefaultMemoryManager] 638754816 physical memory requested, 618549248 free
2026-09-02T16:45:14.851+0700 [DEBUG] [org.gradle.workers.internal.WorkerDaemonExpiration] Will attempt to release 609 of memory
2026-09-02T16:45:14.851+0700 [DEBUG] [org.gradle.process.internal.health.memory.DefaultMemoryManager] 638754816 physical memory requested, 0 released, 618549248 free
2026-09-02T16:45:15.244+0700 [DEBUG] [org.gradle.cache.internal.DefaultFileLockManager] Waiting to acquire shared lock on daemon addresses registry.
2026-09-02T16:45:15.244+0700 [DEBUG] [org.gradle.cache.internal.DefaultFileLockManager] Lock acquired on daemon addresses registry.
2026-09-02T16:45:15.245+0700 [DEBUG] [org.gradle.cache.internal.DefaultFileLockManager] Releasing lock on daemon addresses registry.
2026-09-02T16:45:15.246+0700 [DEBUG] [org.gradle.cache.internal.DefaultFileLockManager] Waiting to acquire shared lock on daemon addresses registry.
2026-09-02T16:45:15.246+0700 [DEBUG] [org.gradle.cache.internal.DefaultFileLockManager] Lock acquired on daemon addresses registry.
2026-09-02T16:45:15.246+0700 [DEBUG] [org.gradle.cache.internal.DefaultFileLockManager] Releasing lock on daemon addresses registry.
2026-09-02T16:45:15.248+0700 [DEBUG] [org.gradle.cache.internal.DefaultFileLockManager] Waiting to acquire shared lock on daemon addresses registry.
2026-09-02T16:45:15.248+0700 [DEBUG] [org.gradle.cache.internal.DefaultFileLockManager] Lock acquired on daemon addresses registry.
2026-09-02T16:45:15.248+0700 [DEBUG] [org.gradle.cache.internal.DefaultFileLockManager] Releasing lock on daemon addresses registry.
2026-09-02T16:45:19.851+0700 [DEBUG] [org.gradle.process.internal.health.memory.DefaultMemoryManager] 638754816 physical memory requested, 618258432 free
2026-09-02T16:45:19.851+0700 [DEBUG] [org.gradle.workers.internal.WorkerDaemonExpiration] Will attempt to release 609 of memory
2026-09-02T16:45:19.851+0700 [DEBUG] [org.gradle.process.internal.health.memory.DefaultMemoryManager] 638754816 physical memory requested, 0 released, 618258432 free
2026-09-02T16:45:24.851+0700 [DEBUG] [org.gradle.process.internal.health.memory.DefaultMemoryManager] 638754816 physical memory requested, 614395904 free
2026-09-02T16:45:24.851+0700 [DEBUG] [org.gradle.workers.internal.WorkerDaemonExpiration] Will attempt to release 609 of memory
2026-09-02T16:45:24.851+0700 [DEBUG] [org.gradle.process.internal.health.memory.DefaultMemoryManager] 638754816 physical memory requested, 0 released, 614395904 free
2026-09-02T16:45:25.244+0700 [DEBUG] [org.gradle.cache.internal.DefaultFileLockManager] Waiting to acquire shared lock on daemon addresses registry.
2026-09-02T16:45:25.244+0700 [DEBUG] [org.gradle.cache.internal.DefaultFileLockManager] Lock acquired on daemon addresses registry.
2026-09-02T16:45:25.244+0700 [DEBUG] [org.gradle.cache.internal.DefaultFileLockManager] Releasing lock on daemon addresses registry.
2026-09-02T16:45:25.247+0700 [DEBUG] [org.gradle.cache.internal.DefaultFileLockManager] Waiting to acquire shared lock on daemon addresses registry.
2026-09-02T16:45:25.247+0700 [DEBUG] [org.gradle.cache.internal.DefaultFileLockManager] Lock acquired on daemon addresses registry.
2026-09-02T16:45:25.248+0700 [DEBUG] [org.gradle.cache.internal.DefaultFileLockManager] Releasing lock on daemon addresses registry.
2026-09-02T16:45:25.249+0700 [DEBUG] [org.gradle.cache.internal.DefaultFileLockManager] Waiting to acquire shared lock on daemon addresses registry.
2026-09-02T16:45:25.249+0700 [DEBUG] [org.gradle.cache.internal.DefaultFileLockManager] Lock acquired on daemon addresses registry.
2026-09-02T16:45:25.249+0700 [DEBUG] [org.gradle.cache.internal.DefaultFileLockManager] Releasing lock on daemon addresses registry.
2026-09-02T16:45:29.852+0700 [DEBUG] [org.gradle.process.internal.health.memory.DefaultMemoryManager] 638754816 physical memory requested, 575287296 free
2026-09-02T16:45:29.852+0700 [DEBUG] [org.gradle.workers.internal.WorkerDaemonExpiration] Will attempt to release 609 of memory
2026-09-02T16:45:29.852+0700 [DEBUG] [org.gradle.process.internal.health.memory.DefaultMemoryManager] 638754816 physical memory requested, 0 released, 575287296 free
2026-09-02T16:45:34.851+0700 [DEBUG] [org.gradle.process.internal.health.memory.DefaultMemoryManager] 638754816 physical memory requested, 568451072 free
2026-09-02T16:45:34.851+0700 [DEBUG] [org.gradle.workers.internal.WorkerDaemonExpiration] Will attempt to release 609 of memory
2026-09-02T16:45:34.851+0700 [DEBUG] [org.gradle.process.internal.health.memory.DefaultMemoryManager] 638754816 physical memory requested, 0 released, 568451072 free
2026-09-02T16:45:35.244+0700 [DEBUG] [org.gradle.cache.internal.DefaultFileLockManager] Waiting to acquire shared lock on daemon addresses registry.
2026-09-02T16:45:35.244+0700 [DEBUG] [org.gradle.cache.internal.DefaultFileLockManager] Lock acquired on daemon addresses registry.
2026-09-02T16:45:35.244+0700 [DEBUG] [org.gradle.cache.internal.DefaultFileLockManager] Releasing lock on daemon addresses registry.
2026-09-02T16:45:35.246+0700 [DEBUG] [org.gradle.cache.internal.DefaultFileLockManager] Waiting to acquire shared lock on daemon addresses registry.
2026-09-02T16:45:35.247+0700 [DEBUG] [org.gradle.cache.internal.DefaultFileLockManager] Lock acquired on daemon addresses registry.
2026-09-02T16:45:35.247+0700 [DEBUG] [org.gradle.cache.internal.DefaultFileLockManager] Releasing lock on daemon addresses registry.
2026-09-02T16:45:35.249+0700 [DEBUG] [org.gradle.cache.internal.DefaultFileLockManager] Waiting to acquire shared lock on daemon addresses registry.
2026-09-02T16:45:35.249+0700 [DEBUG] [org.gradle.cache.internal.DefaultFileLockManager] Lock acquired on daemon addresses registry.
2026-09-02T16:45:35.249+0700 [DEBUG] [org.gradle.cache.internal.DefaultFileLockManager] Releasing lock on daemon addresses registry.
2026-09-02T16:45:39.851+0700 [DEBUG] [org.gradle.process.internal.health.memory.DefaultMemoryManager] 638754816 physical memory requested, 564703232 free
2026-09-02T16:45:39.851+0700 [DEBUG] [org.gradle.workers.internal.WorkerDaemonExpiration] Will attempt to release 609 of memory
2026-09-02T16:45:39.851+0700 [DEBUG] [org.gradle.process.internal.health.memory.DefaultMemoryManager] 638754816 physical memory requested, 0 released, 564703232 free
2026-09-02T16:45:44.852+0700 [DEBUG] [org.gradle.process.internal.health.memory.DefaultMemoryManager] 638754816 physical memory requested, 560254976 free
2026-09-02T16:45:44.852+0700 [DEBUG] [org.gradle.workers.internal.WorkerDaemonExpiration] Will attempt to release 609 of memory
2026-09-02T16:45:44.852+0700 [DEBUG] [org.gradle.process.internal.health.memory.DefaultMemoryManager] 638754816 physical memory requested, 0 released, 560254976 free
2026-09-02T16:45:45.244+0700 [DEBUG] [org.gradle.cache.internal.DefaultFileLockManager] Waiting to acquire shared lock on daemon addresses registry.
2026-09-02T16:45:45.244+0700 [DEBUG] [org.gradle.cache.internal.DefaultFileLockManager] Lock acquired on daemon addresses registry.
2026-09-02T16:45:45.245+0700 [DEBUG] [org.gradle.cache.internal.DefaultFileLockManager] Releasing lock on daemon addresses registry.
2026-09-02T16:45:45.246+0700 [DEBUG] [org.gradle.cache.internal.DefaultFileLockManager] Waiting to acquire shared lock on daemon addresses registry.
2026-09-02T16:45:45.246+0700 [DEBUG] [org.gradle.cache.internal.DefaultFileLockManager] Lock acquired on daemon addresses registry.
2026-09-02T16:45:45.246+0700 [DEBUG] [org.gradle.cache.internal.DefaultFileLockManager] Releasing lock on daemon addresses registry.
2026-09-02T16:45:45.247+0700 [DEBUG] [org.gradle.cache.internal.DefaultFileLockManager] Waiting to acquire shared lock on daemon addresses registry.
2026-09-02T16:45:45.247+0700 [DEBUG] [org.gradle.cache.internal.DefaultFileLockManager] Lock acquired on daemon addresses registry.
2026-09-02T16:45:45.248+0700 [DEBUG] [org.gradle.cache.internal.DefaultFileLockManager] Releasing lock on daemon addresses registry.
2026-09-02T16:45:49.851+0700 [DEBUG] [org.gradle.process.internal.health.memory.DefaultMemoryManager] 638754816 physical memory requested, 558919680 free
2026-09-02T16:45:49.851+0700 [DEBUG] [org.gradle.workers.internal.WorkerDaemonExpiration] Will attempt to release 609 of memory
2026-09-02T16:45:49.851+0700 [DEBUG] [org.gradle.process.internal.health.memory.DefaultMemoryManager] 638754816 physical memory requested, 0 released, 558919680 free
2026-09-02T16:45:54.851+0700 [DEBUG] [org.gradle.process.internal.health.memory.DefaultMemoryManager] 638754816 physical memory requested, 537464832 free
2026-09-02T16:45:54.851+0700 [DEBUG] [org.gradle.workers.internal.WorkerDaemonExpiration] Will attempt to release 609 of memory
2026-09-02T16:45:54.852+0700 [DEBUG] [org.gradle.process.internal.health.memory.DefaultMemoryManager] 638754816 physical memory requested, 0 released, 537464832 free
2026-09-02T16:45:55.245+0700 [DEBUG] [org.gradle.cache.internal.DefaultFileLockManager] Waiting to acquire shared lock on daemon addresses registry.
2026-09-02T16:45:55.245+0700 [DEBUG] [org.gradle.cache.internal.DefaultFileLockManager] Lock acquired on daemon addresses registry.
2026-09-02T16:45:55.245+0700 [DEBUG] [org.gradle.cache.internal.DefaultFileLockManager] Releasing lock on daemon addresses registry.
2026-09-02T16:45:55.246+0700 [DEBUG] [org.gradle.cache.internal.DefaultFileLockManager] Waiting to acquire shared lock on daemon addresses registry.
2026-09-02T16:45:55.246+0700 [DEBUG] [org.gradle.cache.internal.DefaultFileLockManager] Lock acquired on daemon addresses registry.
2026-09-02T16:45:55.247+0700 [DEBUG] [org.gradle.cache.internal.DefaultFileLockManager] Releasing lock on daemon addresses registry.
2026-09-02T16:45:55.247+0700 [DEBUG] [org.gradle.cache.internal.DefaultFileLockManager] Waiting to acquire shared lock on daemon addresses registry.
2026-09-02T16:45:55.247+0700 [DEBUG] [org.gradle.cache.internal.DefaultFileLockManager] Lock acquired on daemon addresses registry.
2026-09-02T16:45:55.248+0700 [DEBUG] [org.gradle.cache.internal.DefaultFileLockManager] Releasing lock on daemon addresses registry.
2026-09-02T16:45:59.850+0700 [DEBUG] [org.gradle.process.internal.health.memory.DefaultMemoryManager] 638754816 physical memory requested, 531873792 free
2026-09-02T16:45:59.851+0700 [DEBUG] [org.gradle.workers.internal.WorkerDaemonExpiration] Will attempt to release 609 of memory
2026-09-02T16:45:59.851+0700 [DEBUG] [org.gradle.process.internal.health.memory.DefaultMemoryManager] 638754816 physical memory requested, 0 released, 531873792 free
2026-09-02T16:46:04.850+0700 [DEBUG] [org.gradle.process.internal.health.memory.DefaultMemoryManager] 638754816 physical memory requested, 528269312 free
2026-09-02T16:46:04.851+0700 [DEBUG] [org.gradle.workers.internal.WorkerDaemonExpiration] Will attempt to release 609 of memory
2026-09-02T16:46:04.851+0700 [DEBUG] [org.gradle.process.internal.health.memory.DefaultMemoryManager] 638754816 physical memory requested, 0 released, 528269312 free
2026-09-02T16:46:05.244+0700 [DEBUG] [org.gradle.cache.internal.DefaultFileLockManager] Waiting to acquire shared lock on daemon addresses registry.
2026-09-02T16:46:05.245+0700 [DEBUG] [org.gradle.cache.internal.DefaultFileLockManager] Lock acquired on daemon addresses registry.
2026-09-02T16:46:05.245+0700 [DEBUG] [org.gradle.cache.internal.DefaultFileLockManager] Releasing lock on daemon addresses registry.
2026-09-02T16:46:05.247+0700 [DEBUG] [org.gradle.cache.internal.DefaultFileLockManager] Waiting to acquire shared lock on daemon addresses registry.
2026-09-02T16:46:05.247+0700 [DEBUG] [org.gradle.cache.internal.DefaultFileLockManager] Lock acquired on daemon addresses registry.
2026-09-02T16:46:05.248+0700 [DEBUG] [org.gradle.cache.internal.DefaultFileLockManager] Releasing lock on daemon addresses registry.
2026-09-02T16:46:05.249+0700 [DEBUG] [org.gradle.cache.internal.DefaultFileLockManager] Waiting to acquire shared lock on daemon addresses registry.
2026-09-02T16:46:05.250+0700 [DEBUG] [org.gradle.cache.internal.DefaultFileLockManager] Lock acquired on daemon addresses registry.
2026-09-02T16:46:05.250+0700 [DEBUG] [org.gradle.cache.internal.DefaultFileLockManager] Releasing lock on daemon addresses registry.
2026-09-02T16:46:09.851+0700 [DEBUG] [org.gradle.process.internal.health.memory.DefaultMemoryManager] 638754816 physical memory requested, 527675392 free
2026-09-02T16:46:09.851+0700 [DEBUG] [org.gradle.workers.internal.WorkerDaemonExpiration] Will attempt to release 609 of memory
2026-09-02T16:46:09.851+0700 [DEBUG] [org.gradle.process.internal.health.memory.DefaultMemoryManager] 638754816 physical memory requested, 0 released, 527675392 free
2026-09-02T16:46:14.851+0700 [DEBUG] [org.gradle.process.internal.health.memory.DefaultMemoryManager] 638754816 physical memory requested, 523231232 free
2026-09-02T16:46:14.851+0700 [DEBUG] [org.gradle.workers.internal.WorkerDaemonExpiration] Will attempt to release 609 of memory
2026-09-02T16:46:14.851+0700 [DEBUG] [org.gradle.process.internal.health.memory.DefaultMemoryManager] 638754816 physical memory requested, 0 released, 523231232 free
2026-09-02T16:46:15.245+0700 [DEBUG] [org.gradle.cache.internal.DefaultFileLockManager] Waiting to acquire shared lock on daemon addresses registry.
2026-09-02T16:46:15.245+0700 [DEBUG] [org.gradle.cache.internal.DefaultFileLockManager] Lock acquired on daemon addresses registry.
2026-09-02T16:46:15.245+0700 [DEBUG] [org.gradle.cache.internal.DefaultFileLockManager] Releasing lock on daemon addresses registry.
2026-09-02T16:46:15.247+0700 [DEBUG] [org.gradle.cache.internal.DefaultFileLockManager] Waiting to acquire shared lock on daemon addresses registry.
2026-09-02T16:46:15.248+0700 [DEBUG] [org.gradle.cache.internal.DefaultFileLockManager] Lock acquired on daemon addresses registry.
2026-09-02T16:46:15.248+0700 [DEBUG] [org.gradle.cache.internal.DefaultFileLockManager] Releasing lock on daemon addresses registry.
2026-09-02T16:46:15.250+0700 [DEBUG] [org.gradle.cache.internal.DefaultFileLockManager] Waiting to acquire shared lock on daemon addresses registry.
2026-09-02T16:46:15.250+0700 [DEBUG] [org.gradle.cache.internal.DefaultFileLockManager] Lock acquired on daemon addresses registry.
2026-09-02T16:46:15.250+0700 [DEBUG] [org.gradle.cache.internal.DefaultFileLockManager] Releasing lock on daemon addresses registry.
2026-09-02T16:46:19.851+0700 [DEBUG] [org.gradle.process.internal.health.memory.DefaultMemoryManager] 638754816 physical memory requested, 515334144 free
2026-09-02T16:46:19.851+0700 [DEBUG] [org.gradle.workers.internal.WorkerDaemonExpiration] Will attempt to release 609 of memory
2026-09-02T16:46:19.851+0700 [DEBUG] [org.gradle.process.internal.health.memory.DefaultMemoryManager] 638754816 physical memory requested, 0 released, 515334144 free
2026-09-02T16:46:20.479+0700 [DEBUG] [sun.rmi.transport.tcp] RMI TCP Connection(9)-127.0.0.1: accepted socket from [127.0.0.1:49393]
2026-09-02T16:46:20.500+0700 [DEBUG] [sun.rmi.transport.tcp] RMI TCP Connection(9)-127.0.0.1: (port 61442) op = 80
2026-09-02T16:46:20.509+0700 [DEBUG] [sun.rmi.loader] RMI TCP Connection(9)-127.0.0.1: name = "[Ljava.rmi.server.ObjID;", codebase = "", defaultLoader = jdk.internal.loader.ClassLoaders$PlatformClassLoader@69ea2fa6
2026-09-02T16:46:20.511+0700 [DEBUG] [sun.rmi.loader] RMI TCP Connection(9)-127.0.0.1: name = "java.rmi.dgc.Lease", codebase = "", defaultLoader = jdk.internal.loader.ClassLoaders$PlatformClassLoader@69ea2fa6
2026-09-02T16:46:20.513+0700 [DEBUG] [sun.rmi.loader] RMI TCP Connection(9)-127.0.0.1: name = "java.rmi.dgc.VMID", codebase = "", defaultLoader = jdk.internal.loader.ClassLoaders$PlatformClassLoader@69ea2fa6
2026-09-02T16:46:20.513+0700 [DEBUG] [sun.rmi.loader] RMI TCP Connection(9)-127.0.0.1: name = "[B", codebase = "", defaultLoader = jdk.internal.loader.ClassLoaders$PlatformClassLoader@69ea2fa6
2026-09-02T16:46:20.515+0700 [DEBUG] [sun.rmi.loader] RMI TCP Connection(9)-127.0.0.1: name = "java.rmi.server.UID", codebase = "", defaultLoader = jdk.internal.loader.ClassLoaders$PlatformClassLoader@69ea2fa6
2026-09-02T16:46:24.851+0700 [DEBUG] [org.gradle.process.internal.health.memory.DefaultMemoryManager] 638754816 physical memory requested, 520941568 free
2026-09-02T16:46:24.851+0700 [DEBUG] [org.gradle.workers.internal.WorkerDaemonExpiration] Will attempt to release 609 of memory
2026-09-02T16:46:24.851+0700 [DEBUG] [org.gradle.process.internal.health.memory.DefaultMemoryManager] 638754816 physical memory requested, 0 released, 520941568 free
2026-09-02T16:46:25.244+0700 [DEBUG] [org.gradle.cache.internal.DefaultFileLockManager] Waiting to acquire shared lock on daemon addresses registry.
2026-09-02T16:46:25.244+0700 [DEBUG] [org.gradle.cache.internal.DefaultFileLockManager] Lock acquired on daemon addresses registry.
2026-09-02T16:46:25.244+0700 [DEBUG] [org.gradle.cache.internal.DefaultFileLockManager] Releasing lock on daemon addresses registry.
2026-09-02T16:46:25.246+0700 [DEBUG] [org.gradle.cache.internal.DefaultFileLockManager] Waiting to acquire shared lock on daemon addresses registry.
2026-09-02T16:46:25.247+0700 [DEBUG] [org.gradle.cache.internal.DefaultFileLockManager] Lock acquired on daemon addresses registry.
2026-09-02T16:46:25.247+0700 [DEBUG] [org.gradle.cache.internal.DefaultFileLockManager] Releasing lock on daemon addresses registry.
2026-09-02T16:46:25.249+0700 [DEBUG] [org.gradle.cache.internal.DefaultFileLockManager] Waiting to acquire shared lock on daemon addresses registry.
2026-09-02T16:46:25.249+0700 [DEBUG] [org.gradle.cache.internal.DefaultFileLockManager] Lock acquired on daemon addresses registry.
2026-09-02T16:46:25.249+0700 [DEBUG] [org.gradle.cache.internal.DefaultFileLockManager] Releasing lock on daemon addresses registry.
2026-09-02T16:46:29.851+0700 [DEBUG] [org.gradle.process.internal.health.memory.DefaultMemoryManager] 638754816 physical memory requested, 539885568 free
2026-09-02T16:46:29.851+0700 [DEBUG] [org.gradle.workers.internal.WorkerDaemonExpiration] Will attempt to release 609 of memory
2026-09-02T16:46:29.851+0700 [DEBUG] [org.gradle.process.internal.health.memory.DefaultMemoryManager] 638754816 physical memory requested, 0 released, 539885568 free
2026-09-02T16:46:34.851+0700 [DEBUG] [org.gradle.process.internal.health.memory.DefaultMemoryManager] 638754816 physical memory requested, 620707840 free
2026-09-02T16:46:34.851+0700 [DEBUG] [org.gradle.workers.internal.WorkerDaemonExpiration] Will attempt to release 609 of memory
2026-09-02T16:46:34.851+0700 [DEBUG] [org.gradle.process.internal.health.memory.DefaultMemoryManager] 638754816 physical memory requested, 0 released, 620707840 free
2026-09-02T16:46:35.243+0700 [DEBUG] [org.gradle.cache.internal.DefaultFileLockManager] Waiting to acquire shared lock on daemon addresses registry.
2026-09-02T16:46:35.244+0700 [DEBUG] [org.gradle.cache.internal.DefaultFileLockManager] Lock acquired on daemon addresses registry.
2026-09-02T16:46:35.276+0700 [DEBUG] [org.gradle.cache.internal.DefaultFileLockManager] Releasing lock on daemon addresses registry.
2026-09-02T16:46:35.277+0700 [DEBUG] [org.gradle.cache.internal.DefaultFileLockManager] Waiting to acquire shared lock on daemon addresses registry.
2026-09-02T16:46:35.277+0700 [DEBUG] [org.gradle.cache.internal.DefaultFileLockManager] Lock acquired on daemon addresses registry.
2026-09-02T16:46:35.277+0700 [DEBUG] [org.gradle.cache.internal.DefaultFileLockManager] Releasing lock on daemon addresses registry.
2026-09-02T16:46:35.278+0700 [DEBUG] [org.gradle.cache.internal.DefaultFileLockManager] Waiting to acquire shared lock on daemon addresses registry.
2026-09-02T16:46:35.279+0700 [DEBUG] [org.gradle.cache.internal.DefaultFileLockManager] Lock acquired on daemon addresses registry.
2026-09-02T16:46:35.279+0700 [DEBUG] [org.gradle.cache.internal.DefaultFileLockManager] Releasing lock on daemon addresses registry.
2026-09-02T16:46:35.613+0700 [DEBUG] [sun.rmi.transport.tcp] RMI TCP Connection(9)-127.0.0.1: (port 61442) connection closed
2026-09-02T16:46:35.724+0700 [DEBUG] [sun.rmi.transport.tcp] RMI TCP Connection(9)-127.0.0.1: close connection, socket: Socket[addr=/127.0.0.1,port=49393,localport=61442]
2026-09-02T16:46:35.920+0700 [DEBUG] [sun.rmi.transport.tcp] RMI TCP Connection(9)-127.0.0.1: socket close: Socket[addr=/127.0.0.1,port=49393,localport=61442]
2026-09-02T16:46:39.564+0700 [DEBUG] [sun.rmi.transport.tcp] RMI TCP Connection(10)-127.0.0.1: accepted socket from [127.0.0.1:61593]
2026-09-02T16:46:39.570+0700 [DEBUG] [sun.rmi.transport.tcp] RMI TCP Connection(10)-127.0.0.1: (port 61442) op = 80
2026-09-02T16:46:39.570+0700 [DEBUG] [sun.rmi.loader] RMI TCP Connection(10)-127.0.0.1: name = "[Ljava.rmi.server.ObjID;", codebase = "", defaultLoader = jdk.internal.loader.ClassLoaders$PlatformClassLoader@69ea2fa6
2026-09-02T16:46:39.570+0700 [DEBUG] [sun.rmi.loader] RMI TCP Connection(10)-127.0.0.1: name = "java.rmi.dgc.Lease", codebase = "", defaultLoader = jdk.internal.loader.ClassLoaders$PlatformClassLoader@69ea2fa6
2026-09-02T16:46:39.571+0700 [DEBUG] [sun.rmi.loader] RMI TCP Connection(10)-127.0.0.1: name = "java.rmi.dgc.VMID", codebase = "", defaultLoader = jdk.internal.loader.ClassLoaders$PlatformClassLoader@69ea2fa6
2026-09-02T16:46:39.571+0700 [DEBUG] [sun.rmi.loader] RMI TCP Connection(10)-127.0.0.1: name = "[B", codebase = "", defaultLoader = jdk.internal.loader.ClassLoaders$PlatformClassLoader@69ea2fa6
2026-09-02T16:46:39.577+0700 [DEBUG] [sun.rmi.loader] RMI TCP Connection(10)-127.0.0.1: name = "java.rmi.server.UID", codebase = "", defaultLoader = jdk.internal.loader.ClassLoaders$PlatformClassLoader@69ea2fa6
2026-09-02T16:46:45.244+0700 [DEBUG] [org.gradle.cache.internal.DefaultFileLockManager] Waiting to acquire shared lock on daemon addresses registry.
2026-09-02T16:46:45.244+0700 [DEBUG] [org.gradle.cache.internal.DefaultFileLockManager] Lock acquired on daemon addresses registry.
2026-09-02T16:46:45.245+0700 [DEBUG] [org.gradle.cache.internal.DefaultFileLockManager] Releasing lock on daemon addresses registry.
2026-09-02T16:46:45.247+0700 [DEBUG] [org.gradle.cache.internal.DefaultFileLockManager] Waiting to acquire shared lock on daemon addresses registry.
2026-09-02T16:46:45.247+0700 [DEBUG] [org.gradle.cache.internal.DefaultFileLockManager] Lock acquired on daemon addresses registry.
2026-09-02T16:46:45.248+0700 [DEBUG] [org.gradle.cache.internal.DefaultFileLockManager] Releasing lock on daemon addresses registry.
2026-09-02T16:46:45.251+0700 [DEBUG] [org.gradle.cache.internal.DefaultFileLockManager] Waiting to acquire shared lock on daemon addresses registry.
2026-09-02T16:46:45.251+0700 [DEBUG] [org.gradle.cache.internal.DefaultFileLockManager] Lock acquired on daemon addresses registry.
2026-09-02T16:46:45.251+0700 [DEBUG] [org.gradle.cache.internal.DefaultFileLockManager] Releasing lock on daemon addresses registry.
2026-09-02T16:46:54.594+0700 [DEBUG] [sun.rmi.transport.tcp] RMI TCP Connection(10)-127.0.0.1: (port 61442) connection closed
2026-09-02T16:46:54.594+0700 [DEBUG] [sun.rmi.transport.tcp] RMI TCP Connection(10)-127.0.0.1: close connection, socket: Socket[addr=/127.0.0.1,port=61593,localport=61442]
2026-09-02T16:46:54.595+0700 [DEBUG] [sun.rmi.transport.tcp] RMI TCP Connection(10)-127.0.0.1: socket close: Socket[addr=/127.0.0.1,port=61593,localport=61442]
2026-09-02T16:46:55.256+0700 [DEBUG] [org.gradle.cache.internal.DefaultFileLockManager] Waiting to acquire shared lock on daemon addresses registry.
2026-09-02T16:46:55.257+0700 [DEBUG] [org.gradle.cache.internal.DefaultFileLockManager] Lock acquired on daemon addresses registry.
2026-09-02T16:46:55.258+0700 [DEBUG] [org.gradle.cache.internal.DefaultFileLockManager] Releasing lock on daemon addresses registry.
2026-09-02T16:46:55.262+0700 [DEBUG] [org.gradle.cache.internal.DefaultFileLockManager] Waiting to acquire shared lock on daemon addresses registry.
2026-09-02T16:46:55.263+0700 [DEBUG] [org.gradle.cache.internal.DefaultFileLockManager] Lock acquired on daemon addresses registry.
2026-09-02T16:46:55.264+0700 [DEBUG] [org.gradle.cache.internal.DefaultFileLockManager] Releasing lock on daemon addresses registry.
2026-09-02T16:46:55.266+0700 [DEBUG] [org.gradle.cache.internal.DefaultFileLockManager] Waiting to acquire shared lock on daemon addresses registry.
2026-09-02T16:46:55.266+0700 [DEBUG] [org.gradle.cache.internal.DefaultFileLockManager] Lock acquired on daemon addresses registry.
2026-09-02T16:46:55.268+0700 [DEBUG] [org.gradle.cache.internal.DefaultFileLockManager] Releasing lock on daemon addresses registry.
2026-09-02T16:46:59.851+0700 [DEBUG] [org.gradle.process.internal.health.memory.DefaultMemoryManager] 638754816 physical memory requested, 478785536 free
2026-09-02T16:46:59.852+0700 [DEBUG] [org.gradle.workers.internal.WorkerDaemonExpiration] Will attempt to release 609 of memory
2026-09-02T16:46:59.853+0700 [DEBUG] [org.gradle.process.internal.health.memory.DefaultMemoryManager] 638754816 physical memory requested, 0 released, 478785536 free
2026-09-02T16:47:04.851+0700 [DEBUG] [org.gradle.process.internal.health.memory.DefaultMemoryManager] 638754816 physical memory requested, 346214400 free
2026-09-02T16:47:04.852+0700 [DEBUG] [org.gradle.workers.internal.WorkerDaemonExpiration] Will attempt to release 609 of memory
2026-09-02T16:47:04.852+0700 [DEBUG] [org.gradle.process.internal.health.memory.DefaultMemoryManager] 638754816 physical memory requested, 0 released, 346214400 free
2026-09-02T16:47:05.248+0700 [DEBUG] [org.gradle.cache.internal.DefaultFileLockManager] Waiting to acquire shared lock on daemon addresses registry.
2026-09-02T16:47:05.249+0700 [DEBUG] [org.gradle.cache.internal.DefaultFileLockManager] Lock acquired on daemon addresses registry.
2026-09-02T16:47:05.249+0700 [DEBUG] [org.gradle.cache.internal.DefaultFileLockManager] Releasing lock on daemon addresses registry.
2026-09-02T16:47:05.252+0700 [DEBUG] [org.gradle.cache.internal.DefaultFileLockManager] Waiting to acquire shared lock on daemon addresses registry.
2026-09-02T16:47:05.253+0700 [DEBUG] [org.gradle.cache.internal.DefaultFileLockManager] Lock acquired on daemon addresses registry.
2026-09-02T16:47:05.253+0700 [DEBUG] [org.gradle.cache.internal.DefaultFileLockManager] Releasing lock on daemon addresses registry.
2026-09-02T16:47:05.255+0700 [DEBUG] [org.gradle.cache.internal.DefaultFileLockManager] Waiting to acquire shared lock on daemon addresses registry.
2026-09-02T16:47:05.255+0700 [DEBUG] [org.gradle.cache.internal.DefaultFileLockManager] Lock acquired on daemon addresses registry.
2026-09-02T16:47:05.255+0700 [DEBUG] [org.gradle.cache.internal.DefaultFileLockManager] Releasing lock on daemon addresses registry.
2026-09-02T16:47:09.852+0700 [DEBUG] [org.gradle.process.internal.health.memory.DefaultMemoryManager] 638754816 physical memory requested, 329207808 free
2026-09-02T16:47:09.853+0700 [DEBUG] [org.gradle.workers.internal.WorkerDaemonExpiration] Will attempt to release 609 of memory
2026-09-02T16:47:09.853+0700 [DEBUG] [org.gradle.process.internal.health.memory.DefaultMemoryManager] 638754816 physical memory requested, 0 released, 329207808 free
2026-09-02T16:47:15.260+0700 [DEBUG] [org.gradle.cache.internal.DefaultFileLockManager] Waiting to acquire shared lock on daemon addresses registry.
2026-09-02T16:47:15.261+0700 [DEBUG] [org.gradle.cache.internal.DefaultFileLockManager] Lock acquired on daemon addresses registry.
2026-09-02T16:47:15.281+0700 [DEBUG] [org.gradle.cache.internal.DefaultFileLockManager] Releasing lock on daemon addresses registry.
2026-09-02T16:47:15.286+0700 [DEBUG] [org.gradle.cache.internal.DefaultFileLockManager] Waiting to acquire shared lock on daemon addresses registry.
2026-09-02T16:47:15.286+0700 [DEBUG] [org.gradle.cache.internal.DefaultFileLockManager] Lock acquired on daemon addresses registry.
2026-09-02T16:47:15.287+0700 [DEBUG] [org.gradle.cache.internal.DefaultFileLockManager] Releasing lock on daemon addresses registry.
2026-09-02T16:47:15.291+0700 [DEBUG] [org.gradle.cache.internal.DefaultFileLockManager] Waiting to acquire shared lock on daemon addresses registry.
2026-09-02T16:47:15.292+0700 [DEBUG] [org.gradle.cache.internal.DefaultFileLockManager] Lock acquired on daemon addresses registry.
2026-09-02T16:47:15.293+0700 [DEBUG] [org.gradle.cache.internal.DefaultFileLockManager] Releasing lock on daemon addresses registry.
2026-09-02T16:47:19.853+0700 [DEBUG] [org.gradle.process.internal.health.memory.DefaultMemoryManager] 638754816 physical memory requested, 620318720 free
2026-09-02T16:47:19.854+0700 [DEBUG] [org.gradle.workers.internal.WorkerDaemonExpiration] Will attempt to release 609 of memory
2026-09-02T16:47:19.855+0700 [DEBUG] [org.gradle.process.internal.health.memory.DefaultMemoryManager] 638754816 physical memory requested, 0 released, 620318720 free
2026-09-02T16:47:24.853+0700 [DEBUG] [org.gradle.process.internal.health.memory.DefaultMemoryManager] 638754816 physical memory requested, 610799616 free
2026-09-02T16:47:24.854+0700 [DEBUG] [org.gradle.workers.internal.WorkerDaemonExpiration] Will attempt to release 609 of memory
2026-09-02T16:47:24.855+0700 [DEBUG] [org.gradle.process.internal.health.memory.DefaultMemoryManager] 638754816 physical memory requested, 0 released, 610799616 free
2026-09-02T16:47:25.256+0700 [DEBUG] [org.gradle.cache.internal.DefaultFileLockManager] Waiting to acquire shared lock on daemon addresses registry.
2026-09-02T16:47:25.257+0700 [DEBUG] [org.gradle.cache.internal.DefaultFileLockManager] Lock acquired on daemon addresses registry.
2026-09-02T16:47:25.257+0700 [DEBUG] [org.gradle.cache.internal.DefaultFileLockManager] Releasing lock on daemon addresses registry.
2026-09-02T16:47:25.262+0700 [DEBUG] [org.gradle.cache.internal.DefaultFileLockManager] Waiting to acquire shared lock on daemon addresses registry.
2026-09-02T16:47:25.262+0700 [DEBUG] [org.gradle.cache.internal.DefaultFileLockManager] Lock acquired on daemon addresses registry.
2026-09-02T16:47:25.263+0700 [DEBUG] [org.gradle.cache.internal.DefaultFileLockManager] Releasing lock on daemon addresses registry.
2026-09-02T16:47:25.264+0700 [DEBUG] [org.gradle.cache.internal.DefaultFileLockManager] Waiting to acquire shared lock on daemon addresses registry.
2026-09-02T16:47:25.265+0700 [DEBUG] [org.gradle.cache.internal.DefaultFileLockManager] Lock acquired on daemon addresses registry.
2026-09-02T16:47:25.265+0700 [DEBUG] [org.gradle.cache.internal.DefaultFileLockManager] Releasing lock on daemon addresses registry.
2026-09-02T16:47:34.853+0700 [DEBUG] [org.gradle.process.internal.health.memory.DefaultMemoryManager] 638754816 physical memory requested, 607174656 free
2026-09-02T16:47:34.854+0700 [DEBUG] [org.gradle.workers.internal.WorkerDaemonExpiration] Will attempt to release 609 of memory
2026-09-02T16:47:34.855+0700 [DEBUG] [org.gradle.process.internal.health.memory.DefaultMemoryManager] 638754816 physical memory requested, 0 released, 607174656 free
2026-09-02T16:47:35.256+0700 [DEBUG] [org.gradle.cache.internal.DefaultFileLockManager] Waiting to acquire shared lock on daemon addresses registry.
2026-09-02T16:47:35.256+0700 [DEBUG] [org.gradle.cache.internal.DefaultFileLockManager] Lock acquired on daemon addresses registry.
2026-09-02T16:47:35.258+0700 [DEBUG] [org.gradle.cache.internal.DefaultFileLockManager] Releasing lock on daemon addresses registry.
2026-09-02T16:47:35.260+0700 [DEBUG] [org.gradle.cache.internal.DefaultFileLockManager] Waiting to acquire shared lock on daemon addresses registry.
2026-09-02T16:47:35.261+0700 [DEBUG] [org.gradle.cache.internal.DefaultFileLockManager] Lock acquired on daemon addresses registry.
2026-09-02T16:47:35.261+0700 [DEBUG] [org.gradle.cache.internal.DefaultFileLockManager] Releasing lock on daemon addresses registry.
2026-09-02T16:47:35.262+0700 [DEBUG] [org.gradle.cache.internal.DefaultFileLockManager] Waiting to acquire shared lock on daemon addresses registry.
2026-09-02T16:47:35.263+0700 [DEBUG] [org.gradle.cache.internal.DefaultFileLockManager] Lock acquired on daemon addresses registry.
2026-09-02T16:47:35.263+0700 [DEBUG] [org.gradle.cache.internal.DefaultFileLockManager] Releasing lock on daemon addresses registry.
2026-09-02T16:47:39.853+0700 [DEBUG] [org.gradle.process.internal.health.memory.DefaultMemoryManager] 638754816 physical memory requested, 514109440 free
2026-09-02T16:47:39.855+0700 [DEBUG] [org.gradle.workers.internal.WorkerDaemonExpiration] Will attempt to release 609 of memory
2026-09-02T16:47:39.855+0700 [DEBUG] [org.gradle.process.internal.health.memory.DefaultMemoryManager] 638754816 physical memory requested, 0 released, 514109440 free
2026-09-02T16:47:44.851+0700 [DEBUG] [org.gradle.process.internal.health.memory.DefaultMemoryManager] 638754816 physical memory requested, 489246720 free
2026-09-02T16:47:44.851+0700 [DEBUG] [org.gradle.workers.internal.WorkerDaemonExpiration] Will attempt to release 609 of memory
2026-09-02T16:47:44.851+0700 [DEBUG] [org.gradle.process.internal.health.memory.DefaultMemoryManager] 638754816 physical memory requested, 0 released, 489246720 free
2026-09-02T16:47:45.254+0700 [DEBUG] [org.gradle.cache.internal.DefaultFileLockManager] Waiting to acquire shared lock on daemon addresses registry.
2026-09-02T16:47:45.254+0700 [DEBUG] [org.gradle.cache.internal.DefaultFileLockManager] Lock acquired on daemon addresses registry.
2026-09-02T16:47:45.254+0700 [DEBUG] [org.gradle.cache.internal.DefaultFileLockManager] Releasing lock on daemon addresses registry.
2026-09-02T16:47:45.256+0700 [DEBUG] [org.gradle.cache.internal.DefaultFileLockManager] Waiting to acquire shared lock on daemon addresses registry.
2026-09-02T16:47:45.257+0700 [DEBUG] [org.gradle.cache.internal.DefaultFileLockManager] Lock acquired on daemon addresses registry.
2026-09-02T16:47:45.257+0700 [DEBUG] [org.gradle.cache.internal.DefaultFileLockManager] Releasing lock on daemon addresses registry.
2026-09-02T16:47:45.258+0700 [DEBUG] [org.gradle.cache.internal.DefaultFileLockManager] Waiting to acquire shared lock on daemon addresses registry.
2026-09-02T16:47:45.258+0700 [DEBUG] [org.gradle.cache.internal.DefaultFileLockManager] Lock acquired on daemon addresses registry.
2026-09-02T16:47:45.259+0700 [DEBUG] [org.gradle.cache.internal.DefaultFileLockManager] Releasing lock on daemon addresses registry.
2026-09-02T16:47:49.851+0700 [DEBUG] [org.gradle.process.internal.health.memory.DefaultMemoryManager] 638754816 physical memory requested, 459075584 free
2026-09-02T16:47:49.851+0700 [DEBUG] [org.gradle.workers.internal.WorkerDaemonExpiration] Will attempt to release 609 of memory
2026-09-02T16:47:49.851+0700 [DEBUG] [org.gradle.process.internal.health.memory.DefaultMemoryManager] 638754816 physical memory requested, 0 released, 459075584 free
2026-09-02T16:47:54.854+0700 [DEBUG] [org.gradle.process.internal.health.memory.DefaultMemoryManager] 638754816 physical memory requested, 402608128 free
2026-09-02T16:47:54.854+0700 [DEBUG] [org.gradle.workers.internal.WorkerDaemonExpiration] Will attempt to release 609 of memory
2026-09-02T16:47:54.854+0700 [DEBUG] [org.gradle.process.internal.health.memory.DefaultMemoryManager] 638754816 physical memory requested, 0 released, 402608128 free
2026-09-02T16:47:55.246+0700 [DEBUG] [org.gradle.cache.internal.DefaultFileLockManager] Waiting to acquire shared lock on daemon addresses registry.
2026-09-02T16:47:55.246+0700 [DEBUG] [org.gradle.cache.internal.DefaultFileLockManager] Lock acquired on daemon addresses registry.
2026-09-02T16:47:55.246+0700 [DEBUG] [org.gradle.cache.internal.DefaultFileLockManager] Releasing lock on daemon addresses registry.
2026-09-02T16:47:55.248+0700 [DEBUG] [org.gradle.cache.internal.DefaultFileLockManager] Waiting to acquire shared lock on daemon addresses registry.
2026-09-02T16:47:55.248+0700 [DEBUG] [org.gradle.cache.internal.DefaultFileLockManager] Lock acquired on daemon addresses registry.
2026-09-02T16:47:55.249+0700 [DEBUG] [org.gradle.cache.internal.DefaultFileLockManager] Releasing lock on daemon addresses registry.
2026-09-02T16:47:55.250+0700 [DEBUG] [org.gradle.cache.internal.DefaultFileLockManager] Waiting to acquire shared lock on daemon addresses registry.
2026-09-02T16:47:55.250+0700 [DEBUG] [org.gradle.cache.internal.DefaultFileLockManager] Lock acquired on daemon addresses registry.
2026-09-02T16:47:55.251+0700 [DEBUG] [org.gradle.cache.internal.DefaultFileLockManager] Releasing lock on daemon addresses registry.
2026-09-02T16:47:59.852+0700 [DEBUG] [org.gradle.process.internal.health.memory.DefaultMemoryManager] 638754816 physical memory requested, 424177664 free
2026-09-02T16:47:59.852+0700 [DEBUG] [org.gradle.workers.internal.WorkerDaemonExpiration] Will attempt to release 609 of memory
2026-09-02T16:47:59.852+0700 [DEBUG] [org.gradle.process.internal.health.memory.DefaultMemoryManager] 638754816 physical memory requested, 0 released, 424177664 free
2026-09-02T16:48:04.854+0700 [DEBUG] [org.gradle.process.internal.health.memory.DefaultMemoryManager] 638754816 physical memory requested, 402980864 free
2026-09-02T16:48:04.854+0700 [DEBUG] [org.gradle.workers.internal.WorkerDaemonExpiration] Will attempt to release 609 of memory
2026-09-02T16:48:04.854+0700 [DEBUG] [org.gradle.process.internal.health.memory.DefaultMemoryManager] 638754816 physical memory requested, 0 released, 402980864 free
2026-09-02T16:48:05.256+0700 [DEBUG] [org.gradle.cache.internal.DefaultFileLockManager] Waiting to acquire shared lock on daemon addresses registry.
2026-09-02T16:48:05.257+0700 [DEBUG] [org.gradle.cache.internal.DefaultFileLockManager] Lock acquired on daemon addresses registry.
2026-09-02T16:48:05.258+0700 [DEBUG] [org.gradle.cache.internal.DefaultFileLockManager] Releasing lock on daemon addresses registry.
2026-09-02T16:48:05.259+0700 [DEBUG] [org.gradle.cache.internal.DefaultFileLockManager] Waiting to acquire shared lock on daemon addresses registry.
2026-09-02T16:48:05.260+0700 [DEBUG] [org.gradle.cache.internal.DefaultFileLockManager] Lock acquired on daemon addresses registry.
2026-09-02T16:48:05.260+0700 [DEBUG] [org.gradle.cache.internal.DefaultFileLockManager] Releasing lock on daemon addresses registry.
2026-09-02T16:48:05.261+0700 [DEBUG] [org.gradle.cache.internal.DefaultFileLockManager] Waiting to acquire shared lock on daemon addresses registry.
2026-09-02T16:48:05.261+0700 [DEBUG] [org.gradle.cache.internal.DefaultFileLockManager] Lock acquired on daemon addresses registry.
2026-09-02T16:48:05.262+0700 [DEBUG] [org.gradle.cache.internal.DefaultFileLockManager] Releasing lock on daemon addresses registry.
2026-09-02T16:48:09.854+0700 [DEBUG] [org.gradle.process.internal.health.memory.DefaultMemoryManager] 638754816 physical memory requested, 472354816 free
2026-09-02T16:48:09.854+0700 [DEBUG] [org.gradle.workers.internal.WorkerDaemonExpiration] Will attempt to release 609 of memory
2026-09-02T16:48:09.855+0700 [DEBUG] [org.gradle.process.internal.health.memory.DefaultMemoryManager] 638754816 physical memory requested, 0 released, 472354816 free
2026-09-02T16:48:14.853+0700 [DEBUG] [org.gradle.process.internal.health.memory.DefaultMemoryManager] 638754816 physical memory requested, 476143616 free
2026-09-02T16:48:14.853+0700 [DEBUG] [org.gradle.workers.internal.WorkerDaemonExpiration] Will attempt to release 609 of memory
2026-09-02T16:48:14.853+0700 [DEBUG] [org.gradle.process.internal.health.memory.DefaultMemoryManager] 638754816 physical memory requested, 0 released, 476143616 free
2026-09-02T16:48:15.253+0700 [DEBUG] [org.gradle.cache.internal.DefaultFileLockManager] Waiting to acquire shared lock on daemon addresses registry.
2026-09-02T16:48:15.253+0700 [DEBUG] [org.gradle.cache.internal.DefaultFileLockManager] Lock acquired on daemon addresses registry.
2026-09-02T16:48:15.255+0700 [DEBUG] [org.gradle.cache.internal.DefaultFileLockManager] Releasing lock on daemon addresses registry.
2026-09-02T16:48:15.256+0700 [DEBUG] [org.gradle.cache.internal.DefaultFileLockManager] Waiting to acquire shared lock on daemon addresses registry.
2026-09-02T16:48:15.256+0700 [DEBUG] [org.gradle.cache.internal.DefaultFileLockManager] Lock acquired on daemon addresses registry.
2026-09-02T16:48:15.257+0700 [DEBUG] [org.gradle.cache.internal.DefaultFileLockManager] Releasing lock on daemon addresses registry.
2026-09-02T16:48:15.258+0700 [DEBUG] [org.gradle.cache.internal.DefaultFileLockManager] Waiting to acquire shared lock on daemon addresses registry.
2026-09-02T16:48:15.258+0700 [DEBUG] [org.gradle.cache.internal.DefaultFileLockManager] Lock acquired on daemon addresses registry.
2026-09-02T16:48:15.258+0700 [DEBUG] [org.gradle.cache.internal.DefaultFileLockManager] Releasing lock on daemon addresses registry.
2026-09-02T16:48:19.855+0700 [DEBUG] [org.gradle.process.internal.health.memory.DefaultMemoryManager] 638754816 physical memory requested, 465575936 free
2026-09-02T16:48:19.855+0700 [DEBUG] [org.gradle.workers.internal.WorkerDaemonExpiration] Will attempt to release 609 of memory
2026-09-02T16:48:19.855+0700 [DEBUG] [org.gradle.process.internal.health.memory.DefaultMemoryManager] 638754816 physical memory requested, 0 released, 465575936 free
2026-09-02T16:48:24.855+0700 [DEBUG] [org.gradle.process.internal.health.memory.DefaultMemoryManager] 638754816 physical memory requested, 459276288 free
2026-09-02T16:48:24.855+0700 [DEBUG] [org.gradle.workers.internal.WorkerDaemonExpiration] Will attempt to release 609 of memory
2026-09-02T16:48:24.855+0700 [DEBUG] [org.gradle.process.internal.health.memory.DefaultMemoryManager] 638754816 physical memory requested, 0 released, 459276288 free
2026-09-02T16:48:25.256+0700 [DEBUG] [org.gradle.cache.internal.DefaultFileLockManager] Waiting to acquire shared lock on daemon addresses registry.
2026-09-02T16:48:25.256+0700 [DEBUG] [org.gradle.cache.internal.DefaultFileLockManager] Lock acquired on daemon addresses registry.
2026-09-02T16:48:25.258+0700 [DEBUG] [org.gradle.cache.internal.DefaultFileLockManager] Releasing lock on daemon addresses registry.
2026-09-02T16:48:25.261+0700 [DEBUG] [org.gradle.cache.internal.DefaultFileLockManager] Waiting to acquire shared lock on daemon addresses registry.
2026-09-02T16:48:25.261+0700 [DEBUG] [org.gradle.cache.internal.DefaultFileLockManager] Lock acquired on daemon addresses registry.
2026-09-02T16:48:25.262+0700 [DEBUG] [org.gradle.cache.internal.DefaultFileLockManager] Releasing lock on daemon addresses registry.
2026-09-02T16:48:25.263+0700 [DEBUG] [org.gradle.cache.internal.DefaultFileLockManager] Waiting to acquire shared lock on daemon addresses registry.
2026-09-02T16:48:25.263+0700 [DEBUG] [org.gradle.cache.internal.DefaultFileLockManager] Lock acquired on daemon addresses registry.
2026-09-02T16:48:25.264+0700 [DEBUG] [org.gradle.cache.internal.DefaultFileLockManager] Releasing lock on daemon addresses registry.
2026-09-02T16:48:29.855+0700 [DEBUG] [org.gradle.process.internal.health.memory.DefaultMemoryManager] 638754816 physical memory requested, 450658304 free
2026-09-02T16:48:29.857+0700 [DEBUG] [org.gradle.workers.internal.WorkerDaemonExpiration] Will attempt to release 609 of memory
2026-09-02T16:48:29.857+0700 [DEBUG] [org.gradle.process.internal.health.memory.DefaultMemoryManager] 638754816 physical memory requested, 0 released, 450658304 free
2026-09-02T16:48:34.856+0700 [DEBUG] [org.gradle.process.internal.health.memory.DefaultMemoryManager] 638754816 physical memory requested, 458129408 free
2026-09-02T16:48:34.856+0700 [DEBUG] [org.gradle.workers.internal.WorkerDaemonExpiration] Will attempt to release 609 of memory
2026-09-02T16:48:34.856+0700 [DEBUG] [org.gradle.process.internal.health.memory.DefaultMemoryManager] 638754816 physical memory requested, 0 released, 458129408 free
2026-09-02T16:48:35.256+0700 [DEBUG] [org.gradle.cache.internal.DefaultFileLockManager] Waiting to acquire shared lock on daemon addresses registry.
2026-09-02T16:48:35.256+0700 [DEBUG] [org.gradle.cache.internal.DefaultFileLockManager] Lock acquired on daemon addresses registry.
2026-09-02T16:48:35.257+0700 [DEBUG] [org.gradle.cache.internal.DefaultFileLockManager] Releasing lock on daemon addresses registry.
2026-09-02T16:48:35.258+0700 [DEBUG] [org.gradle.cache.internal.DefaultFileLockManager] Waiting to acquire shared lock on daemon addresses registry.
2026-09-02T16:48:35.258+0700 [DEBUG] [org.gradle.cache.internal.DefaultFileLockManager] Lock acquired on daemon addresses registry.
2026-09-02T16:48:35.258+0700 [DEBUG] [org.gradle.cache.internal.DefaultFileLockManager] Releasing lock on daemon addresses registry.
2026-09-02T16:48:35.259+0700 [DEBUG] [org.gradle.cache.internal.DefaultFileLockManager] Waiting to acquire shared lock on daemon addresses registry.
2026-09-02T16:48:35.260+0700 [DEBUG] [org.gradle.cache.internal.DefaultFileLockManager] Lock acquired on daemon addresses registry.
2026-09-02T16:48:35.260+0700 [DEBUG] [org.gradle.cache.internal.DefaultFileLockManager] Releasing lock on daemon addresses registry.
2026-09-02T16:48:39.859+0700 [DEBUG] [org.gradle.process.internal.health.memory.DefaultMemoryManager] 638754816 physical memory requested, 433016832 free
2026-09-02T16:48:39.860+0700 [DEBUG] [org.gradle.workers.internal.WorkerDaemonExpiration] Will attempt to release 609 of memory
2026-09-02T16:48:39.860+0700 [DEBUG] [org.gradle.process.internal.health.memory.DefaultMemoryManager] 638754816 physical memory requested, 0 released, 433016832 free
2026-09-02T16:48:44.855+0700 [DEBUG] [org.gradle.process.internal.health.memory.DefaultMemoryManager] 638754816 physical memory requested, 419741696 free
2026-09-02T16:48:44.855+0700 [DEBUG] [org.gradle.workers.internal.WorkerDaemonExpiration] Will attempt to release 609 of memory
2026-09-02T16:48:44.856+0700 [DEBUG] [org.gradle.process.internal.health.memory.DefaultMemoryManager] 638754816 physical memory requested, 0 released, 419741696 free
2026-09-02T16:48:45.258+0700 [DEBUG] [org.gradle.cache.internal.DefaultFileLockManager] Waiting to acquire shared lock on daemon addresses registry.
2026-09-02T16:48:45.258+0700 [DEBUG] [org.gradle.cache.internal.DefaultFileLockManager] Lock acquired on daemon addresses registry.
2026-09-02T16:48:45.258+0700 [DEBUG] [org.gradle.cache.internal.DefaultFileLockManager] Releasing lock on daemon addresses registry.
2026-09-02T16:48:45.259+0700 [DEBUG] [org.gradle.cache.internal.DefaultFileLockManager] Waiting to acquire shared lock on daemon addresses registry.
2026-09-02T16:48:45.260+0700 [DEBUG] [org.gradle.cache.internal.DefaultFileLockManager] Lock acquired on daemon addresses registry.
2026-09-02T16:48:45.260+0700 [DEBUG] [org.gradle.cache.internal.DefaultFileLockManager] Releasing lock on daemon addresses registry.
2026-09-02T16:48:45.261+0700 [DEBUG] [org.gradle.cache.internal.DefaultFileLockManager] Waiting to acquire shared lock on daemon addresses registry.
2026-09-02T16:48:45.261+0700 [DEBUG] [org.gradle.cache.internal.DefaultFileLockManager] Lock acquired on daemon addresses registry.
2026-09-02T16:48:45.261+0700 [DEBUG] [org.gradle.cache.internal.DefaultFileLockManager] Releasing lock on daemon addresses registry.
2026-09-02T16:48:49.855+0700 [DEBUG] [org.gradle.process.internal.health.memory.DefaultMemoryManager] 638754816 physical memory requested, 420184064 free
2026-09-02T16:48:49.855+0700 [DEBUG] [org.gradle.workers.internal.WorkerDaemonExpiration] Will attempt to release 609 of memory
2026-09-02T16:48:49.855+0700 [DEBUG] [org.gradle.process.internal.health.memory.DefaultMemoryManager] 638754816 physical memory requested, 0 released, 420184064 free
2026-09-02T16:48:54.855+0700 [DEBUG] [org.gradle.process.internal.health.memory.DefaultMemoryManager] 638754816 physical memory requested, 392949760 free
2026-09-02T16:48:54.858+0700 [DEBUG] [org.gradle.workers.internal.WorkerDaemonExpiration] Will attempt to release 609 of memory
2026-09-02T16:48:54.858+0700 [DEBUG] [org.gradle.process.internal.health.memory.DefaultMemoryManager] 638754816 physical memory requested, 0 released, 392949760 free
2026-09-02T16:48:55.254+0700 [DEBUG] [org.gradle.cache.internal.DefaultFileLockManager] Waiting to acquire shared lock on daemon addresses registry.
2026-09-02T16:48:55.254+0700 [DEBUG] [org.gradle.cache.internal.DefaultFileLockManager] Lock acquired on daemon addresses registry.
2026-09-02T16:48:55.254+0700 [DEBUG] [org.gradle.cache.internal.DefaultFileLockManager] Releasing lock on daemon addresses registry.
2026-09-02T16:48:55.256+0700 [DEBUG] [org.gradle.cache.internal.DefaultFileLockManager] Waiting to acquire shared lock on daemon addresses registry.
2026-09-02T16:48:55.256+0700 [DEBUG] [org.gradle.cache.internal.DefaultFileLockManager] Lock acquired on daemon addresses registry.
2026-09-02T16:48:55.257+0700 [DEBUG] [org.gradle.cache.internal.DefaultFileLockManager] Releasing lock on daemon addresses registry.
2026-09-02T16:48:55.258+0700 [DEBUG] [org.gradle.cache.internal.DefaultFileLockManager] Waiting to acquire shared lock on daemon addresses registry.
2026-09-02T16:48:55.258+0700 [DEBUG] [org.gradle.cache.internal.DefaultFileLockManager] Lock acquired on daemon addresses registry.
2026-09-02T16:48:55.259+0700 [DEBUG] [org.gradle.cache.internal.DefaultFileLockManager] Releasing lock on daemon addresses registry.
2026-09-02T16:48:59.855+0700 [DEBUG] [org.gradle.process.internal.health.memory.DefaultMemoryManager] 638754816 physical memory requested, 399523840 free
2026-09-02T16:48:59.856+0700 [DEBUG] [org.gradle.workers.internal.WorkerDaemonExpiration] Will attempt to release 609 of memory
2026-09-02T16:48:59.856+0700 [DEBUG] [org.gradle.process.internal.health.memory.DefaultMemoryManager] 638754816 physical memory requested, 0 released, 399523840 free
2026-09-02T16:49:04.855+0700 [DEBUG] [org.gradle.process.internal.health.memory.DefaultMemoryManager] 638754816 physical memory requested, 377274368 free
2026-09-02T16:49:04.856+0700 [DEBUG] [org.gradle.workers.internal.WorkerDaemonExpiration] Will attempt to release 609 of memory
2026-09-02T16:49:04.856+0700 [DEBUG] [org.gradle.process.internal.health.memory.DefaultMemoryManager] 638754816 physical memory requested, 0 released, 377274368 free
2026-09-02T16:49:05.257+0700 [DEBUG] [org.gradle.cache.internal.DefaultFileLockManager] Waiting to acquire shared lock on daemon addresses registry.
2026-09-02T16:49:05.257+0700 [DEBUG] [org.gradle.cache.internal.DefaultFileLockManager] Lock acquired on daemon addresses registry.
2026-09-02T16:49:05.258+0700 [DEBUG] [org.gradle.cache.internal.DefaultFileLockManager] Releasing lock on daemon addresses registry.
2026-09-02T16:49:05.260+0700 [DEBUG] [org.gradle.cache.internal.DefaultFileLockManager] Waiting to acquire shared lock on daemon addresses registry.
2026-09-02T16:49:05.260+0700 [DEBUG] [org.gradle.cache.internal.DefaultFileLockManager] Lock acquired on daemon addresses registry.
2026-09-02T16:49:05.260+0700 [DEBUG] [org.gradle.cache.internal.DefaultFileLockManager] Releasing lock on daemon addresses registry.
2026-09-02T16:49:05.261+0700 [DEBUG] [org.gradle.cache.internal.DefaultFileLockManager] Waiting to acquire shared lock on daemon addresses registry.
2026-09-02T16:49:05.261+0700 [DEBUG] [org.gradle.cache.internal.DefaultFileLockManager] Lock acquired on daemon addresses registry.
2026-09-02T16:49:05.262+0700 [DEBUG] [org.gradle.cache.internal.DefaultFileLockManager] Releasing lock on daemon addresses registry.
2026-09-02T16:49:09.855+0700 [DEBUG] [org.gradle.process.internal.health.memory.DefaultMemoryManager] 638754816 physical memory requested, 427065344 free
2026-09-02T16:49:09.855+0700 [DEBUG] [org.gradle.workers.internal.WorkerDaemonExpiration] Will attempt to release 609 of memory
2026-09-02T16:49:09.855+0700 [DEBUG] [org.gradle.process.internal.health.memory.DefaultMemoryManager] 638754816 physical memory requested, 0 released, 427065344 free
2026-09-02T16:49:14.852+0700 [DEBUG] [org.gradle.process.internal.health.memory.DefaultMemoryManager] 638754816 physical memory requested, 421941248 free
2026-09-02T16:49:14.852+0700 [DEBUG] [org.gradle.workers.internal.WorkerDaemonExpiration] Will attempt to release 609 of memory
2026-09-02T16:49:14.852+0700 [DEBUG] [org.gradle.process.internal.health.memory.DefaultMemoryManager] 638754816 physical memory requested, 0 released, 421941248 free
2026-09-02T16:49:15.257+0700 [DEBUG] [org.gradle.cache.internal.DefaultFileLockManager] Waiting to acquire shared lock on daemon addresses registry.
2026-09-02T16:49:15.257+0700 [DEBUG] [org.gradle.cache.internal.DefaultFileLockManager] Lock acquired on daemon addresses registry.
2026-09-02T16:49:15.258+0700 [DEBUG] [org.gradle.cache.internal.DefaultFileLockManager] Releasing lock on daemon addresses registry.
2026-09-02T16:49:15.260+0700 [DEBUG] [org.gradle.cache.internal.DefaultFileLockManager] Waiting to acquire shared lock on daemon addresses registry.
2026-09-02T16:49:15.260+0700 [DEBUG] [org.gradle.cache.internal.DefaultFileLockManager] Lock acquired on daemon addresses registry.
2026-09-02T16:49:15.261+0700 [DEBUG] [org.gradle.cache.internal.DefaultFileLockManager] Releasing lock on daemon addresses registry.
2026-09-02T16:49:15.262+0700 [DEBUG] [org.gradle.cache.internal.DefaultFileLockManager] Waiting to acquire shared lock on daemon addresses registry.
2026-09-02T16:49:15.263+0700 [DEBUG] [org.gradle.cache.internal.DefaultFileLockManager] Lock acquired on daemon addresses registry.
2026-09-02T16:49:15.263+0700 [DEBUG] [org.gradle.cache.internal.DefaultFileLockManager] Releasing lock on daemon addresses registry.
2026-09-02T16:49:19.856+0700 [DEBUG] [org.gradle.process.internal.health.memory.DefaultMemoryManager] 638754816 physical memory requested, 422055936 free
2026-09-02T16:49:19.856+0700 [DEBUG] [org.gradle.workers.internal.WorkerDaemonExpiration] Will attempt to release 609 of memory
2026-09-02T16:49:19.856+0700 [DEBUG] [org.gradle.process.internal.health.memory.DefaultMemoryManager] 638754816 physical memory requested, 0 released, 422055936 free
2026-09-02T16:49:24.851+0700 [DEBUG] [org.gradle.process.internal.health.memory.DefaultMemoryManager] 638754816 physical memory requested, 379080704 free
2026-09-02T16:49:24.851+0700 [DEBUG] [org.gradle.workers.internal.WorkerDaemonExpiration] Will attempt to release 609 of memory
2026-09-02T16:49:24.851+0700 [DEBUG] [org.gradle.process.internal.health.memory.DefaultMemoryManager] 638754816 physical memory requested, 0 released, 379080704 free
2026-09-02T16:49:25.260+0700 [DEBUG] [org.gradle.cache.internal.DefaultFileLockManager] Waiting to acquire shared lock on daemon addresses registry.
2026-09-02T16:49:25.260+0700 [DEBUG] [org.gradle.cache.internal.DefaultFileLockManager] Lock acquired on daemon addresses registry.
2026-09-02T16:49:25.261+0700 [DEBUG] [org.gradle.cache.internal.DefaultFileLockManager] Releasing lock on daemon addresses registry.
2026-09-02T16:49:25.269+0700 [DEBUG] [org.gradle.cache.internal.DefaultFileLockManager] Waiting to acquire shared lock on daemon addresses registry.
2026-09-02T16:49:25.270+0700 [DEBUG] [org.gradle.cache.internal.DefaultFileLockManager] Lock acquired on daemon addresses registry.
2026-09-02T16:49:25.271+0700 [DEBUG] [org.gradle.cache.internal.DefaultFileLockManager] Releasing lock on daemon addresses registry.
2026-09-02T16:49:25.273+0700 [DEBUG] [org.gradle.cache.internal.DefaultFileLockManager] Waiting to acquire shared lock on daemon addresses registry.
2026-09-02T16:49:25.274+0700 [DEBUG] [org.gradle.cache.internal.DefaultFileLockManager] Lock acquired on daemon addresses registry.
2026-09-02T16:49:25.277+0700 [DEBUG] [org.gradle.cache.internal.DefaultFileLockManager] Releasing lock on daemon addresses registry.
2026-09-02T16:49:29.858+0700 [DEBUG] [org.gradle.process.internal.health.memory.DefaultMemoryManager] 638754816 physical memory requested, 299663360 free
2026-09-02T16:49:29.860+0700 [DEBUG] [org.gradle.workers.internal.WorkerDaemonExpiration] Will attempt to release 609 of memory
2026-09-02T16:49:29.860+0700 [DEBUG] [org.gradle.process.internal.health.memory.DefaultMemoryManager] 638754816 physical memory requested, 0 released, 299663360 free
2026-09-02T16:49:34.857+0700 [DEBUG] [org.gradle.process.internal.health.memory.DefaultMemoryManager] 638754816 physical memory requested, 290066432 free
2026-09-02T16:49:34.857+0700 [DEBUG] [org.gradle.workers.internal.WorkerDaemonExpiration] Will attempt to release 609 of memory
2026-09-02T16:49:34.857+0700 [DEBUG] [org.gradle.process.internal.health.memory.DefaultMemoryManager] 638754816 physical memory requested, 0 released, 290066432 free
2026-09-02T16:49:35.263+0700 [DEBUG] [org.gradle.cache.internal.DefaultFileLockManager] Waiting to acquire shared lock on daemon addresses registry.
2026-09-02T16:49:35.266+0700 [DEBUG] [org.gradle.cache.internal.DefaultFileLockManager] Lock acquired on daemon addresses registry.
2026-09-02T16:49:35.267+0700 [DEBUG] [org.gradle.cache.internal.DefaultFileLockManager] Releasing lock on daemon addresses registry.
2026-09-02T16:49:35.286+0700 [DEBUG] [org.gradle.cache.internal.DefaultFileLockManager] Waiting to acquire shared lock on daemon addresses registry.
2026-09-02T16:49:35.286+0700 [DEBUG] [org.gradle.cache.internal.DefaultFileLockManager] Lock acquired on daemon addresses registry.
2026-09-02T16:49:35.290+0700 [DEBUG] [org.gradle.cache.internal.DefaultFileLockManager] Releasing lock on daemon addresses registry.
2026-09-02T16:49:35.298+0700 [DEBUG] [org.gradle.cache.internal.DefaultFileLockManager] Waiting to acquire shared lock on daemon addresses registry.
2026-09-02T16:49:35.299+0700 [DEBUG] [org.gradle.cache.internal.DefaultFileLockManager] Lock acquired on daemon addresses registry.
2026-09-02T16:49:35.305+0700 [DEBUG] [org.gradle.cache.internal.DefaultFileLockManager] Releasing lock on daemon addresses registry.
2026-09-02T16:49:39.850+0700 [DEBUG] [org.gradle.process.internal.health.memory.DefaultMemoryManager] 638754816 physical memory requested, 485085184 free
2026-09-02T16:49:39.850+0700 [DEBUG] [org.gradle.workers.internal.WorkerDaemonExpiration] Will attempt to release 609 of memory
2026-09-02T16:49:39.850+0700 [DEBUG] [org.gradle.process.internal.health.memory.DefaultMemoryManager] 638754816 physical memory requested, 0 released, 485085184 free
2026-09-02T16:49:44.849+0700 [DEBUG] [org.gradle.process.internal.health.memory.DefaultMemoryManager] 638754816 physical memory requested, 390512640 free
2026-09-02T16:49:44.850+0700 [DEBUG] [org.gradle.workers.internal.WorkerDaemonExpiration] Will attempt to release 609 of memory
2026-09-02T16:49:44.850+0700 [DEBUG] [org.gradle.process.internal.health.memory.DefaultMemoryManager] 638754816 physical memory requested, 0 released, 390512640 free
2026-09-02T16:49:45.255+0700 [DEBUG] [org.gradle.cache.internal.DefaultFileLockManager] Waiting to acquire shared lock on daemon addresses registry.
2026-09-02T16:49:45.255+0700 [DEBUG] [org.gradle.cache.internal.DefaultFileLockManager] Lock acquired on daemon addresses registry.
2026-09-02T16:49:45.286+0700 [DEBUG] [org.gradle.cache.internal.DefaultFileLockManager] Releasing lock on daemon addresses registry.
2026-09-02T16:49:45.293+0700 [DEBUG] [org.gradle.cache.internal.DefaultFileLockManager] Waiting to acquire shared lock on daemon addresses registry.
2026-09-02T16:49:45.294+0700 [DEBUG] [org.gradle.cache.internal.DefaultFileLockManager] Lock acquired on daemon addresses registry.
2026-09-02T16:49:45.296+0700 [DEBUG] [org.gradle.cache.internal.DefaultFileLockManager] Releasing lock on daemon addresses registry.
2026-09-02T16:49:45.298+0700 [DEBUG] [org.gradle.cache.internal.DefaultFileLockManager] Waiting to acquire shared lock on daemon addresses registry.
2026-09-02T16:49:45.299+0700 [DEBUG] [org.gradle.cache.internal.DefaultFileLockManager] Lock acquired on daemon addresses registry.
2026-09-02T16:49:45.303+0700 [DEBUG] [org.gradle.cache.internal.DefaultFileLockManager] Releasing lock on daemon addresses registry.
2026-09-02T16:49:49.850+0700 [DEBUG] [org.gradle.process.internal.health.memory.DefaultMemoryManager] 638754816 physical memory requested, 552439808 free
2026-09-02T16:49:49.850+0700 [DEBUG] [org.gradle.workers.internal.WorkerDaemonExpiration] Will attempt to release 609 of memory
2026-09-02T16:49:49.850+0700 [DEBUG] [org.gradle.process.internal.health.memory.DefaultMemoryManager] 638754816 physical memory requested, 0 released, 552439808 free
2026-09-02T16:49:54.850+0700 [DEBUG] [org.gradle.process.internal.health.memory.DefaultMemoryManager] 638754816 physical memory requested, 502513664 free
2026-09-02T16:49:54.850+0700 [DEBUG] [org.gradle.workers.internal.WorkerDaemonExpiration] Will attempt to release 609 of memory
2026-09-02T16:49:54.851+0700 [DEBUG] [org.gradle.process.internal.health.memory.DefaultMemoryManager] 638754816 physical memory requested, 0 released, 502513664 free
2026-09-02T16:49:55.244+0700 [DEBUG] [org.gradle.cache.internal.DefaultFileLockManager] Waiting to acquire shared lock on daemon addresses registry.
2026-09-02T16:49:55.244+0700 [DEBUG] [org.gradle.cache.internal.DefaultFileLockManager] Lock acquired on daemon addresses registry.
2026-09-02T16:49:55.245+0700 [DEBUG] [org.gradle.cache.internal.DefaultFileLockManager] Releasing lock on daemon addresses registry.
2026-09-02T16:49:55.248+0700 [DEBUG] [org.gradle.cache.internal.DefaultFileLockManager] Waiting to acquire shared lock on daemon addresses registry.
2026-09-02T16:49:55.248+0700 [DEBUG] [org.gradle.cache.internal.DefaultFileLockManager] Lock acquired on daemon addresses registry.
2026-09-02T16:49:55.248+0700 [DEBUG] [org.gradle.cache.internal.DefaultFileLockManager] Releasing lock on daemon addresses registry.
2026-09-02T16:49:55.251+0700 [DEBUG] [org.gradle.cache.internal.DefaultFileLockManager] Waiting to acquire shared lock on daemon addresses registry.
2026-09-02T16:49:55.251+0700 [DEBUG] [org.gradle.cache.internal.DefaultFileLockManager] Lock acquired on daemon addresses registry.
2026-09-02T16:49:55.251+0700 [DEBUG] [org.gradle.cache.internal.DefaultFileLockManager] Releasing lock on daemon addresses registry.
2026-09-02T16:49:59.851+0700 [DEBUG] [org.gradle.process.internal.health.memory.DefaultMemoryManager] 638754816 physical memory requested, 486801408 free
2026-09-02T16:49:59.852+0700 [DEBUG] [org.gradle.workers.internal.WorkerDaemonExpiration] Will attempt to release 609 of memory
2026-09-02T16:49:59.852+0700 [DEBUG] [org.gradle.process.internal.health.memory.DefaultMemoryManager] 638754816 physical memory requested, 0 released, 486801408 free
2026-09-02T16:50:04.851+0700 [DEBUG] [org.gradle.process.internal.health.memory.DefaultMemoryManager] 638754816 physical memory requested, 391168000 free
2026-09-02T16:50:04.851+0700 [DEBUG] [org.gradle.workers.internal.WorkerDaemonExpiration] Will attempt to release 609 of memory
2026-09-02T16:50:04.851+0700 [DEBUG] [org.gradle.process.internal.health.memory.DefaultMemoryManager] 638754816 physical memory requested, 0 released, 391168000 free
2026-09-02T16:50:05.245+0700 [DEBUG] [org.gradle.cache.internal.DefaultFileLockManager] Waiting to acquire shared lock on daemon addresses registry.
2026-09-02T16:50:05.246+0700 [DEBUG] [org.gradle.cache.internal.DefaultFileLockManager] Lock acquired on daemon addresses registry.
2026-09-02T16:50:05.246+0700 [DEBUG] [org.gradle.cache.internal.DefaultFileLockManager] Releasing lock on daemon addresses registry.
2026-09-02T16:50:05.249+0700 [DEBUG] [org.gradle.cache.internal.DefaultFileLockManager] Waiting to acquire shared lock on daemon addresses registry.
2026-09-02T16:50:05.249+0700 [DEBUG] [org.gradle.cache.internal.DefaultFileLockManager] Lock acquired on daemon addresses registry.
2026-09-02T16:50:05.250+0700 [DEBUG] [org.gradle.cache.internal.DefaultFileLockManager] Releasing lock on daemon addresses registry.
2026-09-02T16:50:05.251+0700 [DEBUG] [org.gradle.cache.internal.DefaultFileLockManager] Waiting to acquire shared lock on daemon addresses registry.
2026-09-02T16:50:05.252+0700 [DEBUG] [org.gradle.cache.internal.DefaultFileLockManager] Lock acquired on daemon addresses registry.
2026-09-02T16:50:05.252+0700 [DEBUG] [org.gradle.cache.internal.DefaultFileLockManager] Releasing lock on daemon addresses registry.
2026-09-02T16:50:09.851+0700 [DEBUG] [org.gradle.process.internal.health.memory.DefaultMemoryManager] 638754816 physical memory requested, 419450880 free
2026-09-02T16:50:09.851+0700 [DEBUG] [org.gradle.workers.internal.WorkerDaemonExpiration] Will attempt to release 609 of memory
2026-09-02T16:50:09.852+0700 [DEBUG] [org.gradle.process.internal.health.memory.DefaultMemoryManager] 638754816 physical memory requested, 0 released, 419450880 free
2026-09-02T16:50:14.851+0700 [DEBUG] [org.gradle.process.internal.health.memory.DefaultMemoryManager] 638754816 physical memory requested, 418312192 free
2026-09-02T16:50:14.851+0700 [DEBUG] [org.gradle.workers.internal.WorkerDaemonExpiration] Will attempt to release 609 of memory
2026-09-02T16:50:14.851+0700 [DEBUG] [org.gradle.process.internal.health.memory.DefaultMemoryManager] 638754816 physical memory requested, 0 released, 418312192 free
2026-09-02T16:50:15.244+0700 [DEBUG] [org.gradle.cache.internal.DefaultFileLockManager] Waiting to acquire shared lock on daemon addresses registry.
2026-09-02T16:50:15.244+0700 [DEBUG] [org.gradle.cache.internal.DefaultFileLockManager] Lock acquired on daemon addresses registry.
2026-09-02T16:50:15.244+0700 [DEBUG] [org.gradle.cache.internal.DefaultFileLockManager] Releasing lock on daemon addresses registry.
2026-09-02T16:50:15.246+0700 [DEBUG] [org.gradle.cache.internal.DefaultFileLockManager] Waiting to acquire shared lock on daemon addresses registry.
2026-09-02T16:50:15.247+0700 [DEBUG] [org.gradle.cache.internal.DefaultFileLockManager] Lock acquired on daemon addresses registry.
2026-09-02T16:50:15.252+0700 [DEBUG] [org.gradle.cache.internal.DefaultFileLockManager] Releasing lock on daemon addresses registry.
2026-09-02T16:50:15.254+0700 [DEBUG] [org.gradle.cache.internal.DefaultFileLockManager] Waiting to acquire shared lock on daemon addresses registry.
2026-09-02T16:50:15.254+0700 [DEBUG] [org.gradle.cache.internal.DefaultFileLockManager] Lock acquired on daemon addresses registry.
2026-09-02T16:50:15.254+0700 [DEBUG] [org.gradle.cache.internal.DefaultFileLockManager] Releasing lock on daemon addresses registry.
2026-09-02T16:50:19.851+0700 [DEBUG] [org.gradle.process.internal.health.memory.DefaultMemoryManager] 638754816 physical memory requested, 405663744 free
2026-09-02T16:50:19.852+0700 [DEBUG] [org.gradle.workers.internal.WorkerDaemonExpiration] Will attempt to release 609 of memory
2026-09-02T16:50:19.852+0700 [DEBUG] [org.gradle.process.internal.health.memory.DefaultMemoryManager] 638754816 physical memory requested, 0 released, 405663744 free
2026-09-02T16:50:24.851+0700 [DEBUG] [org.gradle.process.internal.health.memory.DefaultMemoryManager] 638754816 physical memory requested, 401784832 free
2026-09-02T16:50:24.851+0700 [DEBUG] [org.gradle.workers.internal.WorkerDaemonExpiration] Will attempt to release 609 of memory
2026-09-02T16:50:24.851+0700 [DEBUG] [org.gradle.process.internal.health.memory.DefaultMemoryManager] 638754816 physical memory requested, 0 released, 401784832 free
2026-09-02T16:50:25.253+0700 [DEBUG] [org.gradle.cache.internal.DefaultFileLockManager] Waiting to acquire shared lock on daemon addresses registry.
2026-09-02T16:50:25.256+0700 [DEBUG] [org.gradle.cache.internal.DefaultFileLockManager] Lock acquired on daemon addresses registry.
2026-09-02T16:50:25.259+0700 [DEBUG] [org.gradle.cache.internal.DefaultFileLockManager] Releasing lock on daemon addresses registry.
2026-09-02T16:50:25.266+0700 [DEBUG] [org.gradle.cache.internal.DefaultFileLockManager] Waiting to acquire shared lock on daemon addresses registry.
2026-09-02T16:50:25.266+0700 [DEBUG] [org.gradle.cache.internal.DefaultFileLockManager] Lock acquired on daemon addresses registry.
2026-09-02T16:50:25.267+0700 [DEBUG] [org.gradle.cache.internal.DefaultFileLockManager] Releasing lock on daemon addresses registry.
2026-09-02T16:50:25.268+0700 [DEBUG] [org.gradle.cache.internal.DefaultFileLockManager] Waiting to acquire shared lock on daemon addresses registry.
2026-09-02T16:50:25.268+0700 [DEBUG] [org.gradle.cache.internal.DefaultFileLockManager] Lock acquired on daemon addresses registry.
2026-09-02T16:50:25.269+0700 [DEBUG] [org.gradle.cache.internal.DefaultFileLockManager] Releasing lock on daemon addresses registry.
2026-09-02T16:50:29.851+0700 [DEBUG] [org.gradle.process.internal.health.memory.DefaultMemoryManager] 638754816 physical memory requested, 398839808 free
2026-09-02T16:50:29.852+0700 [DEBUG] [org.gradle.workers.internal.WorkerDaemonExpiration] Will attempt to release 609 of memory
2026-09-02T16:50:29.852+0700 [DEBUG] [org.gradle.process.internal.health.memory.DefaultMemoryManager] 638754816 physical memory requested, 0 released, 398839808 free
2026-09-02T16:50:34.850+0700 [DEBUG] [org.gradle.process.internal.health.memory.DefaultMemoryManager] 638754816 physical memory requested, 392675328 free
2026-09-02T16:50:34.851+0700 [DEBUG] [org.gradle.workers.internal.WorkerDaemonExpiration] Will attempt to release 609 of memory
2026-09-02T16:50:34.851+0700 [DEBUG] [org.gradle.process.internal.health.memory.DefaultMemoryManager] 638754816 physical memory requested, 0 released, 392675328 free
2026-09-02T16:50:35.245+0700 [DEBUG] [org.gradle.cache.internal.DefaultFileLockManager] Waiting to acquire shared lock on daemon addresses registry.
2026-09-02T16:50:35.245+0700 [DEBUG] [org.gradle.cache.internal.DefaultFileLockManager] Lock acquired on daemon addresses registry.
2026-09-02T16:50:35.246+0700 [DEBUG] [org.gradle.cache.internal.DefaultFileLockManager] Releasing lock on daemon addresses registry.
2026-09-02T16:50:35.250+0700 [DEBUG] [org.gradle.cache.internal.DefaultFileLockManager] Waiting to acquire shared lock on daemon addresses registry.
2026-09-02T16:50:35.250+0700 [DEBUG] [org.gradle.cache.internal.DefaultFileLockManager] Lock acquired on daemon addresses registry.
2026-09-02T16:50:35.250+0700 [DEBUG] [org.gradle.cache.internal.DefaultFileLockManager] Releasing lock on daemon addresses registry.
2026-09-02T16:50:35.252+0700 [DEBUG] [org.gradle.cache.internal.DefaultFileLockManager] Waiting to acquire shared lock on daemon addresses registry.
2026-09-02T16:50:35.252+0700 [DEBUG] [org.gradle.cache.internal.DefaultFileLockManager] Lock acquired on daemon addresses registry.
2026-09-02T16:50:35.253+0700 [DEBUG] [org.gradle.cache.internal.DefaultFileLockManager] Releasing lock on daemon addresses registry.
2026-09-02T16:50:39.852+0700 [DEBUG] [org.gradle.process.internal.health.memory.DefaultMemoryManager] 638754816 physical memory requested, 380391424 free
2026-09-02T16:50:39.852+0700 [DEBUG] [org.gradle.workers.internal.WorkerDaemonExpiration] Will attempt to release 609 of memory
2026-09-02T16:50:39.852+0700 [DEBUG] [org.gradle.process.internal.health.memory.DefaultMemoryManager] 638754816 physical memory requested, 0 released, 380391424 free
2026-09-02T16:50:44.851+0700 [DEBUG] [org.gradle.process.internal.health.memory.DefaultMemoryManager] 638754816 physical memory requested, 375308288 free
2026-09-02T16:50:44.851+0700 [DEBUG] [org.gradle.workers.internal.WorkerDaemonExpiration] Will attempt to release 609 of memory
2026-09-02T16:50:44.851+0700 [DEBUG] [org.gradle.process.internal.health.memory.DefaultMemoryManager] 638754816 physical memory requested, 0 released, 375308288 free
2026-09-02T16:50:45.243+0700 [DEBUG] [org.gradle.cache.internal.DefaultFileLockManager] Waiting to acquire shared lock on daemon addresses registry.
2026-09-02T16:50:45.244+0700 [DEBUG] [org.gradle.cache.internal.DefaultFileLockManager] Lock acquired on daemon addresses registry.
2026-09-02T16:50:45.244+0700 [DEBUG] [org.gradle.cache.internal.DefaultFileLockManager] Releasing lock on daemon addresses registry.
2026-09-02T16:50:45.246+0700 [DEBUG] [org.gradle.cache.internal.DefaultFileLockManager] Waiting to acquire shared lock on daemon addresses registry.
2026-09-02T16:50:45.247+0700 [DEBUG] [org.gradle.cache.internal.DefaultFileLockManager] Lock acquired on daemon addresses registry.
2026-09-02T16:50:45.247+0700 [DEBUG] [org.gradle.cache.internal.DefaultFileLockManager] Releasing lock on daemon addresses registry.
2026-09-02T16:50:45.249+0700 [DEBUG] [org.gradle.cache.internal.DefaultFileLockManager] Waiting to acquire shared lock on daemon addresses registry.
2026-09-02T16:50:45.249+0700 [DEBUG] [org.gradle.cache.internal.DefaultFileLockManager] Lock acquired on daemon addresses registry.
2026-09-02T16:50:45.249+0700 [DEBUG] [org.gradle.cache.internal.DefaultFileLockManager] Releasing lock on daemon addresses registry.
2026-09-02T16:50:49.850+0700 [DEBUG] [org.gradle.process.internal.health.memory.DefaultMemoryManager] 638754816 physical memory requested, 377270272 free
2026-09-02T16:50:49.850+0700 [DEBUG] [org.gradle.workers.internal.WorkerDaemonExpiration] Will attempt to release 609 of memory
2026-09-02T16:50:49.851+0700 [DEBUG] [org.gradle.process.internal.health.memory.DefaultMemoryManager] 638754816 physical memory requested, 0 released, 377270272 free
2026-09-02T16:50:54.852+0700 [DEBUG] [org.gradle.process.internal.health.memory.DefaultMemoryManager] 638754816 physical memory requested, 371159040 free
2026-09-02T16:50:54.852+0700 [DEBUG] [org.gradle.workers.internal.WorkerDaemonExpiration] Will attempt to release 609 of memory
2026-09-02T16:50:54.852+0700 [DEBUG] [org.gradle.process.internal.health.memory.DefaultMemoryManager] 638754816 physical memory requested, 0 released, 371159040 free
2026-09-02T16:50:55.245+0700 [DEBUG] [org.gradle.cache.internal.DefaultFileLockManager] Waiting to acquire shared lock on daemon addresses registry.
2026-09-02T16:50:55.246+0700 [DEBUG] [org.gradle.cache.internal.DefaultFileLockManager] Lock acquired on daemon addresses registry.
2026-09-02T16:50:55.247+0700 [DEBUG] [org.gradle.cache.internal.DefaultFileLockManager] Releasing lock on daemon addresses registry.
2026-09-02T16:50:55.249+0700 [DEBUG] [org.gradle.cache.internal.DefaultFileLockManager] Waiting to acquire shared lock on daemon addresses registry.
2026-09-02T16:50:55.249+0700 [DEBUG] [org.gradle.cache.internal.DefaultFileLockManager] Lock acquired on daemon addresses registry.
2026-09-02T16:50:55.250+0700 [DEBUG] [org.gradle.cache.internal.DefaultFileLockManager] Releasing lock on daemon addresses registry.
2026-09-02T16:50:55.255+0700 [DEBUG] [org.gradle.cache.internal.DefaultFileLockManager] Waiting to acquire shared lock on daemon addresses registry.
2026-09-02T16:50:55.255+0700 [DEBUG] [org.gradle.cache.internal.DefaultFileLockManager] Lock acquired on daemon addresses registry.
2026-09-02T16:50:55.256+0700 [DEBUG] [org.gradle.cache.internal.DefaultFileLockManager] Releasing lock on daemon addresses registry.
2026-09-02T16:50:59.852+0700 [DEBUG] [org.gradle.process.internal.health.memory.DefaultMemoryManager] 638754816 physical memory requested, 374943744 free
2026-09-02T16:50:59.852+0700 [DEBUG] [org.gradle.workers.internal.WorkerDaemonExpiration] Will attempt to release 609 of memory
2026-09-02T16:50:59.852+0700 [DEBUG] [org.gradle.process.internal.health.memory.DefaultMemoryManager] 638754816 physical memory requested, 0 released, 374943744 free
2026-09-02T16:51:04.852+0700 [DEBUG] [org.gradle.process.internal.health.memory.DefaultMemoryManager] 638754816 physical memory requested, 356159488 free
2026-09-02T16:51:04.852+0700 [DEBUG] [org.gradle.workers.internal.WorkerDaemonExpiration] Will attempt to release 609 of memory
2026-09-02T16:51:04.852+0700 [DEBUG] [org.gradle.process.internal.health.memory.DefaultMemoryManager] 638754816 physical memory requested, 0 released, 356159488 free
2026-09-02T16:51:05.244+0700 [DEBUG] [org.gradle.cache.internal.DefaultFileLockManager] Waiting to acquire shared lock on daemon addresses registry.
2026-09-02T16:51:05.244+0700 [DEBUG] [org.gradle.cache.internal.DefaultFileLockManager] Lock acquired on daemon addresses registry.
2026-09-02T16:51:05.245+0700 [DEBUG] [org.gradle.cache.internal.DefaultFileLockManager] Releasing lock on daemon addresses registry.
2026-09-02T16:51:05.247+0700 [DEBUG] [org.gradle.cache.internal.DefaultFileLockManager] Waiting to acquire shared lock on daemon addresses registry.
2026-09-02T16:51:05.248+0700 [DEBUG] [org.gradle.cache.internal.DefaultFileLockManager] Lock acquired on daemon addresses registry.
2026-09-02T16:51:05.248+0700 [DEBUG] [org.gradle.cache.internal.DefaultFileLockManager] Releasing lock on daemon addresses registry.
2026-09-02T16:51:05.250+0700 [DEBUG] [org.gradle.cache.internal.DefaultFileLockManager] Waiting to acquire shared lock on daemon addresses registry.
2026-09-02T16:51:05.250+0700 [DEBUG] [org.gradle.cache.internal.DefaultFileLockManager] Lock acquired on daemon addresses registry.
2026-09-02T16:51:05.250+0700 [DEBUG] [org.gradle.cache.internal.DefaultFileLockManager] Releasing lock on daemon addresses registry.
2026-09-02T16:51:09.850+0700 [DEBUG] [org.gradle.process.internal.health.memory.DefaultMemoryManager] 638754816 physical memory requested, 346116096 free
2026-09-02T16:51:09.850+0700 [DEBUG] [org.gradle.workers.internal.WorkerDaemonExpiration] Will attempt to release 609 of memory
2026-09-02T16:51:09.851+0700 [DEBUG] [org.gradle.process.internal.health.memory.DefaultMemoryManager] 638754816 physical memory requested, 0 released, 346116096 free
2026-09-02T16:51:14.874+0700 [DEBUG] [org.gradle.process.internal.health.memory.DefaultMemoryManager] 638754816 physical memory requested, 339161088 free
2026-09-02T16:51:14.876+0700 [DEBUG] [org.gradle.workers.internal.WorkerDaemonExpiration] Will attempt to release 609 of memory
2026-09-02T16:51:14.880+0700 [DEBUG] [org.gradle.process.internal.health.memory.DefaultMemoryManager] 638754816 physical memory requested, 0 released, 339161088 free
2026-09-02T16:51:15.245+0700 [DEBUG] [org.gradle.cache.internal.DefaultFileLockManager] Waiting to acquire shared lock on daemon addresses registry.
2026-09-02T16:51:15.245+0700 [DEBUG] [org.gradle.cache.internal.DefaultFileLockManager] Lock acquired on daemon addresses registry.
2026-09-02T16:51:15.248+0700 [DEBUG] [org.gradle.cache.internal.DefaultFileLockManager] Releasing lock on daemon addresses registry.
2026-09-02T16:51:15.252+0700 [DEBUG] [org.gradle.cache.internal.DefaultFileLockManager] Waiting to acquire shared lock on daemon addresses registry.
2026-09-02T16:51:15.253+0700 [DEBUG] [org.gradle.cache.internal.DefaultFileLockManager] Lock acquired on daemon addresses registry.
2026-09-02T16:51:15.253+0700 [DEBUG] [org.gradle.cache.internal.DefaultFileLockManager] Releasing lock on daemon addresses registry.
2026-09-02T16:51:15.255+0700 [DEBUG] [org.gradle.cache.internal.DefaultFileLockManager] Waiting to acquire shared lock on daemon addresses registry.
2026-09-02T16:51:15.256+0700 [DEBUG] [org.gradle.cache.internal.DefaultFileLockManager] Lock acquired on daemon addresses registry.
2026-09-02T16:51:15.256+0700 [DEBUG] [org.gradle.cache.internal.DefaultFileLockManager] Releasing lock on daemon addresses registry.
2026-09-02T16:51:19.850+0700 [DEBUG] [org.gradle.process.internal.health.memory.DefaultMemoryManager] 638754816 physical memory requested, 328507392 free
2026-09-02T16:51:19.850+0700 [DEBUG] [org.gradle.workers.internal.WorkerDaemonExpiration] Will attempt to release 609 of memory
2026-09-02T16:51:19.851+0700 [DEBUG] [org.gradle.process.internal.health.memory.DefaultMemoryManager] 638754816 physical memory requested, 0 released, 328507392 free
2026-09-02T16:51:20.468+0700 [DEBUG] [sun.rmi.transport.tcp] RMI TCP Connection(11)-127.0.0.1: accepted socket from [127.0.0.1:61290]
2026-09-02T16:51:20.488+0700 [DEBUG] [sun.rmi.transport.tcp] RMI TCP Connection(11)-127.0.0.1: (port 61442) op = 80
2026-09-02T16:51:20.489+0700 [DEBUG] [sun.rmi.loader] RMI TCP Connection(11)-127.0.0.1: name = "[Ljava.rmi.server.ObjID;", codebase = "", defaultLoader = jdk.internal.loader.ClassLoaders$PlatformClassLoader@69ea2fa6
2026-09-02T16:51:20.490+0700 [DEBUG] [sun.rmi.loader] RMI TCP Connection(11)-127.0.0.1: name = "java.rmi.dgc.Lease", codebase = "", defaultLoader = jdk.internal.loader.ClassLoaders$PlatformClassLoader@69ea2fa6
2026-09-02T16:51:20.490+0700 [DEBUG] [sun.rmi.loader] RMI TCP Connection(11)-127.0.0.1: name = "java.rmi.dgc.VMID", codebase = "", defaultLoader = jdk.internal.loader.ClassLoaders$PlatformClassLoader@69ea2fa6
2026-09-02T16:51:20.491+0700 [DEBUG] [sun.rmi.loader] RMI TCP Connection(11)-127.0.0.1: name = "[B", codebase = "", defaultLoader = jdk.internal.loader.ClassLoaders$PlatformClassLoader@69ea2fa6
2026-09-02T16:51:20.491+0700 [DEBUG] [sun.rmi.loader] RMI TCP Connection(11)-127.0.0.1: name = "java.rmi.server.UID", codebase = "", defaultLoader = jdk.internal.loader.ClassLoaders$PlatformClassLoader@69ea2fa6
2026-09-02T16:51:24.851+0700 [DEBUG] [org.gradle.process.internal.health.memory.DefaultMemoryManager] 638754816 physical memory requested, 325562368 free
2026-09-02T16:51:24.851+0700 [DEBUG] [org.gradle.workers.internal.WorkerDaemonExpiration] Will attempt to release 609 of memory
2026-09-02T16:51:24.851+0700 [DEBUG] [org.gradle.process.internal.health.memory.DefaultMemoryManager] 638754816 physical memory requested, 0 released, 325562368 free
2026-09-02T16:51:25.245+0700 [DEBUG] [org.gradle.cache.internal.DefaultFileLockManager] Waiting to acquire shared lock on daemon addresses registry.
2026-09-02T16:51:25.245+0700 [DEBUG] [org.gradle.cache.internal.DefaultFileLockManager] Lock acquired on daemon addresses registry.
2026-09-02T16:51:25.246+0700 [DEBUG] [org.gradle.cache.internal.DefaultFileLockManager] Releasing lock on daemon addresses registry.
2026-09-02T16:51:25.248+0700 [DEBUG] [org.gradle.cache.internal.DefaultFileLockManager] Waiting to acquire shared lock on daemon addresses registry.
2026-09-02T16:51:25.248+0700 [DEBUG] [org.gradle.cache.internal.DefaultFileLockManager] Lock acquired on daemon addresses registry.
2026-09-02T16:51:25.250+0700 [DEBUG] [org.gradle.cache.internal.DefaultFileLockManager] Releasing lock on daemon addresses registry.
2026-09-02T16:51:25.252+0700 [DEBUG] [org.gradle.cache.internal.DefaultFileLockManager] Waiting to acquire shared lock on daemon addresses registry.
2026-09-02T16:51:25.252+0700 [DEBUG] [org.gradle.cache.internal.DefaultFileLockManager] Lock acquired on daemon addresses registry.
2026-09-02T16:51:25.252+0700 [DEBUG] [org.gradle.cache.internal.DefaultFileLockManager] Releasing lock on daemon addresses registry.
2026-09-02T16:51:35.242+0700 [DEBUG] [org.gradle.cache.internal.DefaultFileLockManager] Waiting to acquire shared lock on daemon addresses registry.
2026-09-02T16:51:35.243+0700 [DEBUG] [org.gradle.cache.internal.DefaultFileLockManager] Lock acquired on daemon addresses registry.
2026-09-02T16:51:35.243+0700 [DEBUG] [org.gradle.cache.internal.DefaultFileLockManager] Releasing lock on daemon addresses registry.
2026-09-02T16:51:35.266+0700 [DEBUG] [org.gradle.cache.internal.DefaultFileLockManager] Waiting to acquire shared lock on daemon addresses registry.
2026-09-02T16:51:35.266+0700 [DEBUG] [org.gradle.cache.internal.DefaultFileLockManager] Lock acquired on daemon addresses registry.
2026-09-02T16:51:35.266+0700 [DEBUG] [org.gradle.cache.internal.DefaultFileLockManager] Releasing lock on daemon addresses registry.
2026-09-02T16:51:35.267+0700 [DEBUG] [org.gradle.cache.internal.DefaultFileLockManager] Waiting to acquire shared lock on daemon addresses registry.
2026-09-02T16:51:35.267+0700 [DEBUG] [org.gradle.cache.internal.DefaultFileLockManager] Lock acquired on daemon addresses registry.
2026-09-02T16:51:35.268+0700 [DEBUG] [org.gradle.cache.internal.DefaultFileLockManager] Releasing lock on daemon addresses registry.
2026-09-02T16:51:35.496+0700 [DEBUG] [sun.rmi.transport.tcp] RMI TCP Connection(11)-127.0.0.1: (port 61442) connection closed
2026-09-02T16:51:35.497+0700 [DEBUG] [sun.rmi.transport.tcp] RMI TCP Connection(11)-127.0.0.1: close connection, socket: Socket[addr=/127.0.0.1,port=61290,localport=61442]
2026-09-02T16:51:35.498+0700 [DEBUG] [sun.rmi.transport.tcp] RMI TCP Connection(11)-127.0.0.1: socket close: Socket[addr=/127.0.0.1,port=61290,localport=61442]
2026-09-02T16:51:39.582+0700 [DEBUG] [sun.rmi.transport.tcp] RMI TCP Connection(12)-127.0.0.1: accepted socket from [127.0.0.1:52711]
2026-09-02T16:51:39.591+0700 [DEBUG] [sun.rmi.transport.tcp] RMI TCP Connection(12)-127.0.0.1: (port 61442) op = 80
2026-09-02T16:51:39.593+0700 [DEBUG] [sun.rmi.loader] RMI TCP Connection(12)-127.0.0.1: name = "[Ljava.rmi.server.ObjID;", codebase = "", defaultLoader = jdk.internal.loader.ClassLoaders$PlatformClassLoader@69ea2fa6
2026-09-02T16:51:39.595+0700 [DEBUG] [sun.rmi.loader] RMI TCP Connection(12)-127.0.0.1: name = "java.rmi.dgc.Lease", codebase = "", defaultLoader = jdk.internal.loader.ClassLoaders$PlatformClassLoader@69ea2fa6
2026-09-02T16:51:39.597+0700 [DEBUG] [sun.rmi.loader] RMI TCP Connection(12)-127.0.0.1: name = "java.rmi.dgc.VMID", codebase = "", defaultLoader = jdk.internal.loader.ClassLoaders$PlatformClassLoader@69ea2fa6
2026-09-02T16:51:39.599+0700 [DEBUG] [sun.rmi.loader] RMI TCP Connection(12)-127.0.0.1: name = "[B", codebase = "", defaultLoader = jdk.internal.loader.ClassLoaders$PlatformClassLoader@69ea2fa6
2026-09-02T16:51:39.601+0700 [DEBUG] [sun.rmi.loader] RMI TCP Connection(12)-127.0.0.1: name = "java.rmi.server.UID", codebase = "", defaultLoader = jdk.internal.loader.ClassLoaders$PlatformClassLoader@69ea2fa6
2026-09-02T16:51:45.244+0700 [DEBUG] [org.gradle.cache.internal.DefaultFileLockManager] Waiting to acquire shared lock on daemon addresses registry.
2026-09-02T16:51:45.245+0700 [DEBUG] [org.gradle.cache.internal.DefaultFileLockManager] Lock acquired on daemon addresses registry.
2026-09-02T16:51:45.245+0700 [DEBUG] [org.gradle.cache.internal.DefaultFileLockManager] Releasing lock on daemon addresses registry.
2026-09-02T16:51:45.261+0700 [DEBUG] [org.gradle.cache.internal.DefaultFileLockManager] Waiting to acquire shared lock on daemon addresses registry.
2026-09-02T16:51:45.261+0700 [DEBUG] [org.gradle.cache.internal.DefaultFileLockManager] Lock acquired on daemon addresses registry.
2026-09-02T16:51:45.262+0700 [DEBUG] [org.gradle.cache.internal.DefaultFileLockManager] Releasing lock on daemon addresses registry.
2026-09-02T16:51:45.265+0700 [DEBUG] [org.gradle.cache.internal.DefaultFileLockManager] Waiting to acquire shared lock on daemon addresses registry.
2026-09-02T16:51:45.265+0700 [DEBUG] [org.gradle.cache.internal.DefaultFileLockManager] Lock acquired on daemon addresses registry.
2026-09-02T16:51:45.266+0700 [DEBUG] [org.gradle.cache.internal.DefaultFileLockManager] Releasing lock on daemon addresses registry.
2026-09-02T16:51:54.613+0700 [DEBUG] [sun.rmi.transport.tcp] RMI TCP Connection(12)-127.0.0.1: (port 61442) connection closed
2026-09-02T16:51:54.614+0700 [DEBUG] [sun.rmi.transport.tcp] RMI TCP Connection(12)-127.0.0.1: close connection, socket: Socket[addr=/127.0.0.1,port=52711,localport=61442]
2026-09-02T16:51:54.614+0700 [DEBUG] [sun.rmi.transport.tcp] RMI TCP Connection(12)-127.0.0.1: socket close: Socket[addr=/127.0.0.1,port=52711,localport=61442]
2026-09-02T16:51:55.244+0700 [DEBUG] [org.gradle.cache.internal.DefaultFileLockManager] Waiting to acquire shared lock on daemon addresses registry.
2026-09-02T16:51:55.244+0700 [DEBUG] [org.gradle.cache.internal.DefaultFileLockManager] Lock acquired on daemon addresses registry.
2026-09-02T16:51:55.246+0700 [DEBUG] [org.gradle.cache.internal.DefaultFileLockManager] Releasing lock on daemon addresses registry.
2026-09-02T16:51:55.249+0700 [DEBUG] [org.gradle.cache.internal.DefaultFileLockManager] Waiting to acquire shared lock on daemon addresses registry.
2026-09-02T16:51:55.250+0700 [DEBUG] [org.gradle.cache.internal.DefaultFileLockManager] Lock acquired on daemon addresses registry.
2026-09-02T16:51:55.251+0700 [DEBUG] [org.gradle.cache.internal.DefaultFileLockManager] Releasing lock on daemon addresses registry.
2026-09-02T16:51:55.254+0700 [DEBUG] [org.gradle.cache.internal.DefaultFileLockManager] Waiting to acquire shared lock on daemon addresses registry.
2026-09-02T16:51:55.255+0700 [DEBUG] [org.gradle.cache.internal.DefaultFileLockManager] Lock acquired on daemon addresses registry.
2026-09-02T16:51:55.256+0700 [DEBUG] [org.gradle.cache.internal.DefaultFileLockManager] Releasing lock on daemon addresses registry.
2026-09-02T16:52:04.849+0700 [DEBUG] [org.gradle.process.internal.health.memory.DefaultMemoryManager] 638754816 physical memory requested, 626573312 free
2026-09-02T16:52:04.850+0700 [DEBUG] [org.gradle.workers.internal.WorkerDaemonExpiration] Will attempt to release 609 of memory
2026-09-02T16:52:04.851+0700 [DEBUG] [org.gradle.process.internal.health.memory.DefaultMemoryManager] 638754816 physical memory requested, 0 released, 626573312 free
2026-09-02T16:52:05.248+0700 [DEBUG] [org.gradle.cache.internal.DefaultFileLockManager] Waiting to acquire shared lock on daemon addresses registry.
2026-09-02T16:52:05.249+0700 [DEBUG] [org.gradle.cache.internal.DefaultFileLockManager] Lock acquired on daemon addresses registry.
2026-09-02T16:52:05.250+0700 [DEBUG] [org.gradle.cache.internal.DefaultFileLockManager] Releasing lock on daemon addresses registry.
2026-09-02T16:52:05.260+0700 [DEBUG] [org.gradle.cache.internal.DefaultFileLockManager] Waiting to acquire shared lock on daemon addresses registry.
2026-09-02T16:52:05.260+0700 [DEBUG] [org.gradle.cache.internal.DefaultFileLockManager] Lock acquired on daemon addresses registry.
2026-09-02T16:52:05.261+0700 [DEBUG] [org.gradle.cache.internal.DefaultFileLockManager] Releasing lock on daemon addresses registry.
2026-09-02T16:52:05.264+0700 [DEBUG] [org.gradle.cache.internal.DefaultFileLockManager] Waiting to acquire shared lock on daemon addresses registry.
2026-09-02T16:52:05.265+0700 [DEBUG] [org.gradle.cache.internal.DefaultFileLockManager] Lock acquired on daemon addresses registry.
2026-09-02T16:52:05.266+0700 [DEBUG] [org.gradle.cache.internal.DefaultFileLockManager] Releasing lock on daemon addresses registry.
2026-09-02T16:52:09.853+0700 [DEBUG] [org.gradle.process.internal.health.memory.DefaultMemoryManager] 638754816 physical memory requested, 551694336 free
2026-09-02T16:52:09.853+0700 [DEBUG] [org.gradle.workers.internal.WorkerDaemonExpiration] Will attempt to release 609 of memory
2026-09-02T16:52:09.853+0700 [DEBUG] [org.gradle.process.internal.health.memory.DefaultMemoryManager] 638754816 physical memory requested, 0 released, 551694336 free
2026-09-02T16:52:14.850+0700 [DEBUG] [org.gradle.process.internal.health.memory.DefaultMemoryManager] 638754816 physical memory requested, 433676288 free
2026-09-02T16:52:14.851+0700 [DEBUG] [org.gradle.workers.internal.WorkerDaemonExpiration] Will attempt to release 609 of memory
2026-09-02T16:52:14.852+0700 [DEBUG] [org.gradle.process.internal.health.memory.DefaultMemoryManager] 638754816 physical memory requested, 0 released, 433676288 free
2026-09-02T16:52:15.257+0700 [DEBUG] [org.gradle.cache.internal.DefaultFileLockManager] Waiting to acquire shared lock on daemon addresses registry.
2026-09-02T16:52:15.257+0700 [DEBUG] [org.gradle.cache.internal.DefaultFileLockManager] Lock acquired on daemon addresses registry.
2026-09-02T16:52:15.258+0700 [DEBUG] [org.gradle.cache.internal.DefaultFileLockManager] Releasing lock on daemon addresses registry.
2026-09-02T16:52:15.260+0700 [DEBUG] [org.gradle.cache.internal.DefaultFileLockManager] Waiting to acquire shared lock on daemon addresses registry.
2026-09-02T16:52:15.260+0700 [DEBUG] [org.gradle.cache.internal.DefaultFileLockManager] Lock acquired on daemon addresses registry.
2026-09-02T16:52:15.261+0700 [DEBUG] [org.gradle.cache.internal.DefaultFileLockManager] Releasing lock on daemon addresses registry.
2026-09-02T16:52:15.262+0700 [DEBUG] [org.gradle.cache.internal.DefaultFileLockManager] Waiting to acquire shared lock on daemon addresses registry.
2026-09-02T16:52:15.292+0700 [DEBUG] [org.gradle.cache.internal.DefaultFileLockManager] Lock acquired on daemon addresses registry.
2026-09-02T16:52:15.293+0700 [DEBUG] [org.gradle.cache.internal.DefaultFileLockManager] Releasing lock on daemon addresses registry.
2026-09-02T16:52:19.850+0700 [DEBUG] [org.gradle.process.internal.health.memory.DefaultMemoryManager] 638754816 physical memory requested, 521068544 free
2026-09-02T16:52:19.851+0700 [DEBUG] [org.gradle.workers.internal.WorkerDaemonExpiration] Will attempt to release 609 of memory
2026-09-02T16:52:19.851+0700 [DEBUG] [org.gradle.process.internal.health.memory.DefaultMemoryManager] 638754816 physical memory requested, 0 released, 521068544 free
2026-09-02T16:52:24.859+0700 [DEBUG] [org.gradle.process.internal.health.memory.DefaultMemoryManager] 638754816 physical memory requested, 370642944 free
2026-09-02T16:52:24.859+0700 [DEBUG] [org.gradle.workers.internal.WorkerDaemonExpiration] Will attempt to release 609 of memory
2026-09-02T16:52:24.860+0700 [DEBUG] [org.gradle.process.internal.health.memory.DefaultMemoryManager] 638754816 physical memory requested, 0 released, 370642944 free
2026-09-02T16:52:25.246+0700 [DEBUG] [org.gradle.cache.internal.DefaultFileLockManager] Waiting to acquire shared lock on daemon addresses registry.
2026-09-02T16:52:25.247+0700 [DEBUG] [org.gradle.cache.internal.DefaultFileLockManager] Lock acquired on daemon addresses registry.
2026-09-02T16:52:25.277+0700 [DEBUG] [org.gradle.cache.internal.DefaultFileLockManager] Releasing lock on daemon addresses registry.
2026-09-02T16:52:25.289+0700 [DEBUG] [org.gradle.cache.internal.DefaultFileLockManager] Waiting to acquire shared lock on daemon addresses registry.
2026-09-02T16:52:25.290+0700 [DEBUG] [org.gradle.cache.internal.DefaultFileLockManager] Lock acquired on daemon addresses registry.
2026-09-02T16:52:25.295+0700 [DEBUG] [org.gradle.cache.internal.DefaultFileLockManager] Releasing lock on daemon addresses registry.
2026-09-02T16:52:25.303+0700 [DEBUG] [org.gradle.cache.internal.DefaultFileLockManager] Waiting to acquire shared lock on daemon addresses registry.
2026-09-02T16:52:25.304+0700 [DEBUG] [org.gradle.cache.internal.DefaultFileLockManager] Lock acquired on daemon addresses registry.
2026-09-02T16:52:25.306+0700 [DEBUG] [org.gradle.cache.internal.DefaultFileLockManager] Releasing lock on daemon addresses registry.
2026-09-02T16:52:29.850+0700 [DEBUG] [org.gradle.process.internal.health.memory.DefaultMemoryManager] 638754816 physical memory requested, 563171328 free
2026-09-02T16:52:29.850+0700 [DEBUG] [org.gradle.workers.internal.WorkerDaemonExpiration] Will attempt to release 609 of memory
2026-09-02T16:52:29.850+0700 [DEBUG] [org.gradle.process.internal.health.memory.DefaultMemoryManager] 638754816 physical memory requested, 0 released, 563171328 free
2026-09-02T16:52:34.850+0700 [DEBUG] [org.gradle.process.internal.health.memory.DefaultMemoryManager] 638754816 physical memory requested, 406708224 free
2026-09-02T16:52:34.851+0700 [DEBUG] [org.gradle.workers.internal.WorkerDaemonExpiration] Will attempt to release 609 of memory
2026-09-02T16:52:34.855+0700 [DEBUG] [org.gradle.process.internal.health.memory.DefaultMemoryManager] 638754816 physical memory requested, 0 released, 406708224 free
2026-09-02T16:52:35.243+0700 [DEBUG] [org.gradle.cache.internal.DefaultFileLockManager] Waiting to acquire shared lock on daemon addresses registry.
2026-09-02T16:52:35.244+0700 [DEBUG] [org.gradle.cache.internal.DefaultFileLockManager] Lock acquired on daemon addresses registry.
2026-09-02T16:52:35.245+0700 [DEBUG] [org.gradle.cache.internal.DefaultFileLockManager] Releasing lock on daemon addresses registry.
2026-09-02T16:52:35.250+0700 [DEBUG] [org.gradle.cache.internal.DefaultFileLockManager] Waiting to acquire shared lock on daemon addresses registry.
2026-09-02T16:52:35.251+0700 [DEBUG] [org.gradle.cache.internal.DefaultFileLockManager] Lock acquired on daemon addresses registry.
2026-09-02T16:52:35.254+0700 [DEBUG] [org.gradle.cache.internal.DefaultFileLockManager] Releasing lock on daemon addresses registry.
2026-09-02T16:52:35.261+0700 [DEBUG] [org.gradle.cache.internal.DefaultFileLockManager] Waiting to acquire shared lock on daemon addresses registry.
2026-09-02T16:52:35.262+0700 [DEBUG] [org.gradle.cache.internal.DefaultFileLockManager] Lock acquired on daemon addresses registry.
2026-09-02T16:52:35.264+0700 [DEBUG] [org.gradle.cache.internal.DefaultFileLockManager] Releasing lock on daemon addresses registry.
2026-09-02T16:52:39.851+0700 [DEBUG] [org.gradle.process.internal.health.memory.DefaultMemoryManager] 638754816 physical memory requested, 487886848 free
2026-09-02T16:52:39.851+0700 [DEBUG] [org.gradle.workers.internal.WorkerDaemonExpiration] Will attempt to release 609 of memory
2026-09-02T16:52:39.851+0700 [DEBUG] [org.gradle.process.internal.health.memory.DefaultMemoryManager] 638754816 physical memory requested, 0 released, 487886848 free
2026-09-02T16:52:44.854+0700 [DEBUG] [org.gradle.process.internal.health.memory.DefaultMemoryManager] 638754816 physical memory requested, 332578816 free
2026-09-02T16:52:44.857+0700 [DEBUG] [org.gradle.workers.internal.WorkerDaemonExpiration] Will attempt to release 609 of memory
2026-09-02T16:52:44.863+0700 [DEBUG] [org.gradle.process.internal.health.memory.DefaultMemoryManager] 638754816 physical memory requested, 0 released, 332578816 free
2026-09-02T16:52:45.252+0700 [DEBUG] [org.gradle.cache.internal.DefaultFileLockManager] Waiting to acquire shared lock on daemon addresses registry.
2026-09-02T16:52:45.253+0700 [DEBUG] [org.gradle.cache.internal.DefaultFileLockManager] Lock acquired on daemon addresses registry.
2026-09-02T16:52:45.285+0700 [DEBUG] [org.gradle.cache.internal.DefaultFileLockManager] Releasing lock on daemon addresses registry.
2026-09-02T16:52:45.296+0700 [DEBUG] [org.gradle.cache.internal.DefaultFileLockManager] Waiting to acquire shared lock on daemon addresses registry.
2026-09-02T16:52:45.299+0700 [DEBUG] [org.gradle.cache.internal.DefaultFileLockManager] Lock acquired on daemon addresses registry.
2026-09-02T16:52:45.300+0700 [DEBUG] [org.gradle.cache.internal.DefaultFileLockManager] Releasing lock on daemon addresses registry.
2026-09-02T16:52:45.303+0700 [DEBUG] [org.gradle.cache.internal.DefaultFileLockManager] Waiting to acquire shared lock on daemon addresses registry.
2026-09-02T16:52:45.304+0700 [DEBUG] [org.gradle.cache.internal.DefaultFileLockManager] Lock acquired on daemon addresses registry.
2026-09-02T16:52:45.305+0700 [DEBUG] [org.gradle.cache.internal.DefaultFileLockManager] Releasing lock on daemon addresses registry.
2026-09-02T16:52:49.851+0700 [DEBUG] [org.gradle.process.internal.health.memory.DefaultMemoryManager] 638754816 physical memory requested, 514355200 free
2026-09-02T16:52:49.851+0700 [DEBUG] [org.gradle.workers.internal.WorkerDaemonExpiration] Will attempt to release 609 of memory
2026-09-02T16:52:49.851+0700 [DEBUG] [org.gradle.process.internal.health.memory.DefaultMemoryManager] 638754816 physical memory requested, 0 released, 514355200 free
2026-09-02T16:52:54.854+0700 [DEBUG] [org.gradle.process.internal.health.memory.DefaultMemoryManager] 638754816 physical memory requested, 470339584 free
2026-09-02T16:52:54.854+0700 [DEBUG] [org.gradle.workers.internal.WorkerDaemonExpiration] Will attempt to release 609 of memory
2026-09-02T16:52:54.854+0700 [DEBUG] [org.gradle.process.internal.health.memory.DefaultMemoryManager] 638754816 physical memory requested, 0 released, 470339584 free
2026-09-02T16:52:55.252+0700 [DEBUG] [org.gradle.cache.internal.DefaultFileLockManager] Waiting to acquire shared lock on daemon addresses registry.
2026-09-02T16:52:55.252+0700 [DEBUG] [org.gradle.cache.internal.DefaultFileLockManager] Lock acquired on daemon addresses registry.
2026-09-02T16:52:55.287+0700 [DEBUG] [org.gradle.cache.internal.DefaultFileLockManager] Releasing lock on daemon addresses registry.
2026-09-02T16:52:55.293+0700 [DEBUG] [org.gradle.cache.internal.DefaultFileLockManager] Waiting to acquire shared lock on daemon addresses registry.
2026-09-02T16:52:55.293+0700 [DEBUG] [org.gradle.cache.internal.DefaultFileLockManager] Lock acquired on daemon addresses registry.
2026-09-02T16:52:55.294+0700 [DEBUG] [org.gradle.cache.internal.DefaultFileLockManager] Releasing lock on daemon addresses registry.
2026-09-02T16:52:55.297+0700 [DEBUG] [org.gradle.cache.internal.DefaultFileLockManager] Waiting to acquire shared lock on daemon addresses registry.
2026-09-02T16:52:55.300+0700 [DEBUG] [org.gradle.cache.internal.DefaultFileLockManager] Lock acquired on daemon addresses registry.
2026-09-02T16:52:55.303+0700 [DEBUG] [org.gradle.cache.internal.DefaultFileLockManager] Releasing lock on daemon addresses registry.
2026-09-02T16:52:59.854+0700 [DEBUG] [org.gradle.process.internal.health.memory.DefaultMemoryManager] 638754816 physical memory requested, 312795136 free
2026-09-02T16:52:59.854+0700 [DEBUG] [org.gradle.workers.internal.WorkerDaemonExpiration] Will attempt to release 609 of memory
2026-09-02T16:52:59.855+0700 [DEBUG] [org.gradle.process.internal.health.memory.DefaultMemoryManager] 638754816 physical memory requested, 0 released, 312795136 free
2026-09-02T16:53:04.861+0700 [DEBUG] [org.gradle.process.internal.health.memory.DefaultMemoryManager] 638754816 physical memory requested, 237461504 free
2026-09-02T16:53:04.861+0700 [DEBUG] [org.gradle.workers.internal.WorkerDaemonExpiration] Will attempt to release 609 of memory
2026-09-02T16:53:04.861+0700 [DEBUG] [org.gradle.process.internal.health.memory.DefaultMemoryManager] 638754816 physical memory requested, 0 released, 237461504 free
2026-09-02T16:53:05.256+0700 [DEBUG] [org.gradle.cache.internal.DefaultFileLockManager] Waiting to acquire shared lock on daemon addresses registry.
2026-09-02T16:53:05.256+0700 [DEBUG] [org.gradle.cache.internal.DefaultFileLockManager] Lock acquired on daemon addresses registry.
2026-09-02T16:53:05.259+0700 [DEBUG] [org.gradle.cache.internal.DefaultFileLockManager] Releasing lock on daemon addresses registry.
2026-09-02T16:53:05.261+0700 [DEBUG] [org.gradle.cache.internal.DefaultFileLockManager] Waiting to acquire shared lock on daemon addresses registry.
2026-09-02T16:53:05.262+0700 [DEBUG] [org.gradle.cache.internal.DefaultFileLockManager] Lock acquired on daemon addresses registry.
2026-09-02T16:53:05.268+0700 [DEBUG] [org.gradle.cache.internal.DefaultFileLockManager] Releasing lock on daemon addresses registry.
2026-09-02T16:53:05.272+0700 [DEBUG] [org.gradle.cache.internal.DefaultFileLockManager] Waiting to acquire shared lock on daemon addresses registry.
2026-09-02T16:53:05.273+0700 [DEBUG] [org.gradle.cache.internal.DefaultFileLockManager] Lock acquired on daemon addresses registry.
2026-09-02T16:53:05.274+0700 [DEBUG] [org.gradle.cache.internal.DefaultFileLockManager] Releasing lock on daemon addresses registry.
2026-09-02T16:53:09.858+0700 [DEBUG] [org.gradle.process.internal.health.memory.DefaultMemoryManager] 638754816 physical memory requested, 366456832 free
2026-09-02T16:53:09.858+0700 [DEBUG] [org.gradle.workers.internal.WorkerDaemonExpiration] Will attempt to release 609 of memory
2026-09-02T16:53:09.861+0700 [DEBUG] [org.gradle.process.internal.health.memory.DefaultMemoryManager] 638754816 physical memory requested, 0 released, 366456832 free
2026-09-02T16:53:15.008+0700 [DEBUG] [org.gradle.process.internal.health.memory.DefaultMemoryManager] 638754816 physical memory requested, 267227136 free
2026-09-02T16:53:15.042+0700 [DEBUG] [org.gradle.workers.internal.WorkerDaemonExpiration] Will attempt to release 609 of memory
2026-09-02T16:53:15.043+0700 [DEBUG] [org.gradle.process.internal.health.memory.DefaultMemoryManager] 638754816 physical memory requested, 0 released, 267227136 free
2026-09-02T16:53:15.308+0700 [DEBUG] [org.gradle.cache.internal.DefaultFileLockManager] Waiting to acquire shared lock on daemon addresses registry.
2026-09-02T16:53:15.310+0700 [DEBUG] [org.gradle.cache.internal.DefaultFileLockManager] Lock acquired on daemon addresses registry.
2026-09-02T16:53:15.366+0700 [DEBUG] [org.gradle.cache.internal.DefaultFileLockManager] Releasing lock on daemon addresses registry.
2026-09-02T16:53:15.466+0700 [DEBUG] [org.gradle.cache.internal.DefaultFileLockManager] Waiting to acquire shared lock on daemon addresses registry.
2026-09-02T16:53:15.467+0700 [DEBUG] [org.gradle.cache.internal.DefaultFileLockManager] Lock acquired on daemon addresses registry.
2026-09-02T16:53:15.469+0700 [DEBUG] [org.gradle.cache.internal.DefaultFileLockManager] Releasing lock on daemon addresses registry.
2026-09-02T16:53:15.508+0700 [DEBUG] [org.gradle.cache.internal.DefaultFileLockManager] Waiting to acquire shared lock on daemon addresses registry.
2026-09-02T16:53:15.508+0700 [DEBUG] [org.gradle.cache.internal.DefaultFileLockManager] Lock acquired on daemon addresses registry.
2026-09-02T16:53:15.557+0700 [DEBUG] [org.gradle.cache.internal.DefaultFileLockManager] Releasing lock on daemon addresses registry.
2026-09-02T16:53:20.207+0700 [DEBUG] [org.gradle.process.internal.health.memory.DefaultMemoryManager] 638754816 physical memory requested, 326422528 free
2026-09-02T16:53:20.207+0700 [DEBUG] [org.gradle.workers.internal.WorkerDaemonExpiration] Will attempt to release 609 of memory
2026-09-02T16:53:20.208+0700 [DEBUG] [org.gradle.process.internal.health.memory.DefaultMemoryManager] 638754816 physical memory requested, 0 released, 326422528 free
2026-09-02T16:53:24.851+0700 [DEBUG] [org.gradle.process.internal.health.memory.DefaultMemoryManager] 638754816 physical memory requested, 480899072 free
2026-09-02T16:53:24.851+0700 [DEBUG] [org.gradle.workers.internal.WorkerDaemonExpiration] Will attempt to release 609 of memory
2026-09-02T16:53:24.852+0700 [DEBUG] [org.gradle.process.internal.health.memory.DefaultMemoryManager] 638754816 physical memory requested, 0 released, 480899072 free
2026-09-02T16:53:25.246+0700 [DEBUG] [org.gradle.cache.internal.DefaultFileLockManager] Waiting to acquire shared lock on daemon addresses registry.
2026-09-02T16:53:25.246+0700 [DEBUG] [org.gradle.cache.internal.DefaultFileLockManager] Lock acquired on daemon addresses registry.
2026-09-02T16:53:25.250+0700 [DEBUG] [org.gradle.cache.internal.DefaultFileLockManager] Releasing lock on daemon addresses registry.
2026-09-02T16:53:25.252+0700 [DEBUG] [org.gradle.cache.internal.DefaultFileLockManager] Waiting to acquire shared lock on daemon addresses registry.
2026-09-02T16:53:25.252+0700 [DEBUG] [org.gradle.cache.internal.DefaultFileLockManager] Lock acquired on daemon addresses registry.
2026-09-02T16:53:25.254+0700 [DEBUG] [org.gradle.cache.internal.DefaultFileLockManager] Releasing lock on daemon addresses registry.
2026-09-02T16:53:25.255+0700 [DEBUG] [org.gradle.cache.internal.DefaultFileLockManager] Waiting to acquire shared lock on daemon addresses registry.
2026-09-02T16:53:25.255+0700 [DEBUG] [org.gradle.cache.internal.DefaultFileLockManager] Lock acquired on daemon addresses registry.
2026-09-02T16:53:25.257+0700 [DEBUG] [org.gradle.cache.internal.DefaultFileLockManager] Releasing lock on daemon addresses registry.
2026-09-02T16:53:29.852+0700 [DEBUG] [org.gradle.process.internal.health.memory.DefaultMemoryManager] 638754816 physical memory requested, 421949440 free
2026-09-02T16:53:29.852+0700 [DEBUG] [org.gradle.workers.internal.WorkerDaemonExpiration] Will attempt to release 609 of memory
2026-09-02T16:53:29.852+0700 [DEBUG] [org.gradle.process.internal.health.memory.DefaultMemoryManager] 638754816 physical memory requested, 0 released, 421949440 free
2026-09-02T16:53:34.857+0700 [DEBUG] [org.gradle.process.internal.health.memory.DefaultMemoryManager] 638754816 physical memory requested, 413196288 free
2026-09-02T16:53:34.857+0700 [DEBUG] [org.gradle.workers.internal.WorkerDaemonExpiration] Will attempt to release 609 of memory
2026-09-02T16:53:34.858+0700 [DEBUG] [org.gradle.process.internal.health.memory.DefaultMemoryManager] 638754816 physical memory requested, 0 released, 413196288 free
2026-09-02T16:53:35.273+0700 [DEBUG] [org.gradle.cache.internal.DefaultFileLockManager] Waiting to acquire shared lock on daemon addresses registry.
2026-09-02T16:53:35.273+0700 [DEBUG] [org.gradle.cache.internal.DefaultFileLockManager] Lock acquired on daemon addresses registry.
2026-09-02T16:53:35.302+0700 [DEBUG] [org.gradle.cache.internal.DefaultFileLockManager] Releasing lock on daemon addresses registry.
2026-09-02T16:53:35.330+0700 [DEBUG] [org.gradle.cache.internal.DefaultFileLockManager] Waiting to acquire shared lock on daemon addresses registry.
2026-09-02T16:53:35.330+0700 [DEBUG] [org.gradle.cache.internal.DefaultFileLockManager] Lock acquired on daemon addresses registry.
2026-09-02T16:53:35.330+0700 [DEBUG] [org.gradle.cache.internal.DefaultFileLockManager] Releasing lock on daemon addresses registry.
2026-09-02T16:53:35.335+0700 [DEBUG] [org.gradle.cache.internal.DefaultFileLockManager] Waiting to acquire shared lock on daemon addresses registry.
2026-09-02T16:53:35.335+0700 [DEBUG] [org.gradle.cache.internal.DefaultFileLockManager] Lock acquired on daemon addresses registry.
2026-09-02T16:53:35.336+0700 [DEBUG] [org.gradle.cache.internal.DefaultFileLockManager] Releasing lock on daemon addresses registry.
2026-09-02T16:53:39.858+0700 [DEBUG] [org.gradle.process.internal.health.memory.DefaultMemoryManager] 638754816 physical memory requested, 450879488 free
2026-09-02T16:53:39.860+0700 [DEBUG] [org.gradle.workers.internal.WorkerDaemonExpiration] Will attempt to release 609 of memory
2026-09-02T16:53:39.860+0700 [DEBUG] [org.gradle.process.internal.health.memory.DefaultMemoryManager] 638754816 physical memory requested, 0 released, 450879488 free
2026-09-02T16:53:44.851+0700 [DEBUG] [org.gradle.process.internal.health.memory.DefaultMemoryManager] 638754816 physical memory requested, 257994752 free
2026-09-02T16:53:44.851+0700 [DEBUG] [org.gradle.workers.internal.WorkerDaemonExpiration] Will attempt to release 609 of memory
2026-09-02T16:53:44.851+0700 [DEBUG] [org.gradle.process.internal.health.memory.DefaultMemoryManager] 638754816 physical memory requested, 0 released, 257994752 free
2026-09-02T16:53:45.259+0700 [DEBUG] [org.gradle.cache.internal.DefaultFileLockManager] Waiting to acquire shared lock on daemon addresses registry.
2026-09-02T16:53:45.260+0700 [DEBUG] [org.gradle.cache.internal.DefaultFileLockManager] Lock acquired on daemon addresses registry.
2026-09-02T16:53:45.270+0700 [DEBUG] [org.gradle.cache.internal.DefaultFileLockManager] Releasing lock on daemon addresses registry.
2026-09-02T16:53:45.278+0700 [DEBUG] [org.gradle.cache.internal.DefaultFileLockManager] Waiting to acquire shared lock on daemon addresses registry.
2026-09-02T16:53:45.278+0700 [DEBUG] [org.gradle.cache.internal.DefaultFileLockManager] Lock acquired on daemon addresses registry.
2026-09-02T16:53:45.279+0700 [DEBUG] [org.gradle.cache.internal.DefaultFileLockManager] Releasing lock on daemon addresses registry.
2026-09-02T16:53:45.286+0700 [DEBUG] [org.gradle.cache.internal.DefaultFileLockManager] Waiting to acquire shared lock on daemon addresses registry.
2026-09-02T16:53:45.287+0700 [DEBUG] [org.gradle.cache.internal.DefaultFileLockManager] Lock acquired on daemon addresses registry.
2026-09-02T16:53:45.289+0700 [DEBUG] [org.gradle.cache.internal.DefaultFileLockManager] Releasing lock on daemon addresses registry.
2026-09-02T16:53:49.851+0700 [DEBUG] [org.gradle.process.internal.health.memory.DefaultMemoryManager] 638754816 physical memory requested, 424476672 free
2026-09-02T16:53:49.852+0700 [DEBUG] [org.gradle.workers.internal.WorkerDaemonExpiration] Will attempt to release 609 of memory
2026-09-02T16:53:49.857+0700 [DEBUG] [org.gradle.process.internal.health.memory.DefaultMemoryManager] 638754816 physical memory requested, 0 released, 424476672 free
2026-09-02T16:53:54.866+0700 [DEBUG] [org.gradle.process.internal.health.memory.DefaultMemoryManager] 638754816 physical memory requested, 285540352 free
2026-09-02T16:53:54.867+0700 [DEBUG] [org.gradle.workers.internal.WorkerDaemonExpiration] Will attempt to release 609 of memory
2026-09-02T16:53:54.867+0700 [DEBUG] [org.gradle.process.internal.health.memory.DefaultMemoryManager] 638754816 physical memory requested, 0 released, 285540352 free
2026-09-02T16:53:55.257+0700 [DEBUG] [org.gradle.cache.internal.DefaultFileLockManager] Waiting to acquire shared lock on daemon addresses registry.
2026-09-02T16:53:55.259+0700 [DEBUG] [org.gradle.cache.internal.DefaultFileLockManager] Lock acquired on daemon addresses registry.
2026-09-02T16:53:55.265+0700 [DEBUG] [org.gradle.cache.internal.DefaultFileLockManager] Releasing lock on daemon addresses registry.
2026-09-02T16:53:55.273+0700 [DEBUG] [org.gradle.cache.internal.DefaultFileLockManager] Waiting to acquire shared lock on daemon addresses registry.
2026-09-02T16:53:55.274+0700 [DEBUG] [org.gradle.cache.internal.DefaultFileLockManager] Lock acquired on daemon addresses registry.
2026-09-02T16:53:55.275+0700 [DEBUG] [org.gradle.cache.internal.DefaultFileLockManager] Releasing lock on daemon addresses registry.
2026-09-02T16:53:55.285+0700 [DEBUG] [org.gradle.cache.internal.DefaultFileLockManager] Waiting to acquire shared lock on daemon addresses registry.
2026-09-02T16:53:55.285+0700 [DEBUG] [org.gradle.cache.internal.DefaultFileLockManager] Lock acquired on daemon addresses registry.
2026-09-02T16:53:55.286+0700 [DEBUG] [org.gradle.cache.internal.DefaultFileLockManager] Releasing lock on daemon addresses registry.
2026-09-02T16:53:59.856+0700 [DEBUG] [org.gradle.process.internal.health.memory.DefaultMemoryManager] 638754816 physical memory requested, 377638912 free
2026-09-02T16:53:59.857+0700 [DEBUG] [org.gradle.workers.internal.WorkerDaemonExpiration] Will attempt to release 609 of memory
2026-09-02T16:53:59.857+0700 [DEBUG] [org.gradle.process.internal.health.memory.DefaultMemoryManager] 638754816 physical memory requested, 0 released, 377638912 free
2026-09-02T16:54:04.856+0700 [DEBUG] [org.gradle.process.internal.health.memory.DefaultMemoryManager] 638754816 physical memory requested, 476581888 free
2026-09-02T16:54:04.856+0700 [DEBUG] [org.gradle.workers.internal.WorkerDaemonExpiration] Will attempt to release 609 of memory
2026-09-02T16:54:04.874+0700 [DEBUG] [org.gradle.process.internal.health.memory.DefaultMemoryManager] 638754816 physical memory requested, 0 released, 476581888 free
2026-09-02T16:54:05.249+0700 [DEBUG] [org.gradle.cache.internal.DefaultFileLockManager] Waiting to acquire shared lock on daemon addresses registry.
2026-09-02T16:54:05.286+0700 [DEBUG] [org.gradle.cache.internal.DefaultFileLockManager] Lock acquired on daemon addresses registry.
2026-09-02T16:54:05.287+0700 [DEBUG] [org.gradle.cache.internal.DefaultFileLockManager] Releasing lock on daemon addresses registry.
2026-09-02T16:54:05.293+0700 [DEBUG] [org.gradle.cache.internal.DefaultFileLockManager] Waiting to acquire shared lock on daemon addresses registry.
2026-09-02T16:54:05.294+0700 [DEBUG] [org.gradle.cache.internal.DefaultFileLockManager] Lock acquired on daemon addresses registry.
2026-09-02T16:54:05.295+0700 [DEBUG] [org.gradle.cache.internal.DefaultFileLockManager] Releasing lock on daemon addresses registry.
2026-09-02T16:54:05.297+0700 [DEBUG] [org.gradle.cache.internal.DefaultFileLockManager] Waiting to acquire shared lock on daemon addresses registry.
2026-09-02T16:54:05.297+0700 [DEBUG] [org.gradle.cache.internal.DefaultFileLockManager] Lock acquired on daemon addresses registry.
2026-09-02T16:54:05.298+0700 [DEBUG] [org.gradle.cache.internal.DefaultFileLockManager] Releasing lock on daemon addresses registry.
2026-09-02T16:54:15.246+0700 [DEBUG] [org.gradle.cache.internal.DefaultFileLockManager] Waiting to acquire shared lock on daemon addresses registry.
2026-09-02T16:54:15.247+0700 [DEBUG] [org.gradle.cache.internal.DefaultFileLockManager] Lock acquired on daemon addresses registry.
2026-09-02T16:54:15.279+0700 [DEBUG] [org.gradle.cache.internal.DefaultFileLockManager] Releasing lock on daemon addresses registry.
2026-09-02T16:54:15.301+0700 [DEBUG] [org.gradle.cache.internal.DefaultFileLockManager] Waiting to acquire shared lock on daemon addresses registry.
2026-09-02T16:54:15.302+0700 [DEBUG] [org.gradle.cache.internal.DefaultFileLockManager] Lock acquired on daemon addresses registry.
2026-09-02T16:54:15.303+0700 [DEBUG] [org.gradle.cache.internal.DefaultFileLockManager] Releasing lock on daemon addresses registry.
2026-09-02T16:54:15.305+0700 [DEBUG] [org.gradle.cache.internal.DefaultFileLockManager] Waiting to acquire shared lock on daemon addresses registry.
2026-09-02T16:54:15.305+0700 [DEBUG] [org.gradle.cache.internal.DefaultFileLockManager] Lock acquired on daemon addresses registry.
2026-09-02T16:54:15.306+0700 [DEBUG] [org.gradle.cache.internal.DefaultFileLockManager] Releasing lock on daemon addresses registry.
2026-09-02T16:54:24.854+0700 [DEBUG] [org.gradle.process.internal.health.memory.DefaultMemoryManager] 638754816 physical memory requested, 496996352 free
2026-09-02T16:54:24.854+0700 [DEBUG] [org.gradle.workers.internal.WorkerDaemonExpiration] Will attempt to release 609 of memory
2026-09-02T16:54:24.854+0700 [DEBUG] [org.gradle.process.internal.health.memory.DefaultMemoryManager] 638754816 physical memory requested, 0 released, 496996352 free
2026-09-02T16:54:25.255+0700 [DEBUG] [org.gradle.cache.internal.DefaultFileLockManager] Waiting to acquire shared lock on daemon addresses registry.
2026-09-02T16:54:25.255+0700 [DEBUG] [org.gradle.cache.internal.DefaultFileLockManager] Lock acquired on daemon addresses registry.
2026-09-02T16:54:25.257+0700 [DEBUG] [org.gradle.cache.internal.DefaultFileLockManager] Releasing lock on daemon addresses registry.
2026-09-02T16:54:25.259+0700 [DEBUG] [org.gradle.cache.internal.DefaultFileLockManager] Waiting to acquire shared lock on daemon addresses registry.
2026-09-02T16:54:25.260+0700 [DEBUG] [org.gradle.cache.internal.DefaultFileLockManager] Lock acquired on daemon addresses registry.
2026-09-02T16:54:25.261+0700 [DEBUG] [org.gradle.cache.internal.DefaultFileLockManager] Releasing lock on daemon addresses registry.
2026-09-02T16:54:25.263+0700 [DEBUG] [org.gradle.cache.internal.DefaultFileLockManager] Waiting to acquire shared lock on daemon addresses registry.
2026-09-02T16:54:25.264+0700 [DEBUG] [org.gradle.cache.internal.DefaultFileLockManager] Lock acquired on daemon addresses registry.
2026-09-02T16:54:25.264+0700 [DEBUG] [org.gradle.cache.internal.DefaultFileLockManager] Releasing lock on daemon addresses registry.
2026-09-02T16:54:29.856+0700 [DEBUG] [org.gradle.process.internal.health.memory.DefaultMemoryManager] 638754816 physical memory requested, 413274112 free
2026-09-02T16:54:29.856+0700 [DEBUG] [org.gradle.workers.internal.WorkerDaemonExpiration] Will attempt to release 609 of memory
2026-09-02T16:54:29.856+0700 [DEBUG] [org.gradle.process.internal.health.memory.DefaultMemoryManager] 638754816 physical memory requested, 0 released, 413274112 free
2026-09-02T16:54:34.852+0700 [DEBUG] [org.gradle.process.internal.health.memory.DefaultMemoryManager] 638754816 physical memory requested, 193433600 free
2026-09-02T16:54:34.852+0700 [DEBUG] [org.gradle.workers.internal.WorkerDaemonExpiration] Will attempt to release 609 of memory
2026-09-02T16:54:34.853+0700 [DEBUG] [org.gradle.process.internal.health.memory.DefaultMemoryManager] 638754816 physical memory requested, 0 released, 193433600 free
2026-09-02T16:54:35.254+0700 [DEBUG] [org.gradle.cache.internal.DefaultFileLockManager] Waiting to acquire shared lock on daemon addresses registry.
2026-09-02T16:54:35.255+0700 [DEBUG] [org.gradle.cache.internal.DefaultFileLockManager] Lock acquired on daemon addresses registry.
2026-09-02T16:54:35.288+0700 [DEBUG] [org.gradle.cache.internal.DefaultFileLockManager] Releasing lock on daemon addresses registry.
2026-09-02T16:54:35.299+0700 [DEBUG] [org.gradle.cache.internal.DefaultFileLockManager] Waiting to acquire shared lock on daemon addresses registry.
2026-09-02T16:54:35.299+0700 [DEBUG] [org.gradle.cache.internal.DefaultFileLockManager] Lock acquired on daemon addresses registry.
2026-09-02T16:54:35.302+0700 [DEBUG] [org.gradle.cache.internal.DefaultFileLockManager] Releasing lock on daemon addresses registry.
2026-09-02T16:54:35.305+0700 [DEBUG] [org.gradle.cache.internal.DefaultFileLockManager] Waiting to acquire shared lock on daemon addresses registry.
2026-09-02T16:54:35.307+0700 [DEBUG] [org.gradle.cache.internal.DefaultFileLockManager] Lock acquired on daemon addresses registry.
2026-09-02T16:54:35.308+0700 [DEBUG] [org.gradle.cache.internal.DefaultFileLockManager] Releasing lock on daemon addresses registry.
2026-09-02T16:54:39.856+0700 [DEBUG] [org.gradle.process.internal.health.memory.DefaultMemoryManager] 638754816 physical memory requested, 209698816 free
2026-09-02T16:54:39.857+0700 [DEBUG] [org.gradle.workers.internal.WorkerDaemonExpiration] Will attempt to release 609 of memory
2026-09-02T16:54:39.860+0700 [DEBUG] [org.gradle.process.internal.health.memory.DefaultMemoryManager] 638754816 physical memory requested, 0 released, 209698816 free
2026-09-02T16:54:44.858+0700 [DEBUG] [org.gradle.process.internal.health.memory.DefaultMemoryManager] 638754816 physical memory requested, 202600448 free
2026-09-02T16:54:44.859+0700 [DEBUG] [org.gradle.workers.internal.WorkerDaemonExpiration] Will attempt to release 609 of memory
2026-09-02T16:54:44.859+0700 [DEBUG] [org.gradle.process.internal.health.memory.DefaultMemoryManager] 638754816 physical memory requested, 0 released, 202600448 free
2026-09-02T16:54:45.254+0700 [DEBUG] [org.gradle.cache.internal.DefaultFileLockManager] Waiting to acquire shared lock on daemon addresses registry.
2026-09-02T16:54:45.256+0700 [DEBUG] [org.gradle.cache.internal.DefaultFileLockManager] Lock acquired on daemon addresses registry.
2026-09-02T16:54:45.262+0700 [DEBUG] [org.gradle.cache.internal.DefaultFileLockManager] Releasing lock on daemon addresses registry.
2026-09-02T16:54:45.290+0700 [DEBUG] [org.gradle.cache.internal.DefaultFileLockManager] Waiting to acquire shared lock on daemon addresses registry.
2026-09-02T16:54:45.291+0700 [DEBUG] [org.gradle.cache.internal.DefaultFileLockManager] Lock acquired on daemon addresses registry.
2026-09-02T16:54:45.298+0700 [DEBUG] [org.gradle.cache.internal.DefaultFileLockManager] Releasing lock on daemon addresses registry.
2026-09-02T16:54:45.316+0700 [DEBUG] [org.gradle.cache.internal.DefaultFileLockManager] Waiting to acquire shared lock on daemon addresses registry.
2026-09-02T16:54:45.316+0700 [DEBUG] [org.gradle.cache.internal.DefaultFileLockManager] Lock acquired on daemon addresses registry.
2026-09-02T16:54:45.319+0700 [DEBUG] [org.gradle.cache.internal.DefaultFileLockManager] Releasing lock on daemon addresses registry.
2026-09-02T16:54:49.853+0700 [DEBUG] [org.gradle.process.internal.health.memory.DefaultMemoryManager] 638754816 physical memory requested, 301170688 free
2026-09-02T16:54:49.854+0700 [DEBUG] [org.gradle.workers.internal.WorkerDaemonExpiration] Will attempt to release 609 of memory
2026-09-02T16:54:49.854+0700 [DEBUG] [org.gradle.process.internal.health.memory.DefaultMemoryManager] 638754816 physical memory requested, 0 released, 301170688 free
2026-09-02T16:54:54.851+0700 [DEBUG] [org.gradle.process.internal.health.memory.DefaultMemoryManager] 638754816 physical memory requested, 320671744 free
2026-09-02T16:54:54.851+0700 [DEBUG] [org.gradle.workers.internal.WorkerDaemonExpiration] Will attempt to release 609 of memory
2026-09-02T16:54:54.852+0700 [DEBUG] [org.gradle.process.internal.health.memory.DefaultMemoryManager] 638754816 physical memory requested, 0 released, 320671744 free
2026-09-02T16:54:55.255+0700 [DEBUG] [org.gradle.cache.internal.DefaultFileLockManager] Waiting to acquire shared lock on daemon addresses registry.
2026-09-02T16:54:55.257+0700 [DEBUG] [org.gradle.cache.internal.DefaultFileLockManager] Lock acquired on daemon addresses registry.
2026-09-02T16:54:55.263+0700 [DEBUG] [org.gradle.cache.internal.DefaultFileLockManager] Releasing lock on daemon addresses registry.
2026-09-02T16:54:55.275+0700 [DEBUG] [org.gradle.cache.internal.DefaultFileLockManager] Waiting to acquire shared lock on daemon addresses registry.
2026-09-02T16:54:55.275+0700 [DEBUG] [org.gradle.cache.internal.DefaultFileLockManager] Lock acquired on daemon addresses registry.
2026-09-02T16:54:55.277+0700 [DEBUG] [org.gradle.cache.internal.DefaultFileLockManager] Releasing lock on daemon addresses registry.
2026-09-02T16:54:55.291+0700 [DEBUG] [org.gradle.cache.internal.DefaultFileLockManager] Waiting to acquire shared lock on daemon addresses registry.
2026-09-02T16:54:55.291+0700 [DEBUG] [org.gradle.cache.internal.DefaultFileLockManager] Lock acquired on daemon addresses registry.
2026-09-02T16:54:55.311+0700 [DEBUG] [org.gradle.cache.internal.DefaultFileLockManager] Releasing lock on daemon addresses registry.
2026-09-02T16:54:59.851+0700 [DEBUG] [org.gradle.process.internal.health.memory.DefaultMemoryManager] 638754816 physical memory requested, 353992704 free
2026-09-02T16:54:59.851+0700 [DEBUG] [org.gradle.workers.internal.WorkerDaemonExpiration] Will attempt to release 609 of memory
2026-09-02T16:54:59.851+0700 [DEBUG] [org.gradle.process.internal.health.memory.DefaultMemoryManager] 638754816 physical memory requested, 0 released, 353992704 free
2026-09-02T16:55:04.852+0700 [DEBUG] [org.gradle.process.internal.health.memory.DefaultMemoryManager] 638754816 physical memory requested, 202215424 free
2026-09-02T16:55:04.854+0700 [DEBUG] [org.gradle.workers.internal.WorkerDaemonExpiration] Will attempt to release 609 of memory
2026-09-02T16:55:04.857+0700 [DEBUG] [org.gradle.process.internal.health.memory.DefaultMemoryManager] 638754816 physical memory requested, 0 released, 202215424 free
2026-09-02T16:55:05.245+0700 [DEBUG] [org.gradle.cache.internal.DefaultFileLockManager] Waiting to acquire shared lock on daemon addresses registry.
2026-09-02T16:55:05.246+0700 [DEBUG] [org.gradle.cache.internal.DefaultFileLockManager] Lock acquired on daemon addresses registry.
2026-09-02T16:55:05.279+0700 [DEBUG] [org.gradle.cache.internal.DefaultFileLockManager] Releasing lock on daemon addresses registry.
2026-09-02T16:55:05.308+0700 [DEBUG] [org.gradle.cache.internal.DefaultFileLockManager] Waiting to acquire shared lock on daemon addresses registry.
2026-09-02T16:55:05.309+0700 [DEBUG] [org.gradle.cache.internal.DefaultFileLockManager] Lock acquired on daemon addresses registry.
2026-09-02T16:55:05.310+0700 [DEBUG] [org.gradle.cache.internal.DefaultFileLockManager] Releasing lock on daemon addresses registry.
2026-09-02T16:55:05.323+0700 [DEBUG] [org.gradle.cache.internal.DefaultFileLockManager] Waiting to acquire shared lock on daemon addresses registry.
2026-09-02T16:55:05.324+0700 [DEBUG] [org.gradle.cache.internal.DefaultFileLockManager] Lock acquired on daemon addresses registry.
2026-09-02T16:55:05.324+0700 [DEBUG] [org.gradle.cache.internal.DefaultFileLockManager] Releasing lock on daemon addresses registry.
2026-09-02T16:55:09.852+0700 [DEBUG] [org.gradle.process.internal.health.memory.DefaultMemoryManager] 638754816 physical memory requested, 315871232 free
2026-09-02T16:55:09.852+0700 [DEBUG] [org.gradle.workers.internal.WorkerDaemonExpiration] Will attempt to release 609 of memory
2026-09-02T16:55:09.852+0700 [DEBUG] [org.gradle.process.internal.health.memory.DefaultMemoryManager] 638754816 physical memory requested, 0 released, 315871232 free
2026-09-02T16:55:15.245+0700 [DEBUG] [org.gradle.cache.internal.DefaultFileLockManager] Waiting to acquire shared lock on daemon addresses registry.
2026-09-02T16:55:15.245+0700 [DEBUG] [org.gradle.cache.internal.DefaultFileLockManager] Lock acquired on daemon addresses registry.
2026-09-02T16:55:15.265+0700 [DEBUG] [org.gradle.cache.internal.DefaultFileLockManager] Releasing lock on daemon addresses registry.
2026-09-02T16:55:15.268+0700 [DEBUG] [org.gradle.cache.internal.DefaultFileLockManager] Waiting to acquire shared lock on daemon addresses registry.
2026-09-02T16:55:15.269+0700 [DEBUG] [org.gradle.cache.internal.DefaultFileLockManager] Lock acquired on daemon addresses registry.
2026-09-02T16:55:15.304+0700 [DEBUG] [org.gradle.cache.internal.DefaultFileLockManager] Releasing lock on daemon addresses registry.
2026-09-02T16:55:15.306+0700 [DEBUG] [org.gradle.cache.internal.DefaultFileLockManager] Waiting to acquire shared lock on daemon addresses registry.
2026-09-02T16:55:15.307+0700 [DEBUG] [org.gradle.cache.internal.DefaultFileLockManager] Lock acquired on daemon addresses registry.
2026-09-02T16:55:15.307+0700 [DEBUG] [org.gradle.cache.internal.DefaultFileLockManager] Releasing lock on daemon addresses registry.
2026-09-02T16:55:25.244+0700 [DEBUG] [org.gradle.cache.internal.DefaultFileLockManager] Waiting to acquire shared lock on daemon addresses registry.
2026-09-02T16:55:25.244+0700 [DEBUG] [org.gradle.cache.internal.DefaultFileLockManager] Lock acquired on daemon addresses registry.
2026-09-02T16:55:25.245+0700 [DEBUG] [org.gradle.cache.internal.DefaultFileLockManager] Releasing lock on daemon addresses registry.
2026-09-02T16:55:25.257+0700 [DEBUG] [org.gradle.cache.internal.DefaultFileLockManager] Waiting to acquire shared lock on daemon addresses registry.
2026-09-02T16:55:25.257+0700 [DEBUG] [org.gradle.cache.internal.DefaultFileLockManager] Lock acquired on daemon addresses registry.
2026-09-02T16:55:25.258+0700 [DEBUG] [org.gradle.cache.internal.DefaultFileLockManager] Releasing lock on daemon addresses registry.
2026-09-02T16:55:25.278+0700 [DEBUG] [org.gradle.cache.internal.DefaultFileLockManager] Waiting to acquire shared lock on daemon addresses registry.
2026-09-02T16:55:25.278+0700 [DEBUG] [org.gradle.cache.internal.DefaultFileLockManager] Lock acquired on daemon addresses registry.
2026-09-02T16:55:25.279+0700 [DEBUG] [org.gradle.cache.internal.DefaultFileLockManager] Releasing lock on daemon addresses registry.
2026-09-02T16:55:35.245+0700 [DEBUG] [org.gradle.cache.internal.DefaultFileLockManager] Waiting to acquire shared lock on daemon addresses registry.
2026-09-02T16:55:35.245+0700 [DEBUG] [org.gradle.cache.internal.DefaultFileLockManager] Lock acquired on daemon addresses registry.
2026-09-02T16:55:35.246+0700 [DEBUG] [org.gradle.cache.internal.DefaultFileLockManager] Releasing lock on daemon addresses registry.
2026-09-02T16:55:35.249+0700 [DEBUG] [org.gradle.cache.internal.DefaultFileLockManager] Waiting to acquire shared lock on daemon addresses registry.
2026-09-02T16:55:35.249+0700 [DEBUG] [org.gradle.cache.internal.DefaultFileLockManager] Lock acquired on daemon addresses registry.
2026-09-02T16:55:35.250+0700 [DEBUG] [org.gradle.cache.internal.DefaultFileLockManager] Releasing lock on daemon addresses registry.
2026-09-02T16:55:35.252+0700 [DEBUG] [org.gradle.cache.internal.DefaultFileLockManager] Waiting to acquire shared lock on daemon addresses registry.
2026-09-02T16:55:35.260+0700 [DEBUG] [org.gradle.cache.internal.DefaultFileLockManager] Lock acquired on daemon addresses registry.
2026-09-02T16:55:35.260+0700 [DEBUG] [org.gradle.cache.internal.DefaultFileLockManager] Releasing lock on daemon addresses registry.
2026-09-02T16:55:44.851+0700 [DEBUG] [org.gradle.process.internal.health.memory.DefaultMemoryManager] 638754816 physical memory requested, 416137216 free
2026-09-02T16:55:44.852+0700 [DEBUG] [org.gradle.workers.internal.WorkerDaemonExpiration] Will attempt to release 609 of memory
2026-09-02T16:55:44.852+0700 [DEBUG] [org.gradle.process.internal.health.memory.DefaultMemoryManager] 638754816 physical memory requested, 0 released, 416137216 free
2026-09-02T16:55:45.245+0700 [DEBUG] [org.gradle.cache.internal.DefaultFileLockManager] Waiting to acquire shared lock on daemon addresses registry.
2026-09-02T16:55:45.249+0700 [DEBUG] [org.gradle.cache.internal.DefaultFileLockManager] Lock acquired on daemon addresses registry.
2026-09-02T16:55:45.284+0700 [DEBUG] [org.gradle.cache.internal.DefaultFileLockManager] Releasing lock on daemon addresses registry.
2026-09-02T16:55:45.288+0700 [DEBUG] [org.gradle.cache.internal.DefaultFileLockManager] Waiting to acquire shared lock on daemon addresses registry.
2026-09-02T16:55:45.288+0700 [DEBUG] [org.gradle.cache.internal.DefaultFileLockManager] Lock acquired on daemon addresses registry.
2026-09-02T16:55:45.288+0700 [DEBUG] [org.gradle.cache.internal.DefaultFileLockManager] Releasing lock on daemon addresses registry.
2026-09-02T16:55:45.290+0700 [DEBUG] [org.gradle.cache.internal.DefaultFileLockManager] Waiting to acquire shared lock on daemon addresses registry.
2026-09-02T16:55:45.291+0700 [DEBUG] [org.gradle.cache.internal.DefaultFileLockManager] Lock acquired on daemon addresses registry.
2026-09-02T16:55:45.291+0700 [DEBUG] [org.gradle.cache.internal.DefaultFileLockManager] Releasing lock on daemon addresses registry.
2026-09-02T16:55:49.851+0700 [DEBUG] [org.gradle.process.internal.health.memory.DefaultMemoryManager] 638754816 physical memory requested, 349310976 free
2026-09-02T16:55:49.851+0700 [DEBUG] [org.gradle.workers.internal.WorkerDaemonExpiration] Will attempt to release 609 of memory
2026-09-02T16:55:49.851+0700 [DEBUG] [org.gradle.process.internal.health.memory.DefaultMemoryManager] 638754816 physical memory requested, 0 released, 349310976 free
2026-09-02T16:55:54.852+0700 [DEBUG] [org.gradle.process.internal.health.memory.DefaultMemoryManager] 638754816 physical memory requested, 226807808 free
2026-09-02T16:55:54.852+0700 [DEBUG] [org.gradle.workers.internal.WorkerDaemonExpiration] Will attempt to release 609 of memory
2026-09-02T16:55:54.852+0700 [DEBUG] [org.gradle.process.internal.health.memory.DefaultMemoryManager] 638754816 physical memory requested, 0 released, 226807808 free
2026-09-02T16:55:55.245+0700 [DEBUG] [org.gradle.cache.internal.DefaultFileLockManager] Waiting to acquire shared lock on daemon addresses registry.
2026-09-02T16:55:55.246+0700 [DEBUG] [org.gradle.cache.internal.DefaultFileLockManager] Lock acquired on daemon addresses registry.
2026-09-02T16:55:55.249+0700 [DEBUG] [org.gradle.cache.internal.DefaultFileLockManager] Releasing lock on daemon addresses registry.
2026-09-02T16:55:55.256+0700 [DEBUG] [org.gradle.cache.internal.DefaultFileLockManager] Waiting to acquire shared lock on daemon addresses registry.
2026-09-02T16:55:55.257+0700 [DEBUG] [org.gradle.cache.internal.DefaultFileLockManager] Lock acquired on daemon addresses registry.
2026-09-02T16:55:55.257+0700 [DEBUG] [org.gradle.cache.internal.DefaultFileLockManager] Releasing lock on daemon addresses registry.
2026-09-02T16:55:55.259+0700 [DEBUG] [org.gradle.cache.internal.DefaultFileLockManager] Waiting to acquire shared lock on daemon addresses registry.
2026-09-02T16:55:55.259+0700 [DEBUG] [org.gradle.cache.internal.DefaultFileLockManager] Lock acquired on daemon addresses registry.
2026-09-02T16:55:55.265+0700 [DEBUG] [org.gradle.cache.internal.DefaultFileLockManager] Releasing lock on daemon addresses registry.
2026-09-02T16:55:59.850+0700 [DEBUG] [org.gradle.process.internal.health.memory.DefaultMemoryManager] 638754816 physical memory requested, 165376000 free
2026-09-02T16:55:59.850+0700 [DEBUG] [org.gradle.workers.internal.WorkerDaemonExpiration] Will attempt to release 609 of memory
2026-09-02T16:55:59.851+0700 [DEBUG] [org.gradle.process.internal.health.memory.DefaultMemoryManager] 638754816 physical memory requested, 0 released, 165376000 free
2026-09-02T16:56:04.851+0700 [DEBUG] [org.gradle.process.internal.health.memory.DefaultMemoryManager] 638754816 physical memory requested, 216154112 free
2026-09-02T16:56:04.852+0700 [DEBUG] [org.gradle.workers.internal.WorkerDaemonExpiration] Will attempt to release 609 of memory
2026-09-02T16:56:04.852+0700 [DEBUG] [org.gradle.process.internal.health.memory.DefaultMemoryManager] 638754816 physical memory requested, 0 released, 216154112 free
2026-09-02T16:56:05.246+0700 [DEBUG] [org.gradle.cache.internal.DefaultFileLockManager] Waiting to acquire shared lock on daemon addresses registry.
2026-09-02T16:56:05.247+0700 [DEBUG] [org.gradle.cache.internal.DefaultFileLockManager] Lock acquired on daemon addresses registry.
2026-09-02T16:56:05.252+0700 [DEBUG] [org.gradle.cache.internal.DefaultFileLockManager] Releasing lock on daemon addresses registry.
2026-09-02T16:56:05.260+0700 [DEBUG] [org.gradle.cache.internal.DefaultFileLockManager] Waiting to acquire shared lock on daemon addresses registry.
2026-09-02T16:56:05.260+0700 [DEBUG] [org.gradle.cache.internal.DefaultFileLockManager] Lock acquired on daemon addresses registry.
2026-09-02T16:56:05.262+0700 [DEBUG] [org.gradle.cache.internal.DefaultFileLockManager] Releasing lock on daemon addresses registry.
2026-09-02T16:56:05.267+0700 [DEBUG] [org.gradle.cache.internal.DefaultFileLockManager] Waiting to acquire shared lock on daemon addresses registry.
2026-09-02T16:56:05.268+0700 [DEBUG] [org.gradle.cache.internal.DefaultFileLockManager] Lock acquired on daemon addresses registry.
2026-09-02T16:56:05.269+0700 [DEBUG] [org.gradle.cache.internal.DefaultFileLockManager] Releasing lock on daemon addresses registry.
2026-09-02T16:56:09.852+0700 [DEBUG] [org.gradle.process.internal.health.memory.DefaultMemoryManager] 638754816 physical memory requested, 181182464 free
2026-09-02T16:56:09.853+0700 [DEBUG] [org.gradle.workers.internal.WorkerDaemonExpiration] Will attempt to release 609 of memory
2026-09-02T16:56:09.854+0700 [DEBUG] [org.gradle.process.internal.health.memory.DefaultMemoryManager] 638754816 physical memory requested, 0 released, 181182464 free
2026-09-02T16:56:14.851+0700 [DEBUG] [org.gradle.process.internal.health.memory.DefaultMemoryManager] 638754816 physical memory requested, 441761792 free
2026-09-02T16:56:14.851+0700 [DEBUG] [org.gradle.workers.internal.WorkerDaemonExpiration] Will attempt to release 609 of memory
2026-09-02T16:56:14.851+0700 [DEBUG] [org.gradle.process.internal.health.memory.DefaultMemoryManager] 638754816 physical memory requested, 0 released, 441761792 free
2026-09-02T16:56:15.288+0700 [DEBUG] [org.gradle.cache.internal.DefaultFileLockManager] Waiting to acquire shared lock on daemon addresses registry.
2026-09-02T16:56:15.290+0700 [DEBUG] [org.gradle.cache.internal.DefaultFileLockManager] Lock acquired on daemon addresses registry.
2026-09-02T16:56:15.294+0700 [DEBUG] [org.gradle.cache.internal.DefaultFileLockManager] Releasing lock on daemon addresses registry.
2026-09-02T16:56:15.328+0700 [DEBUG] [org.gradle.cache.internal.DefaultFileLockManager] Waiting to acquire shared lock on daemon addresses registry.
2026-09-02T16:56:15.353+0700 [DEBUG] [org.gradle.cache.internal.DefaultFileLockManager] Lock acquired on daemon addresses registry.
2026-09-02T16:56:15.355+0700 [DEBUG] [org.gradle.cache.internal.DefaultFileLockManager] Releasing lock on daemon addresses registry.
2026-09-02T16:56:15.369+0700 [DEBUG] [org.gradle.cache.internal.DefaultFileLockManager] Waiting to acquire shared lock on daemon addresses registry.
2026-09-02T16:56:15.376+0700 [DEBUG] [org.gradle.cache.internal.DefaultFileLockManager] Lock acquired on daemon addresses registry.
2026-09-02T16:56:15.377+0700 [DEBUG] [org.gradle.cache.internal.DefaultFileLockManager] Releasing lock on daemon addresses registry.
2026-09-02T16:56:15.607+0700 [DEBUG] [org.gradle.internal.watch.vfs.impl.WatchingVirtualFileSystem] Handling VFS change CREATED D:\AbsensiSeleksi\app\src\main\res\drawable\ic_success_graphic.xml
2026-09-02T16:56:19.851+0700 [DEBUG] [org.gradle.process.internal.health.memory.DefaultMemoryManager] 638754816 physical memory requested, 465264640 free
2026-09-02T16:56:19.857+0700 [DEBUG] [org.gradle.workers.internal.WorkerDaemonExpiration] Will attempt to release 609 of memory
2026-09-02T16:56:19.857+0700 [DEBUG] [org.gradle.process.internal.health.memory.DefaultMemoryManager] 638754816 physical memory requested, 0 released, 465264640 free
2026-09-02T16:56:21.896+0700 [DEBUG] [sun.rmi.transport.tcp] RMI TCP Connection(13)-127.0.0.1: accepted socket from [127.0.0.1:52478]
2026-09-02T16:56:21.923+0700 [DEBUG] [sun.rmi.transport.tcp] RMI TCP Connection(13)-127.0.0.1: (port 61442) op = 80
2026-09-02T16:56:21.937+0700 [DEBUG] [sun.rmi.loader] RMI TCP Connection(13)-127.0.0.1: name = "[Ljava.rmi.server.ObjID;", codebase = "", defaultLoader = jdk.internal.loader.ClassLoaders$PlatformClassLoader@69ea2fa6
2026-09-02T16:56:21.947+0700 [DEBUG] [sun.rmi.loader] RMI TCP Connection(13)-127.0.0.1: name = "java.rmi.dgc.Lease", codebase = "", defaultLoader = jdk.internal.loader.ClassLoaders$PlatformClassLoader@69ea2fa6
2026-09-02T16:56:21.950+0700 [DEBUG] [sun.rmi.loader] RMI TCP Connection(13)-127.0.0.1: name = "java.rmi.dgc.VMID", codebase = "", defaultLoader = jdk.internal.loader.ClassLoaders$PlatformClassLoader@69ea2fa6
2026-09-02T16:56:21.951+0700 [DEBUG] [sun.rmi.loader] RMI TCP Connection(13)-127.0.0.1: name = "[B", codebase = "", defaultLoader = jdk.internal.loader.ClassLoaders$PlatformClassLoader@69ea2fa6
2026-09-02T16:56:21.955+0700 [DEBUG] [sun.rmi.loader] RMI TCP Connection(13)-127.0.0.1: name = "java.rmi.server.UID", codebase = "", defaultLoader = jdk.internal.loader.ClassLoaders$PlatformClassLoader@69ea2fa6
2026-09-02T16:56:24.863+0700 [DEBUG] [org.gradle.process.internal.health.memory.DefaultMemoryManager] 638754816 physical memory requested, 436002816 free
2026-09-02T16:56:24.864+0700 [DEBUG] [org.gradle.workers.internal.WorkerDaemonExpiration] Will attempt to release 609 of memory
2026-09-02T16:56:24.864+0700 [DEBUG] [org.gradle.process.internal.health.memory.DefaultMemoryManager] 638754816 physical memory requested, 0 released, 436002816 free
2026-09-02T16:56:25.262+0700 [DEBUG] [org.gradle.cache.internal.DefaultFileLockManager] Waiting to acquire shared lock on daemon addresses registry.
2026-09-02T16:56:25.262+0700 [DEBUG] [org.gradle.cache.internal.DefaultFileLockManager] Lock acquired on daemon addresses registry.
2026-09-02T16:56:25.288+0700 [DEBUG] [org.gradle.cache.internal.DefaultFileLockManager] Releasing lock on daemon addresses registry.
2026-09-02T16:56:25.295+0700 [DEBUG] [org.gradle.cache.internal.DefaultFileLockManager] Waiting to acquire shared lock on daemon addresses registry.
2026-09-02T16:56:25.296+0700 [DEBUG] [org.gradle.cache.internal.DefaultFileLockManager] Lock acquired on daemon addresses registry.
2026-09-02T16:56:25.296+0700 [DEBUG] [org.gradle.cache.internal.DefaultFileLockManager] Releasing lock on daemon addresses registry.
2026-09-02T16:56:26.963+0700 [DEBUG] [org.gradle.cache.internal.DefaultFileLockManager] Waiting to acquire shared lock on daemon addresses registry.
2026-09-02T16:56:26.963+0700 [DEBUG] [org.gradle.cache.internal.DefaultFileLockManager] Lock acquired on daemon addresses registry.
2026-09-02T16:56:26.964+0700 [DEBUG] [org.gradle.cache.internal.DefaultFileLockManager] Releasing lock on daemon addresses registry.
2026-09-02T16:56:29.850+0700 [DEBUG] [org.gradle.process.internal.health.memory.DefaultMemoryManager] 638754816 physical memory requested, 380186624 free
2026-09-02T16:56:29.851+0700 [DEBUG] [org.gradle.workers.internal.WorkerDaemonExpiration] Will attempt to release 609 of memory
2026-09-02T16:56:29.851+0700 [DEBUG] [org.gradle.process.internal.health.memory.DefaultMemoryManager] 638754816 physical memory requested, 0 released, 380186624 free
2026-09-02T16:56:34.850+0700 [DEBUG] [org.gradle.process.internal.health.memory.DefaultMemoryManager] 638754816 physical memory requested, 430186496 free
2026-09-02T16:56:34.850+0700 [DEBUG] [org.gradle.workers.internal.WorkerDaemonExpiration] Will attempt to release 609 of memory
2026-09-02T16:56:34.850+0700 [DEBUG] [org.gradle.process.internal.health.memory.DefaultMemoryManager] 638754816 physical memory requested, 0 released, 430186496 free
2026-09-02T16:56:35.245+0700 [DEBUG] [org.gradle.cache.internal.DefaultFileLockManager] Waiting to acquire shared lock on daemon addresses registry.
2026-09-02T16:56:35.245+0700 [DEBUG] [org.gradle.cache.internal.DefaultFileLockManager] Lock acquired on daemon addresses registry.
2026-09-02T16:56:35.246+0700 [DEBUG] [org.gradle.cache.internal.DefaultFileLockManager] Releasing lock on daemon addresses registry.
2026-09-02T16:56:35.248+0700 [DEBUG] [org.gradle.cache.internal.DefaultFileLockManager] Waiting to acquire shared lock on daemon addresses registry.
2026-09-02T16:56:35.248+0700 [DEBUG] [org.gradle.cache.internal.DefaultFileLockManager] Lock acquired on daemon addresses registry.
2026-09-02T16:56:35.249+0700 [DEBUG] [org.gradle.cache.internal.DefaultFileLockManager] Releasing lock on daemon addresses registry.
2026-09-02T16:56:35.250+0700 [DEBUG] [org.gradle.cache.internal.DefaultFileLockManager] Waiting to acquire shared lock on daemon addresses registry.
2026-09-02T16:56:35.250+0700 [DEBUG] [org.gradle.cache.internal.DefaultFileLockManager] Lock acquired on daemon addresses registry.
2026-09-02T16:56:35.250+0700 [DEBUG] [org.gradle.cache.internal.DefaultFileLockManager] Releasing lock on daemon addresses registry.
2026-09-02T16:56:37.004+0700 [DEBUG] [sun.rmi.transport.tcp] RMI TCP Connection(13)-127.0.0.1: (port 61442) connection closed
2026-09-02T16:56:37.004+0700 [DEBUG] [sun.rmi.transport.tcp] RMI TCP Connection(13)-127.0.0.1: close connection, socket: Socket[addr=/127.0.0.1,port=52478,localport=61442]
2026-09-02T16:56:37.011+0700 [DEBUG] [sun.rmi.transport.tcp] RMI TCP Connection(13)-127.0.0.1: socket close: Socket[addr=/127.0.0.1,port=52478,localport=61442]
2026-09-02T16:56:39.577+0700 [DEBUG] [sun.rmi.transport.tcp] RMI TCP Connection(14)-127.0.0.1: accepted socket from [127.0.0.1:52480]
2026-09-02T16:56:39.578+0700 [DEBUG] [sun.rmi.transport.tcp] RMI TCP Connection(14)-127.0.0.1: (port 61442) op = 80
2026-09-02T16:56:39.583+0700 [DEBUG] [sun.rmi.loader] RMI TCP Connection(14)-127.0.0.1: name = "[Ljava.rmi.server.ObjID;", codebase = "", defaultLoader = jdk.internal.loader.ClassLoaders$PlatformClassLoader@69ea2fa6
2026-09-02T16:56:39.584+0700 [DEBUG] [sun.rmi.loader] RMI TCP Connection(14)-127.0.0.1: name = "java.rmi.dgc.Lease", codebase = "", defaultLoader = jdk.internal.loader.ClassLoaders$PlatformClassLoader@69ea2fa6
2026-09-02T16:56:39.585+0700 [DEBUG] [sun.rmi.loader] RMI TCP Connection(14)-127.0.0.1: name = "java.rmi.dgc.VMID", codebase = "", defaultLoader = jdk.internal.loader.ClassLoaders$PlatformClassLoader@69ea2fa6
2026-09-02T16:56:39.586+0700 [DEBUG] [sun.rmi.loader] RMI TCP Connection(14)-127.0.0.1: name = "[B", codebase = "", defaultLoader = jdk.internal.loader.ClassLoaders$PlatformClassLoader@69ea2fa6
2026-09-02T16:56:39.587+0700 [DEBUG] [sun.rmi.loader] RMI TCP Connection(14)-127.0.0.1: name = "java.rmi.server.UID", codebase = "", defaultLoader = jdk.internal.loader.ClassLoaders$PlatformClassLoader@69ea2fa6
2026-09-02T16:56:39.850+0700 [DEBUG] [org.gradle.process.internal.health.memory.DefaultMemoryManager] 638754816 physical memory requested, 408170496 free
2026-09-02T16:56:39.850+0700 [DEBUG] [org.gradle.workers.internal.WorkerDaemonExpiration] Will attempt to release 609 of memory
2026-09-02T16:56:39.850+0700 [DEBUG] [org.gradle.process.internal.health.memory.DefaultMemoryManager] 638754816 physical memory requested, 0 released, 408170496 free
2026-09-02T16:56:44.850+0700 [DEBUG] [org.gradle.process.internal.health.memory.DefaultMemoryManager] 638754816 physical memory requested, 573538304 free
2026-09-02T16:56:44.851+0700 [DEBUG] [org.gradle.workers.internal.WorkerDaemonExpiration] Will attempt to release 609 of memory
2026-09-02T16:56:44.851+0700 [DEBUG] [org.gradle.process.internal.health.memory.DefaultMemoryManager] 638754816 physical memory requested, 0 released, 573538304 free
2026-09-02T16:56:45.243+0700 [DEBUG] [org.gradle.cache.internal.DefaultFileLockManager] Waiting to acquire shared lock on daemon addresses registry.
2026-09-02T16:56:45.243+0700 [DEBUG] [org.gradle.cache.internal.DefaultFileLockManager] Lock acquired on daemon addresses registry.
2026-09-02T16:56:45.244+0700 [DEBUG] [org.gradle.cache.internal.DefaultFileLockManager] Releasing lock on daemon addresses registry.
2026-09-02T16:56:45.246+0700 [DEBUG] [org.gradle.cache.internal.DefaultFileLockManager] Waiting to acquire shared lock on daemon addresses registry.
2026-09-02T16:56:45.246+0700 [DEBUG] [org.gradle.cache.internal.DefaultFileLockManager] Lock acquired on daemon addresses registry.
2026-09-02T16:56:45.247+0700 [DEBUG] [org.gradle.cache.internal.DefaultFileLockManager] Releasing lock on daemon addresses registry.
2026-09-02T16:56:45.248+0700 [DEBUG] [org.gradle.cache.internal.DefaultFileLockManager] Waiting to acquire shared lock on daemon addresses registry.
2026-09-02T16:56:45.248+0700 [DEBUG] [org.gradle.cache.internal.DefaultFileLockManager] Lock acquired on daemon addresses registry.
2026-09-02T16:56:45.248+0700 [DEBUG] [org.gradle.cache.internal.DefaultFileLockManager] Releasing lock on daemon addresses registry.
2026-09-02T16:56:49.851+0700 [DEBUG] [org.gradle.process.internal.health.memory.DefaultMemoryManager] 638754816 physical memory requested, 407576576 free
2026-09-02T16:56:49.851+0700 [DEBUG] [org.gradle.workers.internal.WorkerDaemonExpiration] Will attempt to release 609 of memory
2026-09-02T16:56:49.851+0700 [DEBUG] [org.gradle.process.internal.health.memory.DefaultMemoryManager] 638754816 physical memory requested, 0 released, 407576576 free
2026-09-02T16:56:54.597+0700 [DEBUG] [sun.rmi.transport.tcp] RMI TCP Connection(14)-127.0.0.1: (port 61442) connection closed
2026-09-02T16:56:54.597+0700 [DEBUG] [sun.rmi.transport.tcp] RMI TCP Connection(14)-127.0.0.1: close connection, socket: Socket[addr=/127.0.0.1,port=52480,localport=61442]
2026-09-02T16:56:54.598+0700 [DEBUG] [sun.rmi.transport.tcp] RMI TCP Connection(14)-127.0.0.1: socket close: Socket[addr=/127.0.0.1,port=52480,localport=61442]
2026-09-02T16:56:54.851+0700 [DEBUG] [org.gradle.process.internal.health.memory.DefaultMemoryManager] 638754816 physical memory requested, 289386496 free
2026-09-02T16:56:54.851+0700 [DEBUG] [org.gradle.workers.internal.WorkerDaemonExpiration] Will attempt to release 609 of memory
2026-09-02T16:56:54.852+0700 [DEBUG] [org.gradle.process.internal.health.memory.DefaultMemoryManager] 638754816 physical memory requested, 0 released, 289386496 free
2026-09-02T16:56:55.244+0700 [DEBUG] [org.gradle.cache.internal.DefaultFileLockManager] Waiting to acquire shared lock on daemon addresses registry.
2026-09-02T16:56:55.245+0700 [DEBUG] [org.gradle.cache.internal.DefaultFileLockManager] Lock acquired on daemon addresses registry.
2026-09-02T16:56:55.281+0700 [DEBUG] [org.gradle.cache.internal.DefaultFileLockManager] Releasing lock on daemon addresses registry.
2026-09-02T16:56:55.284+0700 [DEBUG] [org.gradle.cache.internal.DefaultFileLockManager] Waiting to acquire shared lock on daemon addresses registry.
2026-09-02T16:56:55.284+0700 [DEBUG] [org.gradle.cache.internal.DefaultFileLockManager] Lock acquired on daemon addresses registry.
2026-09-02T16:56:55.284+0700 [DEBUG] [org.gradle.cache.internal.DefaultFileLockManager] Releasing lock on daemon addresses registry.
2026-09-02T16:56:55.287+0700 [DEBUG] [org.gradle.cache.internal.DefaultFileLockManager] Waiting to acquire shared lock on daemon addresses registry.
2026-09-02T16:56:55.288+0700 [DEBUG] [org.gradle.cache.internal.DefaultFileLockManager] Lock acquired on daemon addresses registry.
2026-09-02T16:56:55.288+0700 [DEBUG] [org.gradle.cache.internal.DefaultFileLockManager] Releasing lock on daemon addresses registry.
2026-09-02T16:56:59.851+0700 [DEBUG] [org.gradle.process.internal.health.memory.DefaultMemoryManager] 638754816 physical memory requested, 421240832 free
2026-09-02T16:56:59.851+0700 [DEBUG] [org.gradle.workers.internal.WorkerDaemonExpiration] Will attempt to release 609 of memory
2026-09-02T16:56:59.851+0700 [DEBUG] [org.gradle.process.internal.health.memory.DefaultMemoryManager] 638754816 physical memory requested, 0 released, 421240832 free
2026-09-02T16:57:04.850+0700 [DEBUG] [org.gradle.process.internal.health.memory.DefaultMemoryManager] 638754816 physical memory requested, 286699520 free
2026-09-02T16:57:04.850+0700 [DEBUG] [org.gradle.workers.internal.WorkerDaemonExpiration] Will attempt to release 609 of memory
2026-09-02T16:57:04.851+0700 [DEBUG] [org.gradle.process.internal.health.memory.DefaultMemoryManager] 638754816 physical memory requested, 0 released, 286699520 free
2026-09-02T16:57:05.245+0700 [DEBUG] [org.gradle.cache.internal.DefaultFileLockManager] Waiting to acquire shared lock on daemon addresses registry.
2026-09-02T16:57:05.245+0700 [DEBUG] [org.gradle.cache.internal.DefaultFileLockManager] Lock acquired on daemon addresses registry.
2026-09-02T16:57:05.248+0700 [DEBUG] [org.gradle.cache.internal.DefaultFileLockManager] Releasing lock on daemon addresses registry.
2026-09-02T16:57:05.251+0700 [DEBUG] [org.gradle.cache.internal.DefaultFileLockManager] Waiting to acquire shared lock on daemon addresses registry.
2026-09-02T16:57:05.251+0700 [DEBUG] [org.gradle.cache.internal.DefaultFileLockManager] Lock acquired on daemon addresses registry.
2026-09-02T16:57:05.252+0700 [DEBUG] [org.gradle.cache.internal.DefaultFileLockManager] Releasing lock on daemon addresses registry.
2026-09-02T16:57:05.254+0700 [DEBUG] [org.gradle.cache.internal.DefaultFileLockManager] Waiting to acquire shared lock on daemon addresses registry.
2026-09-02T16:57:05.254+0700 [DEBUG] [org.gradle.cache.internal.DefaultFileLockManager] Lock acquired on daemon addresses registry.
2026-09-02T16:57:05.255+0700 [DEBUG] [org.gradle.cache.internal.DefaultFileLockManager] Releasing lock on daemon addresses registry.
2026-09-02T16:57:09.852+0700 [DEBUG] [org.gradle.process.internal.health.memory.DefaultMemoryManager] 638754816 physical memory requested, 439087104 free
2026-09-02T16:57:09.852+0700 [DEBUG] [org.gradle.workers.internal.WorkerDaemonExpiration] Will attempt to release 609 of memory
2026-09-02T16:57:09.852+0700 [DEBUG] [org.gradle.process.internal.health.memory.DefaultMemoryManager] 638754816 physical memory requested, 0 released, 439087104 free
2026-09-02T16:57:14.851+0700 [DEBUG] [org.gradle.process.internal.health.memory.DefaultMemoryManager] 638754816 physical memory requested, 363737088 free
2026-09-02T16:57:14.852+0700 [DEBUG] [org.gradle.workers.internal.WorkerDaemonExpiration] Will attempt to release 609 of memory
2026-09-02T16:57:14.872+0700 [DEBUG] [org.gradle.process.internal.health.memory.DefaultMemoryManager] 638754816 physical memory requested, 0 released, 363737088 free
2026-09-02T16:57:15.252+0700 [DEBUG] [org.gradle.cache.internal.DefaultFileLockManager] Waiting to acquire shared lock on daemon addresses registry.
2026-09-02T16:57:15.253+0700 [DEBUG] [org.gradle.cache.internal.DefaultFileLockManager] Lock acquired on daemon addresses registry.
2026-09-02T16:57:15.256+0700 [DEBUG] [org.gradle.cache.internal.DefaultFileLockManager] Releasing lock on daemon addresses registry.
2026-09-02T16:57:15.258+0700 [DEBUG] [org.gradle.cache.internal.DefaultFileLockManager] Waiting to acquire shared lock on daemon addresses registry.
2026-09-02T16:57:15.259+0700 [DEBUG] [org.gradle.cache.internal.DefaultFileLockManager] Lock acquired on daemon addresses registry.
2026-09-02T16:57:15.259+0700 [DEBUG] [org.gradle.cache.internal.DefaultFileLockManager] Releasing lock on daemon addresses registry.
2026-09-02T16:57:15.261+0700 [DEBUG] [org.gradle.cache.internal.DefaultFileLockManager] Waiting to acquire shared lock on daemon addresses registry.
2026-09-02T16:57:15.261+0700 [DEBUG] [org.gradle.cache.internal.DefaultFileLockManager] Lock acquired on daemon addresses registry.
2026-09-02T16:57:15.262+0700 [DEBUG] [org.gradle.cache.internal.DefaultFileLockManager] Releasing lock on daemon addresses registry.
2026-09-02T16:57:19.851+0700 [DEBUG] [org.gradle.process.internal.health.memory.DefaultMemoryManager] 638754816 physical memory requested, 442638336 free
2026-09-02T16:57:19.852+0700 [DEBUG] [org.gradle.workers.internal.WorkerDaemonExpiration] Will attempt to release 609 of memory
2026-09-02T16:57:19.852+0700 [DEBUG] [org.gradle.process.internal.health.memory.DefaultMemoryManager] 638754816 physical memory requested, 0 released, 442638336 free
2026-09-02T16:57:24.851+0700 [DEBUG] [org.gradle.process.internal.health.memory.DefaultMemoryManager] 638754816 physical memory requested, 589877248 free
2026-09-02T16:57:24.851+0700 [DEBUG] [org.gradle.workers.internal.WorkerDaemonExpiration] Will attempt to release 609 of memory
2026-09-02T16:57:24.852+0700 [DEBUG] [org.gradle.process.internal.health.memory.DefaultMemoryManager] 638754816 physical memory requested, 0 released, 589877248 free
2026-09-02T16:57:25.245+0700 [DEBUG] [org.gradle.cache.internal.DefaultFileLockManager] Waiting to acquire shared lock on daemon addresses registry.
2026-09-02T16:57:25.246+0700 [DEBUG] [org.gradle.cache.internal.DefaultFileLockManager] Lock acquired on daemon addresses registry.
2026-09-02T16:57:25.249+0700 [DEBUG] [org.gradle.cache.internal.DefaultFileLockManager] Releasing lock on daemon addresses registry.
2026-09-02T16:57:25.252+0700 [DEBUG] [org.gradle.cache.internal.DefaultFileLockManager] Waiting to acquire shared lock on daemon addresses registry.
2026-09-02T16:57:25.253+0700 [DEBUG] [org.gradle.cache.internal.DefaultFileLockManager] Lock acquired on daemon addresses registry.
2026-09-02T16:57:25.253+0700 [DEBUG] [org.gradle.cache.internal.DefaultFileLockManager] Releasing lock on daemon addresses registry.
2026-09-02T16:57:25.255+0700 [DEBUG] [org.gradle.cache.internal.DefaultFileLockManager] Waiting to acquire shared lock on daemon addresses registry.
2026-09-02T16:57:25.256+0700 [DEBUG] [org.gradle.cache.internal.DefaultFileLockManager] Lock acquired on daemon addresses registry.
2026-09-02T16:57:25.256+0700 [DEBUG] [org.gradle.cache.internal.DefaultFileLockManager] Releasing lock on daemon addresses registry.
2026-09-02T16:57:34.850+0700 [DEBUG] [org.gradle.process.internal.health.memory.DefaultMemoryManager] 638754816 physical memory requested, 629706752 free
2026-09-02T16:57:34.851+0700 [DEBUG] [org.gradle.workers.internal.WorkerDaemonExpiration] Will attempt to release 609 of memory
2026-09-02T16:57:34.851+0700 [DEBUG] [org.gradle.process.internal.health.memory.DefaultMemoryManager] 638754816 physical memory requested, 0 released, 629706752 free
2026-09-02T16:57:35.243+0700 [DEBUG] [org.gradle.cache.internal.DefaultFileLockManager] Waiting to acquire shared lock on daemon addresses registry.
2026-09-02T16:57:35.244+0700 [DEBUG] [org.gradle.cache.internal.DefaultFileLockManager] Lock acquired on daemon addresses registry.
2026-09-02T16:57:35.244+0700 [DEBUG] [org.gradle.cache.internal.DefaultFileLockManager] Releasing lock on daemon addresses registry.
2026-09-02T16:57:35.248+0700 [DEBUG] [org.gradle.cache.internal.DefaultFileLockManager] Waiting to acquire shared lock on daemon addresses registry.
2026-09-02T16:57:35.248+0700 [DEBUG] [org.gradle.cache.internal.DefaultFileLockManager] Lock acquired on daemon addresses registry.
2026-09-02T16:57:35.248+0700 [DEBUG] [org.gradle.cache.internal.DefaultFileLockManager] Releasing lock on daemon addresses registry.
2026-09-02T16:57:35.250+0700 [DEBUG] [org.gradle.cache.internal.DefaultFileLockManager] Waiting to acquire shared lock on daemon addresses registry.
2026-09-02T16:57:35.251+0700 [DEBUG] [org.gradle.cache.internal.DefaultFileLockManager] Lock acquired on daemon addresses registry.
2026-09-02T16:57:35.251+0700 [DEBUG] [org.gradle.cache.internal.DefaultFileLockManager] Releasing lock on daemon addresses registry.
2026-09-02T16:57:39.856+0700 [DEBUG] [org.gradle.process.internal.health.memory.DefaultMemoryManager] 638754816 physical memory requested, 439177216 free
2026-09-02T16:57:39.856+0700 [DEBUG] [org.gradle.workers.internal.WorkerDaemonExpiration] Will attempt to release 609 of memory
2026-09-02T16:57:39.883+0700 [DEBUG] [org.gradle.process.internal.health.memory.DefaultMemoryManager] 638754816 physical memory requested, 0 released, 439177216 free
2026-09-02T16:57:44.851+0700 [DEBUG] [org.gradle.process.internal.health.memory.DefaultMemoryManager] 638754816 physical memory requested, 336699392 free
2026-09-02T16:57:44.872+0700 [DEBUG] [org.gradle.workers.internal.WorkerDaemonExpiration] Will attempt to release 609 of memory
2026-09-02T16:57:44.872+0700 [DEBUG] [org.gradle.process.internal.health.memory.DefaultMemoryManager] 638754816 physical memory requested, 0 released, 336699392 free
2026-09-02T16:57:45.244+0700 [DEBUG] [org.gradle.cache.internal.DefaultFileLockManager] Waiting to acquire shared lock on daemon addresses registry.
2026-09-02T16:57:45.244+0700 [DEBUG] [org.gradle.cache.internal.DefaultFileLockManager] Lock acquired on daemon addresses registry.
2026-09-02T16:57:45.244+0700 [DEBUG] [org.gradle.cache.internal.DefaultFileLockManager] Releasing lock on daemon addresses registry.
2026-09-02T16:57:45.250+0700 [DEBUG] [org.gradle.cache.internal.DefaultFileLockManager] Waiting to acquire shared lock on daemon addresses registry.
2026-09-02T16:57:45.250+0700 [DEBUG] [org.gradle.cache.internal.DefaultFileLockManager] Lock acquired on daemon addresses registry.
2026-09-02T16:57:45.251+0700 [DEBUG] [org.gradle.cache.internal.DefaultFileLockManager] Releasing lock on daemon addresses registry.
2026-09-02T16:57:45.269+0700 [DEBUG] [org.gradle.cache.internal.DefaultFileLockManager] Waiting to acquire shared lock on daemon addresses registry.
2026-09-02T16:57:45.269+0700 [DEBUG] [org.gradle.cache.internal.DefaultFileLockManager] Lock acquired on daemon addresses registry.
2026-09-02T16:57:45.270+0700 [DEBUG] [org.gradle.cache.internal.DefaultFileLockManager] Releasing lock on daemon addresses registry.
2026-09-02T16:57:49.852+0700 [DEBUG] [org.gradle.process.internal.health.memory.DefaultMemoryManager] 638754816 physical memory requested, 322441216 free
2026-09-02T16:57:49.853+0700 [DEBUG] [org.gradle.workers.internal.WorkerDaemonExpiration] Will attempt to release 609 of memory
2026-09-02T16:57:49.853+0700 [DEBUG] [org.gradle.process.internal.health.memory.DefaultMemoryManager] 638754816 physical memory requested, 0 released, 322441216 free
2026-09-02T16:57:54.850+0700 [DEBUG] [org.gradle.process.internal.health.memory.DefaultMemoryManager] 638754816 physical memory requested, 360919040 free
2026-09-02T16:57:54.869+0700 [DEBUG] [org.gradle.workers.internal.WorkerDaemonExpiration] Will attempt to release 609 of memory
2026-09-02T16:57:54.902+0700 [DEBUG] [org.gradle.process.internal.health.memory.DefaultMemoryManager] 638754816 physical memory requested, 0 released, 360919040 free
2026-09-02T16:57:55.243+0700 [DEBUG] [org.gradle.cache.internal.DefaultFileLockManager] Waiting to acquire shared lock on daemon addresses registry.
2026-09-02T16:57:55.244+0700 [DEBUG] [org.gradle.cache.internal.DefaultFileLockManager] Lock acquired on daemon addresses registry.
2026-09-02T16:57:55.254+0700 [DEBUG] [org.gradle.cache.internal.DefaultFileLockManager] Releasing lock on daemon addresses registry.
2026-09-02T16:57:55.268+0700 [DEBUG] [org.gradle.cache.internal.DefaultFileLockManager] Waiting to acquire shared lock on daemon addresses registry.
2026-09-02T16:57:55.268+0700 [DEBUG] [org.gradle.cache.internal.DefaultFileLockManager] Lock acquired on daemon addresses registry.
2026-09-02T16:57:55.269+0700 [DEBUG] [org.gradle.cache.internal.DefaultFileLockManager] Releasing lock on daemon addresses registry.
2026-09-02T16:57:55.271+0700 [DEBUG] [org.gradle.cache.internal.DefaultFileLockManager] Waiting to acquire shared lock on daemon addresses registry.
2026-09-02T16:57:55.271+0700 [DEBUG] [org.gradle.cache.internal.DefaultFileLockManager] Lock acquired on daemon addresses registry.
2026-09-02T16:57:55.272+0700 [DEBUG] [org.gradle.cache.internal.DefaultFileLockManager] Releasing lock on daemon addresses registry.
2026-09-02T16:57:59.852+0700 [DEBUG] [org.gradle.process.internal.health.memory.DefaultMemoryManager] 638754816 physical memory requested, 364400640 free
2026-09-02T16:57:59.855+0700 [DEBUG] [org.gradle.workers.internal.WorkerDaemonExpiration] Will attempt to release 609 of memory
2026-09-02T16:57:59.855+0700 [DEBUG] [org.gradle.process.internal.health.memory.DefaultMemoryManager] 638754816 physical memory requested, 0 released, 364400640 free
2026-09-02T16:58:04.849+0700 [DEBUG] [org.gradle.process.internal.health.memory.DefaultMemoryManager] 638754816 physical memory requested, 477376512 free
2026-09-02T16:58:04.850+0700 [DEBUG] [org.gradle.workers.internal.WorkerDaemonExpiration] Will attempt to release 609 of memory
2026-09-02T16:58:04.850+0700 [DEBUG] [org.gradle.process.internal.health.memory.DefaultMemoryManager] 638754816 physical memory requested, 0 released, 477376512 free
2026-09-02T16:58:05.243+0700 [DEBUG] [org.gradle.cache.internal.DefaultFileLockManager] Waiting to acquire shared lock on daemon addresses registry.
2026-09-02T16:58:05.243+0700 [DEBUG] [org.gradle.cache.internal.DefaultFileLockManager] Lock acquired on daemon addresses registry.
2026-09-02T16:58:05.246+0700 [DEBUG] [org.gradle.cache.internal.DefaultFileLockManager] Releasing lock on daemon addresses registry.
2026-09-02T16:58:05.248+0700 [DEBUG] [org.gradle.cache.internal.DefaultFileLockManager] Waiting to acquire shared lock on daemon addresses registry.
2026-09-02T16:58:05.248+0700 [DEBUG] [org.gradle.cache.internal.DefaultFileLockManager] Lock acquired on daemon addresses registry.
2026-09-02T16:58:05.249+0700 [DEBUG] [org.gradle.cache.internal.DefaultFileLockManager] Releasing lock on daemon addresses registry.
2026-09-02T16:58:05.250+0700 [DEBUG] [org.gradle.cache.internal.DefaultFileLockManager] Waiting to acquire shared lock on daemon addresses registry.
2026-09-02T16:58:05.250+0700 [DEBUG] [org.gradle.cache.internal.DefaultFileLockManager] Lock acquired on daemon addresses registry.
2026-09-02T16:58:05.250+0700 [DEBUG] [org.gradle.cache.internal.DefaultFileLockManager] Releasing lock on daemon addresses registry.
2026-09-02T16:58:09.851+0700 [DEBUG] [org.gradle.process.internal.health.memory.DefaultMemoryManager] 638754816 physical memory requested, 213196800 free
2026-09-02T16:58:09.851+0700 [DEBUG] [org.gradle.workers.internal.WorkerDaemonExpiration] Will attempt to release 609 of memory
2026-09-02T16:58:09.851+0700 [DEBUG] [org.gradle.process.internal.health.memory.DefaultMemoryManager] 638754816 physical memory requested, 0 released, 213196800 free
2026-09-02T16:58:14.852+0700 [DEBUG] [org.gradle.process.internal.health.memory.DefaultMemoryManager] 638754816 physical memory requested, 382775296 free
2026-09-02T16:58:14.853+0700 [DEBUG] [org.gradle.workers.internal.WorkerDaemonExpiration] Will attempt to release 609 of memory
2026-09-02T16:58:14.853+0700 [DEBUG] [org.gradle.process.internal.health.memory.DefaultMemoryManager] 638754816 physical memory requested, 0 released, 382775296 free
2026-09-02T16:58:15.245+0700 [DEBUG] [org.gradle.cache.internal.DefaultFileLockManager] Waiting to acquire shared lock on daemon addresses registry.
2026-09-02T16:58:15.245+0700 [DEBUG] [org.gradle.cache.internal.DefaultFileLockManager] Lock acquired on daemon addresses registry.
2026-09-02T16:58:15.279+0700 [DEBUG] [org.gradle.cache.internal.DefaultFileLockManager] Releasing lock on daemon addresses registry.
2026-09-02T16:58:15.285+0700 [DEBUG] [org.gradle.cache.internal.DefaultFileLockManager] Waiting to acquire shared lock on daemon addresses registry.
2026-09-02T16:58:15.286+0700 [DEBUG] [org.gradle.cache.internal.DefaultFileLockManager] Lock acquired on daemon addresses registry.
2026-09-02T16:58:15.289+0700 [DEBUG] [org.gradle.cache.internal.DefaultFileLockManager] Releasing lock on daemon addresses registry.
2026-09-02T16:58:15.290+0700 [DEBUG] [org.gradle.cache.internal.DefaultFileLockManager] Waiting to acquire shared lock on daemon addresses registry.
2026-09-02T16:58:15.291+0700 [DEBUG] [org.gradle.cache.internal.DefaultFileLockManager] Lock acquired on daemon addresses registry.
2026-09-02T16:58:15.291+0700 [DEBUG] [org.gradle.cache.internal.DefaultFileLockManager] Releasing lock on daemon addresses registry.
2026-09-02T16:58:19.851+0700 [DEBUG] [org.gradle.process.internal.health.memory.DefaultMemoryManager] 638754816 physical memory requested, 208752640 free
2026-09-02T16:58:19.851+0700 [DEBUG] [org.gradle.workers.internal.WorkerDaemonExpiration] Will attempt to release 609 of memory
2026-09-02T16:58:19.851+0700 [DEBUG] [org.gradle.process.internal.health.memory.DefaultMemoryManager] 638754816 physical memory requested, 0 released, 208752640 free
2026-09-02T16:58:24.851+0700 [DEBUG] [org.gradle.process.internal.health.memory.DefaultMemoryManager] 638754816 physical memory requested, 334802944 free
2026-09-02T16:58:24.851+0700 [DEBUG] [org.gradle.workers.internal.WorkerDaemonExpiration] Will attempt to release 609 of memory
2026-09-02T16:58:24.851+0700 [DEBUG] [org.gradle.process.internal.health.memory.DefaultMemoryManager] 638754816 physical memory requested, 0 released, 334802944 free
2026-09-02T16:58:25.244+0700 [DEBUG] [org.gradle.cache.internal.DefaultFileLockManager] Waiting to acquire shared lock on daemon addresses registry.
2026-09-02T16:58:25.245+0700 [DEBUG] [org.gradle.cache.internal.DefaultFileLockManager] Lock acquired on daemon addresses registry.
2026-09-02T16:58:25.269+0700 [DEBUG] [org.gradle.cache.internal.DefaultFileLockManager] Releasing lock on daemon addresses registry.
2026-09-02T16:58:25.271+0700 [DEBUG] [org.gradle.cache.internal.DefaultFileLockManager] Waiting to acquire shared lock on daemon addresses registry.
2026-09-02T16:58:25.272+0700 [DEBUG] [org.gradle.cache.internal.DefaultFileLockManager] Lock acquired on daemon addresses registry.
2026-09-02T16:58:25.272+0700 [DEBUG] [org.gradle.cache.internal.DefaultFileLockManager] Releasing lock on daemon addresses registry.
2026-09-02T16:58:25.273+0700 [DEBUG] [org.gradle.cache.internal.DefaultFileLockManager] Waiting to acquire shared lock on daemon addresses registry.
2026-09-02T16:58:25.274+0700 [DEBUG] [org.gradle.cache.internal.DefaultFileLockManager] Lock acquired on daemon addresses registry.
2026-09-02T16:58:25.274+0700 [DEBUG] [org.gradle.cache.internal.DefaultFileLockManager] Releasing lock on daemon addresses registry.
2026-09-02T16:58:29.850+0700 [DEBUG] [org.gradle.process.internal.health.memory.DefaultMemoryManager] 638754816 physical memory requested, 302407680 free
2026-09-02T16:58:29.850+0700 [DEBUG] [org.gradle.workers.internal.WorkerDaemonExpiration] Will attempt to release 609 of memory
2026-09-02T16:58:29.851+0700 [DEBUG] [org.gradle.process.internal.health.memory.DefaultMemoryManager] 638754816 physical memory requested, 0 released, 302407680 free
2026-09-02T16:58:34.852+0700 [DEBUG] [org.gradle.process.internal.health.memory.DefaultMemoryManager] 638754816 physical memory requested, 537649152 free
2026-09-02T16:58:34.858+0700 [DEBUG] [org.gradle.workers.internal.WorkerDaemonExpiration] Will attempt to release 609 of memory
2026-09-02T16:58:34.858+0700 [DEBUG] [org.gradle.process.internal.health.memory.DefaultMemoryManager] 638754816 physical memory requested, 0 released, 537649152 free
2026-09-02T16:58:35.246+0700 [DEBUG] [org.gradle.cache.internal.DefaultFileLockManager] Waiting to acquire shared lock on daemon addresses registry.
2026-09-02T16:58:35.246+0700 [DEBUG] [org.gradle.cache.internal.DefaultFileLockManager] Lock acquired on daemon addresses registry.
2026-09-02T16:58:35.250+0700 [DEBUG] [org.gradle.cache.internal.DefaultFileLockManager] Releasing lock on daemon addresses registry.
2026-09-02T16:58:35.252+0700 [DEBUG] [org.gradle.cache.internal.DefaultFileLockManager] Waiting to acquire shared lock on daemon addresses registry.
2026-09-02T16:58:35.253+0700 [DEBUG] [org.gradle.cache.internal.DefaultFileLockManager] Lock acquired on daemon addresses registry.
2026-09-02T16:58:35.253+0700 [DEBUG] [org.gradle.cache.internal.DefaultFileLockManager] Releasing lock on daemon addresses registry.
2026-09-02T16:58:35.255+0700 [DEBUG] [org.gradle.cache.internal.DefaultFileLockManager] Waiting to acquire shared lock on daemon addresses registry.
2026-09-02T16:58:35.256+0700 [DEBUG] [org.gradle.cache.internal.DefaultFileLockManager] Lock acquired on daemon addresses registry.
2026-09-02T16:58:35.256+0700 [DEBUG] [org.gradle.cache.internal.DefaultFileLockManager] Releasing lock on daemon addresses registry.
2026-09-02T16:58:45.246+0700 [DEBUG] [org.gradle.cache.internal.DefaultFileLockManager] Waiting to acquire shared lock on daemon addresses registry.
2026-09-02T16:58:45.246+0700 [DEBUG] [org.gradle.cache.internal.DefaultFileLockManager] Lock acquired on daemon addresses registry.
2026-09-02T16:58:45.247+0700 [DEBUG] [org.gradle.cache.internal.DefaultFileLockManager] Releasing lock on daemon addresses registry.
2026-09-02T16:58:45.249+0700 [DEBUG] [org.gradle.cache.internal.DefaultFileLockManager] Waiting to acquire shared lock on daemon addresses registry.
2026-09-02T16:58:45.249+0700 [DEBUG] [org.gradle.cache.internal.DefaultFileLockManager] Lock acquired on daemon addresses registry.
2026-09-02T16:58:45.249+0700 [DEBUG] [org.gradle.cache.internal.DefaultFileLockManager] Releasing lock on daemon addresses registry.
2026-09-02T16:58:45.251+0700 [DEBUG] [org.gradle.cache.internal.DefaultFileLockManager] Waiting to acquire shared lock on daemon addresses registry.
2026-09-02T16:58:45.251+0700 [DEBUG] [org.gradle.cache.internal.DefaultFileLockManager] Lock acquired on daemon addresses registry.
2026-09-02T16:58:45.251+0700 [DEBUG] [org.gradle.cache.internal.DefaultFileLockManager] Releasing lock on daemon addresses registry.
2026-09-02T16:58:55.244+0700 [DEBUG] [org.gradle.cache.internal.DefaultFileLockManager] Waiting to acquire shared lock on daemon addresses registry.
2026-09-02T16:58:55.245+0700 [DEBUG] [org.gradle.cache.internal.DefaultFileLockManager] Lock acquired on daemon addresses registry.
2026-09-02T16:58:55.246+0700 [DEBUG] [org.gradle.cache.internal.DefaultFileLockManager] Releasing lock on daemon addresses registry.
2026-09-02T16:58:55.248+0700 [DEBUG] [org.gradle.cache.internal.DefaultFileLockManager] Waiting to acquire shared lock on daemon addresses registry.
2026-09-02T16:58:55.249+0700 [DEBUG] [org.gradle.cache.internal.DefaultFileLockManager] Lock acquired on daemon addresses registry.
2026-09-02T16:58:55.249+0700 [DEBUG] [org.gradle.cache.internal.DefaultFileLockManager] Releasing lock on daemon addresses registry.
2026-09-02T16:58:55.252+0700 [DEBUG] [org.gradle.cache.internal.DefaultFileLockManager] Waiting to acquire shared lock on daemon addresses registry.
2026-09-02T16:58:55.252+0700 [DEBUG] [org.gradle.cache.internal.DefaultFileLockManager] Lock acquired on daemon addresses registry.
2026-09-02T16:58:55.252+0700 [DEBUG] [org.gradle.cache.internal.DefaultFileLockManager] Releasing lock on daemon addresses registry.
2026-09-02T16:59:05.246+0700 [DEBUG] [org.gradle.cache.internal.DefaultFileLockManager] Waiting to acquire shared lock on daemon addresses registry.
2026-09-02T16:59:05.246+0700 [DEBUG] [org.gradle.cache.internal.DefaultFileLockManager] Lock acquired on daemon addresses registry.
2026-09-02T16:59:05.250+0700 [DEBUG] [org.gradle.cache.internal.DefaultFileLockManager] Releasing lock on daemon addresses registry.
2026-09-02T16:59:05.252+0700 [DEBUG] [org.gradle.cache.internal.DefaultFileLockManager] Waiting to acquire shared lock on daemon addresses registry.
2026-09-02T16:59:05.253+0700 [DEBUG] [org.gradle.cache.internal.DefaultFileLockManager] Lock acquired on daemon addresses registry.
2026-09-02T16:59:05.253+0700 [DEBUG] [org.gradle.cache.internal.DefaultFileLockManager] Releasing lock on daemon addresses registry.
2026-09-02T16:59:05.254+0700 [DEBUG] [org.gradle.cache.internal.DefaultFileLockManager] Waiting to acquire shared lock on daemon addresses registry.
2026-09-02T16:59:05.254+0700 [DEBUG] [org.gradle.cache.internal.DefaultFileLockManager] Lock acquired on daemon addresses registry.
2026-09-02T16:59:05.255+0700 [DEBUG] [org.gradle.cache.internal.DefaultFileLockManager] Releasing lock on daemon addresses registry.
2026-09-02T16:59:15.275+0700 [DEBUG] [org.gradle.cache.internal.DefaultFileLockManager] Waiting to acquire shared lock on daemon addresses registry.
2026-09-02T16:59:15.275+0700 [DEBUG] [org.gradle.cache.internal.DefaultFileLockManager] Lock acquired on daemon addresses registry.
2026-09-02T16:59:15.275+0700 [DEBUG] [org.gradle.cache.internal.DefaultFileLockManager] Releasing lock on daemon addresses registry.
2026-09-02T16:59:15.277+0700 [DEBUG] [org.gradle.cache.internal.DefaultFileLockManager] Waiting to acquire shared lock on daemon addresses registry.
2026-09-02T16:59:15.277+0700 [DEBUG] [org.gradle.cache.internal.DefaultFileLockManager] Lock acquired on daemon addresses registry.
2026-09-02T16:59:15.277+0700 [DEBUG] [org.gradle.cache.internal.DefaultFileLockManager] Releasing lock on daemon addresses registry.
2026-09-02T16:59:15.300+0700 [DEBUG] [org.gradle.cache.internal.DefaultFileLockManager] Waiting to acquire shared lock on daemon addresses registry.
2026-09-02T16:59:15.300+0700 [DEBUG] [org.gradle.cache.internal.DefaultFileLockManager] Lock acquired on daemon addresses registry.
2026-09-02T16:59:15.300+0700 [DEBUG] [org.gradle.cache.internal.DefaultFileLockManager] Releasing lock on daemon addresses registry.
2026-09-02T16:59:25.244+0700 [DEBUG] [org.gradle.cache.internal.DefaultFileLockManager] Waiting to acquire shared lock on daemon addresses registry.
2026-09-02T16:59:25.244+0700 [DEBUG] [org.gradle.cache.internal.DefaultFileLockManager] Lock acquired on daemon addresses registry.
2026-09-02T16:59:25.245+0700 [DEBUG] [org.gradle.cache.internal.DefaultFileLockManager] Releasing lock on daemon addresses registry.
2026-09-02T16:59:25.249+0700 [DEBUG] [org.gradle.cache.internal.DefaultFileLockManager] Waiting to acquire shared lock on daemon addresses registry.
2026-09-02T16:59:25.250+0700 [DEBUG] [org.gradle.cache.internal.DefaultFileLockManager] Lock acquired on daemon addresses registry.
2026-09-02T16:59:25.250+0700 [DEBUG] [org.gradle.cache.internal.DefaultFileLockManager] Releasing lock on daemon addresses registry.
2026-09-02T16:59:25.253+0700 [DEBUG] [org.gradle.cache.internal.DefaultFileLockManager] Waiting to acquire shared lock on daemon addresses registry.
2026-09-02T16:59:25.253+0700 [DEBUG] [org.gradle.cache.internal.DefaultFileLockManager] Lock acquired on daemon addresses registry.
2026-09-02T16:59:25.254+0700 [DEBUG] [org.gradle.cache.internal.DefaultFileLockManager] Releasing lock on daemon addresses registry.
2026-09-02T16:59:29.851+0700 [DEBUG] [org.gradle.process.internal.health.memory.DefaultMemoryManager] 638754816 physical memory requested, 525242368 free
2026-09-02T16:59:29.851+0700 [DEBUG] [org.gradle.workers.internal.WorkerDaemonExpiration] Will attempt to release 609 of memory
2026-09-02T16:59:29.852+0700 [DEBUG] [org.gradle.process.internal.health.memory.DefaultMemoryManager] 638754816 physical memory requested, 0 released, 525242368 free
2026-09-02T16:59:34.852+0700 [DEBUG] [org.gradle.process.internal.health.memory.DefaultMemoryManager] 638754816 physical memory requested, 419545088 free
2026-09-02T16:59:34.852+0700 [DEBUG] [org.gradle.workers.internal.WorkerDaemonExpiration] Will attempt to release 609 of memory
2026-09-02T16:59:34.852+0700 [DEBUG] [org.gradle.process.internal.health.memory.DefaultMemoryManager] 638754816 physical memory requested, 0 released, 419545088 free
2026-09-02T16:59:35.244+0700 [DEBUG] [org.gradle.cache.internal.DefaultFileLockManager] Waiting to acquire shared lock on daemon addresses registry.
2026-09-02T16:59:35.244+0700 [DEBUG] [org.gradle.cache.internal.DefaultFileLockManager] Lock acquired on daemon addresses registry.
2026-09-02T16:59:35.245+0700 [DEBUG] [org.gradle.cache.internal.DefaultFileLockManager] Releasing lock on daemon addresses registry.
2026-09-02T16:59:35.251+0700 [DEBUG] [org.gradle.cache.internal.DefaultFileLockManager] Waiting to acquire shared lock on daemon addresses registry.
2026-09-02T16:59:35.252+0700 [DEBUG] [org.gradle.cache.internal.DefaultFileLockManager] Lock acquired on daemon addresses registry.
2026-09-02T16:59:35.252+0700 [DEBUG] [org.gradle.cache.internal.DefaultFileLockManager] Releasing lock on daemon addresses registry.
2026-09-02T16:59:35.254+0700 [DEBUG] [org.gradle.cache.internal.DefaultFileLockManager] Waiting to acquire shared lock on daemon addresses registry.
2026-09-02T16:59:35.254+0700 [DEBUG] [org.gradle.cache.internal.DefaultFileLockManager] Lock acquired on daemon addresses registry.
2026-09-02T16:59:35.256+0700 [DEBUG] [org.gradle.cache.internal.DefaultFileLockManager] Releasing lock on daemon addresses registry.
2026-09-02T16:59:39.859+0700 [DEBUG] [org.gradle.process.internal.health.memory.DefaultMemoryManager] 638754816 physical memory requested, 632328192 free
2026-09-02T16:59:39.860+0700 [DEBUG] [org.gradle.workers.internal.WorkerDaemonExpiration] Will attempt to release 609 of memory
2026-09-02T16:59:39.860+0700 [DEBUG] [org.gradle.process.internal.health.memory.DefaultMemoryManager] 638754816 physical memory requested, 0 released, 632328192 free
2026-09-02T16:59:45.244+0700 [DEBUG] [org.gradle.cache.internal.DefaultFileLockManager] Waiting to acquire shared lock on daemon addresses registry.
2026-09-02T16:59:45.244+0700 [DEBUG] [org.gradle.cache.internal.DefaultFileLockManager] Lock acquired on daemon addresses registry.
2026-09-02T16:59:45.244+0700 [DEBUG] [org.gradle.cache.internal.DefaultFileLockManager] Releasing lock on daemon addresses registry.
2026-09-02T16:59:45.249+0700 [DEBUG] [org.gradle.cache.internal.DefaultFileLockManager] Waiting to acquire shared lock on daemon addresses registry.
2026-09-02T16:59:45.249+0700 [DEBUG] [org.gradle.cache.internal.DefaultFileLockManager] Lock acquired on daemon addresses registry.
2026-09-02T16:59:45.250+0700 [DEBUG] [org.gradle.cache.internal.DefaultFileLockManager] Releasing lock on daemon addresses registry.
2026-09-02T16:59:45.252+0700 [DEBUG] [org.gradle.cache.internal.DefaultFileLockManager] Waiting to acquire shared lock on daemon addresses registry.
2026-09-02T16:59:45.253+0700 [DEBUG] [org.gradle.cache.internal.DefaultFileLockManager] Lock acquired on daemon addresses registry.
2026-09-02T16:59:45.254+0700 [DEBUG] [org.gradle.cache.internal.DefaultFileLockManager] Releasing lock on daemon addresses registry.
2026-09-02T16:59:49.851+0700 [DEBUG] [org.gradle.process.internal.health.memory.DefaultMemoryManager] 638754816 physical memory requested, 589869056 free
2026-09-02T16:59:49.852+0700 [DEBUG] [org.gradle.workers.internal.WorkerDaemonExpiration] Will attempt to release 609 of memory
2026-09-02T16:59:49.852+0700 [DEBUG] [org.gradle.process.internal.health.memory.DefaultMemoryManager] 638754816 physical memory requested, 0 released, 589869056 free
2026-09-02T16:59:54.851+0700 [DEBUG] [org.gradle.process.internal.health.memory.DefaultMemoryManager] 638754816 physical memory requested, 486338560 free
2026-09-02T16:59:54.852+0700 [DEBUG] [org.gradle.workers.internal.WorkerDaemonExpiration] Will attempt to release 609 of memory
2026-09-02T16:59:54.852+0700 [DEBUG] [org.gradle.process.internal.health.memory.DefaultMemoryManager] 638754816 physical memory requested, 0 released, 486338560 free
2026-09-02T16:59:55.245+0700 [DEBUG] [org.gradle.cache.internal.DefaultFileLockManager] Waiting to acquire shared lock on daemon addresses registry.
2026-09-02T16:59:55.245+0700 [DEBUG] [org.gradle.cache.internal.DefaultFileLockManager] Lock acquired on daemon addresses registry.
2026-09-02T16:59:55.246+0700 [DEBUG] [org.gradle.cache.internal.DefaultFileLockManager] Releasing lock on daemon addresses registry.
2026-09-02T16:59:55.251+0700 [DEBUG] [org.gradle.cache.internal.DefaultFileLockManager] Waiting to acquire shared lock on daemon addresses registry.
2026-09-02T16:59:55.251+0700 [DEBUG] [org.gradle.cache.internal.DefaultFileLockManager] Lock acquired on daemon addresses registry.
2026-09-02T16:59:55.253+0700 [DEBUG] [org.gradle.cache.internal.DefaultFileLockManager] Releasing lock on daemon addresses registry.
2026-09-02T16:59:55.255+0700 [DEBUG] [org.gradle.cache.internal.DefaultFileLockManager] Waiting to acquire shared lock on daemon addresses registry.
2026-09-02T16:59:55.255+0700 [DEBUG] [org.gradle.cache.internal.DefaultFileLockManager] Lock acquired on daemon addresses registry.
2026-09-02T16:59:55.256+0700 [DEBUG] [org.gradle.cache.internal.DefaultFileLockManager] Releasing lock on daemon addresses registry.
2026-09-02T16:59:59.855+0700 [DEBUG] [org.gradle.process.internal.health.memory.DefaultMemoryManager] 638754816 physical memory requested, 498434048 free
2026-09-02T16:59:59.855+0700 [DEBUG] [org.gradle.workers.internal.WorkerDaemonExpiration] Will attempt to release 609 of memory
2026-09-02T16:59:59.855+0700 [DEBUG] [org.gradle.process.internal.health.memory.DefaultMemoryManager] 638754816 physical memory requested, 0 released, 498434048 free
2026-09-02T17:00:04.854+0700 [DEBUG] [org.gradle.process.internal.health.memory.DefaultMemoryManager] 638754816 physical memory requested, 403513344 free
2026-09-02T17:00:04.857+0700 [DEBUG] [org.gradle.workers.internal.WorkerDaemonExpiration] Will attempt to release 609 of memory
2026-09-02T17:00:04.861+0700 [DEBUG] [org.gradle.process.internal.health.memory.DefaultMemoryManager] 638754816 physical memory requested, 0 released, 403513344 free
2026-09-02T17:00:05.243+0700 [DEBUG] [org.gradle.cache.internal.DefaultFileLockManager] Waiting to acquire shared lock on daemon addresses registry.
2026-09-02T17:00:05.244+0700 [DEBUG] [org.gradle.cache.internal.DefaultFileLockManager] Lock acquired on daemon addresses registry.
2026-09-02T17:00:05.244+0700 [DEBUG] [org.gradle.cache.internal.DefaultFileLockManager] Releasing lock on daemon addresses registry.
2026-09-02T17:00:05.249+0700 [DEBUG] [org.gradle.cache.internal.DefaultFileLockManager] Waiting to acquire shared lock on daemon addresses registry.
2026-09-02T17:00:05.249+0700 [DEBUG] [org.gradle.cache.internal.DefaultFileLockManager] Lock acquired on daemon addresses registry.
2026-09-02T17:00:05.250+0700 [DEBUG] [org.gradle.cache.internal.DefaultFileLockManager] Releasing lock on daemon addresses registry.
2026-09-02T17:00:05.251+0700 [DEBUG] [org.gradle.cache.internal.DefaultFileLockManager] Waiting to acquire shared lock on daemon addresses registry.
2026-09-02T17:00:05.252+0700 [DEBUG] [org.gradle.cache.internal.DefaultFileLockManager] Lock acquired on daemon addresses registry.
2026-09-02T17:00:05.254+0700 [DEBUG] [org.gradle.cache.internal.DefaultFileLockManager] Releasing lock on daemon addresses registry.
2026-09-02T17:00:09.850+0700 [DEBUG] [org.gradle.process.internal.health.memory.DefaultMemoryManager] 638754816 physical memory requested, 427782144 free
2026-09-02T17:00:09.851+0700 [DEBUG] [org.gradle.workers.internal.WorkerDaemonExpiration] Will attempt to release 609 of memory
2026-09-02T17:00:09.851+0700 [DEBUG] [org.gradle.process.internal.health.memory.DefaultMemoryManager] 638754816 physical memory requested, 0 released, 427782144 free
2026-09-02T17:00:14.852+0700 [DEBUG] [org.gradle.process.internal.health.memory.DefaultMemoryManager] 638754816 physical memory requested, 566005760 free
2026-09-02T17:00:14.852+0700 [DEBUG] [org.gradle.workers.internal.WorkerDaemonExpiration] Will attempt to release 609 of memory
2026-09-02T17:00:14.852+0700 [DEBUG] [org.gradle.process.internal.health.memory.DefaultMemoryManager] 638754816 physical memory requested, 0 released, 566005760 free
2026-09-02T17:00:15.244+0700 [DEBUG] [org.gradle.cache.internal.DefaultFileLockManager] Waiting to acquire shared lock on daemon addresses registry.
2026-09-02T17:00:15.244+0700 [DEBUG] [org.gradle.cache.internal.DefaultFileLockManager] Lock acquired on daemon addresses registry.
2026-09-02T17:00:15.244+0700 [DEBUG] [org.gradle.cache.internal.DefaultFileLockManager] Releasing lock on daemon addresses registry.
2026-09-02T17:00:15.246+0700 [DEBUG] [org.gradle.cache.internal.DefaultFileLockManager] Waiting to acquire shared lock on daemon addresses registry.
2026-09-02T17:00:15.247+0700 [DEBUG] [org.gradle.cache.internal.DefaultFileLockManager] Lock acquired on daemon addresses registry.
2026-09-02T17:00:15.248+0700 [DEBUG] [org.gradle.cache.internal.DefaultFileLockManager] Releasing lock on daemon addresses registry.
2026-09-02T17:00:15.251+0700 [DEBUG] [org.gradle.cache.internal.DefaultFileLockManager] Waiting to acquire shared lock on daemon addresses registry.
2026-09-02T17:00:15.251+0700 [DEBUG] [org.gradle.cache.internal.DefaultFileLockManager] Lock acquired on daemon addresses registry.
2026-09-02T17:00:15.252+0700 [DEBUG] [org.gradle.cache.internal.DefaultFileLockManager] Releasing lock on daemon addresses registry.
2026-09-02T17:00:19.851+0700 [DEBUG] [org.gradle.process.internal.health.memory.DefaultMemoryManager] 638754816 physical memory requested, 421593088 free
2026-09-02T17:00:19.851+0700 [DEBUG] [org.gradle.workers.internal.WorkerDaemonExpiration] Will attempt to release 609 of memory
2026-09-02T17:00:19.851+0700 [DEBUG] [org.gradle.process.internal.health.memory.DefaultMemoryManager] 638754816 physical memory requested, 0 released, 421593088 free
2026-09-02T17:00:24.852+0700 [DEBUG] [org.gradle.process.internal.health.memory.DefaultMemoryManager] 638754816 physical memory requested, 482177024 free
2026-09-02T17:00:24.853+0700 [DEBUG] [org.gradle.workers.internal.WorkerDaemonExpiration] Will attempt to release 609 of memory
2026-09-02T17:00:24.854+0700 [DEBUG] [org.gradle.process.internal.health.memory.DefaultMemoryManager] 638754816 physical memory requested, 0 released, 482177024 free
2026-09-02T17:00:25.245+0700 [DEBUG] [org.gradle.cache.internal.DefaultFileLockManager] Waiting to acquire shared lock on daemon addresses registry.
2026-09-02T17:00:25.245+0700 [DEBUG] [org.gradle.cache.internal.DefaultFileLockManager] Lock acquired on daemon addresses registry.
2026-09-02T17:00:25.247+0700 [DEBUG] [org.gradle.cache.internal.DefaultFileLockManager] Releasing lock on daemon addresses registry.
2026-09-02T17:00:25.250+0700 [DEBUG] [org.gradle.cache.internal.DefaultFileLockManager] Waiting to acquire shared lock on daemon addresses registry.
2026-09-02T17:00:25.251+0700 [DEBUG] [org.gradle.cache.internal.DefaultFileLockManager] Lock acquired on daemon addresses registry.
2026-09-02T17:00:25.251+0700 [DEBUG] [org.gradle.cache.internal.DefaultFileLockManager] Releasing lock on daemon addresses registry.
2026-09-02T17:00:25.253+0700 [DEBUG] [org.gradle.cache.internal.DefaultFileLockManager] Waiting to acquire shared lock on daemon addresses registry.
2026-09-02T17:00:25.254+0700 [DEBUG] [org.gradle.cache.internal.DefaultFileLockManager] Lock acquired on daemon addresses registry.
2026-09-02T17:00:25.254+0700 [DEBUG] [org.gradle.cache.internal.DefaultFileLockManager] Releasing lock on daemon addresses registry.
2026-09-02T17:00:29.851+0700 [DEBUG] [org.gradle.process.internal.health.memory.DefaultMemoryManager] 638754816 physical memory requested, 524640256 free
2026-09-02T17:00:29.852+0700 [DEBUG] [org.gradle.workers.internal.WorkerDaemonExpiration] Will attempt to release 609 of memory
2026-09-02T17:00:29.852+0700 [DEBUG] [org.gradle.process.internal.health.memory.DefaultMemoryManager] 638754816 physical memory requested, 0 released, 524640256 free
2026-09-02T17:00:34.850+0700 [DEBUG] [org.gradle.process.internal.health.memory.DefaultMemoryManager] 638754816 physical memory requested, 522047488 free
2026-09-02T17:00:34.850+0700 [DEBUG] [org.gradle.workers.internal.WorkerDaemonExpiration] Will attempt to release 609 of memory
2026-09-02T17:00:34.850+0700 [DEBUG] [org.gradle.process.internal.health.memory.DefaultMemoryManager] 638754816 physical memory requested, 0 released, 522047488 free
2026-09-02T17:00:35.244+0700 [DEBUG] [org.gradle.cache.internal.DefaultFileLockManager] Waiting to acquire shared lock on daemon addresses registry.
2026-09-02T17:00:35.244+0700 [DEBUG] [org.gradle.cache.internal.DefaultFileLockManager] Lock acquired on daemon addresses registry.
2026-09-02T17:00:35.245+0700 [DEBUG] [org.gradle.cache.internal.DefaultFileLockManager] Releasing lock on daemon addresses registry.
2026-09-02T17:00:35.250+0700 [DEBUG] [org.gradle.cache.internal.DefaultFileLockManager] Waiting to acquire shared lock on daemon addresses registry.
2026-09-02T17:00:35.250+0700 [DEBUG] [org.gradle.cache.internal.DefaultFileLockManager] Lock acquired on daemon addresses registry.
2026-09-02T17:00:35.251+0700 [DEBUG] [org.gradle.cache.internal.DefaultFileLockManager] Releasing lock on daemon addresses registry.
2026-09-02T17:00:35.254+0700 [DEBUG] [org.gradle.cache.internal.DefaultFileLockManager] Waiting to acquire shared lock on daemon addresses registry.
2026-09-02T17:00:35.254+0700 [DEBUG] [org.gradle.cache.internal.DefaultFileLockManager] Lock acquired on daemon addresses registry.
2026-09-02T17:00:35.255+0700 [DEBUG] [org.gradle.cache.internal.DefaultFileLockManager] Releasing lock on daemon addresses registry.
2026-09-02T17:00:39.850+0700 [DEBUG] [org.gradle.process.internal.health.memory.DefaultMemoryManager] 638754816 physical memory requested, 394604544 free
2026-09-02T17:00:39.851+0700 [DEBUG] [org.gradle.workers.internal.WorkerDaemonExpiration] Will attempt to release 609 of memory
2026-09-02T17:00:39.852+0700 [DEBUG] [org.gradle.process.internal.health.memory.DefaultMemoryManager] 638754816 physical memory requested, 0 released, 394604544 free
2026-09-02T17:00:44.852+0700 [DEBUG] [org.gradle.process.internal.health.memory.DefaultMemoryManager] 638754816 physical memory requested, 578801664 free
2026-09-02T17:00:44.854+0700 [DEBUG] [org.gradle.workers.internal.WorkerDaemonExpiration] Will attempt to release 609 of memory
2026-09-02T17:00:44.854+0700 [DEBUG] [org.gradle.process.internal.health.memory.DefaultMemoryManager] 638754816 physical memory requested, 0 released, 578801664 free
2026-09-02T17:00:45.246+0700 [DEBUG] [org.gradle.cache.internal.DefaultFileLockManager] Waiting to acquire shared lock on daemon addresses registry.
2026-09-02T17:00:45.246+0700 [DEBUG] [org.gradle.cache.internal.DefaultFileLockManager] Lock acquired on daemon addresses registry.
2026-09-02T17:00:45.248+0700 [DEBUG] [org.gradle.cache.internal.DefaultFileLockManager] Releasing lock on daemon addresses registry.
2026-09-02T17:00:45.251+0700 [DEBUG] [org.gradle.cache.internal.DefaultFileLockManager] Waiting to acquire shared lock on daemon addresses registry.
2026-09-02T17:00:45.251+0700 [DEBUG] [org.gradle.cache.internal.DefaultFileLockManager] Lock acquired on daemon addresses registry.
2026-09-02T17:00:45.253+0700 [DEBUG] [org.gradle.cache.internal.DefaultFileLockManager] Releasing lock on daemon addresses registry.
2026-09-02T17:00:45.256+0700 [DEBUG] [org.gradle.cache.internal.DefaultFileLockManager] Waiting to acquire shared lock on daemon addresses registry.
2026-09-02T17:00:45.256+0700 [DEBUG] [org.gradle.cache.internal.DefaultFileLockManager] Lock acquired on daemon addresses registry.
2026-09-02T17:00:45.257+0700 [DEBUG] [org.gradle.cache.internal.DefaultFileLockManager] Releasing lock on daemon addresses registry.
2026-09-02T17:00:49.851+0700 [DEBUG] [org.gradle.process.internal.health.memory.DefaultMemoryManager] 638754816 physical memory requested, 480755712 free
2026-09-02T17:00:49.862+0700 [DEBUG] [org.gradle.workers.internal.WorkerDaemonExpiration] Will attempt to release 609 of memory
2026-09-02T17:00:49.862+0700 [DEBUG] [org.gradle.process.internal.health.memory.DefaultMemoryManager] 638754816 physical memory requested, 0 released, 480755712 free
2026-09-02T17:00:54.851+0700 [DEBUG] [org.gradle.process.internal.health.memory.DefaultMemoryManager] 638754816 physical memory requested, 382402560 free
2026-09-02T17:00:54.855+0700 [DEBUG] [org.gradle.workers.internal.WorkerDaemonExpiration] Will attempt to release 609 of memory
2026-09-02T17:00:54.969+0700 [DEBUG] [org.gradle.process.internal.health.memory.DefaultMemoryManager] 638754816 physical memory requested, 0 released, 382402560 free
2026-09-02T17:00:55.246+0700 [DEBUG] [org.gradle.cache.internal.DefaultFileLockManager] Waiting to acquire shared lock on daemon addresses registry.
2026-09-02T17:00:55.251+0700 [DEBUG] [org.gradle.cache.internal.DefaultFileLockManager] Lock acquired on daemon addresses registry.
2026-09-02T17:00:55.286+0700 [DEBUG] [org.gradle.cache.internal.DefaultFileLockManager] Releasing lock on daemon addresses registry.
2026-09-02T17:00:55.292+0700 [DEBUG] [org.gradle.cache.internal.DefaultFileLockManager] Waiting to acquire shared lock on daemon addresses registry.
2026-09-02T17:00:55.293+0700 [DEBUG] [org.gradle.cache.internal.DefaultFileLockManager] Lock acquired on daemon addresses registry.
2026-09-02T17:00:55.295+0700 [DEBUG] [org.gradle.cache.internal.DefaultFileLockManager] Releasing lock on daemon addresses registry.
2026-09-02T17:00:55.300+0700 [DEBUG] [org.gradle.cache.internal.DefaultFileLockManager] Waiting to acquire shared lock on daemon addresses registry.
2026-09-02T17:00:55.301+0700 [DEBUG] [org.gradle.cache.internal.DefaultFileLockManager] Lock acquired on daemon addresses registry.
2026-09-02T17:00:55.303+0700 [DEBUG] [org.gradle.cache.internal.DefaultFileLockManager] Releasing lock on daemon addresses registry.
2026-09-02T17:00:59.852+0700 [DEBUG] [org.gradle.process.internal.health.memory.DefaultMemoryManager] 638754816 physical memory requested, 475705344 free
2026-09-02T17:00:59.852+0700 [DEBUG] [org.gradle.workers.internal.WorkerDaemonExpiration] Will attempt to release 609 of memory
2026-09-02T17:00:59.852+0700 [DEBUG] [org.gradle.process.internal.health.memory.DefaultMemoryManager] 638754816 physical memory requested, 0 released, 475705344 free
2026-09-02T17:01:04.851+0700 [DEBUG] [org.gradle.process.internal.health.memory.DefaultMemoryManager] 638754816 physical memory requested, 471797760 free
2026-09-02T17:01:04.852+0700 [DEBUG] [org.gradle.workers.internal.WorkerDaemonExpiration] Will attempt to release 609 of memory
2026-09-02T17:01:04.852+0700 [DEBUG] [org.gradle.process.internal.health.memory.DefaultMemoryManager] 638754816 physical memory requested, 0 released, 471797760 free
2026-09-02T17:01:05.243+0700 [DEBUG] [org.gradle.cache.internal.DefaultFileLockManager] Waiting to acquire shared lock on daemon addresses registry.
2026-09-02T17:01:05.245+0700 [DEBUG] [org.gradle.cache.internal.DefaultFileLockManager] Lock acquired on daemon addresses registry.
2026-09-02T17:01:05.248+0700 [DEBUG] [org.gradle.cache.internal.DefaultFileLockManager] Releasing lock on daemon addresses registry.
2026-09-02T17:01:05.251+0700 [DEBUG] [org.gradle.cache.internal.DefaultFileLockManager] Waiting to acquire shared lock on daemon addresses registry.
2026-09-02T17:01:05.251+0700 [DEBUG] [org.gradle.cache.internal.DefaultFileLockManager] Lock acquired on daemon addresses registry.
2026-09-02T17:01:05.251+0700 [DEBUG] [org.gradle.cache.internal.DefaultFileLockManager] Releasing lock on daemon addresses registry.
2026-09-02T17:01:05.252+0700 [DEBUG] [org.gradle.cache.internal.DefaultFileLockManager] Waiting to acquire shared lock on daemon addresses registry.
2026-09-02T17:01:05.253+0700 [DEBUG] [org.gradle.cache.internal.DefaultFileLockManager] Lock acquired on daemon addresses registry.
2026-09-02T17:01:05.253+0700 [DEBUG] [org.gradle.cache.internal.DefaultFileLockManager] Releasing lock on daemon addresses registry.
2026-09-02T17:01:09.852+0700 [DEBUG] [org.gradle.process.internal.health.memory.DefaultMemoryManager] 638754816 physical memory requested, 420241408 free
2026-09-02T17:01:09.869+0700 [DEBUG] [org.gradle.workers.internal.WorkerDaemonExpiration] Will attempt to release 609 of memory
2026-09-02T17:01:09.869+0700 [DEBUG] [org.gradle.process.internal.health.memory.DefaultMemoryManager] 638754816 physical memory requested, 0 released, 420241408 free
2026-09-02T17:01:14.862+0700 [DEBUG] [org.gradle.process.internal.health.memory.DefaultMemoryManager] 638754816 physical memory requested, 365064192 free
2026-09-02T17:01:14.863+0700 [DEBUG] [org.gradle.workers.internal.WorkerDaemonExpiration] Will attempt to release 609 of memory
2026-09-02T17:01:14.864+0700 [DEBUG] [org.gradle.process.internal.health.memory.DefaultMemoryManager] 638754816 physical memory requested, 0 released, 365064192 free
2026-09-02T17:01:15.252+0700 [DEBUG] [org.gradle.cache.internal.DefaultFileLockManager] Waiting to acquire shared lock on daemon addresses registry.
2026-09-02T17:01:15.268+0700 [DEBUG] [org.gradle.cache.internal.DefaultFileLockManager] Lock acquired on daemon addresses registry.
2026-09-02T17:01:15.299+0700 [DEBUG] [org.gradle.cache.internal.DefaultFileLockManager] Releasing lock on daemon addresses registry.
2026-09-02T17:01:15.308+0700 [DEBUG] [org.gradle.cache.internal.DefaultFileLockManager] Waiting to acquire shared lock on daemon addresses registry.
2026-09-02T17:01:15.312+0700 [DEBUG] [org.gradle.cache.internal.DefaultFileLockManager] Lock acquired on daemon addresses registry.
2026-09-02T17:01:15.314+0700 [DEBUG] [org.gradle.cache.internal.DefaultFileLockManager] Releasing lock on daemon addresses registry.
2026-09-02T17:01:15.320+0700 [DEBUG] [org.gradle.cache.internal.DefaultFileLockManager] Waiting to acquire shared lock on daemon addresses registry.
2026-09-02T17:01:15.321+0700 [DEBUG] [org.gradle.cache.internal.DefaultFileLockManager] Lock acquired on daemon addresses registry.
2026-09-02T17:01:15.323+0700 [DEBUG] [org.gradle.cache.internal.DefaultFileLockManager] Releasing lock on daemon addresses registry.
2026-09-02T17:01:19.854+0700 [DEBUG] [org.gradle.process.internal.health.memory.DefaultMemoryManager] 638754816 physical memory requested, 401698816 free
2026-09-02T17:01:19.857+0700 [DEBUG] [org.gradle.workers.internal.WorkerDaemonExpiration] Will attempt to release 609 of memory
2026-09-02T17:01:19.857+0700 [DEBUG] [org.gradle.process.internal.health.memory.DefaultMemoryManager] 638754816 physical memory requested, 0 released, 401698816 free
2026-09-02T17:01:20.948+0700 [DEBUG] [sun.rmi.transport.tcp] RMI TCP Connection(15)-127.0.0.1: accepted socket from [127.0.0.1:50371]
2026-09-02T17:01:20.997+0700 [DEBUG] [sun.rmi.transport.tcp] RMI TCP Connection(15)-127.0.0.1: (port 61442) op = 80
2026-09-02T17:01:21.045+0700 [DEBUG] [sun.rmi.loader] RMI TCP Connection(15)-127.0.0.1: name = "[Ljava.rmi.server.ObjID;", codebase = "", defaultLoader = jdk.internal.loader.ClassLoaders$PlatformClassLoader@69ea2fa6
2026-09-02T17:01:21.064+0700 [DEBUG] [sun.rmi.loader] RMI TCP Connection(15)-127.0.0.1: name = "java.rmi.dgc.Lease", codebase = "", defaultLoader = jdk.internal.loader.ClassLoaders$PlatformClassLoader@69ea2fa6
2026-09-02T17:01:21.072+0700 [DEBUG] [sun.rmi.loader] RMI TCP Connection(15)-127.0.0.1: name = "java.rmi.dgc.VMID", codebase = "", defaultLoader = jdk.internal.loader.ClassLoaders$PlatformClassLoader@69ea2fa6
2026-09-02T17:01:21.076+0700 [DEBUG] [sun.rmi.loader] RMI TCP Connection(15)-127.0.0.1: name = "[B", codebase = "", defaultLoader = jdk.internal.loader.ClassLoaders$PlatformClassLoader@69ea2fa6
2026-09-02T17:01:21.081+0700 [DEBUG] [sun.rmi.loader] RMI TCP Connection(15)-127.0.0.1: name = "java.rmi.server.UID", codebase = "", defaultLoader = jdk.internal.loader.ClassLoaders$PlatformClassLoader@69ea2fa6
2026-09-02T17:01:24.859+0700 [DEBUG] [org.gradle.process.internal.health.memory.DefaultMemoryManager] 638754816 physical memory requested, 480854016 free
2026-09-02T17:01:24.860+0700 [DEBUG] [org.gradle.workers.internal.WorkerDaemonExpiration] Will attempt to release 609 of memory
2026-09-02T17:01:24.860+0700 [DEBUG] [org.gradle.process.internal.health.memory.DefaultMemoryManager] 638754816 physical memory requested, 0 released, 480854016 free
2026-09-02T17:01:25.253+0700 [DEBUG] [org.gradle.cache.internal.DefaultFileLockManager] Waiting to acquire shared lock on daemon addresses registry.
2026-09-02T17:01:25.255+0700 [DEBUG] [org.gradle.cache.internal.DefaultFileLockManager] Lock acquired on daemon addresses registry.
2026-09-02T17:01:25.260+0700 [DEBUG] [org.gradle.cache.internal.DefaultFileLockManager] Releasing lock on daemon addresses registry.
2026-09-02T17:01:25.269+0700 [DEBUG] [org.gradle.cache.internal.DefaultFileLockManager] Waiting to acquire shared lock on daemon addresses registry.
2026-09-02T17:01:25.270+0700 [DEBUG] [org.gradle.cache.internal.DefaultFileLockManager] Lock acquired on daemon addresses registry.
2026-09-02T17:01:25.274+0700 [DEBUG] [org.gradle.cache.internal.DefaultFileLockManager] Releasing lock on daemon addresses registry.
2026-09-02T17:01:25.284+0700 [DEBUG] [org.gradle.cache.internal.DefaultFileLockManager] Waiting to acquire shared lock on daemon addresses registry.
2026-09-02T17:01:25.285+0700 [DEBUG] [org.gradle.cache.internal.DefaultFileLockManager] Lock acquired on daemon addresses registry.
2026-09-02T17:01:25.289+0700 [DEBUG] [org.gradle.cache.internal.DefaultFileLockManager] Releasing lock on daemon addresses registry.
2026-09-02T17:01:28.851+0700 [DEBUG] [org.gradle.internal.remote.internal.inet.TcpIncomingConnector] Accepted connection from /127.0.0.1:50377 to /127.0.0.1:63655.
2026-09-02T17:01:29.219+0700 [DEBUG] [org.gradle.internal.remote.internal.inet.TcpIncomingConnector] Accepted connection from /127.0.0.1:50378 to /127.0.0.1:63655.
2026-09-02T17:01:29.849+0700 [DEBUG] [org.gradle.process.internal.health.memory.DefaultMemoryManager] 638754816 physical memory requested, 396726272 free
2026-09-02T17:01:29.851+0700 [DEBUG] [org.gradle.workers.internal.WorkerDaemonExpiration] Will attempt to release 609 of memory
2026-09-02T17:01:29.852+0700 [DEBUG] [org.gradle.process.internal.health.memory.DefaultMemoryManager] 638754816 physical memory requested, 0 released, 396726272 free
2026-09-02T17:01:30.257+0700 [DEBUG] [org.gradle.launcher.daemon.server.SynchronizedDispatchConnection] thread 277: received class org.gradle.launcher.daemon.protocol.StopWhenIdle
2026-09-02T17:01:30.257+0700 [DEBUG] [org.gradle.launcher.daemon.server.SynchronizedDispatchConnection] thread 276: received class org.gradle.launcher.daemon.protocol.StopWhenIdle
2026-09-02T17:01:30.284+0700 [DEBUG] [org.gradle.launcher.daemon.server.DefaultDaemonConnection] thread 277: Received non-IO message from client: StopWhenIdle[id=9234347f-1488-4a78-b581-516c3a7a6a3a]
2026-09-02T17:01:30.284+0700 [DEBUG] [org.gradle.launcher.daemon.server.DefaultDaemonConnection] thread 276: Received non-IO message from client: StopWhenIdle[id=39a43e8b-6aa4-4ead-ba9d-1d8a751585bf]
2026-09-02T17:01:30.294+0700 [INFO] [org.gradle.launcher.daemon.server.DefaultIncomingConnectionHandler] Received command: StopWhenIdle[id=39a43e8b-6aa4-4ead-ba9d-1d8a751585bf].
2026-09-02T17:01:30.294+0700 [INFO] [org.gradle.launcher.daemon.server.DefaultIncomingConnectionHandler] Received command: StopWhenIdle[id=9234347f-1488-4a78-b581-516c3a7a6a3a].
2026-09-02T17:01:30.296+0700 [DEBUG] [org.gradle.launcher.daemon.server.DefaultIncomingConnectionHandler] Starting executing command: StopWhenIdle[id=9234347f-1488-4a78-b581-516c3a7a6a3a] with connection: socket connection from /127.0.0.1:63655 to /127.0.0.1:50377.
2026-09-02T17:01:30.296+0700 [DEBUG] [org.gradle.launcher.daemon.server.DefaultIncomingConnectionHandler] Starting executing command: StopWhenIdle[id=39a43e8b-6aa4-4ead-ba9d-1d8a751585bf] with connection: socket connection from /127.0.0.1:63655 to /127.0.0.1:50378.
2026-09-02T17:01:30.419+0700 [DEBUG] [org.gradle.launcher.daemon.server.DaemonRegistryUpdater] Storing daemon stop event: stop command received
2026-09-02T17:01:31.226+0700 [DEBUG] [org.gradle.internal.remote.internal.inet.TcpIncomingConnector] Accepted connection from /127.0.0.1:50380 to /127.0.0.1:63655.
2026-09-02T17:01:31.286+0700 [DEBUG] [org.gradle.launcher.daemon.registry.PersistentDaemonRegistry] Storing daemon stop event with timestamp 1788343290429
2026-09-02T17:01:31.300+0700 [DEBUG] [org.gradle.launcher.daemon.server.SynchronizedDispatchConnection] thread 279: received class org.gradle.launcher.daemon.protocol.ReportStatus
2026-09-02T17:01:31.302+0700 [DEBUG] [org.gradle.launcher.daemon.server.DefaultDaemonConnection] thread 279: Received non-IO message from client: ReportStatus[id=b9d6ed5a-7b38-4a3c-b46c-59d77c0b7482]
2026-09-02T17:01:31.302+0700 [INFO] [org.gradle.launcher.daemon.server.DefaultIncomingConnectionHandler] Received command: ReportStatus[id=b9d6ed5a-7b38-4a3c-b46c-59d77c0b7482].
2026-09-02T17:01:31.303+0700 [DEBUG] [org.gradle.launcher.daemon.server.DefaultIncomingConnectionHandler] Starting executing command: ReportStatus[id=b9d6ed5a-7b38-4a3c-b46c-59d77c0b7482] with connection: socket connection from /127.0.0.1:63655 to /127.0.0.1:50380.
2026-09-02T17:01:31.407+0700 [DEBUG] [org.gradle.launcher.daemon.server.SynchronizedDispatchConnection] thread 278: dispatching Success[value=org.gradle.launcher.daemon.protocol.Status@5421843b]
2026-09-02T17:01:31.411+0700 [DEBUG] [org.gradle.cache.internal.DefaultFileLockManager] Waiting to acquire exclusive lock on daemon addresses registry.
2026-09-02T17:01:31.432+0700 [DEBUG] [org.gradle.cache.internal.DefaultFileLockManager] Lock acquired on daemon addresses registry.
2026-09-02T17:01:31.470+0700 [DEBUG] [org.gradle.launcher.daemon.server.SynchronizedDispatchConnection] thread 279: received class org.gradle.launcher.daemon.protocol.Finished
2026-09-02T17:01:31.470+0700 [DEBUG] [org.gradle.launcher.daemon.server.DefaultDaemonConnection] thread 279: Received non-IO message from client: org.gradle.launcher.daemon.protocol.Finished@19b1e2da
2026-09-02T17:01:31.481+0700 [DEBUG] [org.gradle.internal.remote.internal.inet.SocketConnection] Discarding EOFException: java.io.EOFException
2026-09-02T17:01:31.481+0700 [DEBUG] [org.gradle.launcher.daemon.server.SynchronizedDispatchConnection] thread 279: received null
2026-09-02T17:01:31.481+0700 [DEBUG] [org.gradle.launcher.daemon.server.DefaultDaemonConnection] thread 279: Received end-of-input from client.
2026-09-02T17:01:31.484+0700 [DEBUG] [org.gradle.launcher.daemon.server.DefaultIncomingConnectionHandler] Finishing executing command: ReportStatus[id=b9d6ed5a-7b38-4a3c-b46c-59d77c0b7482]
2026-09-02T17:01:31.497+0700 [WARN] [org.gradle.launcher.daemon.server.DefaultIncomingConnectionHandler] Timed out waiting for finished message from client socket connection from /127.0.0.1:63655 to /127.0.0.1:50380. Discarding connection.
2026-09-02T17:01:31.501+0700 [DEBUG] [org.gradle.launcher.daemon.server.SynchronizedDispatchConnection] thread 278: stopping connection
2026-09-02T17:01:31.501+0700 [DEBUG] [org.gradle.cache.internal.DefaultFileLockManager] Releasing lock on daemon addresses registry.
2026-09-02T17:01:31.508+0700 [LIFECYCLE] [org.gradle.launcher.daemon.server.DaemonStateCoordinator] Daemon will be stopped at the end of the build stop command received
2026-09-02T17:01:31.515+0700 [DEBUG] [org.gradle.launcher.daemon.server.DaemonStateCoordinator] Marking daemon stopped due to stop command received. The daemon is not running a build
2026-09-02T17:01:31.515+0700 [DEBUG] [org.gradle.launcher.daemon.server.SynchronizedDispatchConnection] thread 278: stopping connection
2026-09-02T17:01:31.520+0700 [DEBUG] [org.gradle.launcher.daemon.server.SynchronizedDispatchConnection] thread 274: dispatching Success[value=null]
2026-09-02T17:01:31.520+0700 [DEBUG] [org.gradle.launcher.daemon.server.DaemonRegistryUpdater] Storing daemon stop event: stop command received
2026-09-02T17:01:31.520+0700 [DEBUG] [org.gradle.launcher.daemon.registry.PersistentDaemonRegistry] Storing daemon stop event with timestamp 1788343291522
2026-09-02T17:01:31.531+0700 [DEBUG] [org.gradle.launcher.daemon.server.DaemonStateCoordinator] daemon has stopped.
2026-09-02T17:01:31.531+0700 [DEBUG] [org.gradle.launcher.daemon.server.SynchronizedDispatchConnection] thread 277: received class org.gradle.launcher.daemon.protocol.Finished
2026-09-02T17:01:31.531+0700 [DEBUG] [org.gradle.launcher.daemon.server.DefaultIncomingConnectionHandler] Finishing executing command: StopWhenIdle[id=9234347f-1488-4a78-b581-516c3a7a6a3a]
2026-09-02T17:01:31.533+0700 [DEBUG] [org.gradle.launcher.daemon.server.DefaultDaemonConnection] thread 277: Received non-IO message from client: org.gradle.launcher.daemon.protocol.Finished@1232c2bf
2026-09-02T17:01:31.534+0700 [DEBUG] [org.gradle.launcher.daemon.server.DefaultIncomingConnectionHandler] Received finished message: org.gradle.launcher.daemon.protocol.Finished@1232c2bf
2026-09-02T17:01:31.534+0700 [DEBUG] [org.gradle.launcher.daemon.server.SynchronizedDispatchConnection] thread 274: stopping connection
2026-09-02T17:01:31.534+0700 [DEBUG] [org.gradle.internal.remote.internal.inet.SocketConnection] Discarding EOFException: java.io.EOFException
2026-09-02T17:01:31.534+0700 [DEBUG] [org.gradle.launcher.daemon.server.SynchronizedDispatchConnection] thread 277: received null
2026-09-02T17:01:31.534+0700 [DEBUG] [org.gradle.launcher.daemon.server.DefaultDaemonConnection] thread 277: Received end-of-input from client.
2026-09-02T17:01:31.535+0700 [DEBUG] [org.gradle.launcher.daemon.server.SynchronizedDispatchConnection] thread 274: stopping connection
2026-09-02T17:01:31.538+0700 [DEBUG] [org.gradle.cache.internal.DefaultFileLockManager] Waiting to acquire exclusive lock on daemon addresses registry.
2026-09-02T17:01:31.540+0700 [DEBUG] [org.gradle.cache.internal.DefaultFileLockManager] Lock acquired on daemon addresses registry.
2026-09-02T17:01:31.542+0700 [DEBUG] [org.gradle.cache.internal.DefaultFileLockManager] Releasing lock on daemon addresses registry.
2026-09-02T17:01:31.658+0700 [DEBUG] [org.gradle.launcher.daemon.server.SynchronizedDispatchConnection] thread 275: dispatching Success[value=null]
2026-09-02T17:01:31.658+0700 [DEBUG] [org.gradle.launcher.daemon.server.DefaultIncomingConnectionHandler] Finishing executing command: StopWhenIdle[id=39a43e8b-6aa4-4ead-ba9d-1d8a751585bf]
2026-09-02T17:01:31.659+0700 [DEBUG] [org.gradle.launcher.daemon.server.SynchronizedDispatchConnection] thread 276: received class org.gradle.launcher.daemon.protocol.Finished
2026-09-02T17:01:31.659+0700 [DEBUG] [org.gradle.launcher.daemon.server.DefaultDaemonConnection] thread 276: Received non-IO message from client: org.gradle.launcher.daemon.protocol.Finished@198e3f0d
2026-09-02T17:01:31.659+0700 [DEBUG] [org.gradle.launcher.daemon.server.DefaultIncomingConnectionHandler] Received finished message: org.gradle.launcher.daemon.protocol.Finished@198e3f0d
2026-09-02T17:01:31.660+0700 [DEBUG] [org.gradle.internal.remote.internal.inet.SocketConnection] Discarding EOFException: java.io.EOFException
2026-09-02T17:01:31.660+0700 [DEBUG] [org.gradle.launcher.daemon.server.SynchronizedDispatchConnection] thread 275: stopping connection
2026-09-02T17:01:31.660+0700 [DEBUG] [org.gradle.launcher.daemon.server.SynchronizedDispatchConnection] thread 276: received null
2026-09-02T17:01:31.661+0700 [DEBUG] [org.gradle.launcher.daemon.server.DefaultDaemonConnection] thread 276: Received end-of-input from client.
2026-09-02T17:01:31.661+0700 [DEBUG] [org.gradle.launcher.daemon.server.SynchronizedDispatchConnection] thread 275: stopping connection
2026-09-02T17:01:31.663+0700 [DEBUG] [org.gradle.launcher.daemon.server.Daemon] stop() called on daemon
2026-09-02T17:01:31.665+0700 [INFO] [org.gradle.launcher.daemon.server.Daemon] Stop requested. Daemon is removing its presence from the registry...
2026-09-02T17:01:31.671+0700 [DEBUG] [org.gradle.launcher.daemon.server.DaemonRegistryUpdater] Removing our presence to clients, eg. removing this address from the registry: [405a77ec-d5eb-438f-8036-7e0762cafd4d port:63655, addresses:[localhost/127.0.0.1]]
2026-09-02T17:01:31.675+0700 [DEBUG] [org.gradle.launcher.daemon.registry.PersistentDaemonRegistry] Removing daemon address: [405a77ec-d5eb-438f-8036-7e0762cafd4d port:63655, addresses:[localhost/127.0.0.1]]
2026-09-02T17:01:31.700+0700 [DEBUG] [org.gradle.cache.internal.DefaultFileLockManager] Waiting to acquire exclusive lock on daemon addresses registry.
2026-09-02T17:01:31.700+0700 [DEBUG] [org.gradle.cache.internal.DefaultFileLockManager] Lock acquired on daemon addresses registry.
2026-09-02T17:01:31.708+0700 [DEBUG] [org.gradle.cache.internal.DefaultFileLockManager] Releasing lock on daemon addresses registry.
2026-09-02T17:01:31.709+0700 [DEBUG] [org.gradle.launcher.daemon.server.DaemonRegistryUpdater] Address removed from registry.
2026-09-02T17:01:31.779+0700 [DEBUG] [org.gradle.cache.internal.locklistener.DefaultFileLockContentionHandler] Gradle process at port 57371 confirmed unlock request for lock with id 3012954020213193253.
2026-09-02T17:01:31.783+0700 [DEBUG] [org.gradle.cache.internal.locklistener.DefaultFileLockContentionHandler] Gradle process at port 57371 confirmed unlock request for lock with id 3012954020213193253.
2026-09-02T17:01:32.213+0700 [DEBUG] [org.gradle.cache.internal.LockOnDemandCrossProcessCacheAccess] Releasing file lock for jars (D:\AbsensiSeleksi\caches\jars-9)
2026-09-02T17:01:32.214+0700 [DEBUG] [org.gradle.cache.internal.DefaultFileLockManager] Releasing lock on jars (D:\AbsensiSeleksi\caches\jars-9).
2026-09-02T17:01:32.258+0700 [DEBUG] [org.gradle.cache.internal.DefaultCacheCleanupExecutor] jars (D:\AbsensiSeleksi\caches\jars-9) has last been fully cleaned up 0 hours ago
2026-09-02T17:01:32.301+0700 [DEBUG] [org.gradle.cache.internal.DefaultCacheCleanupExecutor] Skipping cleanup for jars (D:\AbsensiSeleksi\caches\jars-9) as it is not yet due
2026-09-02T17:01:32.314+0700 [DEBUG] [org.gradle.cache.internal.LockOnDemandCrossProcessCacheAccess] Releasing file lock for file content cache (D:\AbsensiSeleksi\caches\8.9\fileContent)
2026-09-02T17:01:32.322+0700 [DEBUG] [org.gradle.cache.internal.btree.BTreePersistentIndexedCache] Closing cache annotation-processors.bin (D:\AbsensiSeleksi\caches\8.9\fileContent\annotation-processors.bin)
2026-09-02T17:01:32.343+0700 [DEBUG] [org.gradle.cache.internal.DefaultFileLockManager] Releasing lock on file content cache (D:\AbsensiSeleksi\caches\8.9\fileContent).
2026-09-02T17:01:32.348+0700 [DEBUG] [org.gradle.internal.watch.vfs.impl.WatchingVirtualFileSystem] Closing VFS, dropping state
2026-09-02T17:01:32.594+0700 [DEBUG] [org.gradle.cache.internal.LockOnDemandCrossProcessCacheAccess] Releasing file lock for Generated Gradle JARs cache (D:\AbsensiSeleksi\caches\8.9\generated-gradle-jars)
2026-09-02T17:01:32.594+0700 [DEBUG] [org.gradle.cache.internal.DefaultFileLockManager] Releasing lock on Generated Gradle JARs cache (D:\AbsensiSeleksi\caches\8.9\generated-gradle-jars).
2026-09-02T17:01:32.604+0700 [DEBUG] [org.gradle.internal.watch.registry.impl.DefaultFileWatcherRegistry] Finished listening to file system change events
2026-09-02T17:01:32.611+0700 [DEBUG] [org.gradle.cache.internal.LockOnDemandCrossProcessCacheAccess] Releasing file lock for artifact cache (D:\AbsensiSeleksi\caches\modules-2)
2026-09-02T17:01:32.613+0700 [DEBUG] [org.gradle.cache.internal.btree.BTreePersistentIndexedCache] Closing cache module-artifact.bin (D:\AbsensiSeleksi\caches\modules-2\metadata-2.106\module-artifact.bin)
2026-09-02T17:01:32.617+0700 [DEBUG] [org.gradle.cache.internal.btree.BTreePersistentIndexedCache] Closing cache module-metadata.bin (D:\AbsensiSeleksi\caches\modules-2\metadata-2.106\module-metadata.bin)
2026-09-02T17:01:32.621+0700 [DEBUG] [org.gradle.cache.internal.DefaultFileLockManager] Releasing lock on artifact cache (D:\AbsensiSeleksi\caches\modules-2).
2026-09-02T17:01:32.624+0700 [DEBUG] [org.gradle.cache.internal.DefaultCacheCleanupExecutor] artifact cache (D:\AbsensiSeleksi\caches\modules-2) has last been fully cleaned up 0 hours ago
2026-09-02T17:01:32.632+0700 [DEBUG] [org.gradle.cache.internal.DefaultCacheCleanupExecutor] Skipping cleanup for artifact cache (D:\AbsensiSeleksi\caches\modules-2) as it is not yet due
2026-09-02T17:01:32.705+0700 [DEBUG] [org.gradle.cache.internal.DefaultCacheCoordinator] Cache groovy-dsl (D:\AbsensiSeleksi\caches\8.9\groovy-dsl) was closed 0 times.
2026-09-02T17:01:32.746+0700 [DEBUG] [org.gradle.cache.internal.DefaultCacheCoordinator] Cache Artifact transforms cache (D:\AbsensiSeleksi\caches\8.9\transforms) was closed 0 times.
2026-09-02T17:01:32.754+0700 [DEBUG] [org.gradle.cache.internal.DefaultCacheCoordinator] Cache kotlin-dsl (D:\AbsensiSeleksi\caches\8.9\kotlin-dsl) was closed 0 times.
2026-09-02T17:01:32.763+0700 [DEBUG] [org.gradle.cache.internal.LockOnDemandCrossProcessCacheAccess] Releasing file lock for journal cache (D:\AbsensiSeleksi\caches\journal-1)
2026-09-02T17:01:32.763+0700 [DEBUG] [org.gradle.cache.internal.btree.BTreePersistentIndexedCache] Closing cache file-access.bin (D:\AbsensiSeleksi\caches\journal-1\file-access.bin)
2026-09-02T17:01:32.782+0700 [DEBUG] [org.gradle.cache.internal.DefaultFileLockManager] Releasing lock on journal cache (D:\AbsensiSeleksi\caches\journal-1).
2026-09-02T17:01:32.791+0700 [DEBUG] [org.gradle.cache.internal.LockOnDemandCrossProcessCacheAccess] Releasing file lock for file hash cache (D:\AbsensiSeleksi\caches\8.9\fileHashes)
2026-09-02T17:01:32.793+0700 [DEBUG] [org.gradle.cache.internal.btree.BTreePersistentIndexedCache] Closing cache fileHashes.bin (D:\AbsensiSeleksi\caches\8.9\fileHashes\fileHashes.bin)
2026-09-02T17:01:32.846+0700 [DEBUG] [org.gradle.cache.internal.btree.BTreePersistentIndexedCache] Closing cache resourceHashesCache.bin (D:\AbsensiSeleksi\caches\8.9\fileHashes\resourceHashesCache.bin)
2026-09-02T17:01:32.851+0700 [DEBUG] [org.gradle.cache.internal.DefaultFileLockManager] Releasing lock on file hash cache (D:\AbsensiSeleksi\caches\8.9\fileHashes).
2026-09-02T17:01:32.867+0700 [DEBUG] [org.gradle.cache.internal.LockOnDemandCrossProcessCacheAccess] Releasing file lock for Java compile cache (D:\AbsensiSeleksi\caches\8.9\javaCompile)
2026-09-02T17:01:32.876+0700 [DEBUG] [org.gradle.cache.internal.btree.BTreePersistentIndexedCache] Closing cache jarAnalysis.bin (D:\AbsensiSeleksi\caches\8.9\javaCompile\jarAnalysis.bin)
2026-09-02T17:01:32.880+0700 [DEBUG] [org.gradle.cache.internal.btree.BTreePersistentIndexedCache] Closing cache classAnalysis.bin (D:\AbsensiSeleksi\caches\8.9\javaCompile\classAnalysis.bin)
2026-09-02T17:01:32.908+0700 [DEBUG] [org.gradle.cache.internal.DefaultFileLockManager] Releasing lock on Java compile cache (D:\AbsensiSeleksi\caches\8.9\javaCompile).
2026-09-02T17:01:33.079+0700 [DEBUG] [org.gradle.internal.operations.DefaultBuildOperationRunner] Build operation 'Deleting unused version-specific caches in D:\AbsensiSeleksi\caches' started
2026-09-02T17:01:34.852+0700 [DEBUG] [org.gradle.process.internal.health.memory.DefaultMemoryManager] 638754816 physical memory requested, 426897408 free
2026-09-02T17:01:34.858+0700 [DEBUG] [org.gradle.process.internal.health.memory.DefaultMemoryManager] 638754816 physical memory requested, 0 released, 426897408 free
2026-09-02T17:01:36.798+0700 [DEBUG] [sun.rmi.transport.tcp] RMI TCP Connection(15)-127.0.0.1: (port 61442) connection closed
2026-09-02T17:01:36.871+0700 [DEBUG] [sun.rmi.transport.tcp] RMI TCP Connection(15)-127.0.0.1: close connection, socket: Socket[addr=/127.0.0.1,port=50371,localport=61442]
2026-09-02T17:01:36.976+0700 [DEBUG] [sun.rmi.transport.tcp] RMI TCP Connection(15)-127.0.0.1: socket close: Socket[addr=/127.0.0.1,port=50371,localport=61442]
2026-09-02T17:01:37.497+0700 [DEBUG] [org.gradle.cache.internal.VersionSpecificCacheCleanupAction] Processed version-specific caches at D:\AbsensiSeleksi\caches for cleanup in 4.382 secs
2026-09-02T17:01:37.506+0700 [DEBUG] [org.gradle.internal.operations.DefaultBuildOperationRunner] Completing Build operation 'Deleting unused version-specific caches in D:\AbsensiSeleksi\caches'
2026-09-02T17:01:37.507+0700 [DEBUG] [org.gradle.internal.operations.DefaultBuildOperationRunner] Build operation 'Deleting unused version-specific caches in D:\AbsensiSeleksi\caches' completed
2026-09-02T17:01:37.717+0700 [DEBUG] [org.gradle.internal.operations.DefaultBuildOperationRunner] Build operation 'Deleting unused Gradle distributions in D:\AbsensiSeleksi\wrapper\dists' started
2026-09-02T17:01:37.777+0700 [DEBUG] [org.gradle.cache.internal.WrapperDistributionCleanupAction] Could not determine Gradle version for D:\AbsensiSeleksi\wrapper\dists\gradle-8.7.0-bin\d4zlstzcw6hkpl6bl36as98s4: A Gradle distribution must contain exactly one subdirectory: [] (java.lang.IllegalArgumentException)
2026-09-02T17:01:37.946+0700 [DEBUG] [org.gradle.internal.operations.DefaultBuildOperationRunner] Completing Build operation 'Deleting unused Gradle distributions in D:\AbsensiSeleksi\wrapper\dists'
2026-09-02T17:01:37.946+0700 [DEBUG] [org.gradle.internal.operations.DefaultBuildOperationRunner] Build operation 'Deleting unused Gradle distributions in D:\AbsensiSeleksi\wrapper\dists' completed
2026-09-02T17:01:37.959+0700 [DEBUG] [org.gradle.launcher.daemon.server.Daemon] stop() called on daemon
2026-09-02T17:01:37.959+0700 [INFO] [org.gradle.launcher.daemon.server.Daemon] Stop requested. Daemon is removing its presence from the registry...
2026-09-02T17:01:37.959+0700 [DEBUG] [org.gradle.launcher.daemon.server.DaemonRegistryUpdater] Removing our presence to clients, eg. removing this address from the registry: [405a77ec-d5eb-438f-8036-7e0762cafd4d port:63655, addresses:[localhost/127.0.0.1]]
2026-09-02T17:01:37.960+0700 [DEBUG] [org.gradle.launcher.daemon.registry.PersistentDaemonRegistry] Removing daemon address: [405a77ec-d5eb-438f-8036-7e0762cafd4d port:63655, addresses:[localhost/127.0.0.1]]
2026-09-02T17:01:37.960+0700 [DEBUG] [org.gradle.cache.internal.DefaultFileLockManager] Waiting to acquire exclusive lock on daemon addresses registry.
2026-09-02T17:01:37.962+0700 [DEBUG] [org.gradle.cache.internal.DefaultFileLockManager] Lock acquired on daemon addresses registry.
2026-09-02T17:01:37.974+0700 [DEBUG] [org.gradle.cache.internal.DefaultFileLockManager] Releasing lock on daemon addresses registry.
2026-09-02T17:01:37.974+0700 [DEBUG] [org.gradle.launcher.daemon.server.DaemonRegistryUpdater] Address removed from registry.
2026-09-02T17:01:38.025+0700 [DEBUG] [org.gradle.cache.internal.locklistener.DefaultFileLockContentionHandler] File lock listener thread completed.
2026-09-02T17:01:38.111+0700 [DEBUG] [java.lang.Runtime] Runtime.exit() called with status: 0
java.lang.Throwable: Runtime.exit(0)
	at java.base/java.lang.Shutdown.logRuntimeExit(Shutdown.java:179)
	at java.base/java.lang.Shutdown.exit(Shutdown.java:160)
	at java.base/java.lang.Runtime.exit(Runtime.java:188)
	at java.base/java.lang.System.exit(System.java:1923)
	at org.gradle.launcher.bootstrap.ProcessCompleter.complete(ProcessCompleter.java:21)
	at org.gradle.launcher.bootstrap.EntryPoint.run(EntryPoint.java:61)
	at java.base/jdk.internal.reflect.DirectMethodHandleAccessor.invoke(DirectMethodHandleAccessor.java:103)
	at java.base/java.lang.reflect.Method.invoke(Method.java:580)
	at org.gradle.launcher.bootstrap.ProcessBootstrap.runNoExit(ProcessBootstrap.java:60)
	at org.gradle.launcher.bootstrap.ProcessBootstrap.run(ProcessBootstrap.java:37)
	at org.gradle.launcher.daemon.bootstrap.GradleDaemon.main(GradleDaemon.java:22)
Daemon vm is shutting down... The daemon has exited normally or was terminated in response to a user interrupt.
2026-09-02T17:01:38.168+0700 [DEBUG] [org.gradle.launcher.daemon.registry.PersistentDaemonRegistry] Removing daemon address: [405a77ec-d5eb-438f-8036-7e0762cafd4d port:63655, addresses:[localhost/127.0.0.1]]
2026-09-02T17:01:38.188+0700 [DEBUG] [org.gradle.launcher.daemon.server.Daemon] VM shutdown hook was unable to remove the daemon address from the registry. It will be cleaned up later.
java.lang.IllegalStateException: Cannot start managing file contention because this handler has been closed.
	at org.gradle.cache.internal.locklistener.DefaultFileLockContentionHandler.assertNotStopped(DefaultFileLockContentionHandler.java:217)
	at org.gradle.cache.internal.locklistener.DefaultFileLockContentionHandler.getCommunicator(DefaultFileLockContentionHandler.java:260)
	at org.gradle.cache.internal.locklistener.DefaultFileLockContentionHandler.reservePort(DefaultFileLockContentionHandler.java:254)
	at org.gradle.cache.internal.DefaultFileLockManager.lock(DefaultFileLockManager.java:124)
	at org.gradle.cache.internal.DefaultFileLockManager.lock(DefaultFileLockManager.java:106)
	at org.gradle.cache.internal.DefaultFileLockManager.lock(DefaultFileLockManager.java:101)
	at org.gradle.cache.internal.OnDemandFileAccess.updateFile(OnDemandFileAccess.java:51)
	at org.gradle.cache.internal.FileBackedObjectHolder.update(FileBackedObjectHolder.java:77)
	at org.gradle.cache.internal.FileIntegrityViolationSuppressingObjectHolderDecorator.lambda$update$0(FileIntegrityViolationSuppressingObjectHolderDecorator.java:48)
	at org.gradle.cache.internal.FileIntegrityViolationSuppressingObjectHolderDecorator.doUpdate(FileIntegrityViolationSuppressingObjectHolderDecorator.java:58)
	at org.gradle.cache.internal.FileIntegrityViolationSuppressingObjectHolderDecorator.update(FileIntegrityViolationSuppressingObjectHolderDecorator.java:48)
	at org.gradle.launcher.daemon.registry.PersistentDaemonRegistry.remove(PersistentDaemonRegistry.java:133)
	at org.gradle.launcher.daemon.server.Daemon$1.run(Daemon.java:133)
	at java.base/java.lang.Thread.run(Thread.java:1583)
